LINE1_GUID,MATERIAL_GUID,REMARK,LINE_CODE_PREFIX_GUID,GMO_LID,ACQUIRED_FLAG,PEDIGREE_TAIL,LINE_GUID,GERMPLASM_GEOGRAPHIC_ORIGIN,GENERATION_CODE,POLLINATION_GUID,STACK_GUID,FEMALE_MULTI_PARENT,MATERIAL_ID,ADMIN_CODE,ABBR_CODE,STATUS_LID,DISCARD_DATE,FEMALE_PARENT_TRIAL_ID,KERNEL_CATEGORY_LID,FEMALE_PARENT_MATERIAL_GUID,LINE2_GUID,ENCUMBRANCE_NAFTA_LID,MINT_VALIDATION_REMARK,ARCHIVED_DATE,MANUAL_ENTERED,ENCUMBRANCE_APAC_LID,ADVANCEMENT_DECISION,LEVEL2PEDIGREE,HIGHNAME,MALE_PARENT_MATERIAL_GUID,GENETIC_AFFILIATION_GUID,REFERENCE_TO_CONTRACT_LID,GARF_INTENDED_USE_LID,INITIAL_PLOT_ID,CROP_GUID,LINE4_GUID,LAST_CHG_USER,PRE_LINE_CODE,ROWGUID,MALE_PARENT_TRIAL_ID,BREEDING_GROUP_GUID,ENCUMBRANCE_LATAM_LID,COMPANY_GUID,DEFAULT_MATERIAL_LOT_GUID,MALE_MULTI_PARENT,FEMALE_PARENT_PLOT_SUBPLOT_GUID,VARIETY_HYBRID_GUID,ENCUMBRANCE_EAME_LID,POLLINATION_TYPE_LID,LAST_CHG_DATE,STAGE_CODE_LID,HARVEST_DATE,MATERIAL_TYPE_LID,LINE3_GUID,MALE_PARENT_PLOT_SUBPLOT_GUID,PEDIGREE,MINT_VALIDATION_FLAG,LEVEL1PEDIGREE,CREATE_DATE,RESEARCH_STATION_GUID,PEGASYS_CREATE_DATE,PEGASYS_UPDATE_DATE,PEGASYS_PURGED
,307DEFEB-9888-F474-0000-000000000001,SYNTHETIC — hackathon mock data,,NO,NO,SYN-PED-00001,060AF0E2-3E2B-78FF-0000-000000000001,EU,F1,4380E8FA-EE9E-0B62-0000-000000000002,,0,SYN-MZ-2022-00001,SYN19,SM00001,ACT,,SYN-TR-0002,FLINT,307DEFEB-9888-F474-0000-00000000000F,,,,,0,,HOLD,SYN-F00014/SYN-M00048,SYNTH_LINE_00001,307DEFEB-9888-F474-0000-000000000031,562FEF70-98CB-DD18-0000-000000000002,,BREEDING,,64B14384-EB55-1734-0000-000000000001,,SYNTH_USER_03,PL00001,24961A2B-18A6-A32A-0000-000000000001,SYN-TR-0011,4EFE8209-44E4-259E-0000-000000000001,,692B7931-A48C-49C3-0000-000000000001,,,,,,Self,2025-12-15 03:11:20.000,DEV,2022-10-10 00:00:00.000,Seed,,,SYN-MZ-2022-00015 × SYN-MZ-2022-00049,VALID,SYN-CROSS-00001,2022-08-11 09:00:00.000,647BD1AD-7AC5-2F99-0000-000000000003,2022-08-22 08:11:11.000,2026-09-22 19:24:48.000,FALSE
,307DEFEB-9888-F474-0000-000000000002,SYNTHETIC — hackathon mock data,,NO,NO,SYN-PED-00002,060AF0E2-3E2B-78FF-0000-000000000002,NAM,F1,4380E8FA-EE9E-0B62-0000-000000000003,,0,SYN-MZ-2023-00002,SYN74,SM00002,ACT,,SYN-TR-0003,OTHER,307DEFEB-9888-F474-0000-000000000010,,,,,0,,ADVANCE,SYN-F00015/SYN-M00049,SYNTH_LINE_00002,307DEFEB-9888-F474-0000-000000000032,562FEF70-98CB-DD18-0000-000000000003,,RESEARCH,,64B14384-EB55-1734-0000-000000000001,,SYNTH_USER_02,PL00002,24961A2B-18A6-A32A-0000-000000000002,SYN-TR-0012,4EFE8209-44E4-259E-0000-000000000004,,692B7931-A48C-49C3-0000-000000000001,,,,,,Self,2025-07-14 21:26:31.000,S1,2023-10-02 00:00:00.000,Seed,,,SYN-MZ-2023-00016 × SYN-MZ-2023-00050,VALID,SYN-CROSS-00002,2023-09-25 09:00:00.000,647BD1AD-7AC5-2F99-0000-000000000005,2023-11-19 14:43:04.000,2026-09-24 10:56:33.000,FALSE
,307DEFEB-9888-F474-0000-000000000003,SYNTHETIC — hackathon mock data,,NO,NO,SYN-PED-00003,060AF0E2-3E2B-78FF-0000-000000000003,LATAM,F1,4380E8FA-EE9E-0B62-0000-000000000004,,0,SYN-MZ-2021-00003,SYN33,SM00003,ACT,,SYN-TR-0004,DENT,307DEFEB-9888-F474-0000-000000000011,,,,,0,,DISCARD,SYN-F00016/SYN-M00050,SYNTH_LINE_00003,307DEFEB-9888-F474-0000-000000000033,562FEF70-98CB-DD18-0000-000000000004,,BREEDING,,64B14384-EB55-1734-0000-000000000001,,SYNTH_USER_02,PL00003,24961A2B-18A6-A32A-0000-000000000003,SYN-TR-0013,4EFE8209-44E4-259E-0000-000000000001,,692B7931-A48C-49C3-0000-000000000001,,,,,,Self,2021-06-19 05:31:29.000,S1,2021-10-06 00:00:00.000,Seed,,,SYN-MZ-2021-00017 × SYN-MZ-2021-00051,VALID,SYN-CROSS-00003,2021-03-09 09:00:00.000,647BD1AD-7AC5-2F99-0000-000000000005,2025-09-02 18:12:15.000,2026-09-22 10:11:47.000,FALSE
,307DEFEB-9888-F474-0000-000000000004,SYNTHETIC — hackathon mock data,,NO,NO,SYN-PED-00004,060AF0E2-3E2B-78FF-0000-000000000004,EU,DH,4380E8FA-EE9E-0B62-0000-000000000005,,0,SYN-MZ-2021-00004,SYN90,SM00004,ACT,,SYN-TR-0005,OTHER,,,,,,0,,HOLD,SYN-F00017/SYN-M00051,SYNTH_LINE_00004,,562FEF70-98CB-DD18-0000-000000000005,,BREEDING,,64B14384-EB55-1734-0000-000000000001,,SYNTH_USER_02,PL00004,24961A2B-18A6-A32A-0000-000000000004,SYN-TR-0014,4EFE8209-44E4-259E-0000-000000000004,,692B7931-A48C-49C3-0000-000000000001,,,,,,Dihap,2026-04-23 01:55:04.000,S1,2021-10-01 00:00:00.000,Seed,,,SYN-MZ-2021-00018 × SYN-MZ-2021-00052,VALID,SYN-CROSS-00004,2021-10-15 09:00:00.000,647BD1AD-7AC5-2F99-0000-000000000005,2023-07-01 17:04:17.000,2026-09-23 10:25:09.000,FALSE
,307DEFEB-9888-F474-0000-000000000005,SYNTHETIC — hackathon mock data,,NO,NO,SYN-PED-00005,060AF0E2-3E2B-78FF-0000-000000000005,LATAM,F2,4380E8FA-EE9E-0B62-0000-000000000001,,0,SYN-MZ-2024-00005,SYN33,SM00005,ACT,,SYN-TR-0006,OTHER,307DEFEB-9888-F474-0000-000000000013,,,,,0,,DISCARD,SYN-F00018/SYN-M00052,SYNTH_LINE_00005,307DEFEB-9888-F474-0000-000000000035,562FEF70-98CB-DD18-0000-000000000006,,BREEDING,,64B14384-EB55-1734-0000-000000000001,,SYNTH_USER_01,PL00005,24961A2B-18A6-A32A-0000-000000000005,SYN-TR-0015,4EFE8209-44E4-259E-0000-000000000001,,692B7931-A48C-49C3-0000-000000000001,,,,,,Cross,2025-11-01 14:21:37.000,DEV,2024-10-11 00:00:00.000,Seed,,,SYN-MZ-2024-00019 × SYN-MZ-2024-00053,VALID,SYN-CROSS-00005,2024-11-16 09:00:00.000,647BD1AD-7AC5-2F99-0000-000000000005,2025-11-04 17:11:21.000,2026-09-22 10:35:54.000,FALSE
,307DEFEB-9888-F474-0000-000000000006,SYNTHETIC — hackathon mock data,,NO,NO,SYN-PED-00006,060AF0E2-3E2B-78FF-0000-000000000006,APAC,DH,4380E8FA-EE9E-0B62-0000-000000000002,,0,SYN-MZ-2024-00006,SYN64,SM00006,ACT,,SYN-TR-0007,FLINT,307DEFEB-9888-F474-0000-000000000014,,,,,0,,HOLD,SYN-F00019/SYN-M00053,SYNTH_LINE_00006,307DEFEB-9888-F474-0000-000000000036,562FEF70-98CB-DD18-0000-000000000007,,BREEDING,,64B14384-EB55-1734-0000-000000000001,,SYNTH_USER_04,PL00006,24961A2B-18A6-A32A-0000-000000000006,SYN-TR-0016,4EFE8209-44E4-259E-0000-000000000002,,692B7931-A48C-49C3-0000-000000000001,,,,,,Self,2025-12-20 21:28:06.000,S3,2024-10-15 00:00:00.000,Seed,,,SYN-MZ-2024-00020 × SYN-MZ-2024-00054,VALID,SYN-CROSS-00006,2024-01-04 09:00:00.000,647BD1AD-7AC5-2F99-0000-000000000002,2024-04-12 04:59:41.000,2026-09-24 04:29:19.000,FALSE
,307DEFEB-9888-F474-0000-000000000007,SYNTHETIC — hackathon mock data,,NO,NO,SYN-PED-00007,060AF0E2-3E2B-78FF-0000-000000000007,EU,BC1,4380E8FA-EE9E-0B62-0000-000000000003,,0,SYN-MZ-2025-00007,SYN59,SM00007,ACT,,SYN-TR-0008,FLINT,307DEFEB-9888-F474-0000-000000000015,,,,,0,,DISCARD,SYN-F00020/SYN-M00054,SYNTH_LINE_00007,307DEFEB-9888-F474-0000-000000000037,562FEF70-98CB-DD18-0000-000000000008,,RESEARCH,,64B14384-EB55-1734-0000-000000000001,,SYNTH_USER_04,PL00007,24961A2B-18A6-A32A-0000-000000000007,SYN-TR-0017,4EFE8209-44E4-259E-0000-000000000004,,692B7931-A48C-49C3-0000-000000000001,,,,,,Dihap,2026-04-08 03:09:08.000,S3,2025-10-13 00:00:00.000,Seed,,,SYN-MZ-2025-00021 × SYN-MZ-2025-00055,VALID,SYN-CROSS-00007,2025-11-19 09:00:00.000,647BD1AD-7AC5-2F99-0000-000000000002,2026-05-24 09:40:18.000,2026-09-23 07:24:29.000,FALSE
,307DEFEB-9888-F474-0000-000000000008,SYNTHETIC — hackathon mock data,,NO,NO,SYN-PED-00008,060AF0E2-3E2B-78FF-0000-000000000008,APAC,BC1,4380E8FA-EE9E-0B62-0000-000000000004,,0,SYN-MZ-2026-00008,SYN27,SM00008,DEV,,SYN-TR-0009,FLINT,,,,,,0,,HOLD,SYN-F00021/SYN-M00055,SYNTH_LINE_00008,,562FEF70-98CB-DD18-0000-000000000001,,BREEDING,,64B14384-EB55-1734-0000-000000000001,,SYNTH_USER_04,PL00008,24961A2B-18A6-A32A-0000-000000000008,SYN-TR-0018,4EFE8209-44E4-259E-0000-000000000002,,692B7931-A48C-49C3-0000-000000000001,,,,,,Dihap,2026-09-19 15:41:10.000,S2,2026-10-19 00:00:00.000,Seed,,,SYN-MZ-2026-00022 × SYN-MZ-2026-00056,VALID,SYN-CROSS-00008,2026-08-01 09:00:00.000,647BD1AD-7AC5-2F99-0000-000000000006,2026-09-12 00:12:58.000,2026-09-24 01:25:20.000,FALSE
,307DEFEB-9888-F474-0000-000000000009,SYNTHETIC — hackathon mock data,,NO,NO,SYN-PED-00009,060AF0E2-3E2B-78FF-0000-000000000009,LATAM,F1,4380E8FA-EE9E-0B62-0000-000000000005,,0,SYN-MZ-2025-00009,SYN40,SM00009,ACT,,SYN-TR-0010,DENT,307DEFEB-9888-F474-0000-000000000017,,,,,0,,DISCARD,SYN-F00022/SYN-M00056,SYNTH_LINE_00009,307DEFEB-9888-F474-0000-000000000039,562FEF70-98CB-DD18-0000-000000000002,,BREEDING,,64B14384-EB55-1734-0000-000000000001,,SYNTH_USER_01,PL00009,24961A2B-18A6-A32A-0000-000000000009,SYN-TR-0019,4EFE8209-44E4-259E-0000-000000000002,,692B7931-A48C-49C3-0000-000000000001,,,,,,Self,2025-09-11 03:51:17.000,S3,2025-10-18 00:00:00.000,Seed,,,SYN-MZ-2025-00023 × SYN-MZ-2025-00057,VALID,SYN-CROSS-00009,2025-03-05 09:00:00.000,647BD1AD-7AC5-2F99-0000-000000000004,2026-03-01 23:16:11.000,2026-09-22 23:03:16.000,FALSE
,307DEFEB-9888-F474-0000-00000000000A,SYNTHETIC — hackathon mock data,,NO,NO,SYN-PED-00010,060AF0E2-3E2B-78FF-0000-00000000000A,APAC,S1,4380E8FA-EE9E-0B62-0000-000000000001,,0,SYN-MZ-2025-00010,SYN26,SM00010,DEV,,SYN-TR-0011,OTHER,307DEFEB-9888-F474-0000-000000000018,,,,,0,,ADVANCE,SYN-F00023/SYN-M00057,SYNTH_LINE_00010,307DEFEB-9888-F474-0000-00000000003A,562FEF70-98CB-DD18-0000-000000000003,,BREEDING,,64B14384-EB55-1734-0000-000000000001,,SYNTH_USER_04,PL00010,24961A2B-18A6-A32A-0000-00000000000A,SYN-TR-0020,4EFE8209-44E4-259E-0000-000000000004,,692B7931-A48C-49C3-0000-000000000001,,,,,,Self,2025-04-28 15:41:29.000,S1,2025-10-15 00:00:00.000,Seed,,,SYN-MZ-2025-00024 × SYN-MZ-2025-00058,VALID,SYN-CROSS-00010,2025-02-09 09:00:00.000,647BD1AD-7AC5-2F99-0000-000000000006,2026-06-28 04:37:34.000,2026-09-25 10:34:25.000,FALSE
,307DEFEB-9888-F474-0000-00000000000B,SYNTHETIC — hackathon mock data,,NO,NO,SYN-PED-00011,060AF0E2-3E2B-78FF-0000-00000000000B,NAM,DH,4380E8FA-EE9E-0B62-0000-000000000002,,0,SYN-MZ-2024-00011,SYN24,SM00011,ACT,,SYN-TR-0012,FLINT,307DEFEB-9888-F474-0000-000000000019,,,,,0,,HOLD,SYN-F00024/SYN-M00058,SYNTH_LINE_00011,307DEFEB-9888-F474-0000-00000000003B,562FEF70-98CB-DD18-0000-000000000004,,RESEARCH,,64B14384-EB55-1734-0000-000000000001,,SYNTH_USER_01,PL00011,24961A2B-18A6-A32A-0000-00000000000B,SYN-TR-0021,4EFE8209-44E4-259E-0000-000000000002,,692B7931-A48C-49C3-0000-000000000001,,,,,,Dihap,2024-05-26 22:44:40.000,DEV,2024-10-03 00:00:00.000,Seed,,,SYN-MZ-2024-00025 × SYN-MZ-2024-00059,VALID,SYN-CROSS-00011,2024-04-10 09:00:00.000,647BD1AD-7AC5-2F99-0000-000000000006,2024-04-12 19:59:10.000,2026-09-22 00:50:10.000,FALSE
,307DEFEB-9888-F474-0000-00000000000C,SYNTHETIC — hackathon mock data,,NO,NO,SYN-PED-00012,060AF0E2-3E2B-78FF-0000-00000000000C,LATAM,F1,4380E8FA-EE9E-0B62-0000-000000000003,,0,SYN-MZ-2022-00012,SYN45,SM00012,ACT,,SYN-TR-0013,DENT,,,,,,0,,DISCARD,SYN-F00025/SYN-M00059,SYNTH_LINE_00012,,562FEF70-98CB-DD18-0000-000000000005,,RESEARCH,,64B14384-EB55-1734-0000-000000000001,,SYNTH_USER_04,PL00012,24961A2B-18A6-A32A-0000-00000000000C,SYN-TR-0022,4EFE8209-44E4-259E-0000-000000000004,,692B7931-A48C-49C3-0000-000000000001,,,,,,Dihap,2024-05-11 10:20:22.000,S2,2022-10-24 00:00:00.000,Seed,,,SYN-MZ-2022-00026 × SYN-MZ-2022-00060,VALID,SYN-CROSS-00012,2022-03-17 09:00:00.000,647BD1AD-7AC5-2F99-0000-000000000005,2025-04-16 21:37:29.000,2026-09-25 14:47:07.000,FALSE
,307DEFEB-9888-F474-0000-00000000000D,SYNTHETIC — hackathon mock data,,NO,NO,SYN-PED-00013,060AF0E2-3E2B-78FF-0000-00000000000D,EU,DH,4380E8FA-EE9E-0B62-0000-000000000004,,0,SYN-MZ-2025-00013,SYN67,SM00013,DEV,,SYN-TR-0014,FLINT,307DEFEB-9888-F474-0000-00000000001B,,,,,0,,DISCARD,SYN-F00026/SYN-M00060,SYNTH_LINE_00013,307DEFEB-9888-F474-0000-00000000003D,562FEF70-98CB-DD18-0000-000000000006,,RESEARCH,,64B14384-EB55-1734-0000-000000000001,,SYNTH_USER_01,PL00013,24961A2B-18A6-A32A-0000-00000000000D,SYN-TR-0023,4EFE8209-44E4-259E-0000-000000000001,,692B7931-A48C-49C3-0000-000000000001,,,,,,Self,2026-04-03 05:24:41.000,S1,2025-10-25 00:00:00.000,Seed,,,SYN-MZ-2025-00027 × SYN-MZ-2025-00061,VALID,SYN-CROSS-00013,2025-10-10 09:00:00.000,647BD1AD-7AC5-2F99-0000-000000000003,2026-01-07 08:59:51.000,2026-09-25 02:17:24.000,FALSE
,307DEFEB-9888-F474-0000-00000000000E,SYNTHETIC — hackathon mock data,,NO,NO,SYN-PED-00014,060AF0E2-3E2B-78FF-0000-00000000000E,NAM,F2,4380E8FA-EE9E-0B62-0000-000000000005,,0,SYN-MZ-2021-00014,SYN73,SM00014,DEV,,SYN-TR-0015,DENT,307DEFEB-9888-F474-0000-00000000001C,,,,,0,,ADVANCE,SYN-F00027/SYN-M00061,SYNTH_LINE_00014,307DEFEB-9888-F474-0000-00000000003E,562FEF70-98CB-DD18-0000-000000000007,,RESEARCH,,64B14384-EB55-1734-0000-000000000001,,SYNTH_USER_04,PL00014,24961A2B-18A6-A32A-0000-00000000000E,SYN-TR-0024,4EFE8209-44E4-259E-0000-000000000001,,692B7931-A48C-49C3-0000-000000000001,,,,,,Dihap,2024-04-22 23:43:35.000,S3,2021-10-11 00:00:00.000,Seed,,,SYN-MZ-2021-00028 × SYN-MZ-2021-00062,VALID,SYN-CROSS-00014,2021-10-03 09:00:00.000,647BD1AD-7AC5-2F99-0000-000000000003,2021-11-26 04:19:48.000,2026-09-23 13:00:07.000,FALSE
,307DEFEB-9888-F474-0000-00000000000F,SYNTHETIC — hackathon mock data,,NO,NO,SYN-PED-00015,060AF0E2-3E2B-78FF-0000-00000000000F,LATAM,F1,4380E8FA-EE9E-0B62-0000-000000000001,,0,SYN-MZ-2025-00015,SYN59,SM00015,ACT,,SYN-TR-0016,DENT,307DEFEB-9888-F474-0000-00000000001D,,,,,0,,DISCARD,SYN-F00028/SYN-M00062,SYNTH_LINE_00015,307DEFEB-9888-F474-0000-00000000003F,562FEF70-98CB-DD18-0000-000000000008,,BREEDING,,64B14384-EB55-1734-0000-000000000001,,SYNTH_USER_02,PL00015,24961A2B-18A6-A32A-0000-00000000000F,SYN-TR-0025,4EFE8209-44E4-259E-0000-000000000004,,692B7931-A48C-49C3-0000-000000000001,,,,,,Dihap,2025-11-03 03:36:01.000,S3,2025-10-05 00:00:00.000,Seed,,,SYN-MZ-2025-00029 × SYN-MZ-2025-00063,VALID,SYN-CROSS-00015,2025-05-02 09:00:00.000,647BD1AD-7AC5-2F99-0000-000000000005,2026-04-28 04:58:44.000,2026-09-22 22:13:57.000,FALSE
,307DEFEB-9888-F474-0000-000000000010,SYNTHETIC — hackathon mock data,,NO,NO,SYN-PED-00016,060AF0E2-3E2B-78FF-0000-000000000010,APAC,F2,4380E8FA-EE9E-0B62-0000-000000000002,,0,SYN-MZ-2021-00016,SYN76,SM00016,DEV,,SYN-TR-0017,DENT,,,,,,0,,ADVANCE,SYN-F00029/SYN-M00063,SYNTH_LINE_00016,,562FEF70-98CB-DD18-0000-000000000001,,BREEDING,,64B14384-EB55-1734-0000-000000000001,,SYNTH_USER_04,PL00016,24961A2B-18A6-A32A-0000-000000000010,SYN-TR-0026,4EFE8209-44E4-259E-0000-000000000002,,692B7931-A48C-49C3-0000-000000000001,,,,,,Dihap,2024-09-25 01:10:44.000,S2,2021-10-16 00:00:00.000,Seed,,,SYN-MZ-2021-00030 × SYN-MZ-2021-00064,VALID,SYN-CROSS-00016,2021-12-25 09:00:00.000,647BD1AD-7AC5-2F99-0000-000000000003,2024-03-05 19:55:36.000,2026-09-25 11:40:31.000,FALSE
,307DEFEB-9888-F474-0000-000000000011,SYNTHETIC — hackathon mock data,,NO,NO,SYN-PED-00017,060AF0E2-3E2B-78FF-0000-000000000011,EU,DH,4380E8FA-EE9E-0B62-0000-000000000003,,0,SYN-MZ-2023-00017,SYN87,SM00017,ACT,,SYN-TR-0018,FLINT,307DEFEB-9888-F474-0000-00000000001F,,,,,0,,DISCARD,SYN-F00030/SYN-M00064,SYNTH_LINE_00017,307DEFEB-9888-F474-0000-000000000041,562FEF70-98CB-DD18-0000-000000000002,,BREEDING,,64B14384-EB55-1734-0000-000000000001,,SYNTH_USER_03,PL00017,24961A2B-18A6-A32A-0000-000000000011,SYN-TR-0027,4EFE8209-44E4-259E-0000-000000000003,,692B7931-A48C-49C3-0000-000000000001,,,,,,Dihap,2024-07-09 23:21:10.000,S3,2023-10-28 00:00:00.000,Seed,,,SYN-MZ-2023-00031 × SYN-MZ-2023-00065,VALID,SYN-CROSS-00017,2023-09-12 09:00:00.000,647BD1AD-7AC5-2F99-0000-000000000004,2024-07-04 05:37:25.000,2026-09-23 04:42:44.000,FALSE
,307DEFEB-9888-F474-0000-000000000012,SYNTHETIC — hackathon mock data,,NO,NO,SYN-PED-00018,060AF0E2-3E2B-78FF-0000-000000000012,EU,S1,4380E8FA-EE9E-0B62-0000-000000000004,,0,SYN-MZ-2025-00018,SYN10,SM00018,ACT,,SYN-TR-0019,OTHER,307DEFEB-9888-F474-0000-000000000020,,,,,0,,DISCARD,SYN-F00031/SYN-M00065,SYNTH_LINE_00018,307DEFEB-9888-F474-0000-000000000042,562FEF70-98CB-DD18-0000-000000000003,,RESEARCH,,64B14384-EB55-1734-0000-000000000001,,SYNTH_USER_02,PL00018,24961A2B-18A6-A32A-0000-000000000012,SYN-TR-0028,4EFE8209-44E4-259E-0000-000000000002,,692B7931-A48C-49C3-0000-000000000001,,,,,,Dihap,2026-05-13 11:33:51.000,S3,2025-10-02 00:00:00.000,Seed,,,SYN-MZ-2025-00032 × SYN-MZ-2025-00066,VALID,SYN-CROSS-00018,2025-03-09 09:00:00.000,647BD1AD-7AC5-2F99-0000-000000000004,2026-05-29 01:10:34.000,2026-09-23 09:44:01.000,FALSE
,307DEFEB-9888-F474-0000-000000000013,SYNTHETIC — hackathon mock data,,NO,NO,SYN-PED-00019,060AF0E2-3E2B-78FF-0000-000000000013,NAM,S1,4380E8FA-EE9E-0B62-0000-000000000005,,0,SYN-MZ-2022-00019,SYN50,SM00019,DEV,,SYN-TR-0020,FLINT,307DEFEB-9888-F474-0000-000000000021,,,,,0,,ADVANCE,SYN-F00032/SYN-M00066,SYNTH_LINE_00019,307DEFEB-9888-F474-0000-000000000043,562FEF70-98CB-DD18-0000-000000000004,,BREEDING,,64B14384-EB55-1734-0000-000000000001,,SYNTH_USER_02,PL00019,24961A2B-18A6-A32A-0000-000000000013,SYN-TR-0029,4EFE8209-44E4-259E-0000-000000000003,,692B7931-A48C-49C3-0000-000000000001,,,,,,Dihap,2025-01-30 15:04:17.000,S3,2022-10-22 00:00:00.000,Seed,,,SYN-MZ-2022-00033 × SYN-MZ-2022-00067,VALID,SYN-CROSS-00019,2022-09-22 09:00:00.000,647BD1AD-7AC5-2F99-0000-000000000001,2026-03-21 10:44:07.000,2026-09-25 21:44:11.000,FALSE
,307DEFEB-9888-F474-0000-000000000014,SYNTHETIC — hackathon mock data,,NO,NO,SYN-PED-00020,060AF0E2-3E2B-78FF-0000-000000000014,APAC,F1,4380E8FA-EE9E-0B62-0000-000000000001,,0,SYN-MZ-2024-00020,SYN39,SM00020,ACT,,SYN-TR-0021,FLINT,,,,,,0,,DISCARD,SYN-F00033/SYN-M00067,SYNTH_LINE_00020,,562FEF70-98CB-DD18-0000-000000000005,,BREEDING,,64B14384-EB55-1734-0000-000000000001,,SYNTH_USER_03,PL00020,24961A2B-18A6-A32A-0000-000000000014,SYN-TR-0030,4EFE8209-44E4-259E-0000-000000000003,,692B7931-A48C-49C3-0000-000000000001,,,,,,Dihap,2025-02-02 09:33:47.000,S2,2024-10-15 00:00:00.000,Seed,,,SYN-MZ-2024-00034 × SYN-MZ-2024-00068,VALID,SYN-CROSS-00020,2024-12-08 09:00:00.000,647BD1AD-7AC5-2F99-0000-000000000001,2024-12-26 21:56:49.000,2026-09-22 09:47:26.000,FALSE
,307DEFEB-9888-F474-0000-000000000015,SYNTHETIC — hackathon mock data,,NO,NO,SYN-PED-00021,060AF0E2-3E2B-78FF-0000-000000000015,LATAM,F2,4380E8FA-EE9E-0B62-0000-000000000002,,0,SYN-MZ-2021-00021,SYN13,SM00021,ACT,,SYN-TR-0022,DENT,307DEFEB-9888-F474-0000-000000000023,,,,,0,,HOLD,SYN-F00034/SYN-M00068,SYNTH_LINE_00021,307DEFEB-9888-F474-0000-000000000045,562FEF70-98CB-DD18-0000-000000000006,,RESEARCH,,64B14384-EB55-1734-0000-000000000001,,SYNTH_USER_04,PL00021,24961A2B-18A6-A32A-0000-000000000015,SYN-TR-0031,4EFE8209-44E4-259E-0000-000000000002,,692B7931-A48C-49C3-0000-000000000001,,,,,,Cross,2024-05-05 07:06:10.000,S3,2021-10-26 00:00:00.000,Seed,,,SYN-MZ-2021-00035 × SYN-MZ-2021-00069,VALID,SYN-CROSS-00021,2021-06-15 09:00:00.000,647BD1AD-7AC5-2F99-0000-000000000001,2025-06-11 23:10:13.000,2026-09-24 00:57:15.000,FALSE
,307DEFEB-9888-F474-0000-000000000016,SYNTHETIC — hackathon mock data,,NO,NO,SYN-PED-00022,060AF0E2-3E2B-78FF-0000-000000000016,LATAM,BC1,4380E8FA-EE9E-0B62-0000-000000000003,,0,SYN-MZ-2024-00022,SYN18,SM00022,DEV,,SYN-TR-0023,FLINT,307DEFEB-9888-F474-0000-000000000024,,,,,0,,DISCARD,SYN-F00035/SYN-M00069,SYNTH_LINE_00022,307DEFEB-9888-F474-0000-000000000046,562FEF70-98CB-DD18-0000-000000000007,,BREEDING,,64B14384-EB55-1734-0000-000000000001,,SYNTH_USER_01,PL00022,24961A2B-18A6-A32A-0000-000000000016,SYN-TR-0032,4EFE8209-44E4-259E-0000-000000000004,,692B7931-A48C-49C3-0000-000000000001,,,,,,Self,2024-11-22 07:13:55.000,DEV,2024-10-19 00:00:00.000,Seed,,,SYN-MZ-2024-00036 × SYN-MZ-2024-00070,VALID,SYN-CROSS-00022,2024-05-04 09:00:00.000,647BD1AD-7AC5-2F99-0000-000000000003,2026-08-09 12:28:23.000,2026-09-22 16:32:17.000,FALSE
,307DEFEB-9888-F474-0000-000000000017,SYNTHETIC — hackathon mock data,,NO,NO,SYN-PED-00023,060AF0E2-3E2B-78FF-0000-000000000017,LATAM,DH,4380E8FA-EE9E-0B62-0000-000000000004,,0,SYN-MZ-2021-00023,SYN48,SM00023,DEV,,SYN-TR-0024,DENT,307DEFEB-9888-F474-0000-000000000025,,,,,0,,DISCARD,SYN-F00036/SYN-M00070,SYNTH_LINE_00023,307DEFEB-9888-F474-0000-000000000047,562FEF70-98CB-DD18-0000-000000000008,,BREEDING,,64B14384-EB55-1734-0000-000000000001,,SYNTH_USER_01,PL00023,24961A2B-18A6-A32A-0000-000000000017,SYN-TR-0033,4EFE8209-44E4-259E-0000-000000000001,,692B7931-A48C-49C3-0000-000000000001,,,,,,Dihap,2022-10-20 15:48:50.000,S3,2021-10-26 00:00:00.000,Seed,,,SYN-MZ-2021-00037 × SYN-MZ-2021-00071,VALID,SYN-CROSS-00023,2021-02-05 09:00:00.000,647BD1AD-7AC5-2F99-0000-000000000004,2021-12-03 09:21:36.000,2026-09-23 10:09:50.000,FALSE
,307DEFEB-9888-F474-0000-000000000018,SYNTHETIC — hackathon mock data,,NO,NO,SYN-PED-00024,060AF0E2-3E2B-78FF-0000-000000000018,EU,BC1,4380E8FA-EE9E-0B62-0000-000000000005,,0,SYN-MZ-2025-00024,SYN94,SM00024,ACT,,SYN-TR-0025,DENT,,,,,,0,,DISCARD,SYN-F00037/SYN-M00071,SYNTH_LINE_00024,,562FEF70-98CB-DD18-0000-000000000001,,RESEARCH,,64B14384-EB55-1734-0000-000000000001,,SYNTH_USER_03,PL00024,24961A2B-18A6-A32A-0000-000000000018,SYN-TR-0034,4EFE8209-44E4-259E-0000-000000000002,,692B7931-A48C-49C3-0000-000000000001,,,,,,Dihap,2025-05-07 08:17:02.000,DEV,2025-10-12 00:00:00.000,Seed,,,SYN-MZ-2025-00038 × SYN-MZ-2025-00072,VALID,SYN-CROSS-00024,2025-04-01 09:00:00.000,647BD1AD-7AC5-2F99-0000-000000000005,2025-04-15 17:06:06.000,2026-09-23 11:02:26.000,FALSE
,307DEFEB-9888-F474-0000-000000000019,SYNTHETIC — hackathon mock data,,NO,NO,SYN-PED-00025,060AF0E2-3E2B-78FF-0000-000000000019,LATAM,F1,4380E8FA-EE9E-0B62-0000-000000000001,,0,SYN-MZ-2025-00025,SYN91,SM00025,ACT,,SYN-TR-0026,OTHER,307DEFEB-9888-F474-0000-000000000027,,,,,0,,DISCARD,SYN-F00038/SYN-M00072,SYNTH_LINE_00025,307DEFEB-9888-F474-0000-000000000049,562FEF70-98CB-DD18-0000-000000000002,,RESEARCH,,64B14384-EB55-1734-0000-000000000001,,SYNTH_USER_01,PL00025,24961A2B-18A6-A32A-0000-000000000019,SYN-TR-0035,4EFE8209-44E4-259E-0000-000000000003,,692B7931-A48C-49C3-0000-000000000001,,,,,,Self,2026-07-29 19:11:40.000,S3,2025-10-24 00:00:00.000,Seed,,,SYN-MZ-2025-00039 × SYN-MZ-2025-00073,VALID,SYN-CROSS-00025,2025-11-05 09:00:00.000,647BD1AD-7AC5-2F99-0000-000000000002,2025-12-17 04:51:31.000,2026-09-25 19:52:22.000,FALSE
,307DEFEB-9888-F474-0000-00000000001A,SYNTHETIC — hackathon mock data,,NO,NO,SYN-PED-00026,060AF0E2-3E2B-78FF-0000-00000000001A,LATAM,BC1,4380E8FA-EE9E-0B62-0000-000000000002,,0,SYN-MZ-2024-00026,SYN51,SM00026,ACT,,SYN-TR-0027,FLINT,307DEFEB-9888-F474-0000-000000000028,,,,,0,,HOLD,SYN-F00039/SYN-M00073,SYNTH_LINE_00026,307DEFEB-9888-F474-0000-00000000004A,562FEF70-98CB-DD18-0000-000000000003,,BREEDING,,64B14384-EB55-1734-0000-000000000001,,SYNTH_USER_03,PL00026,24961A2B-18A6-A32A-0000-00000000001A,SYN-TR-0036,4EFE8209-44E4-259E-0000-000000000004,,692B7931-A48C-49C3-0000-000000000001,,,,,,Dihap,2024-08-08 18:15:52.000,S2,2024-10-14 00:00:00.000,Seed,,,SYN-MZ-2024-00040 × SYN-MZ-2024-00074,VALID,SYN-CROSS-00026,2024-04-09 09:00:00.000,647BD1AD-7AC5-2F99-0000-000000000001,2025-08-27 15:30:30.000,2026-09-25 21:50:09.000,FALSE
,307DEFEB-9888-F474-0000-00000000001B,SYNTHETIC — hackathon mock data,,NO,NO,SYN-PED-00027,060AF0E2-3E2B-78FF-0000-00000000001B,APAC,F1,4380E8FA-EE9E-0B62-0000-000000000003,,0,SYN-MZ-2024-00027,SYN22,SM00027,ACT,,SYN-TR-0028,DENT,307DEFEB-9888-F474-0000-000000000029,,,,,0,,ADVANCE,SYN-F00040/SYN-M00074,SYNTH_LINE_00027,307DEFEB-9888-F474-0000-00000000004B,562FEF70-98CB-DD18-0000-000000000004,,RESEARCH,,64B14384-EB55-1734-0000-000000000001,,SYNTH_USER_04,PL00027,24961A2B-18A6-A32A-0000-00000000001B,SYN-TR-0037,4EFE8209-44E4-259E-0000-000000000002,,692B7931-A48C-49C3-0000-000000000001,,,,,,Cross,2026-04-16 03:45:27.000,DEV,2024-10-21 00:00:00.000,Seed,,,SYN-MZ-2024-00041 × SYN-MZ-2024-00075,VALID,SYN-CROSS-00027,2024-06-04 09:00:00.000,647BD1AD-7AC5-2F99-0000-000000000004,2024-11-30 01:11:54.000,2026-09-22 13:05:44.000,FALSE
,307DEFEB-9888-F474-0000-00000000001C,SYNTHETIC — hackathon mock data,,NO,NO,SYN-PED-00028,060AF0E2-3E2B-78FF-0000-00000000001C,LATAM,DH,4380E8FA-EE9E-0B62-0000-000000000004,,0,SYN-MZ-2025-00028,SYN44,SM00028,ACT,,SYN-TR-0029,DENT,,,,,,0,,HOLD,SYN-F00041/SYN-M00075,SYNTH_LINE_00028,,562FEF70-98CB-DD18-0000-000000000005,,RESEARCH,,64B14384-EB55-1734-0000-000000000001,,SYNTH_USER_01,PL00028,24961A2B-18A6-A32A-0000-00000000001C,SYN-TR-0038,4EFE8209-44E4-259E-0000-000000000003,,692B7931-A48C-49C3-0000-000000000001,,,,,,Dihap,2026-01-03 03:25:12.000,DEV,2025-10-10 00:00:00.000,Seed,,,SYN-MZ-2025-00042 × SYN-MZ-2025-00076,VALID,SYN-CROSS-00028,2025-02-12 09:00:00.000,647BD1AD-7AC5-2F99-0000-000000000004,2025-09-07 23:33:43.000,2026-09-23 05:49:13.000,FALSE
,307DEFEB-9888-F474-0000-00000000001D,SYNTHETIC — hackathon mock data,,NO,NO,SYN-PED-00029,060AF0E2-3E2B-78FF-0000-00000000001D,NAM,BC1,4380E8FA-EE9E-0B62-0000-000000000005,,0,SYN-MZ-2025-00029,SYN47,SM00029,DEV,,SYN-TR-0030,OTHER,307DEFEB-9888-F474-0000-00000000002B,,,,,0,,HOLD,SYN-F00042/SYN-M00076,SYNTH_LINE_00029,307DEFEB-9888-F474-0000-00000000004D,562FEF70-98CB-DD18-0000-000000000006,,RESEARCH,,64B14384-EB55-1734-0000-000000000001,,SYNTH_USER_04,PL00029,24961A2B-18A6-A32A-0000-00000000001D,SYN-TR-0039,4EFE8209-44E4-259E-0000-000000000004,,692B7931-A48C-49C3-0000-000000000001,,,,,,Dihap,2025-08-06 17:06:07.000,S3,2025-10-14 00:00:00.000,Seed,,,SYN-MZ-2025-00043 × SYN-MZ-2025-00077,VALID,SYN-CROSS-00029,2025-06-23 09:00:00.000,647BD1AD-7AC5-2F99-0000-000000000004,2025-12-17 08:36:26.000,2026-09-25 00:17:16.000,FALSE
,307DEFEB-9888-F474-0000-00000000001E,SYNTHETIC — hackathon mock data,,NO,NO,SYN-PED-00030,060AF0E2-3E2B-78FF-0000-00000000001E,LATAM,BC1,4380E8FA-EE9E-0B62-0000-000000000001,,0,SYN-MZ-2021-00030,SYN64,SM00030,DEV,,SYN-TR-0031,OTHER,307DEFEB-9888-F474-0000-00000000002C,,,,,0,,DISCARD,SYN-F00043/SYN-M00077,SYNTH_LINE_00030,307DEFEB-9888-F474-0000-00000000004E,562FEF70-98CB-DD18-0000-000000000007,,RESEARCH,,64B14384-EB55-1734-0000-000000000001,,SYNTH_USER_03,PL00030,24961A2B-18A6-A32A-0000-00000000001E,SYN-TR-0040,4EFE8209-44E4-259E-0000-000000000004,,692B7931-A48C-49C3-0000-000000000001,,,,,,Cross,2023-12-03 02:18:44.000,DEV,2021-10-19 00:00:00.000,Seed,,,SYN-MZ-2021-00044 × SYN-MZ-2021-00078,VALID,SYN-CROSS-00030,2021-01-17 09:00:00.000,647BD1AD-7AC5-2F99-0000-000000000001,2023-08-17 08:44:21.000,2026-09-23 03:53:35.000,FALSE
,307DEFEB-9888-F474-0000-00000000001F,SYNTHETIC — hackathon mock data,,NO,NO,SYN-PED-00031,060AF0E2-3E2B-78FF-0000-00000000001F,NAM,DH,4380E8FA-EE9E-0B62-0000-000000000002,,0,SYN-MZ-2026-00031,SYN34,SM00031,DEV,,SYN-TR-0032,FLINT,307DEFEB-9888-F474-0000-00000000002D,,,,,0,,DISCARD,SYN-F00044/SYN-M00078,SYNTH_LINE_00031,307DEFEB-9888-F474-0000-00000000004F,562FEF70-98CB-DD18-0000-000000000008,,BREEDING,,64B14384-EB55-1734-0000-000000000001,,SYNTH_USER_03,PL00031,24961A2B-18A6-A32A-0000-00000000001F,SYN-TR-0041,4EFE8209-44E4-259E-0000-000000000002,,692B7931-A48C-49C3-0000-000000000001,,,,,,Cross,2026-11-28 02:43:26.000,S2,2026-10-09 00:00:00.000,Seed,,,SYN-MZ-2026-00045 × SYN-MZ-2026-00079,VALID,SYN-CROSS-00031,2026-12-09 09:00:00.000,647BD1AD-7AC5-2F99-0000-000000000004,2026-09-21 17:15:05.000,2026-09-22 04:30:14.000,FALSE
,307DEFEB-9888-F474-0000-000000000020,SYNTHETIC — hackathon mock data,,NO,NO,SYN-PED-00032,060AF0E2-3E2B-78FF-0000-000000000020,APAC,BC1,4380E8FA-EE9E-0B62-0000-000000000003,,0,SYN-MZ-2024-00032,SYN44,SM00032,ACT,,SYN-TR-0033,DENT,,,,,,0,,ADVANCE,SYN-F00045/SYN-M00079,SYNTH_LINE_00032,,562FEF70-98CB-DD18-0000-000000000001,,RESEARCH,,64B14384-EB55-1734-0000-000000000001,,SYNTH_USER_01,PL00032,24961A2B-18A6-A32A-0000-000000000020,SYN-TR-0042,4EFE8209-44E4-259E-0000-000000000002,,692B7931-A48C-49C3-0000-000000000001,,,,,,Dihap,2025-08-31 02:08:15.000,S1,2024-10-09 00:00:00.000,Seed,,,SYN-MZ-2024-00046 × SYN-MZ-2024-00080,VALID,SYN-CROSS-00032,2024-06-17 09:00:00.000,647BD1AD-7AC5-2F99-0000-000000000005,2024-11-24 00:28:55.000,2026-09-25 13:06:34.000,FALSE
,307DEFEB-9888-F474-0000-000000000021,SYNTHETIC — hackathon mock data,,NO,NO,SYN-PED-00033,060AF0E2-3E2B-78FF-0000-000000000021,LATAM,F1,4380E8FA-EE9E-0B62-0000-000000000004,,0,SYN-MZ-2023-00033,SYN30,SM00033,ACT,,SYN-TR-0034,OTHER,307DEFEB-9888-F474-0000-00000000002F,,,,,0,,HOLD,SYN-F00046/SYN-M00080,SYNTH_LINE_00033,307DEFEB-9888-F474-0000-000000000051,562FEF70-98CB-DD18-0000-000000000002,,RESEARCH,,64B14384-EB55-1734-0000-000000000001,,SYNTH_USER_02,PL00033,24961A2B-18A6-A32A-0000-000000000021,SYN-TR-0043,4EFE8209-44E4-259E-0000-000000000003,,692B7931-A48C-49C3-0000-000000000001,,,,,,Self,2026-03-28 17:10:28.000,DEV,2023-10-06 00:00:00.000,Seed,,,SYN-MZ-2023-00047 × SYN-MZ-2023-00081,VALID,SYN-CROSS-00033,2023-05-04 09:00:00.000,647BD1AD-7AC5-2F99-0000-000000000003,2023-10-18 01:45:38.000,2026-09-23 16:05:43.000,FALSE
,307DEFEB-9888-F474-0000-000000000022,SYNTHETIC — hackathon mock data,,NO,NO,SYN-PED-00034,060AF0E2-3E2B-78FF-0000-000000000022,EU,F2,4380E8FA-EE9E-0B62-0000-000000000005,,0,SYN-MZ-2025-00034,SYN96,SM00034,ACT,,SYN-TR-0035,OTHER,307DEFEB-9888-F474-0000-000000000030,,,,,0,,ADVANCE,SYN-F00047/SYN-M00081,SYNTH_LINE_00034,307DEFEB-9888-F474-0000-000000000052,562FEF70-98CB-DD18-0000-000000000003,,BREEDING,,64B14384-EB55-1734-0000-000000000001,,SYNTH_USER_02,PL00034,24961A2B-18A6-A32A-0000-000000000022,SYN-TR-0044,4EFE8209-44E4-259E-0000-000000000001,,692B7931-A48C-49C3-0000-000000000001,,,,,,Dihap,2026-07-31 12:36:46.000,S3,2025-10-18 00:00:00.000,Seed,,,SYN-MZ-2025-00048 × SYN-MZ-2025-00082,VALID,SYN-CROSS-00034,2025-05-21 09:00:00.000,647BD1AD-7AC5-2F99-0000-000000000006,2026-07-17 08:32:02.000,2026-09-23 18:23:39.000,FALSE
,307DEFEB-9888-F474-0000-000000000023,SYNTHETIC — hackathon mock data,,NO,NO,SYN-PED-00035,060AF0E2-3E2B-78FF-0000-000000000023,NAM,S1,4380E8FA-EE9E-0B62-0000-000000000001,,0,SYN-MZ-2023-00035,SYN34,SM00035,ACT,,SYN-TR-0036,OTHER,307DEFEB-9888-F474-0000-000000000031,,,,,0,,ADVANCE,SYN-F00048/SYN-M00082,SYNTH_LINE_00035,307DEFEB-9888-F474-0000-000000000053,562FEF70-98CB-DD18-0000-000000000004,,RESEARCH,,64B14384-EB55-1734-0000-000000000001,,SYNTH_USER_01,PL00035,24961A2B-18A6-A32A-0000-000000000023,SYN-TR-0045,4EFE8209-44E4-259E-0000-000000000003,,692B7931-A48C-49C3-0000-000000000001,,,,,,Cross,2025-05-17 23:02:22.000,DEV,2023-10-01 00:00:00.000,Seed,,,SYN-MZ-2023-00049 × SYN-MZ-2023-00083,VALID,SYN-CROSS-00035,2023-08-03 09:00:00.000,647BD1AD-7AC5-2F99-0000-000000000004,2025-12-20 12:35:30.000,2026-09-23 14:10:43.000,FALSE
,307DEFEB-9888-F474-0000-000000000024,SYNTHETIC — hackathon mock data,,NO,NO,SYN-PED-00036,060AF0E2-3E2B-78FF-0000-000000000024,APAC,F1,4380E8FA-EE9E-0B62-0000-000000000002,,0,SYN-MZ-2026-00036,SYN69,SM00036,ACT,,SYN-TR-0037,OTHER,,,,,,0,,DISCARD,SYN-F00049/SYN-M00083,SYNTH_LINE_00036,,562FEF70-98CB-DD18-0000-000000000005,,RESEARCH,,64B14384-EB55-1734-0000-000000000001,,SYNTH_USER_03,PL00036,24961A2B-18A6-A32A-0000-000000000024,SYN-TR-0046,4EFE8209-44E4-259E-0000-000000000002,,692B7931-A48C-49C3-0000-000000000001,,,,,,Cross,2026-07-01 23:55:24.000,DEV,2026-10-26 00:00:00.000,Seed,,,SYN-MZ-2026-00050 × SYN-MZ-2026-00084,VALID,SYN-CROSS-00036,2026-04-20 09:00:00.000,647BD1AD-7AC5-2F99-0000-000000000003,2026-09-07 18:36:40.000,2026-09-24 05:34:04.000,FALSE
,307DEFEB-9888-F474-0000-000000000025,SYNTHETIC — hackathon mock data,,NO,NO,SYN-PED-00037,060AF0E2-3E2B-78FF-0000-000000000025,APAC,F1,4380E8FA-EE9E-0B62-0000-000000000003,,0,SYN-MZ-2026-00037,SYN56,SM00037,ACT,,SYN-TR-0038,DENT,307DEFEB-9888-F474-0000-000000000033,,,,,0,,ADVANCE,SYN-F00050/SYN-M00084,SYNTH_LINE_00037,307DEFEB-9888-F474-0000-000000000055,562FEF70-98CB-DD18-0000-000000000006,,RESEARCH,,64B14384-EB55-1734-0000-000000000001,,SYNTH_USER_02,PL00037,24961A2B-18A6-A32A-0000-000000000025,SYN-TR-0047,4EFE8209-44E4-259E-0000-000000000004,,692B7931-A48C-49C3-0000-000000000001,,,,,,Dihap,2026-11-03 19:48:13.000,S3,2026-10-23 00:00:00.000,Seed,,,SYN-MZ-2026-00051 × SYN-MZ-2026-00085,VALID,SYN-CROSS-00037,2026-11-17 09:00:00.000,647BD1AD-7AC5-2F99-0000-000000000001,2026-10-09 00:29:51.000,2026-09-24 01:08:55.000,FALSE
,307DEFEB-9888-F474-0000-000000000026,SYNTHETIC — hackathon mock data,,NO,NO,SYN-PED-00038,060AF0E2-3E2B-78FF-0000-000000000026,LATAM,F1,4380E8FA-EE9E-0B62-0000-000000000004,,0,SYN-MZ-2026-00038,SYN40,SM00038,ACT,,SYN-TR-0039,OTHER,307DEFEB-9888-F474-0000-000000000034,,,,,0,,DISCARD,SYN-F00051/SYN-M00085,SYNTH_LINE_00038,307DEFEB-9888-F474-0000-000000000056,562FEF70-98CB-DD18-0000-000000000007,,BREEDING,,64B14384-EB55-1734-0000-000000000001,,SYNTH_USER_01,PL00038,24961A2B-18A6-A32A-0000-000000000026,SYN-TR-0048,4EFE8209-44E4-259E-0000-000000000001,,692B7931-A48C-49C3-0000-000000000001,,,,,,Cross,2026-07-23 21:05:47.000,S3,2026-10-08 00:00:00.000,Seed,,,SYN-MZ-2026-00052 × SYN-MZ-2026-00086,VALID,SYN-CROSS-00038,2026-05-20 09:00:00.000,647BD1AD-7AC5-2F99-0000-000000000005,2026-07-19 13:59:29.000,2026-09-22 03:34:11.000,FALSE
,307DEFEB-9888-F474-0000-000000000027,SYNTHETIC — hackathon mock data,,NO,NO,SYN-PED-00039,060AF0E2-3E2B-78FF-0000-000000000027,APAC,F2,4380E8FA-EE9E-0B62-0000-000000000005,,0,SYN-MZ-2026-00039,SYN99,SM00039,DEV,,SYN-TR-0040,OTHER,307DEFEB-9888-F474-0000-000000000035,,,,,0,,HOLD,SYN-F00052/SYN-M00086,SYNTH_LINE_00039,307DEFEB-9888-F474-0000-000000000057,562FEF70-98CB-DD18-0000-000000000008,,RESEARCH,,64B14384-EB55-1734-0000-000000000001,,SYNTH_USER_02,PL00039,24961A2B-18A6-A32A-0000-000000000027,SYN-TR-0049,4EFE8209-44E4-259E-0000-000000000003,,692B7931-A48C-49C3-0000-000000000001,,,,,,Self,2026-08-18 20:50:16.000,S2,2026-10-04 00:00:00.000,Seed,,,SYN-MZ-2026-00053 × SYN-MZ-2026-00087,VALID,SYN-CROSS-00039,2026-06-19 09:00:00.000,647BD1AD-7AC5-2F99-0000-000000000004,2026-07-13 01:18:06.000,2026-09-23 17:30:15.000,FALSE
,307DEFEB-9888-F474-0000-000000000028,SYNTHETIC — hackathon mock data,,NO,NO,SYN-PED-00040,060AF0E2-3E2B-78FF-0000-000000000028,EU,S1,4380E8FA-EE9E-0B62-0000-000000000001,,0,SYN-MZ-2026-00040,SYN39,SM00040,DEV,,SYN-TR-0041,FLINT,,,,,,0,,DISCARD,SYN-F00053/SYN-M00087,SYNTH_LINE_00040,,562FEF70-98CB-DD18-0000-000000000001,,RESEARCH,,64B14384-EB55-1734-0000-000000000001,,SYNTH_USER_03,PL00040,24961A2B-18A6-A32A-0000-000000000028,SYN-TR-0050,4EFE8209-44E4-259E-0000-000000000002,,692B7931-A48C-49C3-0000-000000000001,,,,,,Dihap,2026-08-29 22:36:16.000,S3,2026-10-01 00:00:00.000,Seed,,,SYN-MZ-2026-00054 × SYN-MZ-2026-00088,VALID,SYN-CROSS-00040,2026-08-21 09:00:00.000,647BD1AD-7AC5-2F99-0000-000000000002,2026-08-31 02:33:40.000,2026-09-24 21:56:51.000,FALSE
,307DEFEB-9888-F474-0000-000000000029,SYNTHETIC — hackathon mock data,,NO,NO,SYN-PED-00041,060AF0E2-3E2B-78FF-0000-000000000029,APAC,F2,4380E8FA-EE9E-0B62-0000-000000000002,,0,SYN-MZ-2022-00041,SYN57,SM00041,ACT,,SYN-TR-0042,FLINT,307DEFEB-9888-F474-0000-000000000037,,,,,0,,HOLD,SYN-F00054/SYN-M00088,SYNTH_LINE_00041,307DEFEB-9888-F474-0000-000000000059,562FEF70-98CB-DD18-0000-000000000002,,BREEDING,,64B14384-EB55-1734-0000-000000000001,,SYNTH_USER_01,PL00041,24961A2B-18A6-A32A-0000-000000000029,SYN-TR-0051,4EFE8209-44E4-259E-0000-000000000003,,692B7931-A48C-49C3-0000-000000000001,,,,,,Cross,2023-03-07 12:01:28.000,DEV,2022-10-14 00:00:00.000,Seed,,,SYN-MZ-2022-00055 × SYN-MZ-2022-00089,VALID,SYN-CROSS-00041,2022-11-03 09:00:00.000,647BD1AD-7AC5-2F99-0000-000000000003,2025-06-26 09:12:21.000,2026-09-25 22:40:02.000,FALSE
,307DEFEB-9888-F474-0000-00000000002A,SYNTHETIC — hackathon mock data,,NO,NO,SYN-PED-00042,060AF0E2-3E2B-78FF-0000-00000000002A,EU,S1,4380E8FA-EE9E-0B62-0000-000000000003,,0,SYN-MZ-2022-00042,SYN62,SM00042,ACT,,SYN-TR-0043,DENT,307DEFEB-9888-F474-0000-000000000038,,,,,0,,HOLD,SYN-F00055/SYN-M00089,SYNTH_LINE_00042,307DEFEB-9888-F474-0000-00000000005A,562FEF70-98CB-DD18-0000-000000000003,,RESEARCH,,64B14384-EB55-1734-0000-000000000001,,SYNTH_USER_03,PL00042,24961A2B-18A6-A32A-0000-00000000002A,SYN-TR-0052,4EFE8209-44E4-259E-0000-000000000001,,692B7931-A48C-49C3-0000-000000000001,,,,,,Self,2022-11-18 07:17:50.000,DEV,2022-10-09 00:00:00.000,Seed,,,SYN-MZ-2022-00056 × SYN-MZ-2022-00090,VALID,SYN-CROSS-00042,2022-01-19 09:00:00.000,647BD1AD-7AC5-2F99-0000-000000000001,2025-10-13 10:35:16.000,2026-09-23 06:09:58.000,FALSE
,307DEFEB-9888-F474-0000-00000000002B,SYNTHETIC — hackathon mock data,,NO,NO,SYN-PED-00043,060AF0E2-3E2B-78FF-0000-00000000002B,NAM,DH,4380E8FA-EE9E-0B62-0000-000000000004,,0,SYN-MZ-2023-00043,SYN85,SM00043,ACT,,SYN-TR-0044,FLINT,307DEFEB-9888-F474-0000-000000000039,,,,,0,,DISCARD,SYN-F00056/SYN-M00090,SYNTH_LINE_00043,307DEFEB-9888-F474-0000-00000000005B,562FEF70-98CB-DD18-0000-000000000004,,BREEDING,,64B14384-EB55-1734-0000-000000000001,,SYNTH_USER_02,PL00043,24961A2B-18A6-A32A-0000-00000000002B,SYN-TR-0053,4EFE8209-44E4-259E-0000-000000000001,,692B7931-A48C-49C3-0000-000000000001,,,,,,Dihap,2024-11-03 20:00:07.000,S2,2023-10-19 00:00:00.000,Seed,,,SYN-MZ-2023-00057 × SYN-MZ-2023-00091,VALID,SYN-CROSS-00043,2023-05-12 09:00:00.000,647BD1AD-7AC5-2F99-0000-000000000002,2024-05-02 09:50:26.000,2026-09-23 23:35:07.000,FALSE
,307DEFEB-9888-F474-0000-00000000002C,SYNTHETIC — hackathon mock data,,NO,NO,SYN-PED-00044,060AF0E2-3E2B-78FF-0000-00000000002C,LATAM,F1,4380E8FA-EE9E-0B62-0000-000000000005,,0,SYN-MZ-2025-00044,SYN79,SM00044,DEV,,SYN-TR-0045,FLINT,,,,,,0,,HOLD,SYN-F00057/SYN-M00091,SYNTH_LINE_00044,,562FEF70-98CB-DD18-0000-000000000005,,BREEDING,,64B14384-EB55-1734-0000-000000000001,,SYNTH_USER_01,PL00044,24961A2B-18A6-A32A-0000-00000000002C,SYN-TR-0054,4EFE8209-44E4-259E-0000-000000000003,,692B7931-A48C-49C3-0000-000000000001,,,,,,Dihap,2025-05-09 04:19:31.000,S3,2025-10-02 00:00:00.000,Seed,,,SYN-MZ-2025-00058 × SYN-MZ-2025-00092,VALID,SYN-CROSS-00044,2025-01-18 09:00:00.000,647BD1AD-7AC5-2F99-0000-000000000001,2025-12-02 05:16:40.000,2026-09-22 20:41:10.000,FALSE
,307DEFEB-9888-F474-0000-00000000002D,SYNTHETIC — hackathon mock data,,NO,NO,SYN-PED-00045,060AF0E2-3E2B-78FF-0000-00000000002D,APAC,F1,4380E8FA-EE9E-0B62-0000-000000000001,,0,SYN-MZ-2021-00045,SYN35,SM00045,ACT,,SYN-TR-0046,FLINT,307DEFEB-9888-F474-0000-00000000003B,,,,,0,,DISCARD,SYN-F00058/SYN-M00092,SYNTH_LINE_00045,307DEFEB-9888-F474-0000-00000000005D,562FEF70-98CB-DD18-0000-000000000006,,BREEDING,,64B14384-EB55-1734-0000-000000000001,,SYNTH_USER_04,PL00045,24961A2B-18A6-A32A-0000-00000000002D,SYN-TR-0055,4EFE8209-44E4-259E-0000-000000000004,,692B7931-A48C-49C3-0000-000000000001,,,,,,Self,2022-01-12 09:56:51.000,S3,2021-10-08 00:00:00.000,Seed,,,SYN-MZ-2021-00059 × SYN-MZ-2021-00093,VALID,SYN-CROSS-00045,2021-06-20 09:00:00.000,647BD1AD-7AC5-2F99-0000-000000000006,2026-04-13 14:21:59.000,2026-09-22 13:27:35.000,FALSE
,307DEFEB-9888-F474-0000-00000000002E,SYNTHETIC — hackathon mock data,,NO,NO,SYN-PED-00046,060AF0E2-3E2B-78FF-0000-00000000002E,LATAM,DH,4380E8FA-EE9E-0B62-0000-000000000002,,0,SYN-MZ-2024-00046,SYN98,SM00046,ACT,,SYN-TR-0047,OTHER,307DEFEB-9888-F474-0000-00000000003C,,,,,0,,DISCARD,SYN-F00059/SYN-M00093,SYNTH_LINE_00046,307DEFEB-9888-F474-0000-00000000005E,562FEF70-98CB-DD18-0000-000000000007,,RESEARCH,,64B14384-EB55-1734-0000-000000000001,,SYNTH_USER_03,PL00046,24961A2B-18A6-A32A-0000-00000000002E,SYN-TR-0056,4EFE8209-44E4-259E-0000-000000000002,,692B7931-A48C-49C3-0000-000000000001,,,,,,Dihap,2025-06-04 11:10:13.000,S1,2024-10-09 00:00:00.000,Seed,,,SYN-MZ-2024-00060 × SYN-MZ-2024-00094,VALID,SYN-CROSS-00046,2024-02-21 09:00:00.000,647BD1AD-7AC5-2F99-0000-000000000001,2025-05-15 14:54:08.000,2026-09-25 09:33:43.000,FALSE
,307DEFEB-9888-F474-0000-00000000002F,SYNTHETIC — hackathon mock data,,NO,NO,SYN-PED-00047,060AF0E2-3E2B-78FF-0000-00000000002F,LATAM,BC1,4380E8FA-EE9E-0B62-0000-000000000003,,0,SYN-MZ-2024-00047,SYN29,SM00047,DEV,,SYN-TR-0048,DENT,307DEFEB-9888-F474-0000-00000000003D,,,,,0,,DISCARD,SYN-F00060/SYN-M00094,SYNTH_LINE_00047,307DEFEB-9888-F474-0000-00000000005F,562FEF70-98CB-DD18-0000-000000000008,,BREEDING,,64B14384-EB55-1734-0000-000000000001,,SYNTH_USER_04,PL00047,24961A2B-18A6-A32A-0000-00000000002F,SYN-TR-0057,4EFE8209-44E4-259E-0000-000000000002,,692B7931-A48C-49C3-0000-000000000001,,,,,,Cross,2025-05-23 02:08:17.000,DEV,2024-10-08 00:00:00.000,Seed,,,SYN-MZ-2024-00061 × SYN-MZ-2024-00095,VALID,SYN-CROSS-00047,2024-10-15 09:00:00.000,647BD1AD-7AC5-2F99-0000-000000000005,2025-06-17 05:48:27.000,2026-09-24 23:50:26.000,FALSE
,307DEFEB-9888-F474-0000-000000000030,SYNTHETIC — hackathon mock data,,NO,NO,SYN-PED-00048,060AF0E2-3E2B-78FF-0000-000000000030,APAC,S1,4380E8FA-EE9E-0B62-0000-000000000004,,0,SYN-MZ-2022-00048,SYN26,SM00048,ACT,,SYN-TR-0049,FLINT,,,,,,0,,ADVANCE,SYN-F00061/SYN-M00095,SYNTH_LINE_00048,,562FEF70-98CB-DD18-0000-000000000001,,BREEDING,,64B14384-EB55-1734-0000-000000000001,,SYNTH_USER_01,PL00048,24961A2B-18A6-A32A-0000-000000000030,SYN-TR-0058,4EFE8209-44E4-259E-0000-000000000001,,692B7931-A48C-49C3-0000-000000000001,,,,,,Self,2024-06-21 14:40:17.000,S2,2022-10-24 00:00:00.000,Seed,,,SYN-MZ-2022-00062 × SYN-MZ-2022-00096,VALID,SYN-CROSS-00048,2022-04-06 09:00:00.000,647BD1AD-7AC5-2F99-0000-000000000004,2023-10-09 11:15:32.000,2026-09-25 17:22:12.000,FALSE
,307DEFEB-9888-F474-0000-000000000031,SYNTHETIC — hackathon mock data,,NO,NO,SYN-PED-00049,060AF0E2-3E2B-78FF-0000-000000000031,EU,DH,4380E8FA-EE9E-0B62-0000-000000000005,,0,SYN-MZ-2021-00049,SYN69,SM00049,DEV,,SYN-TR-0050,FLINT,307DEFEB-9888-F474-0000-00000000003F,,,,,0,,ADVANCE,SYN-F00062/SYN-M00096,SYNTH_LINE_00049,307DEFEB-9888-F474-0000-000000000061,562FEF70-98CB-DD18-0000-000000000002,,RESEARCH,,64B14384-EB55-1734-0000-000000000001,,SYNTH_USER_01,PL00049,24961A2B-18A6-A32A-0000-000000000031,SYN-TR-0059,4EFE8209-44E4-259E-0000-000000000004,,692B7931-A48C-49C3-0000-000000000001,,,,,,Self,2026-07-13 05:48:36.000,S2,2021-10-26 00:00:00.000,Seed,,,SYN-MZ-2021-00063 × SYN-MZ-2021-00097,VALID,SYN-CROSS-00049,2021-04-03 09:00:00.000,647BD1AD-7AC5-2F99-0000-000000000003,2023-05-09 16:45:05.000,2026-09-22 12:49:39.000,FALSE
,307DEFEB-9888-F474-0000-000000000032,SYNTHETIC — hackathon mock data,,NO,NO,SYN-PED-00050,060AF0E2-3E2B-78FF-0000-000000000032,NAM,F1,4380E8FA-EE9E-0B62-0000-000000000001,,0,SYN-MZ-2023-00050,SYN98,SM00050,ACT,,SYN-TR-0051,OTHER,307DEFEB-9888-F474-0000-000000000040,,,,,0,,HOLD,SYN-F00063/SYN-M00097,SYNTH_LINE_00050,307DEFEB-9888-F474-0000-000000000062,562FEF70-98CB-DD18-0000-000000000003,,RESEARCH,,64B14384-EB55-1734-0000-000000000001,,SYNTH_USER_01,PL00050,24961A2B-18A6-A32A-0000-000000000032,SYN-TR-0060,4EFE8209-44E4-259E-0000-000000000001,,692B7931-A48C-49C3-0000-000000000001,,,,,,Self,2025-05-16 12:25:19.000,S1,2023-10-24 00:00:00.000,Seed,,,SYN-MZ-2023-00064 × SYN-MZ-2023-00098,VALID,SYN-CROSS-00050,2023-05-06 09:00:00.000,647BD1AD-7AC5-2F99-0000-000000000005,2024-05-23 20:57:45.000,2026-09-23 23:41:31.000,FALSE
,307DEFEB-9888-F474-0000-000000000033,SYNTHETIC — hackathon mock data,,NO,NO,SYN-PED-00051,060AF0E2-3E2B-78FF-0000-000000000033,NAM,F1,4380E8FA-EE9E-0B62-0000-000000000002,,0,SYN-MZ-2024-00051,SYN43,SM00051,DEV,,SYN-TR-0052,FLINT,307DEFEB-9888-F474-0000-000000000041,,,,,0,,DISCARD,SYN-F00064/SYN-M00098,SYNTH_LINE_00051,307DEFEB-9888-F474-0000-000000000063,562FEF70-98CB-DD18-0000-000000000004,,RESEARCH,,64B14384-EB55-1734-0000-000000000001,,SYNTH_USER_01,PL00051,24961A2B-18A6-A32A-0000-000000000033,SYN-TR-0061,4EFE8209-44E4-259E-0000-000000000004,,692B7931-A48C-49C3-0000-000000000001,,,,,,Dihap,2024-09-15 07:04:57.000,S1,2024-10-15 00:00:00.000,Seed,,,SYN-MZ-2024-00065 × SYN-MZ-2024-00099,VALID,SYN-CROSS-00051,2024-08-13 09:00:00.000,647BD1AD-7AC5-2F99-0000-000000000003,2026-07-14 04:45:10.000,2026-09-25 18:09:58.000,FALSE
,307DEFEB-9888-F474-0000-000000000034,SYNTHETIC — hackathon mock data,,NO,NO,SYN-PED-00052,060AF0E2-3E2B-78FF-0000-000000000034,LATAM,S1,4380E8FA-EE9E-0B62-0000-000000000003,,0,SYN-MZ-2025-00052,SYN96,SM00052,ACT,,SYN-TR-0053,FLINT,,,,,,0,,HOLD,SYN-F00065/SYN-M00099,SYNTH_LINE_00052,,562FEF70-98CB-DD18-0000-000000000005,,RESEARCH,,64B14384-EB55-1734-0000-000000000001,,SYNTH_USER_03,PL00052,24961A2B-18A6-A32A-0000-000000000034,SYN-TR-0062,4EFE8209-44E4-259E-0000-000000000002,,692B7931-A48C-49C3-0000-000000000001,,,,,,Dihap,2026-04-02 17:16:54.000,DEV,2025-10-19 00:00:00.000,Seed,,,SYN-MZ-2025-00066 × SYN-MZ-2025-00100,VALID,SYN-CROSS-00052,2025-02-14 09:00:00.000,647BD1AD-7AC5-2F99-0000-000000000001,2025-04-17 08:56:47.000,2026-09-23 04:00:53.000,FALSE
,307DEFEB-9888-F474-0000-000000000035,SYNTHETIC — hackathon mock data,,NO,NO,SYN-PED-00053,060AF0E2-3E2B-78FF-0000-000000000035,NAM,BC1,4380E8FA-EE9E-0B62-0000-000000000004,,0,SYN-MZ-2023-00053,SYN25,SM00053,ACT,,SYN-TR-0054,FLINT,307DEFEB-9888-F474-0000-000000000043,,,,,0,,DISCARD,SYN-F00066/SYN-M00100,SYNTH_LINE_00053,307DEFEB-9888-F474-0000-000000000065,562FEF70-98CB-DD18-0000-000000000006,,RESEARCH,,64B14384-EB55-1734-0000-000000000001,,SYNTH_USER_04,PL00053,24961A2B-18A6-A32A-0000-000000000035,SYN-TR-0063,4EFE8209-44E4-259E-0000-000000000002,,692B7931-A48C-49C3-0000-000000000001,,,,,,Self,2025-12-13 06:40:27.000,S3,2023-10-09 00:00:00.000,Seed,,,SYN-MZ-2023-00067 × SYN-MZ-2023-00101,VALID,SYN-CROSS-00053,2023-09-09 09:00:00.000,647BD1AD-7AC5-2F99-0000-000000000003,2024-01-08 05:34:53.000,2026-09-25 20:57:09.000,FALSE
,307DEFEB-9888-F474-0000-000000000036,SYNTHETIC — hackathon mock data,,NO,NO,SYN-PED-00054,060AF0E2-3E2B-78FF-0000-000000000036,APAC,F2,4380E8FA-EE9E-0B62-0000-000000000005,,0,SYN-MZ-2022-00054,SYN16,SM00054,ACT,,SYN-TR-0055,FLINT,307DEFEB-9888-F474-0000-000000000044,,,,,0,,HOLD,SYN-F00067/SYN-M00101,SYNTH_LINE_00054,307DEFEB-9888-F474-0000-000000000066,562FEF70-98CB-DD18-0000-000000000007,,RESEARCH,,64B14384-EB55-1734-0000-000000000001,,SYNTH_USER_04,PL00054,24961A2B-18A6-A32A-0000-000000000036,SYN-TR-0064,4EFE8209-44E4-259E-0000-000000000001,,692B7931-A48C-49C3-0000-000000000001,,,,,,Dihap,2023-03-19 14:14:31.000,S2,2022-10-01 00:00:00.000,Seed,,,SYN-MZ-2022-00068 × SYN-MZ-2022-00102,VALID,SYN-CROSS-00054,2022-12-06 09:00:00.000,647BD1AD-7AC5-2F99-0000-000000000005,2025-08-27 12:11:15.000,2026-09-22 14:47:44.000,FALSE
,307DEFEB-9888-F474-0000-000000000037,SYNTHETIC — hackathon mock data,,NO,NO,SYN-PED-00055,060AF0E2-3E2B-78FF-0000-000000000037,NAM,F2,4380E8FA-EE9E-0B62-0000-000000000001,,0,SYN-MZ-2026-00055,SYN22,SM00055,ACT,,SYN-TR-0056,FLINT,307DEFEB-9888-F474-0000-000000000045,,,,,0,,HOLD,SYN-F00068/SYN-M00102,SYNTH_LINE_00055,307DEFEB-9888-F474-0000-000000000067,562FEF70-98CB-DD18-0000-000000000008,,BREEDING,,64B14384-EB55-1734-0000-000000000001,,SYNTH_USER_04,PL00055,24961A2B-18A6-A32A-0000-000000000037,SYN-TR-0065,4EFE8209-44E4-259E-0000-000000000002,,692B7931-A48C-49C3-0000-000000000001,,,,,,Self,2026-08-28 22:26:48.000,DEV,2026-10-12 00:00:00.000,Seed,,,SYN-MZ-2026-00069 × SYN-MZ-2026-00103,VALID,SYN-CROSS-00055,2026-08-23 09:00:00.000,647BD1AD-7AC5-2F99-0000-000000000004,2026-09-01 06:00:01.000,2026-09-25 21:46:44.000,FALSE
,307DEFEB-9888-F474-0000-000000000038,SYNTHETIC — hackathon mock data,,NO,NO,SYN-PED-00056,060AF0E2-3E2B-78FF-0000-000000000038,NAM,BC1,4380E8FA-EE9E-0B62-0000-000000000002,,0,SYN-MZ-2023-00056,SYN36,SM00056,ACT,,SYN-TR-0057,FLINT,,,,,,0,,DISCARD,SYN-F00069/SYN-M00103,SYNTH_LINE_00056,,562FEF70-98CB-DD18-0000-000000000001,,RESEARCH,,64B14384-EB55-1734-0000-000000000001,,SYNTH_USER_03,PL00056,24961A2B-18A6-A32A-0000-000000000038,SYN-TR-0066,4EFE8209-44E4-259E-0000-000000000001,,692B7931-A48C-49C3-0000-000000000001,,,,,,Dihap,2025-11-30 12:13:38.000,S1,2023-10-08 00:00:00.000,Seed,,,SYN-MZ-2023-00070 × SYN-MZ-2023-00104,VALID,SYN-CROSS-00056,2023-04-21 09:00:00.000,647BD1AD-7AC5-2F99-0000-000000000001,2025-05-28 03:39:29.000,2026-09-25 02:50:55.000,FALSE
,307DEFEB-9888-F474-0000-000000000039,SYNTHETIC — hackathon mock data,,NO,NO,SYN-PED-00057,060AF0E2-3E2B-78FF-0000-000000000039,APAC,F1,4380E8FA-EE9E-0B62-0000-000000000003,,0,SYN-MZ-2023-00057,SYN60,SM00057,ACT,,SYN-TR-0058,DENT,307DEFEB-9888-F474-0000-000000000047,,,,,0,,DISCARD,SYN-F00070/SYN-M00104,SYNTH_LINE_00057,307DEFEB-9888-F474-0000-000000000069,562FEF70-98CB-DD18-0000-000000000002,,BREEDING,,64B14384-EB55-1734-0000-000000000001,,SYNTH_USER_02,PL00057,24961A2B-18A6-A32A-0000-000000000039,SYN-TR-0067,4EFE8209-44E4-259E-0000-000000000001,,692B7931-A48C-49C3-0000-000000000001,,,,,,Self,2023-06-07 00:33:32.000,S1,2023-10-15 00:00:00.000,Seed,,,SYN-MZ-2023-00071 × SYN-MZ-2023-00105,VALID,SYN-CROSS-00057,2023-02-09 09:00:00.000,647BD1AD-7AC5-2F99-0000-000000000002,2023-05-27 17:47:38.000,2026-09-25 05:06:59.000,FALSE
,307DEFEB-9888-F474-0000-00000000003A,SYNTHETIC — hackathon mock data,,NO,NO,SYN-PED-00058,060AF0E2-3E2B-78FF-0000-00000000003A,EU,DH,4380E8FA-EE9E-0B62-0000-000000000004,,0,SYN-MZ-2021-00058,SYN11,SM00058,DEV,,SYN-TR-0059,FLINT,307DEFEB-9888-F474-0000-000000000048,,,,,0,,HOLD,SYN-F00071/SYN-M00105,SYNTH_LINE_00058,307DEFEB-9888-F474-0000-00000000006A,562FEF70-98CB-DD18-0000-000000000003,,BREEDING,,64B14384-EB55-1734-0000-000000000001,,SYNTH_USER_03,PL00058,24961A2B-18A6-A32A-0000-00000000003A,SYN-TR-0068,4EFE8209-44E4-259E-0000-000000000003,,692B7931-A48C-49C3-0000-000000000001,,,,,,Cross,2026-02-08 21:14:00.000,S3,2021-10-12 00:00:00.000,Seed,,,SYN-MZ-2021-00072 × SYN-MZ-2021-00106,VALID,SYN-CROSS-00058,2021-11-18 09:00:00.000,647BD1AD-7AC5-2F99-0000-000000000002,2023-09-24 18:34:13.000,2026-09-25 05:32:13.000,FALSE
,307DEFEB-9888-F474-0000-00000000003B,SYNTHETIC — hackathon mock data,,NO,NO,SYN-PED-00059,060AF0E2-3E2B-78FF-0000-00000000003B,LATAM,DH,4380E8FA-EE9E-0B62-0000-000000000005,,0,SYN-MZ-2026-00059,SYN66,SM00059,DEV,,SYN-TR-0060,OTHER,307DEFEB-9888-F474-0000-000000000049,,,,,0,,HOLD,SYN-F00072/SYN-M00106,SYNTH_LINE_00059,307DEFEB-9888-F474-0000-00000000006B,562FEF70-98CB-DD18-0000-000000000004,,RESEARCH,,64B14384-EB55-1734-0000-000000000001,,SYNTH_USER_04,PL00059,24961A2B-18A6-A32A-0000-00000000003B,SYN-TR-0069,4EFE8209-44E4-259E-0000-000000000003,,692B7931-A48C-49C3-0000-000000000001,,,,,,Self,2026-09-09 10:39:27.000,S2,2026-10-12 00:00:00.000,Seed,,,SYN-MZ-2026-00073 × SYN-MZ-2026-00107,VALID,SYN-CROSS-00059,2026-09-01 09:00:00.000,647BD1AD-7AC5-2F99-0000-000000000002,2026-09-16 22:47:21.000,2026-09-24 21:24:49.000,FALSE
,307DEFEB-9888-F474-0000-00000000003C,SYNTHETIC — hackathon mock data,,NO,NO,SYN-PED-00060,060AF0E2-3E2B-78FF-0000-00000000003C,NAM,F2,4380E8FA-EE9E-0B62-0000-000000000001,,0,SYN-MZ-2024-00060,SYN69,SM00060,ACT,,SYN-TR-0061,DENT,,,,,,0,,HOLD,SYN-F00073/SYN-M00107,SYNTH_LINE_00060,,562FEF70-98CB-DD18-0000-000000000005,,RESEARCH,,64B14384-EB55-1734-0000-000000000001,,SYNTH_USER_02,PL00060,24961A2B-18A6-A32A-0000-00000000003C,SYN-TR-0070,4EFE8209-44E4-259E-0000-000000000002,,692B7931-A48C-49C3-0000-000000000001,,,,,,Self,2026-09-04 13:16:17.000,S3,2024-10-09 00:00:00.000,Seed,,,SYN-MZ-2024-00074 × SYN-MZ-2024-00108,VALID,SYN-CROSS-00060,2024-06-03 09:00:00.000,647BD1AD-7AC5-2F99-0000-000000000006,2026-08-24 13:40:44.000,2026-09-22 10:58:48.000,FALSE
,307DEFEB-9888-F474-0000-00000000003D,SYNTHETIC — hackathon mock data,,NO,NO,SYN-PED-00061,060AF0E2-3E2B-78FF-0000-00000000003D,EU,F2,4380E8FA-EE9E-0B62-0000-000000000002,,0,SYN-MZ-2026-00061,SYN86,SM00061,DEV,,SYN-TR-0062,OTHER,307DEFEB-9888-F474-0000-00000000004B,,,,,0,,ADVANCE,SYN-F00074/SYN-M00108,SYNTH_LINE_00061,307DEFEB-9888-F474-0000-00000000006D,562FEF70-98CB-DD18-0000-000000000006,,BREEDING,,64B14384-EB55-1734-0000-000000000001,,SYNTH_USER_04,PL00061,24961A2B-18A6-A32A-0000-00000000003D,SYN-TR-0071,4EFE8209-44E4-259E-0000-000000000002,,692B7931-A48C-49C3-0000-000000000001,,,,,,Dihap,2026-10-30 16:40:34.000,DEV,2026-10-28 00:00:00.000,Seed,,,SYN-MZ-2026-00075 × SYN-MZ-2026-00109,VALID,SYN-CROSS-00061,2026-12-09 09:00:00.000,647BD1AD-7AC5-2F99-0000-000000000004,2026-11-22 07:50:50.000,2026-09-23 00:59:09.000,FALSE
,307DEFEB-9888-F474-0000-00000000003E,SYNTHETIC — hackathon mock data,,NO,NO,SYN-PED-00062,060AF0E2-3E2B-78FF-0000-00000000003E,NAM,S1,4380E8FA-EE9E-0B62-0000-000000000003,,0,SYN-MZ-2023-00062,SYN22,SM00062,DEV,,SYN-TR-0063,DENT,307DEFEB-9888-F474-0000-00000000004C,,,,,0,,DISCARD,SYN-F00075/SYN-M00109,SYNTH_LINE_00062,307DEFEB-9888-F474-0000-00000000006E,562FEF70-98CB-DD18-0000-000000000007,,RESEARCH,,64B14384-EB55-1734-0000-000000000001,,SYNTH_USER_02,PL00062,24961A2B-18A6-A32A-0000-00000000003E,SYN-TR-0072,4EFE8209-44E4-259E-0000-000000000004,,692B7931-A48C-49C3-0000-000000000001,,,,,,Self,2024-07-02 17:46:06.000,S3,2023-10-08 00:00:00.000,Seed,,,SYN-MZ-2023-00076 × SYN-MZ-2023-00110,VALID,SYN-CROSS-00062,2023-07-20 09:00:00.000,647BD1AD-7AC5-2F99-0000-000000000003,2023-12-16 07:27:20.000,2026-09-25 20:37:06.000,FALSE
,307DEFEB-9888-F474-0000-00000000003F,SYNTHETIC — hackathon mock data,,NO,NO,SYN-PED-00063,060AF0E2-3E2B-78FF-0000-00000000003F,NAM,S1,4380E8FA-EE9E-0B62-0000-000000000004,,0,SYN-MZ-2022-00063,SYN29,SM00063,DEV,,SYN-TR-0064,FLINT,307DEFEB-9888-F474-0000-00000000004D,,,,,0,,HOLD,SYN-F00076/SYN-M00110,SYNTH_LINE_00063,307DEFEB-9888-F474-0000-00000000006F,562FEF70-98CB-DD18-0000-000000000008,,BREEDING,,64B14384-EB55-1734-0000-000000000001,,SYNTH_USER_02,PL00063,24961A2B-18A6-A32A-0000-00000000003F,SYN-TR-0001,4EFE8209-44E4-259E-0000-000000000001,,692B7931-A48C-49C3-0000-000000000001,,,,,,Cross,2025-10-12 18:01:25.000,S3,2022-10-11 00:00:00.000,Seed,,,SYN-MZ-2022-00077 × SYN-MZ-2022-00111,VALID,SYN-CROSS-00063,2022-04-15 09:00:00.000,647BD1AD-7AC5-2F99-0000-000000000005,2026-08-18 18:10:19.000,2026-09-24 16:14:27.000,FALSE
,307DEFEB-9888-F474-0000-000000000040,SYNTHETIC — hackathon mock data,,NO,NO,SYN-PED-00064,060AF0E2-3E2B-78FF-0000-000000000040,EU,S1,4380E8FA-EE9E-0B62-0000-000000000005,,0,SYN-MZ-2022-00064,SYN57,SM00064,ACT,,SYN-TR-0065,OTHER,,,,,,0,,ADVANCE,SYN-F00077/SYN-M00111,SYNTH_LINE_00064,,562FEF70-98CB-DD18-0000-000000000001,,BREEDING,,64B14384-EB55-1734-0000-000000000001,,SYNTH_USER_01,PL00064,24961A2B-18A6-A32A-0000-000000000040,SYN-TR-0002,4EFE8209-44E4-259E-0000-000000000003,,692B7931-A48C-49C3-0000-000000000001,,,,,,Self,2026-07-21 03:13:37.000,S1,2022-10-03 00:00:00.000,Seed,,,SYN-MZ-2022-00078 × SYN-MZ-2022-00112,VALID,SYN-CROSS-00064,2022-08-13 09:00:00.000,647BD1AD-7AC5-2F99-0000-000000000003,2024-03-16 16:07:51.000,2026-09-22 04:24:31.000,FALSE
,307DEFEB-9888-F474-0000-000000000041,SYNTHETIC — hackathon mock data,,NO,NO,SYN-PED-00065,060AF0E2-3E2B-78FF-0000-000000000041,EU,DH,4380E8FA-EE9E-0B62-0000-000000000001,,0,SYN-MZ-2024-00065,SYN70,SM00065,DEV,,SYN-TR-0066,DENT,307DEFEB-9888-F474-0000-00000000004F,,,,,0,,ADVANCE,SYN-F00078/SYN-M00112,SYNTH_LINE_00065,307DEFEB-9888-F474-0000-000000000071,562FEF70-98CB-DD18-0000-000000000002,,BREEDING,,64B14384-EB55-1734-0000-000000000001,,SYNTH_USER_01,PL00065,24961A2B-18A6-A32A-0000-000000000041,SYN-TR-0003,4EFE8209-44E4-259E-0000-000000000001,,692B7931-A48C-49C3-0000-000000000001,,,,,,Cross,2025-11-30 16:07:00.000,S3,2024-10-23 00:00:00.000,Seed,,,SYN-MZ-2024-00079 × SYN-MZ-2024-00113,VALID,SYN-CROSS-00065,2024-11-23 09:00:00.000,647BD1AD-7AC5-2F99-0000-000000000005,2026-04-04 15:41:33.000,2026-09-22 19:14:16.000,FALSE
,307DEFEB-9888-F474-0000-000000000042,SYNTHETIC — hackathon mock data,,NO,NO,SYN-PED-00066,060AF0E2-3E2B-78FF-0000-000000000042,APAC,DH,4380E8FA-EE9E-0B62-0000-000000000002,,0,SYN-MZ-2021-00066,SYN11,SM00066,ACT,,SYN-TR-0067,DENT,307DEFEB-9888-F474-0000-000000000050,,,,,0,,DISCARD,SYN-F00079/SYN-M00113,SYNTH_LINE_00066,307DEFEB-9888-F474-0000-000000000072,562FEF70-98CB-DD18-0000-000000000003,,RESEARCH,,64B14384-EB55-1734-0000-000000000001,,SYNTH_USER_03,PL00066,24961A2B-18A6-A32A-0000-000000000042,SYN-TR-0004,4EFE8209-44E4-259E-0000-000000000003,,692B7931-A48C-49C3-0000-000000000001,,,,,,Self,2024-09-06 22:06:39.000,S1,2021-10-25 00:00:00.000,Seed,,,SYN-MZ-2021-00080 × SYN-MZ-2021-00114,VALID,SYN-CROSS-00066,2021-12-23 09:00:00.000,647BD1AD-7AC5-2F99-0000-000000000004,2024-03-02 20:52:32.000,2026-09-23 22:07:47.000,FALSE
,307DEFEB-9888-F474-0000-000000000043,SYNTHETIC — hackathon mock data,,NO,NO,SYN-PED-00067,060AF0E2-3E2B-78FF-0000-000000000043,NAM,S1,4380E8FA-EE9E-0B62-0000-000000000003,,0,SYN-MZ-2026-00067,SYN88,SM00067,DEV,,SYN-TR-0068,DENT,307DEFEB-9888-F474-0000-000000000051,,,,,0,,HOLD,SYN-F00080/SYN-M00114,SYNTH_LINE_00067,307DEFEB-9888-F474-0000-000000000073,562FEF70-98CB-DD18-0000-000000000004,,RESEARCH,,64B14384-EB55-1734-0000-000000000001,,SYNTH_USER_03,PL00067,24961A2B-18A6-A32A-0000-000000000043,SYN-TR-0005,4EFE8209-44E4-259E-0000-000000000003,,692B7931-A48C-49C3-0000-000000000001,,,,,,Cross,2026-06-05 02:06:19.000,DEV,2026-10-09 00:00:00.000,Seed,,,SYN-MZ-2026-00081 × SYN-MZ-2026-00115,VALID,SYN-CROSS-00067,2026-02-05 09:00:00.000,647BD1AD-7AC5-2F99-0000-000000000006,2026-06-27 04:42:33.000,2026-09-23 14:53:50.000,FALSE
,307DEFEB-9888-F474-0000-000000000044,SYNTHETIC — hackathon mock data,,NO,NO,SYN-PED-00068,060AF0E2-3E2B-78FF-0000-000000000044,NAM,S1,4380E8FA-EE9E-0B62-0000-000000000004,,0,SYN-MZ-2022-00068,SYN62,SM00068,DEV,,SYN-TR-0069,DENT,,,,,,0,,ADVANCE,SYN-F00081/SYN-M00115,SYNTH_LINE_00068,,562FEF70-98CB-DD18-0000-000000000005,,BREEDING,,64B14384-EB55-1734-0000-000000000001,,SYNTH_USER_02,PL00068,24961A2B-18A6-A32A-0000-000000000044,SYN-TR-0006,4EFE8209-44E4-259E-0000-000000000002,,692B7931-A48C-49C3-0000-000000000001,,,,,,Cross,2024-08-17 22:21:10.000,S3,2022-10-28 00:00:00.000,Seed,,,SYN-MZ-2022-00082 × SYN-MZ-2022-00116,VALID,SYN-CROSS-00068,2022-04-12 09:00:00.000,647BD1AD-7AC5-2F99-0000-000000000004,2022-12-04 13:39:37.000,2026-09-22 19:24:12.000,FALSE
,307DEFEB-9888-F474-0000-000000000045,SYNTHETIC — hackathon mock data,,NO,NO,SYN-PED-00069,060AF0E2-3E2B-78FF-0000-000000000045,NAM,DH,4380E8FA-EE9E-0B62-0000-000000000005,,0,SYN-MZ-2024-00069,SYN22,SM00069,ACT,,SYN-TR-0070,DENT,307DEFEB-9888-F474-0000-000000000053,,,,,0,,DISCARD,SYN-F00082/SYN-M00116,SYNTH_LINE_00069,307DEFEB-9888-F474-0000-000000000075,562FEF70-98CB-DD18-0000-000000000006,,RESEARCH,,64B14384-EB55-1734-0000-000000000001,,SYNTH_USER_02,PL00069,24961A2B-18A6-A32A-0000-000000000045,SYN-TR-0007,4EFE8209-44E4-259E-0000-000000000003,,692B7931-A48C-49C3-0000-000000000001,,,,,,Self,2026-02-01 18:27:27.000,DEV,2024-10-07 00:00:00.000,Seed,,,SYN-MZ-2024-00083 × SYN-MZ-2024-00117,VALID,SYN-CROSS-00069,2024-02-12 09:00:00.000,647BD1AD-7AC5-2F99-0000-000000000001,2024-10-06 15:03:54.000,2026-09-25 16:07:00.000,FALSE
,307DEFEB-9888-F474-0000-000000000046,SYNTHETIC — hackathon mock data,,NO,NO,SYN-PED-00070,060AF0E2-3E2B-78FF-0000-000000000046,NAM,DH,4380E8FA-EE9E-0B62-0000-000000000001,,0,SYN-MZ-2023-00070,SYN63,SM00070,DEV,,SYN-TR-0071,DENT,307DEFEB-9888-F474-0000-000000000054,,,,,0,,HOLD,SYN-F00083/SYN-M00117,SYNTH_LINE_00070,307DEFEB-9888-F474-0000-000000000076,562FEF70-98CB-DD18-0000-000000000007,,RESEARCH,,64B14384-EB55-1734-0000-000000000001,,SYNTH_USER_02,PL00070,24961A2B-18A6-A32A-0000-000000000046,SYN-TR-0008,4EFE8209-44E4-259E-0000-000000000003,,692B7931-A48C-49C3-0000-000000000001,,,,,,Cross,2025-10-08 15:43:11.000,S3,2023-10-02 00:00:00.000,Seed,,,SYN-MZ-2023-00084 × SYN-MZ-2023-00118,VALID,SYN-CROSS-00070,2023-03-18 09:00:00.000,647BD1AD-7AC5-2F99-0000-000000000003,2024-09-13 11:01:23.000,2026-09-23 11:34:28.000,FALSE
,307DEFEB-9888-F474-0000-000000000047,SYNTHETIC — hackathon mock data,,NO,NO,SYN-PED-00071,060AF0E2-3E2B-78FF-0000-000000000047,APAC,DH,4380E8FA-EE9E-0B62-0000-000000000002,,0,SYN-MZ-2021-00071,SYN72,SM00071,ACT,,SYN-TR-0072,DENT,307DEFEB-9888-F474-0000-000000000055,,,,,0,,HOLD,SYN-F00084/SYN-M00118,SYNTH_LINE_00071,307DEFEB-9888-F474-0000-000000000077,562FEF70-98CB-DD18-0000-000000000008,,RESEARCH,,64B14384-EB55-1734-0000-000000000001,,SYNTH_USER_01,PL00071,24961A2B-18A6-A32A-0000-000000000047,SYN-TR-0009,4EFE8209-44E4-259E-0000-000000000004,,692B7931-A48C-49C3-0000-000000000001,,,,,,Self,2021-09-06 04:04:11.000,S1,2021-10-25 00:00:00.000,Seed,,,SYN-MZ-2021-00085 × SYN-MZ-2021-00119,VALID,SYN-CROSS-00071,2021-05-03 09:00:00.000,647BD1AD-7AC5-2F99-0000-000000000003,2021-10-20 22:45:41.000,2026-09-24 23:58:12.000,FALSE
,307DEFEB-9888-F474-0000-000000000048,SYNTHETIC — hackathon mock data,,NO,NO,SYN-PED-00072,060AF0E2-3E2B-78FF-0000-000000000048,LATAM,F1,4380E8FA-EE9E-0B62-0000-000000000003,,0,SYN-MZ-2026-00072,SYN25,SM00072,DEV,,SYN-TR-0001,DENT,,,,,,0,,DISCARD,SYN-F00085/SYN-M00119,SYNTH_LINE_00072,,562FEF70-98CB-DD18-0000-000000000001,,BREEDING,,64B14384-EB55-1734-0000-000000000001,,SYNTH_USER_02,PL00072,24961A2B-18A6-A32A-0000-000000000048,SYN-TR-0010,4EFE8209-44E4-259E-0000-000000000001,,692B7931-A48C-49C3-0000-000000000001,,,,,,Dihap,2026-08-14 18:31:11.000,S1,2026-10-13 00:00:00.000,Seed,,,SYN-MZ-2026-00086 × SYN-MZ-2026-00120,VALID,SYN-CROSS-00072,2026-07-17 09:00:00.000,647BD1AD-7AC5-2F99-0000-000000000004,2026-08-07 18:43:05.000,2026-09-23 21:40:18.000,FALSE
,307DEFEB-9888-F474-0000-000000000049,SYNTHETIC — hackathon mock data,,NO,NO,SYN-PED-00073,060AF0E2-3E2B-78FF-0000-000000000049,NAM,S1,4380E8FA-EE9E-0B62-0000-000000000004,,0,SYN-MZ-2024-00073,SYN42,SM00073,DEV,,SYN-TR-0002,FLINT,307DEFEB-9888-F474-0000-000000000057,,,,,0,,DISCARD,SYN-F00086/SYN-M00120,SYNTH_LINE_00073,307DEFEB-9888-F474-0000-000000000079,562FEF70-98CB-DD18-0000-000000000002,,RESEARCH,,64B14384-EB55-1734-0000-000000000001,,SYNTH_USER_02,PL00073,24961A2B-18A6-A32A-0000-000000000049,SYN-TR-0011,4EFE8209-44E4-259E-0000-000000000004,,692B7931-A48C-49C3-0000-000000000001,,,,,,Cross,2025-05-09 15:26:05.000,S3,2024-10-02 00:00:00.000,Seed,,,SYN-MZ-2024-00087 × SYN-MZ-2024-00121,VALID,SYN-CROSS-00073,2024-12-06 09:00:00.000,647BD1AD-7AC5-2F99-0000-000000000006,2025-07-04 20:50:48.000,2026-09-23 06:54:26.000,FALSE
,307DEFEB-9888-F474-0000-00000000004A,SYNTHETIC — hackathon mock data,,NO,NO,SYN-PED-00074,060AF0E2-3E2B-78FF-0000-00000000004A,EU,DH,4380E8FA-EE9E-0B62-0000-000000000005,,0,SYN-MZ-2022-00074,SYN64,SM00074,DEV,,SYN-TR-0003,FLINT,307DEFEB-9888-F474-0000-000000000058,,,,,0,,HOLD,SYN-F00087/SYN-M00121,SYNTH_LINE_00074,307DEFEB-9888-F474-0000-00000000007A,562FEF70-98CB-DD18-0000-000000000003,,RESEARCH,,64B14384-EB55-1734-0000-000000000001,,SYNTH_USER_02,PL00074,24961A2B-18A6-A32A-0000-00000000004A,SYN-TR-0012,4EFE8209-44E4-259E-0000-000000000004,,692B7931-A48C-49C3-0000-000000000001,,,,,,Cross,2025-06-16 02:34:54.000,DEV,2022-10-01 00:00:00.000,Seed,,,SYN-MZ-2022-00088 × SYN-MZ-2022-00122,VALID,SYN-CROSS-00074,2022-06-12 09:00:00.000,647BD1AD-7AC5-2F99-0000-000000000005,2025-02-18 19:45:21.000,2026-09-24 01:18:45.000,FALSE
,307DEFEB-9888-F474-0000-00000000004B,SYNTHETIC — hackathon mock data,,NO,NO,SYN-PED-00075,060AF0E2-3E2B-78FF-0000-00000000004B,APAC,F1,4380E8FA-EE9E-0B62-0000-000000000001,,0,SYN-MZ-2024-00075,SYN53,SM00075,DEV,,SYN-TR-0004,OTHER,307DEFEB-9888-F474-0000-000000000059,,,,,0,,ADVANCE,SYN-F00088/SYN-M00122,SYNTH_LINE_00075,307DEFEB-9888-F474-0000-00000000007B,562FEF70-98CB-DD18-0000-000000000004,,RESEARCH,,64B14384-EB55-1734-0000-000000000001,,SYNTH_USER_01,PL00075,24961A2B-18A6-A32A-0000-00000000004B,SYN-TR-0013,4EFE8209-44E4-259E-0000-000000000003,,692B7931-A48C-49C3-0000-000000000001,,,,,,Dihap,2025-12-13 21:20:09.000,DEV,2024-10-03 00:00:00.000,Seed,,,SYN-MZ-2024-00089 × SYN-MZ-2024-00123,VALID,SYN-CROSS-00075,2024-09-25 09:00:00.000,647BD1AD-7AC5-2F99-0000-000000000004,2025-01-10 10:37:31.000,2026-09-22 02:37:16.000,FALSE
,307DEFEB-9888-F474-0000-00000000004C,SYNTHETIC — hackathon mock data,,NO,NO,SYN-PED-00076,060AF0E2-3E2B-78FF-0000-00000000004C,NAM,F1,4380E8FA-EE9E-0B62-0000-000000000002,,0,SYN-MZ-2025-00076,SYN79,SM00076,ACT,,SYN-TR-0005,DENT,,,,,,0,,DISCARD,SYN-F00089/SYN-M00123,SYNTH_LINE_00076,,562FEF70-98CB-DD18-0000-000000000005,,RESEARCH,,64B14384-EB55-1734-0000-000000000001,,SYNTH_USER_04,PL00076,24961A2B-18A6-A32A-0000-00000000004C,SYN-TR-0014,4EFE8209-44E4-259E-0000-000000000001,,692B7931-A48C-49C3-0000-000000000001,,,,,,Cross,2026-04-12 22:48:19.000,S1,2025-10-07 00:00:00.000,Seed,,,SYN-MZ-2025-00090 × SYN-MZ-2025-00124,VALID,SYN-CROSS-00076,2025-08-10 09:00:00.000,647BD1AD-7AC5-2F99-0000-000000000005,2026-05-27 17:09:35.000,2026-09-25 12:55:40.000,FALSE
,307DEFEB-9888-F474-0000-00000000004D,SYNTHETIC — hackathon mock data,,NO,NO,SYN-PED-00077,060AF0E2-3E2B-78FF-0000-00000000004D,NAM,F1,4380E8FA-EE9E-0B62-0000-000000000003,,0,SYN-MZ-2024-00077,SYN86,SM00077,ACT,,SYN-TR-0006,OTHER,307DEFEB-9888-F474-0000-00000000005B,,,,,0,,HOLD,SYN-F00090/SYN-M00124,SYNTH_LINE_00077,307DEFEB-9888-F474-0000-00000000007D,562FEF70-98CB-DD18-0000-000000000006,,RESEARCH,,64B14384-EB55-1734-0000-000000000001,,SYNTH_USER_01,PL00077,24961A2B-18A6-A32A-0000-00000000004D,SYN-TR-0015,4EFE8209-44E4-259E-0000-000000000001,,692B7931-A48C-49C3-0000-000000000001,,,,,,Dihap,2026-07-05 20:08:27.000,S2,2024-10-27 00:00:00.000,Seed,,,SYN-MZ-2024-00091 × SYN-MZ-2024-00125,VALID,SYN-CROSS-00077,2024-08-17 09:00:00.000,647BD1AD-7AC5-2F99-0000-000000000005,2026-05-17 11:27:16.000,2026-09-25 16:57:55.000,FALSE
,307DEFEB-9888-F474-0000-00000000004E,SYNTHETIC — hackathon mock data,,NO,NO,SYN-PED-00078,060AF0E2-3E2B-78FF-0000-00000000004E,LATAM,S1,4380E8FA-EE9E-0B62-0000-000000000004,,0,SYN-MZ-2024-00078,SYN86,SM00078,ACT,,SYN-TR-0007,DENT,307DEFEB-9888-F474-0000-00000000005C,,,,,0,,DISCARD,SYN-F00091/SYN-M00125,SYNTH_LINE_00078,307DEFEB-9888-F474-0000-00000000007E,562FEF70-98CB-DD18-0000-000000000007,,RESEARCH,,64B14384-EB55-1734-0000-000000000001,,SYNTH_USER_01,PL00078,24961A2B-18A6-A32A-0000-00000000004E,SYN-TR-0016,4EFE8209-44E4-259E-0000-000000000002,,692B7931-A48C-49C3-0000-000000000001,,,,,,Self,2026-08-25 10:51:27.000,S3,2024-10-21 00:00:00.000,Seed,,,SYN-MZ-2024-00092 × SYN-MZ-2024-00126,VALID,SYN-CROSS-00078,2024-04-23 09:00:00.000,647BD1AD-7AC5-2F99-0000-000000000001,2025-06-04 07:12:31.000,2026-09-23 03:20:11.000,FALSE
,307DEFEB-9888-F474-0000-00000000004F,SYNTHETIC — hackathon mock data,,NO,NO,SYN-PED-00079,060AF0E2-3E2B-78FF-0000-00000000004F,LATAM,BC1,4380E8FA-EE9E-0B62-0000-000000000005,,0,SYN-MZ-2025-00079,SYN74,SM00079,DEV,,SYN-TR-0008,FLINT,307DEFEB-9888-F474-0000-00000000005D,,,,,0,,HOLD,SYN-F00092/SYN-M00126,SYNTH_LINE_00079,307DEFEB-9888-F474-0000-00000000007F,562FEF70-98CB-DD18-0000-000000000008,,RESEARCH,,64B14384-EB55-1734-0000-000000000001,,SYNTH_USER_01,PL00079,24961A2B-18A6-A32A-0000-00000000004F,SYN-TR-0017,4EFE8209-44E4-259E-0000-000000000004,,692B7931-A48C-49C3-0000-000000000001,,,,,,Self,2025-09-27 07:28:30.000,DEV,2025-10-04 00:00:00.000,Seed,,,SYN-MZ-2025-00093 × SYN-MZ-2025-00127,VALID,SYN-CROSS-00079,2025-09-19 09:00:00.000,647BD1AD-7AC5-2F99-0000-000000000005,2026-08-26 14:29:10.000,2026-09-25 16:28:30.000,FALSE
,307DEFEB-9888-F474-0000-000000000050,SYNTHETIC — hackathon mock data,,NO,NO,SYN-PED-00080,060AF0E2-3E2B-78FF-0000-000000000050,APAC,S1,4380E8FA-EE9E-0B62-0000-000000000001,,0,SYN-MZ-2024-00080,SYN31,SM00080,ACT,,SYN-TR-0009,FLINT,,,,,,0,,HOLD,SYN-F00093/SYN-M00127,SYNTH_LINE_00080,,562FEF70-98CB-DD18-0000-000000000001,,RESEARCH,,64B14384-EB55-1734-0000-000000000001,,SYNTH_USER_02,PL00080,24961A2B-18A6-A32A-0000-000000000050,SYN-TR-0018,4EFE8209-44E4-259E-0000-000000000004,,692B7931-A48C-49C3-0000-000000000001,,,,,,Dihap,2024-12-20 14:49:00.000,DEV,2024-10-17 00:00:00.000,Seed,,,SYN-MZ-2024-00094 × SYN-MZ-2024-00128,VALID,SYN-CROSS-00080,2024-12-09 09:00:00.000,647BD1AD-7AC5-2F99-0000-000000000006,2025-05-26 11:14:58.000,2026-09-23 02:45:09.000,FALSE
,307DEFEB-9888-F474-0000-000000000051,SYNTHETIC — hackathon mock data,,NO,NO,SYN-PED-00081,060AF0E2-3E2B-78FF-0000-000000000051,EU,BC1,4380E8FA-EE9E-0B62-0000-000000000002,,0,SYN-MZ-2025-00081,SYN82,SM00081,ACT,,SYN-TR-0010,FLINT,307DEFEB-9888-F474-0000-00000000005F,,,,,0,,ADVANCE,SYN-F00094/SYN-M00128,SYNTH_LINE_00081,307DEFEB-9888-F474-0000-000000000081,562FEF70-98CB-DD18-0000-000000000002,,RESEARCH,,64B14384-EB55-1734-0000-000000000001,,SYNTH_USER_03,PL00081,24961A2B-18A6-A32A-0000-000000000051,SYN-TR-0019,4EFE8209-44E4-259E-0000-000000000001,,692B7931-A48C-49C3-0000-000000000001,,,,,,Dihap,2026-01-18 15:34:34.000,S1,2025-10-03 00:00:00.000,Seed,,,SYN-MZ-2025-00095 × SYN-MZ-2025-00129,VALID,SYN-CROSS-00081,2025-11-24 09:00:00.000,647BD1AD-7AC5-2F99-0000-000000000003,2026-08-15 00:05:27.000,2026-09-25 03:18:25.000,FALSE
,307DEFEB-9888-F474-0000-000000000052,SYNTHETIC — hackathon mock data,,NO,NO,SYN-PED-00082,060AF0E2-3E2B-78FF-0000-000000000052,APAC,F2,4380E8FA-EE9E-0B62-0000-000000000003,,0,SYN-MZ-2022-00082,SYN37,SM00082,ACT,,SYN-TR-0011,DENT,307DEFEB-9888-F474-0000-000000000060,,,,,0,,ADVANCE,SYN-F00095/SYN-M00129,SYNTH_LINE_00082,307DEFEB-9888-F474-0000-000000000082,562FEF70-98CB-DD18-0000-000000000003,,RESEARCH,,64B14384-EB55-1734-0000-000000000001,,SYNTH_USER_01,PL00082,24961A2B-18A6-A32A-0000-000000000052,SYN-TR-0020,4EFE8209-44E4-259E-0000-000000000002,,692B7931-A48C-49C3-0000-000000000001,,,,,,Cross,2025-02-18 20:39:57.000,S2,2022-10-18 00:00:00.000,Seed,,,SYN-MZ-2022-00096 × SYN-MZ-2022-00130,VALID,SYN-CROSS-00082,2022-04-08 09:00:00.000,647BD1AD-7AC5-2F99-0000-000000000002,2023-08-06 22:37:42.000,2026-09-24 22:13:17.000,FALSE
,307DEFEB-9888-F474-0000-000000000053,SYNTHETIC — hackathon mock data,,NO,NO,SYN-PED-00083,060AF0E2-3E2B-78FF-0000-000000000053,NAM,F2,4380E8FA-EE9E-0B62-0000-000000000004,,0,SYN-MZ-2022-00083,SYN78,SM00083,ACT,,SYN-TR-0012,FLINT,307DEFEB-9888-F474-0000-000000000061,,,,,0,,HOLD,SYN-F00096/SYN-M00130,SYNTH_LINE_00083,307DEFEB-9888-F474-0000-000000000083,562FEF70-98CB-DD18-0000-000000000004,,RESEARCH,,64B14384-EB55-1734-0000-000000000001,,SYNTH_USER_03,PL00083,24961A2B-18A6-A32A-0000-000000000053,SYN-TR-0021,4EFE8209-44E4-259E-0000-000000000003,,692B7931-A48C-49C3-0000-000000000001,,,,,,Cross,2024-07-21 20:46:26.000,S3,2022-10-12 00:00:00.000,Seed,,,SYN-MZ-2022-00097 × SYN-MZ-2022-00131,VALID,SYN-CROSS-00083,2022-06-11 09:00:00.000,647BD1AD-7AC5-2F99-0000-000000000004,2024-10-19 06:51:33.000,2026-09-25 00:37:33.000,FALSE
,307DEFEB-9888-F474-0000-000000000054,SYNTHETIC — hackathon mock data,,NO,NO,SYN-PED-00084,060AF0E2-3E2B-78FF-0000-000000000054,EU,DH,4380E8FA-EE9E-0B62-0000-000000000005,,0,SYN-MZ-2022-00084,SYN66,SM00084,DEV,,SYN-TR-0013,FLINT,,,,,,0,,ADVANCE,SYN-F00097/SYN-M00131,SYNTH_LINE_00084,,562FEF70-98CB-DD18-0000-000000000005,,RESEARCH,,64B14384-EB55-1734-0000-000000000001,,SYNTH_USER_01,PL00084,24961A2B-18A6-A32A-0000-000000000054,SYN-TR-0022,4EFE8209-44E4-259E-0000-000000000003,,692B7931-A48C-49C3-0000-000000000001,,,,,,Dihap,2026-02-22 18:08:08.000,S2,2022-10-19 00:00:00.000,Seed,,,SYN-MZ-2022-00098 × SYN-MZ-2022-00132,VALID,SYN-CROSS-00084,2022-11-18 09:00:00.000,647BD1AD-7AC5-2F99-0000-000000000004,2025-07-26 07:03:15.000,2026-09-22 10:50:26.000,FALSE
,307DEFEB-9888-F474-0000-000000000055,SYNTHETIC — hackathon mock data,,NO,NO,SYN-PED-00085,060AF0E2-3E2B-78FF-0000-000000000055,EU,F2,4380E8FA-EE9E-0B62-0000-000000000001,,0,SYN-MZ-2022-00085,SYN75,SM00085,DEV,,SYN-TR-0014,FLINT,307DEFEB-9888-F474-0000-000000000063,,,,,0,,HOLD,SYN-F00098/SYN-M00132,SYNTH_LINE_00085,307DEFEB-9888-F474-0000-000000000085,562FEF70-98CB-DD18-0000-000000000006,,RESEARCH,,64B14384-EB55-1734-0000-000000000001,,SYNTH_USER_04,PL00085,24961A2B-18A6-A32A-0000-000000000055,SYN-TR-0023,4EFE8209-44E4-259E-0000-000000000004,,692B7931-A48C-49C3-0000-000000000001,,,,,,Cross,2022-08-17 18:04:04.000,DEV,2022-10-03 00:00:00.000,Seed,,,SYN-MZ-2022-00099 × SYN-MZ-2022-00133,VALID,SYN-CROSS-00085,2022-05-11 09:00:00.000,647BD1AD-7AC5-2F99-0000-000000000006,2023-08-15 14:46:22.000,2026-09-23 04:54:09.000,FALSE
,307DEFEB-9888-F474-0000-000000000056,SYNTHETIC — hackathon mock data,,NO,NO,SYN-PED-00086,060AF0E2-3E2B-78FF-0000-000000000056,APAC,S1,4380E8FA-EE9E-0B62-0000-000000000002,,0,SYN-MZ-2021-00086,SYN23,SM00086,ACT,,SYN-TR-0015,DENT,307DEFEB-9888-F474-0000-000000000064,,,,,0,,HOLD,SYN-F00099/SYN-M00133,SYNTH_LINE_00086,307DEFEB-9888-F474-0000-000000000086,562FEF70-98CB-DD18-0000-000000000007,,BREEDING,,64B14384-EB55-1734-0000-000000000001,,SYNTH_USER_04,PL00086,24961A2B-18A6-A32A-0000-000000000056,SYN-TR-0024,4EFE8209-44E4-259E-0000-000000000003,,692B7931-A48C-49C3-0000-000000000001,,,,,,Self,2025-11-28 17:57:43.000,DEV,2021-10-19 00:00:00.000,Seed,,,SYN-MZ-2021-00100 × SYN-MZ-2021-00134,VALID,SYN-CROSS-00086,2021-12-04 09:00:00.000,647BD1AD-7AC5-2F99-0000-000000000003,2024-12-23 06:49:36.000,2026-09-23 06:44:33.000,FALSE
,307DEFEB-9888-F474-0000-000000000057,SYNTHETIC — hackathon mock data,,NO,NO,SYN-PED-00087,060AF0E2-3E2B-78FF-0000-000000000057,EU,DH,4380E8FA-EE9E-0B62-0000-000000000003,,0,SYN-MZ-2025-00087,SYN48,SM00087,DEV,,SYN-TR-0016,FLINT,307DEFEB-9888-F474-0000-000000000065,,,,,0,,ADVANCE,SYN-F00100/SYN-M00134,SYNTH_LINE_00087,307DEFEB-9888-F474-0000-000000000087,562FEF70-98CB-DD18-0000-000000000008,,BREEDING,,64B14384-EB55-1734-0000-000000000001,,SYNTH_USER_01,PL00087,24961A2B-18A6-A32A-0000-000000000057,SYN-TR-0025,4EFE8209-44E4-259E-0000-000000000001,,692B7931-A48C-49C3-0000-000000000001,,,,,,Self,2026-02-09 15:15:43.000,DEV,2025-10-28 00:00:00.000,Seed,,,SYN-MZ-2025-00101 × SYN-MZ-2025-00135,VALID,SYN-CROSS-00087,2025-11-06 09:00:00.000,647BD1AD-7AC5-2F99-0000-000000000005,2026-06-23 01:51:21.000,2026-09-25 01:15:56.000,FALSE
,307DEFEB-9888-F474-0000-000000000058,SYNTHETIC — hackathon mock data,,NO,NO,SYN-PED-00088,060AF0E2-3E2B-78FF-0000-000000000058,LATAM,BC1,4380E8FA-EE9E-0B62-0000-000000000004,,0,SYN-MZ-2022-00088,SYN11,SM00088,ACT,,SYN-TR-0017,DENT,,,,,,0,,ADVANCE,SYN-F00101/SYN-M00135,SYNTH_LINE_00088,,562FEF70-98CB-DD18-0000-000000000001,,RESEARCH,,64B14384-EB55-1734-0000-000000000001,,SYNTH_USER_03,PL00088,24961A2B-18A6-A32A-0000-000000000058,SYN-TR-0026,4EFE8209-44E4-259E-0000-000000000004,,692B7931-A48C-49C3-0000-000000000001,,,,,,Dihap,2024-01-01 13:57:55.000,S1,2022-10-09 00:00:00.000,Seed,,,SYN-MZ-2022-00102 × SYN-MZ-2022-00136,VALID,SYN-CROSS-00088,2022-06-23 09:00:00.000,647BD1AD-7AC5-2F99-0000-000000000006,2026-05-26 01:26:09.000,2026-09-23 05:54:42.000,FALSE
,307DEFEB-9888-F474-0000-000000000059,SYNTHETIC — hackathon mock data,,NO,NO,SYN-PED-00089,060AF0E2-3E2B-78FF-0000-000000000059,LATAM,BC1,4380E8FA-EE9E-0B62-0000-000000000005,,0,SYN-MZ-2026-00089,SYN40,SM00089,DEV,,SYN-TR-0018,DENT,307DEFEB-9888-F474-0000-000000000067,,,,,0,,ADVANCE,SYN-F00102/SYN-M00136,SYNTH_LINE_00089,307DEFEB-9888-F474-0000-000000000089,562FEF70-98CB-DD18-0000-000000000002,,RESEARCH,,64B14384-EB55-1734-0000-000000000001,,SYNTH_USER_01,PL00089,24961A2B-18A6-A32A-0000-000000000059,SYN-TR-0027,4EFE8209-44E4-259E-0000-000000000003,,692B7931-A48C-49C3-0000-000000000001,,,,,,Self,2026-09-21 04:29:29.000,S3,2026-10-24 00:00:00.000,Seed,,,SYN-MZ-2026-00103 × SYN-MZ-2026-00137,VALID,SYN-CROSS-00089,2026-10-21 09:00:00.000,647BD1AD-7AC5-2F99-0000-000000000006,2026-10-18 08:55:24.000,2026-09-24 03:44:03.000,FALSE
,307DEFEB-9888-F474-0000-00000000005A,SYNTHETIC — hackathon mock data,,NO,NO,SYN-PED-00090,060AF0E2-3E2B-78FF-0000-00000000005A,NAM,DH,4380E8FA-EE9E-0B62-0000-000000000001,,0,SYN-MZ-2024-00090,SYN92,SM00090,ACT,,SYN-TR-0019,FLINT,307DEFEB-9888-F474-0000-000000000068,,,,,0,,HOLD,SYN-F00103/SYN-M00137,SYNTH_LINE_00090,307DEFEB-9888-F474-0000-00000000008A,562FEF70-98CB-DD18-0000-000000000003,,RESEARCH,,64B14384-EB55-1734-0000-000000000001,,SYNTH_USER_01,PL00090,24961A2B-18A6-A32A-0000-00000000005A,SYN-TR-0028,4EFE8209-44E4-259E-0000-000000000001,,692B7931-A48C-49C3-0000-000000000001,,,,,,Cross,2026-03-27 16:23:54.000,S2,2024-10-06 00:00:00.000,Seed,,,SYN-MZ-2024-00104 × SYN-MZ-2024-00138,VALID,SYN-CROSS-00090,2024-01-18 09:00:00.000,647BD1AD-7AC5-2F99-0000-000000000003,2025-01-03 12:00:55.000,2026-09-22 22:27:44.000,FALSE
,307DEFEB-9888-F474-0000-00000000005B,SYNTHETIC — hackathon mock data,,NO,NO,SYN-PED-00091,060AF0E2-3E2B-78FF-0000-00000000005B,LATAM,DH,4380E8FA-EE9E-0B62-0000-000000000002,,0,SYN-MZ-2025-00091,SYN28,SM00091,ACT,,SYN-TR-0020,FLINT,307DEFEB-9888-F474-0000-000000000069,,,,,0,,DISCARD,SYN-F00104/SYN-M00138,SYNTH_LINE_00091,307DEFEB-9888-F474-0000-00000000008B,562FEF70-98CB-DD18-0000-000000000004,,RESEARCH,,64B14384-EB55-1734-0000-000000000001,,SYNTH_USER_04,PL00091,24961A2B-18A6-A32A-0000-00000000005B,SYN-TR-0029,4EFE8209-44E4-259E-0000-000000000004,,692B7931-A48C-49C3-0000-000000000001,,,,,,Self,2026-03-01 01:55:52.000,S1,2025-10-04 00:00:00.000,Seed,,,SYN-MZ-2025-00105 × SYN-MZ-2025-00139,VALID,SYN-CROSS-00091,2025-10-24 09:00:00.000,647BD1AD-7AC5-2F99-0000-000000000005,2026-04-25 18:58:37.000,2026-09-23 13:16:03.000,FALSE
,307DEFEB-9888-F474-0000-00000000005C,SYNTHETIC — hackathon mock data,,NO,NO,SYN-PED-00092,060AF0E2-3E2B-78FF-0000-00000000005C,NAM,BC1,4380E8FA-EE9E-0B62-0000-000000000003,,0,SYN-MZ-2021-00092,SYN32,SM00092,ACT,,SYN-TR-0021,OTHER,,,,,,0,,ADVANCE,SYN-F00105/SYN-M00139,SYNTH_LINE_00092,,562FEF70-98CB-DD18-0000-000000000005,,RESEARCH,,64B14384-EB55-1734-0000-000000000001,,SYNTH_USER_03,PL00092,24961A2B-18A6-A32A-0000-00000000005C,SYN-TR-0030,4EFE8209-44E4-259E-0000-000000000004,,692B7931-A48C-49C3-0000-000000000001,,,,,,Self,2023-04-12 04:18:57.000,S1,2021-10-25 00:00:00.000,Seed,,,SYN-MZ-2021-00106 × SYN-MZ-2021-00140,VALID,SYN-CROSS-00092,2021-11-24 09:00:00.000,647BD1AD-7AC5-2F99-0000-000000000005,2026-06-25 00:48:09.000,2026-09-24 14:59:44.000,FALSE
,307DEFEB-9888-F474-0000-00000000005D,SYNTHETIC — hackathon mock data,,NO,NO,SYN-PED-00093,060AF0E2-3E2B-78FF-0000-00000000005D,NAM,DH,4380E8FA-EE9E-0B62-0000-000000000004,,0,SYN-MZ-2026-00093,SYN39,SM00093,ACT,,SYN-TR-0022,DENT,307DEFEB-9888-F474-0000-00000000006B,,,,,0,,HOLD,SYN-F00106/SYN-M00140,SYNTH_LINE_00093,307DEFEB-9888-F474-0000-00000000008D,562FEF70-98CB-DD18-0000-000000000006,,BREEDING,,64B14384-EB55-1734-0000-000000000001,,SYNTH_USER_02,PL00093,24961A2B-18A6-A32A-0000-00000000005D,SYN-TR-0031,4EFE8209-44E4-259E-0000-000000000001,,692B7931-A48C-49C3-0000-000000000001,,,,,,Dihap,2026-10-21 12:17:30.000,S2,2026-10-23 00:00:00.000,Seed,,,SYN-MZ-2026-00107 × SYN-MZ-2026-00141,VALID,SYN-CROSS-00093,2026-11-11 09:00:00.000,647BD1AD-7AC5-2F99-0000-000000000001,2026-10-15 13:23:21.000,2026-09-24 19:30:42.000,FALSE
,307DEFEB-9888-F474-0000-00000000005E,SYNTHETIC — hackathon mock data,,NO,NO,SYN-PED-00094,060AF0E2-3E2B-78FF-0000-00000000005E,NAM,F2,4380E8FA-EE9E-0B62-0000-000000000005,,0,SYN-MZ-2024-00094,SYN33,SM00094,ACT,,SYN-TR-0023,OTHER,307DEFEB-9888-F474-0000-00000000006C,,,,,0,,HOLD,SYN-F00107/SYN-M00141,SYNTH_LINE_00094,307DEFEB-9888-F474-0000-00000000008E,562FEF70-98CB-DD18-0000-000000000007,,BREEDING,,64B14384-EB55-1734-0000-000000000001,,SYNTH_USER_01,PL00094,24961A2B-18A6-A32A-0000-00000000005E,SYN-TR-0032,4EFE8209-44E4-259E-0000-000000000003,,692B7931-A48C-49C3-0000-000000000001,,,,,,Self,2025-07-03 18:50:05.000,S1,2024-10-16 00:00:00.000,Seed,,,SYN-MZ-2024-00108 × SYN-MZ-2024-00142,VALID,SYN-CROSS-00094,2024-11-05 09:00:00.000,647BD1AD-7AC5-2F99-0000-000000000002,2025-01-25 21:02:03.000,2026-09-23 10:29:46.000,FALSE
,307DEFEB-9888-F474-0000-00000000005F,SYNTHETIC — hackathon mock data,,NO,NO,SYN-PED-00095,060AF0E2-3E2B-78FF-0000-00000000005F,EU,BC1,4380E8FA-EE9E-0B62-0000-000000000001,,0,SYN-MZ-2025-00095,SYN67,SM00095,DEV,,SYN-TR-0024,FLINT,307DEFEB-9888-F474-0000-00000000006D,,,,,0,,ADVANCE,SYN-F00108/SYN-M00142,SYNTH_LINE_00095,307DEFEB-9888-F474-0000-00000000008F,562FEF70-98CB-DD18-0000-000000000008,,RESEARCH,,64B14384-EB55-1734-0000-000000000001,,SYNTH_USER_02,PL00095,24961A2B-18A6-A32A-0000-00000000005F,SYN-TR-0033,4EFE8209-44E4-259E-0000-000000000002,,692B7931-A48C-49C3-0000-000000000001,,,,,,Self,2025-11-14 20:10:56.000,DEV,2025-10-03 00:00:00.000,Seed,,,SYN-MZ-2025-00109 × SYN-MZ-2025-00143,VALID,SYN-CROSS-00095,2025-10-17 09:00:00.000,647BD1AD-7AC5-2F99-0000-000000000001,2026-01-04 01:38:24.000,2026-09-22 22:07:33.000,FALSE
,307DEFEB-9888-F474-0000-000000000060,SYNTHETIC — hackathon mock data,,NO,NO,SYN-PED-00096,060AF0E2-3E2B-78FF-0000-000000000060,LATAM,DH,4380E8FA-EE9E-0B62-0000-000000000002,,0,SYN-MZ-2025-00096,SYN17,SM00096,DEV,,SYN-TR-0025,DENT,,,,,,0,,DISCARD,SYN-F00109/SYN-M00143,SYNTH_LINE_00096,,562FEF70-98CB-DD18-0000-000000000001,,RESEARCH,,64B14384-EB55-1734-0000-000000000001,,SYNTH_USER_01,PL00096,24961A2B-18A6-A32A-0000-000000000060,SYN-TR-0034,4EFE8209-44E4-259E-0000-000000000002,,692B7931-A48C-49C3-0000-000000000001,,,,,,Self,2026-02-02 07:50:04.000,S2,2025-10-10 00:00:00.000,Seed,,,SYN-MZ-2025-00110 × SYN-MZ-2025-00144,VALID,SYN-CROSS-00096,2025-10-10 09:00:00.000,647BD1AD-7AC5-2F99-0000-000000000002,2026-01-17 13:07:14.000,2026-09-25 03:04:04.000,FALSE
,307DEFEB-9888-F474-0000-000000000061,SYNTHETIC — hackathon mock data,,NO,NO,SYN-PED-00097,060AF0E2-3E2B-78FF-0000-000000000061,NAM,BC1,4380E8FA-EE9E-0B62-0000-000000000003,,0,SYN-MZ-2022-00097,SYN10,SM00097,DEV,,SYN-TR-0026,DENT,307DEFEB-9888-F474-0000-00000000006F,,,,,0,,DISCARD,SYN-F00110/SYN-M00144,SYNTH_LINE_00097,307DEFEB-9888-F474-0000-000000000091,562FEF70-98CB-DD18-0000-000000000002,,BREEDING,,64B14384-EB55-1734-0000-000000000001,,SYNTH_USER_04,PL00097,24961A2B-18A6-A32A-0000-000000000061,SYN-TR-0035,4EFE8209-44E4-259E-0000-000000000002,,692B7931-A48C-49C3-0000-000000000001,,,,,,Dihap,2025-08-08 23:19:37.000,S3,2022-10-02 00:00:00.000,Seed,,,SYN-MZ-2022-00111 × SYN-MZ-2022-00145,VALID,SYN-CROSS-00097,2022-11-20 09:00:00.000,647BD1AD-7AC5-2F99-0000-000000000002,2023-05-31 08:06:16.000,2026-09-23 14:51:54.000,FALSE
,307DEFEB-9888-F474-0000-000000000062,SYNTHETIC — hackathon mock data,,NO,NO,SYN-PED-00098,060AF0E2-3E2B-78FF-0000-000000000062,LATAM,BC1,4380E8FA-EE9E-0B62-0000-000000000004,,0,SYN-MZ-2025-00098,SYN74,SM00098,ACT,,SYN-TR-0027,OTHER,307DEFEB-9888-F474-0000-000000000070,,,,,0,,HOLD,SYN-F00111/SYN-M00145,SYNTH_LINE_00098,307DEFEB-9888-F474-0000-000000000092,562FEF70-98CB-DD18-0000-000000000003,,RESEARCH,,64B14384-EB55-1734-0000-000000000001,,SYNTH_USER_04,PL00098,24961A2B-18A6-A32A-0000-000000000062,SYN-TR-0036,4EFE8209-44E4-259E-0000-000000000002,,692B7931-A48C-49C3-0000-000000000001,,,,,,Cross,2026-03-22 22:08:11.000,S2,2025-10-02 00:00:00.000,Seed,,,SYN-MZ-2025-00112 × SYN-MZ-2025-00146,VALID,SYN-CROSS-00098,2025-08-06 09:00:00.000,647BD1AD-7AC5-2F99-0000-000000000004,2026-05-09 17:25:15.000,2026-09-25 04:00:21.000,FALSE
,307DEFEB-9888-F474-0000-000000000063,SYNTHETIC — hackathon mock data,,NO,NO,SYN-PED-00099,060AF0E2-3E2B-78FF-0000-000000000063,APAC,F2,4380E8FA-EE9E-0B62-0000-000000000005,,0,SYN-MZ-2021-00099,SYN69,SM00099,ACT,,SYN-TR-0028,OTHER,307DEFEB-9888-F474-0000-000000000071,,,,,0,,HOLD,SYN-F00112/SYN-M00146,SYNTH_LINE_00099,307DEFEB-9888-F474-0000-000000000093,562FEF70-98CB-DD18-0000-000000000004,,BREEDING,,64B14384-EB55-1734-0000-000000000001,,SYNTH_USER_01,PL00099,24961A2B-18A6-A32A-0000-000000000063,SYN-TR-0037,4EFE8209-44E4-259E-0000-000000000004,,692B7931-A48C-49C3-0000-000000000001,,,,,,Self,2026-05-10 20:33:48.000,DEV,2021-10-16 00:00:00.000,Seed,,,SYN-MZ-2021-00113 × SYN-MZ-2021-00147,VALID,SYN-CROSS-00099,2021-08-08 09:00:00.000,647BD1AD-7AC5-2F99-0000-000000000002,2023-10-05 20:25:52.000,2026-09-23 12:39:26.000,FALSE
,307DEFEB-9888-F474-0000-000000000064,SYNTHETIC — hackathon mock data,,NO,NO,SYN-PED-00100,060AF0E2-3E2B-78FF-0000-000000000064,NAM,S1,4380E8FA-EE9E-0B62-0000-000000000001,,0,SYN-MZ-2021-00100,SYN83,SM00100,ACT,,SYN-TR-0029,FLINT,,,,,,0,,HOLD,SYN-F00113/SYN-M00147,SYNTH_LINE_00100,,562FEF70-98CB-DD18-0000-000000000005,,BREEDING,,64B14384-EB55-1734-0000-000000000001,,SYNTH_USER_02,PL00100,24961A2B-18A6-A32A-0000-000000000064,SYN-TR-0038,4EFE8209-44E4-259E-0000-000000000001,,692B7931-A48C-49C3-0000-000000000001,,,,,,Self,2024-06-03 07:39:59.000,S2,2021-10-15 00:00:00.000,Seed,,,SYN-MZ-2021-00114 × SYN-MZ-2021-00148,VALID,SYN-CROSS-00100,2021-07-03 09:00:00.000,647BD1AD-7AC5-2F99-0000-000000000003,2024-04-14 12:20:45.000,2026-09-22 12:05:41.000,FALSE
,307DEFEB-9888-F474-0000-000000000065,SYNTHETIC — hackathon mock data,,NO,NO,SYN-PED-00101,060AF0E2-3E2B-78FF-0000-000000000065,EU,DH,4380E8FA-EE9E-0B62-0000-000000000002,,0,SYN-MZ-2025-00101,SYN93,SM00101,DEV,,SYN-TR-0030,DENT,307DEFEB-9888-F474-0000-000000000073,,,,,0,,ADVANCE,SYN-F00114/SYN-M00148,SYNTH_LINE_00101,307DEFEB-9888-F474-0000-000000000095,562FEF70-98CB-DD18-0000-000000000006,,BREEDING,,64B14384-EB55-1734-0000-000000000001,,SYNTH_USER_04,PL00101,24961A2B-18A6-A32A-0000-000000000065,SYN-TR-0039,4EFE8209-44E4-259E-0000-000000000002,,692B7931-A48C-49C3-0000-000000000001,,,,,,Cross,2026-05-13 09:54:54.000,DEV,2025-10-09 00:00:00.000,Seed,,,SYN-MZ-2025-00115 × SYN-MZ-2025-00149,VALID,SYN-CROSS-00101,2025-10-04 09:00:00.000,647BD1AD-7AC5-2F99-0000-000000000002,2025-11-03 00:27:15.000,2026-09-25 02:29:22.000,FALSE
,307DEFEB-9888-F474-0000-000000000066,SYNTHETIC — hackathon mock data,,NO,NO,SYN-PED-00102,060AF0E2-3E2B-78FF-0000-000000000066,APAC,DH,4380E8FA-EE9E-0B62-0000-000000000003,,0,SYN-MZ-2026-00102,SYN64,SM00102,ACT,,SYN-TR-0031,OTHER,307DEFEB-9888-F474-0000-000000000074,,,,,0,,DISCARD,SYN-F00115/SYN-M00149,SYNTH_LINE_00102,307DEFEB-9888-F474-0000-000000000096,562FEF70-98CB-DD18-0000-000000000007,,RESEARCH,,64B14384-EB55-1734-0000-000000000001,,SYNTH_USER_03,PL00102,24961A2B-18A6-A32A-0000-000000000066,SYN-TR-0040,4EFE8209-44E4-259E-0000-000000000004,,692B7931-A48C-49C3-0000-000000000001,,,,,,Cross,2026-09-23 13:11:11.000,DEV,2026-10-07 00:00:00.000,Seed,,,SYN-MZ-2026-00116 × SYN-MZ-2026-00150,VALID,SYN-CROSS-00102,2026-10-15 09:00:00.000,647BD1AD-7AC5-2F99-0000-000000000003,2026-09-27 21:25:43.000,2026-09-24 18:39:58.000,FALSE
,307DEFEB-9888-F474-0000-000000000067,SYNTHETIC — hackathon mock data,,NO,NO,SYN-PED-00103,060AF0E2-3E2B-78FF-0000-000000000067,EU,F2,4380E8FA-EE9E-0B62-0000-000000000004,,0,SYN-MZ-2024-00103,SYN51,SM00103,ACT,,SYN-TR-0032,DENT,307DEFEB-9888-F474-0000-000000000075,,,,,0,,HOLD,SYN-F00116/SYN-M00000,SYNTH_LINE_00103,307DEFEB-9888-F474-0000-000000000001,562FEF70-98CB-DD18-0000-000000000008,,BREEDING,,64B14384-EB55-1734-0000-000000000001,,SYNTH_USER_04,PL00103,24961A2B-18A6-A32A-0000-000000000067,SYN-TR-0041,4EFE8209-44E4-259E-0000-000000000003,,692B7931-A48C-49C3-0000-000000000001,,,,,,Dihap,2026-03-09 10:54:45.000,S3,2024-10-09 00:00:00.000,Seed,,,SYN-MZ-2024-00117 × SYN-MZ-2024-00001,VALID,SYN-CROSS-00103,2024-10-10 09:00:00.000,647BD1AD-7AC5-2F99-0000-000000000004,2024-11-09 21:44:54.000,2026-09-22 13:26:35.000,FALSE
,307DEFEB-9888-F474-0000-000000000068,SYNTHETIC — hackathon mock data,,NO,NO,SYN-PED-00104,060AF0E2-3E2B-78FF-0000-000000000068,EU,BC1,4380E8FA-EE9E-0B62-0000-000000000005,,0,SYN-MZ-2022-00104,SYN76,SM00104,ACT,,SYN-TR-0033,OTHER,,,,,,0,,ADVANCE,SYN-F00117/SYN-M00001,SYNTH_LINE_00104,,562FEF70-98CB-DD18-0000-000000000001,,BREEDING,,64B14384-EB55-1734-0000-000000000001,,SYNTH_USER_04,PL00104,24961A2B-18A6-A32A-0000-000000000068,SYN-TR-0042,4EFE8209-44E4-259E-0000-000000000002,,692B7931-A48C-49C3-0000-000000000001,,,,,,Dihap,2023-08-22 12:33:16.000,DEV,2022-10-01 00:00:00.000,Seed,,,SYN-MZ-2022-00118 × SYN-MZ-2022-00002,VALID,SYN-CROSS-00104,2022-11-06 09:00:00.000,647BD1AD-7AC5-2F99-0000-000000000005,2023-06-07 22:02:38.000,2026-09-24 03:23:16.000,FALSE
,307DEFEB-9888-F474-0000-000000000069,SYNTHETIC — hackathon mock data,,NO,NO,SYN-PED-00105,060AF0E2-3E2B-78FF-0000-000000000069,EU,S1,4380E8FA-EE9E-0B62-0000-000000000001,,0,SYN-MZ-2025-00105,SYN29,SM00105,ACT,,SYN-TR-0034,OTHER,307DEFEB-9888-F474-0000-000000000077,,,,,0,,HOLD,SYN-F00118/SYN-M00002,SYNTH_LINE_00105,307DEFEB-9888-F474-0000-000000000003,562FEF70-98CB-DD18-0000-000000000002,,BREEDING,,64B14384-EB55-1734-0000-000000000001,,SYNTH_USER_01,PL00105,24961A2B-18A6-A32A-0000-000000000069,SYN-TR-0043,4EFE8209-44E4-259E-0000-000000000003,,692B7931-A48C-49C3-0000-000000000001,,,,,,Dihap,2025-10-04 11:52:53.000,S3,2025-10-18 00:00:00.000,Seed,,,SYN-MZ-2025-00119 × SYN-MZ-2025-00003,VALID,SYN-CROSS-00105,2025-09-16 09:00:00.000,647BD1AD-7AC5-2F99-0000-000000000002,2026-01-24 11:31:18.000,2026-09-22 23:03:51.000,FALSE
,307DEFEB-9888-F474-0000-00000000006A,SYNTHETIC — hackathon mock data,,NO,NO,SYN-PED-00106,060AF0E2-3E2B-78FF-0000-00000000006A,LATAM,F2,4380E8FA-EE9E-0B62-0000-000000000002,,0,SYN-MZ-2026-00106,SYN16,SM00106,ACT,,SYN-TR-0035,FLINT,307DEFEB-9888-F474-0000-000000000078,,,,,0,,DISCARD,SYN-F00119/SYN-M00003,SYNTH_LINE_00106,307DEFEB-9888-F474-0000-000000000004,562FEF70-98CB-DD18-0000-000000000003,,RESEARCH,,64B14384-EB55-1734-0000-000000000001,,SYNTH_USER_03,PL00106,24961A2B-18A6-A32A-0000-00000000006A,SYN-TR-0044,4EFE8209-44E4-259E-0000-000000000003,,692B7931-A48C-49C3-0000-000000000001,,,,,,Self,2026-07-28 00:40:45.000,S2,2026-10-03 00:00:00.000,Seed,,,SYN-MZ-2026-00120 × SYN-MZ-2026-00004,VALID,SYN-CROSS-00106,2026-07-07 09:00:00.000,647BD1AD-7AC5-2F99-0000-000000000006,2026-09-02 17:15:40.000,2026-09-24 05:12:10.000,FALSE
,307DEFEB-9888-F474-0000-00000000006B,SYNTHETIC — hackathon mock data,,NO,NO,SYN-PED-00107,060AF0E2-3E2B-78FF-0000-00000000006B,EU,F1,4380E8FA-EE9E-0B62-0000-000000000003,,0,SYN-MZ-2024-00107,SYN64,SM00107,ACT,,SYN-TR-0036,DENT,307DEFEB-9888-F474-0000-000000000079,,,,,0,,HOLD,SYN-F00120/SYN-M00004,SYNTH_LINE_00107,307DEFEB-9888-F474-0000-000000000005,562FEF70-98CB-DD18-0000-000000000004,,BREEDING,,64B14384-EB55-1734-0000-000000000001,,SYNTH_USER_02,PL00107,24961A2B-18A6-A32A-0000-00000000006B,SYN-TR-0045,4EFE8209-44E4-259E-0000-000000000004,,692B7931-A48C-49C3-0000-000000000001,,,,,,Dihap,2024-11-04 22:21:09.000,S1,2024-10-24 00:00:00.000,Seed,,,SYN-MZ-2024-00121 × SYN-MZ-2024-00005,VALID,SYN-CROSS-00107,2024-06-01 09:00:00.000,647BD1AD-7AC5-2F99-0000-000000000005,2024-12-15 14:23:26.000,2026-09-22 08:19:11.000,FALSE
,307DEFEB-9888-F474-0000-00000000006C,SYNTHETIC — hackathon mock data,,NO,NO,SYN-PED-00108,060AF0E2-3E2B-78FF-0000-00000000006C,NAM,S1,4380E8FA-EE9E-0B62-0000-000000000004,,0,SYN-MZ-2022-00108,SYN93,SM00108,ACT,,SYN-TR-0037,FLINT,,,,,,0,,ADVANCE,SYN-F00121/SYN-M00005,SYNTH_LINE_00108,,562FEF70-98CB-DD18-0000-000000000005,,RESEARCH,,64B14384-EB55-1734-0000-000000000001,,SYNTH_USER_01,PL00108,24961A2B-18A6-A32A-0000-00000000006C,SYN-TR-0046,4EFE8209-44E4-259E-0000-000000000001,,692B7931-A48C-49C3-0000-000000000001,,,,,,Self,2023-04-23 15:35:03.000,DEV,2022-10-25 00:00:00.000,Seed,,,SYN-MZ-2022-00122 × SYN-MZ-2022-00006,VALID,SYN-CROSS-00108,2022-05-04 09:00:00.000,647BD1AD-7AC5-2F99-0000-000000000003,2024-09-23 20:42:28.000,2026-09-23 14:21:35.000,FALSE
,307DEFEB-9888-F474-0000-00000000006D,SYNTHETIC — hackathon mock data,,NO,NO,SYN-PED-00109,060AF0E2-3E2B-78FF-0000-00000000006D,APAC,BC1,4380E8FA-EE9E-0B62-0000-000000000005,,0,SYN-MZ-2023-00109,SYN83,SM00109,ACT,,SYN-TR-0038,DENT,307DEFEB-9888-F474-0000-00000000007B,,,,,0,,HOLD,SYN-F00122/SYN-M00006,SYNTH_LINE_00109,307DEFEB-9888-F474-0000-000000000007,562FEF70-98CB-DD18-0000-000000000006,,BREEDING,,64B14384-EB55-1734-0000-000000000001,,SYNTH_USER_02,PL00109,24961A2B-18A6-A32A-0000-00000000006D,SYN-TR-0047,4EFE8209-44E4-259E-0000-000000000002,,692B7931-A48C-49C3-0000-000000000001,,,,,,Dihap,2026-08-03 03:07:26.000,S3,2023-10-06 00:00:00.000,Seed,,,SYN-MZ-2023-00123 × SYN-MZ-2023-00007,VALID,SYN-CROSS-00109,2023-12-23 09:00:00.000,647BD1AD-7AC5-2F99-0000-000000000006,2026-01-30 12:10:00.000,2026-09-25 07:52:56.000,FALSE
,307DEFEB-9888-F474-0000-00000000006E,SYNTHETIC — hackathon mock data,,NO,NO,SYN-PED-00110,060AF0E2-3E2B-78FF-0000-00000000006E,NAM,BC1,4380E8FA-EE9E-0B62-0000-000000000001,,0,SYN-MZ-2023-00110,SYN74,SM00110,ACT,,SYN-TR-0039,OTHER,307DEFEB-9888-F474-0000-00000000007C,,,,,0,,HOLD,SYN-F00123/SYN-M00007,SYNTH_LINE_00110,307DEFEB-9888-F474-0000-000000000008,562FEF70-98CB-DD18-0000-000000000007,,BREEDING,,64B14384-EB55-1734-0000-000000000001,,SYNTH_USER_03,PL00110,24961A2B-18A6-A32A-0000-00000000006E,SYN-TR-0048,4EFE8209-44E4-259E-0000-000000000004,,692B7931-A48C-49C3-0000-000000000001,,,,,,Dihap,2024-11-23 11:49:17.000,DEV,2023-10-24 00:00:00.000,Seed,,,SYN-MZ-2023-00124 × SYN-MZ-2023-00008,VALID,SYN-CROSS-00110,2023-10-01 09:00:00.000,647BD1AD-7AC5-2F99-0000-000000000006,2026-04-12 10:39:42.000,2026-09-23 20:17:31.000,FALSE
,307DEFEB-9888-F474-0000-00000000006F,SYNTHETIC — hackathon mock data,,NO,NO,SYN-PED-00111,060AF0E2-3E2B-78FF-0000-00000000006F,APAC,F2,4380E8FA-EE9E-0B62-0000-000000000002,,0,SYN-MZ-2022-00111,SYN94,SM00111,DEV,,SYN-TR-0040,FLINT,307DEFEB-9888-F474-0000-00000000007D,,,,,0,,HOLD,SYN-F00124/SYN-M00008,SYNTH_LINE_00111,307DEFEB-9888-F474-0000-000000000009,562FEF70-98CB-DD18-0000-000000000008,,BREEDING,,64B14384-EB55-1734-0000-000000000001,,SYNTH_USER_04,PL00111,24961A2B-18A6-A32A-0000-00000000006F,SYN-TR-0049,4EFE8209-44E4-259E-0000-000000000002,,692B7931-A48C-49C3-0000-000000000001,,,,,,Cross,2024-10-13 21:41:43.000,S1,2022-10-12 00:00:00.000,Seed,,,SYN-MZ-2022-00125 × SYN-MZ-2022-00009,VALID,SYN-CROSS-00111,2022-09-08 09:00:00.000,647BD1AD-7AC5-2F99-0000-000000000004,2026-01-02 14:46:43.000,2026-09-23 05:52:22.000,FALSE
,307DEFEB-9888-F474-0000-000000000070,SYNTHETIC — hackathon mock data,,NO,NO,SYN-PED-00112,060AF0E2-3E2B-78FF-0000-000000000070,NAM,S1,4380E8FA-EE9E-0B62-0000-000000000003,,0,SYN-MZ-2026-00112,SYN97,SM00112,ACT,,SYN-TR-0041,DENT,,,,,,0,,ADVANCE,SYN-F00125/SYN-M00009,SYNTH_LINE_00112,,562FEF70-98CB-DD18-0000-000000000001,,RESEARCH,,64B14384-EB55-1734-0000-000000000001,,SYNTH_USER_03,PL00112,24961A2B-18A6-A32A-0000-000000000070,SYN-TR-0050,4EFE8209-44E4-259E-0000-000000000001,,692B7931-A48C-49C3-0000-000000000001,,,,,,Self,2026-04-28 14:33:57.000,S2,2026-10-19 00:00:00.000,Seed,,,SYN-MZ-2026-00126 × SYN-MZ-2026-00010,VALID,SYN-CROSS-00112,2026-02-25 09:00:00.000,647BD1AD-7AC5-2F99-0000-000000000001,2026-08-22 10:11:07.000,2026-09-23 08:05:20.000,FALSE
,307DEFEB-9888-F474-0000-000000000071,SYNTHETIC — hackathon mock data,,NO,NO,SYN-PED-00113,060AF0E2-3E2B-78FF-0000-000000000071,LATAM,S1,4380E8FA-EE9E-0B62-0000-000000000004,,0,SYN-MZ-2024-00113,SYN78,SM00113,ACT,,SYN-TR-0042,DENT,307DEFEB-9888-F474-0000-00000000007F,,,,,0,,ADVANCE,SYN-F00126/SYN-M00010,SYNTH_LINE_00113,307DEFEB-9888-F474-0000-00000000000B,562FEF70-98CB-DD18-0000-000000000002,,RESEARCH,,64B14384-EB55-1734-0000-000000000001,,SYNTH_USER_03,PL00113,24961A2B-18A6-A32A-0000-000000000071,SYN-TR-0051,4EFE8209-44E4-259E-0000-000000000001,,692B7931-A48C-49C3-0000-000000000001,,,,,,Dihap,2025-04-25 04:13:43.000,S2,2024-10-09 00:00:00.000,Seed,,,SYN-MZ-2024-00127 × SYN-MZ-2024-00011,VALID,SYN-CROSS-00113,2024-07-15 09:00:00.000,647BD1AD-7AC5-2F99-0000-000000000002,2025-09-06 08:32:14.000,2026-09-23 00:48:11.000,FALSE
,307DEFEB-9888-F474-0000-000000000072,SYNTHETIC — hackathon mock data,,NO,NO,SYN-PED-00114,060AF0E2-3E2B-78FF-0000-000000000072,EU,F1,4380E8FA-EE9E-0B62-0000-000000000005,,0,SYN-MZ-2022-00114,SYN94,SM00114,ACT,,SYN-TR-0043,DENT,307DEFEB-9888-F474-0000-000000000080,,,,,0,,DISCARD,SYN-F00127/SYN-M00011,SYNTH_LINE_00114,307DEFEB-9888-F474-0000-00000000000C,562FEF70-98CB-DD18-0000-000000000003,,RESEARCH,,64B14384-EB55-1734-0000-000000000001,,SYNTH_USER_03,PL00114,24961A2B-18A6-A32A-0000-000000000072,SYN-TR-0052,4EFE8209-44E4-259E-0000-000000000004,,692B7931-A48C-49C3-0000-000000000001,,,,,,Cross,2023-02-24 05:27:39.000,S3,2022-10-03 00:00:00.000,Seed,,,SYN-MZ-2022-00128 × SYN-MZ-2022-00012,VALID,SYN-CROSS-00114,2022-05-03 09:00:00.000,647BD1AD-7AC5-2F99-0000-000000000005,2024-07-06 11:52:08.000,2026-09-25 00:17:19.000,FALSE
,307DEFEB-9888-F474-0000-000000000073,SYNTHETIC — hackathon mock data,,NO,NO,SYN-PED-00115,060AF0E2-3E2B-78FF-0000-000000000073,LATAM,DH,4380E8FA-EE9E-0B62-0000-000000000001,,0,SYN-MZ-2024-00115,SYN59,SM00115,ACT,,SYN-TR-0044,FLINT,307DEFEB-9888-F474-0000-000000000081,,,,,0,,DISCARD,SYN-F00128/SYN-M00012,SYNTH_LINE_00115,307DEFEB-9888-F474-0000-00000000000D,562FEF70-98CB-DD18-0000-000000000004,,BREEDING,,64B14384-EB55-1734-0000-000000000001,,SYNTH_USER_02,PL00115,24961A2B-18A6-A32A-0000-000000000073,SYN-TR-0053,4EFE8209-44E4-259E-0000-000000000001,,692B7931-A48C-49C3-0000-000000000001,,,,,,Self,2026-01-24 16:34:42.000,S3,2024-10-22 00:00:00.000,Seed,,,SYN-MZ-2024-00129 × SYN-MZ-2024-00013,VALID,SYN-CROSS-00115,2024-01-11 09:00:00.000,647BD1AD-7AC5-2F99-0000-000000000002,2025-05-28 02:12:27.000,2026-09-23 16:57:13.000,FALSE
,307DEFEB-9888-F474-0000-000000000074,SYNTHETIC — hackathon mock data,,NO,NO,SYN-PED-00116,060AF0E2-3E2B-78FF-0000-000000000074,NAM,F2,4380E8FA-EE9E-0B62-0000-000000000002,,0,SYN-MZ-2021-00116,SYN80,SM00116,DEV,,SYN-TR-0045,FLINT,,,,,,0,,HOLD,SYN-F00129/SYN-M00013,SYNTH_LINE_00116,,562FEF70-98CB-DD18-0000-000000000005,,BREEDING,,64B14384-EB55-1734-0000-000000000001,,SYNTH_USER_02,PL00116,24961A2B-18A6-A32A-0000-000000000074,SYN-TR-0054,4EFE8209-44E4-259E-0000-000000000001,,692B7931-A48C-49C3-0000-000000000001,,,,,,Cross,2026-08-31 10:55:21.000,S2,2021-10-04 00:00:00.000,Seed,,,SYN-MZ-2021-00130 × SYN-MZ-2021-00014,VALID,SYN-CROSS-00116,2021-10-05 09:00:00.000,647BD1AD-7AC5-2F99-0000-000000000001,2026-09-09 00:47:17.000,2026-09-25 20:34:13.000,FALSE
,307DEFEB-9888-F474-0000-000000000075,SYNTHETIC — hackathon mock data,,NO,NO,SYN-PED-00117,060AF0E2-3E2B-78FF-0000-000000000075,APAC,F2,4380E8FA-EE9E-0B62-0000-000000000003,,0,SYN-MZ-2024-00117,SYN34,SM00117,DEV,,SYN-TR-0046,FLINT,307DEFEB-9888-F474-0000-000000000083,,,,,0,,DISCARD,SYN-F00130/SYN-M00014,SYNTH_LINE_00117,307DEFEB-9888-F474-0000-00000000000F,562FEF70-98CB-DD18-0000-000000000006,,RESEARCH,,64B14384-EB55-1734-0000-000000000001,,SYNTH_USER_03,PL00117,24961A2B-18A6-A32A-0000-000000000075,SYN-TR-0055,4EFE8209-44E4-259E-0000-000000000001,,692B7931-A48C-49C3-0000-000000000001,,,,,,Cross,2025-09-17 10:39:25.000,S3,2024-10-06 00:00:00.000,Seed,,,SYN-MZ-2024-00131 × SYN-MZ-2024-00015,VALID,SYN-CROSS-00117,2024-03-07 09:00:00.000,647BD1AD-7AC5-2F99-0000-000000000005,2025-10-13 14:29:48.000,2026-09-25 05:19:29.000,FALSE
,307DEFEB-9888-F474-0000-000000000076,SYNTHETIC — hackathon mock data,,NO,NO,SYN-PED-00118,060AF0E2-3E2B-78FF-0000-000000000076,LATAM,DH,4380E8FA-EE9E-0B62-0000-000000000004,,0,SYN-MZ-2024-00118,SYN72,SM00118,ACT,,SYN-TR-0047,DENT,307DEFEB-9888-F474-0000-000000000084,,,,,0,,DISCARD,SYN-F00131/SYN-M00015,SYNTH_LINE_00118,307DEFEB-9888-F474-0000-000000000010,562FEF70-98CB-DD18-0000-000000000007,,BREEDING,,64B14384-EB55-1734-0000-000000000001,,SYNTH_USER_02,PL00118,24961A2B-18A6-A32A-0000-000000000076,SYN-TR-0056,4EFE8209-44E4-259E-0000-000000000001,,692B7931-A48C-49C3-0000-000000000001,,,,,,Cross,2026-01-24 22:34:00.000,DEV,2024-10-24 00:00:00.000,Seed,,,SYN-MZ-2024-00132 × SYN-MZ-2024-00016,VALID,SYN-CROSS-00118,2024-02-07 09:00:00.000,647BD1AD-7AC5-2F99-0000-000000000003,2025-10-05 09:42:22.000,2026-09-23 02:18:14.000,FALSE
,307DEFEB-9888-F474-0000-000000000077,SYNTHETIC — hackathon mock data,,NO,NO,SYN-PED-00119,060AF0E2-3E2B-78FF-0000-000000000077,APAC,BC1,4380E8FA-EE9E-0B62-0000-000000000005,,0,SYN-MZ-2024-00119,SYN11,SM00119,DEV,,SYN-TR-0048,OTHER,307DEFEB-9888-F474-0000-000000000085,,,,,0,,DISCARD,SYN-F00132/SYN-M00016,SYNTH_LINE_00119,307DEFEB-9888-F474-0000-000000000011,562FEF70-98CB-DD18-0000-000000000008,,BREEDING,,64B14384-EB55-1734-0000-000000000001,,SYNTH_USER_02,PL00119,24961A2B-18A6-A32A-0000-000000000077,SYN-TR-0057,4EFE8209-44E4-259E-0000-000000000001,,692B7931-A48C-49C3-0000-000000000001,,,,,,Self,2025-09-11 10:47:04.000,S3,2024-10-09 00:00:00.000,Seed,,,SYN-MZ-2024-00133 × SYN-MZ-2024-00017,VALID,SYN-CROSS-00119,2024-08-16 09:00:00.000,647BD1AD-7AC5-2F99-0000-000000000001,2024-11-12 08:32:06.000,2026-09-23 22:27:06.000,FALSE
,307DEFEB-9888-F474-0000-000000000078,SYNTHETIC — hackathon mock data,,NO,NO,SYN-PED-00120,060AF0E2-3E2B-78FF-0000-000000000078,APAC,F1,4380E8FA-EE9E-0B62-0000-000000000001,,0,SYN-MZ-2022-00120,SYN56,SM00120,ACT,,SYN-TR-0049,DENT,,,,,,0,,DISCARD,SYN-F00133/SYN-M00017,SYNTH_LINE_00120,,562FEF70-98CB-DD18-0000-000000000001,,RESEARCH,,64B14384-EB55-1734-0000-000000000001,,SYNTH_USER_01,PL00120,24961A2B-18A6-A32A-0000-000000000078,SYN-TR-0058,4EFE8209-44E4-259E-0000-000000000003,,692B7931-A48C-49C3-0000-000000000001,,,,,,Cross,2023-01-30 14:26:40.000,S3,2022-10-05 00:00:00.000,Seed,,,SYN-MZ-2022-00134 × SYN-MZ-2022-00018,VALID,SYN-CROSS-00120,2022-08-11 09:00:00.000,647BD1AD-7AC5-2F99-0000-000000000003,2024-08-29 17:01:30.000,2026-09-23 02:13:23.000,FALSE
,307DEFEB-9888-F474-0000-000000000079,SYNTHETIC — hackathon mock data,,NO,NO,SYN-PED-00121,060AF0E2-3E2B-78FF-0000-000000000079,APAC,BC1,4380E8FA-EE9E-0B62-0000-000000000002,,0,SYN-MZ-2022-00121,SYN62,SM00121,DEV,,SYN-TR-0050,DENT,307DEFEB-9888-F474-0000-000000000087,,,,,0,,DISCARD,SYN-F00134/SYN-M00018,SYNTH_LINE_00121,307DEFEB-9888-F474-0000-000000000013,562FEF70-98CB-DD18-0000-000000000002,,RESEARCH,,64B14384-EB55-1734-0000-000000000001,,SYNTH_USER_02,PL00121,24961A2B-18A6-A32A-0000-000000000079,SYN-TR-0059,4EFE8209-44E4-259E-0000-000000000003,,692B7931-A48C-49C3-0000-000000000001,,,,,,Dihap,2025-07-03 10:44:25.000,S1,2022-10-24 00:00:00.000,Seed,,,SYN-MZ-2022-00135 × SYN-MZ-2022-00019,VALID,SYN-CROSS-00121,2022-02-02 09:00:00.000,647BD1AD-7AC5-2F99-0000-000000000001,2022-11-25 11:32:47.000,2026-09-22 18:08:34.000,FALSE
,307DEFEB-9888-F474-0000-00000000007A,SYNTHETIC — hackathon mock data,,NO,NO,SYN-PED-00122,060AF0E2-3E2B-78FF-0000-00000000007A,LATAM,F2,4380E8FA-EE9E-0B62-0000-000000000003,,0,SYN-MZ-2026-00122,SYN36,SM00122,ACT,,SYN-TR-0051,OTHER,307DEFEB-9888-F474-0000-000000000088,,,,,0,,ADVANCE,SYN-F00135/SYN-M00019,SYNTH_LINE_00122,307DEFEB-9888-F474-0000-000000000014,562FEF70-98CB-DD18-0000-000000000003,,RESEARCH,,64B14384-EB55-1734-0000-000000000001,,SYNTH_USER_02,PL00122,24961A2B-18A6-A32A-0000-00000000007A,SYN-TR-0060,4EFE8209-44E4-259E-0000-000000000001,,692B7931-A48C-49C3-0000-000000000001,,,,,,Self,2026-07-01 05:26:13.000,S1,2026-10-26 00:00:00.000,Seed,,,SYN-MZ-2026-00136 × SYN-MZ-2026-00020,VALID,SYN-CROSS-00122,2026-02-10 09:00:00.000,647BD1AD-7AC5-2F99-0000-000000000001,2026-04-04 06:55:46.000,2026-09-24 15:20:37.000,FALSE
,307DEFEB-9888-F474-0000-00000000007B,SYNTHETIC — hackathon mock data,,NO,NO,SYN-PED-00123,060AF0E2-3E2B-78FF-0000-00000000007B,APAC,BC1,4380E8FA-EE9E-0B62-0000-000000000004,,0,SYN-MZ-2025-00123,SYN91,SM00123,ACT,,SYN-TR-0052,DENT,307DEFEB-9888-F474-0000-000000000089,,,,,0,,DISCARD,SYN-F00136/SYN-M00020,SYNTH_LINE_00123,307DEFEB-9888-F474-0000-000000000015,562FEF70-98CB-DD18-0000-000000000004,,RESEARCH,,64B14384-EB55-1734-0000-000000000001,,SYNTH_USER_02,PL00123,24961A2B-18A6-A32A-0000-00000000007B,SYN-TR-0061,4EFE8209-44E4-259E-0000-000000000002,,692B7931-A48C-49C3-0000-000000000001,,,,,,Cross,2026-07-26 23:27:16.000,S3,2025-10-27 00:00:00.000,Seed,,,SYN-MZ-2025-00137 × SYN-MZ-2025-00021,VALID,SYN-CROSS-00123,2025-03-17 09:00:00.000,647BD1AD-7AC5-2F99-0000-000000000004,2025-05-30 05:47:31.000,2026-09-24 13:46:44.000,FALSE
,307DEFEB-9888-F474-0000-00000000007C,SYNTHETIC — hackathon mock data,,NO,NO,SYN-PED-00124,060AF0E2-3E2B-78FF-0000-00000000007C,EU,S1,4380E8FA-EE9E-0B62-0000-000000000005,,0,SYN-MZ-2023-00124,SYN32,SM00124,DEV,,SYN-TR-0053,DENT,,,,,,0,,HOLD,SYN-F00137/SYN-M00021,SYNTH_LINE_00124,,562FEF70-98CB-DD18-0000-000000000005,,RESEARCH,,64B14384-EB55-1734-0000-000000000001,,SYNTH_USER_04,PL00124,24961A2B-18A6-A32A-0000-00000000007C,SYN-TR-0062,4EFE8209-44E4-259E-0000-000000000002,,692B7931-A48C-49C3-0000-000000000001,,,,,,Cross,2026-07-03 17:33:32.000,DEV,2023-10-04 00:00:00.000,Seed,,,SYN-MZ-2023-00138 × SYN-MZ-2023-00022,VALID,SYN-CROSS-00124,2023-12-06 09:00:00.000,647BD1AD-7AC5-2F99-0000-000000000004,2025-02-05 10:48:47.000,2026-09-25 10:26:53.000,FALSE
,307DEFEB-9888-F474-0000-00000000007D,SYNTHETIC — hackathon mock data,,NO,NO,SYN-PED-00125,060AF0E2-3E2B-78FF-0000-00000000007D,EU,BC1,4380E8FA-EE9E-0B62-0000-000000000001,,0,SYN-MZ-2026-00125,SYN25,SM00125,ACT,,SYN-TR-0054,OTHER,307DEFEB-9888-F474-0000-00000000008B,,,,,0,,HOLD,SYN-F00138/SYN-M00022,SYNTH_LINE_00125,307DEFEB-9888-F474-0000-000000000017,562FEF70-98CB-DD18-0000-000000000006,,RESEARCH,,64B14384-EB55-1734-0000-000000000001,,SYNTH_USER_02,PL00125,24961A2B-18A6-A32A-0000-00000000007D,SYN-TR-0063,4EFE8209-44E4-259E-0000-000000000003,,692B7931-A48C-49C3-0000-000000000001,,,,,,Self,2026-06-22 16:16:02.000,S2,2026-10-04 00:00:00.000,Seed,,,SYN-MZ-2026-00139 × SYN-MZ-2026-00023,VALID,SYN-CROSS-00125,2026-03-20 09:00:00.000,647BD1AD-7AC5-2F99-0000-000000000001,2026-07-04 15:45:50.000,2026-09-24 09:20:06.000,FALSE
,307DEFEB-9888-F474-0000-00000000007E,SYNTHETIC — hackathon mock data,,NO,NO,SYN-PED-00126,060AF0E2-3E2B-78FF-0000-00000000007E,NAM,S1,4380E8FA-EE9E-0B62-0000-000000000002,,0,SYN-MZ-2024-00126,SYN98,SM00126,ACT,,SYN-TR-0055,DENT,307DEFEB-9888-F474-0000-00000000008C,,,,,0,,DISCARD,SYN-F00139/SYN-M00023,SYNTH_LINE_00126,307DEFEB-9888-F474-0000-000000000018,562FEF70-98CB-DD18-0000-000000000007,,BREEDING,,64B14384-EB55-1734-0000-000000000001,,SYNTH_USER_01,PL00126,24961A2B-18A6-A32A-0000-00000000007E,SYN-TR-0064,4EFE8209-44E4-259E-0000-000000000002,,692B7931-A48C-49C3-0000-000000000001,,,,,,Cross,2026-01-11 18:28:00.000,S1,2024-10-03 00:00:00.000,Seed,,,SYN-MZ-2024-00140 × SYN-MZ-2024-00024,VALID,SYN-CROSS-00126,2024-02-03 09:00:00.000,647BD1AD-7AC5-2F99-0000-000000000006,2026-05-29 20:01:11.000,2026-09-22 10:54:05.000,FALSE
,307DEFEB-9888-F474-0000-00000000007F,SYNTHETIC — hackathon mock data,,NO,NO,SYN-PED-00127,060AF0E2-3E2B-78FF-0000-00000000007F,LATAM,F1,4380E8FA-EE9E-0B62-0000-000000000003,,0,SYN-MZ-2022-00127,SYN53,SM00127,DEV,,SYN-TR-0056,FLINT,307DEFEB-9888-F474-0000-00000000008D,,,,,0,,DISCARD,SYN-F00140/SYN-M00024,SYNTH_LINE_00127,307DEFEB-9888-F474-0000-000000000019,562FEF70-98CB-DD18-0000-000000000008,,BREEDING,,64B14384-EB55-1734-0000-000000000001,,SYNTH_USER_03,PL00127,24961A2B-18A6-A32A-0000-00000000007F,SYN-TR-0065,4EFE8209-44E4-259E-0000-000000000003,,692B7931-A48C-49C3-0000-000000000001,,,,,,Dihap,2023-03-03 05:45:33.000,S3,2022-10-02 00:00:00.000,Seed,,,SYN-MZ-2022-00141 × SYN-MZ-2022-00025,VALID,SYN-CROSS-00127,2022-03-10 09:00:00.000,647BD1AD-7AC5-2F99-0000-000000000006,2023-07-23 23:28:41.000,2026-09-22 00:33:18.000,FALSE
,307DEFEB-9888-F474-0000-000000000080,SYNTHETIC — hackathon mock data,,NO,NO,SYN-PED-00128,060AF0E2-3E2B-78FF-0000-000000000080,APAC,F2,4380E8FA-EE9E-0B62-0000-000000000004,,0,SYN-MZ-2024-00128,SYN47,SM00128,ACT,,SYN-TR-0057,FLINT,,,,,,0,,DISCARD,SYN-F00141/SYN-M00025,SYNTH_LINE_00128,,562FEF70-98CB-DD18-0000-000000000001,,RESEARCH,,64B14384-EB55-1734-0000-000000000001,,SYNTH_USER_01,PL00128,24961A2B-18A6-A32A-0000-000000000080,SYN-TR-0066,4EFE8209-44E4-259E-0000-000000000004,,692B7931-A48C-49C3-0000-000000000001,,,,,,Self,2024-12-27 01:17:33.000,S1,2024-10-21 00:00:00.000,Seed,,,SYN-MZ-2024-00142 × SYN-MZ-2024-00026,VALID,SYN-CROSS-00128,2024-07-15 09:00:00.000,647BD1AD-7AC5-2F99-0000-000000000006,2025-12-18 10:51:38.000,2026-09-22 04:00:04.000,FALSE
,307DEFEB-9888-F474-0000-000000000081,SYNTHETIC — hackathon mock data,,NO,NO,SYN-PED-00129,060AF0E2-3E2B-78FF-0000-000000000081,EU,F1,4380E8FA-EE9E-0B62-0000-000000000005,,0,SYN-MZ-2022-00129,SYN22,SM00129,ACT,,SYN-TR-0058,OTHER,307DEFEB-9888-F474-0000-00000000008F,,,,,0,,HOLD,SYN-F00142/SYN-M00026,SYNTH_LINE_00129,307DEFEB-9888-F474-0000-00000000001B,562FEF70-98CB-DD18-0000-000000000002,,RESEARCH,,64B14384-EB55-1734-0000-000000000001,,SYNTH_USER_01,PL00129,24961A2B-18A6-A32A-0000-000000000081,SYN-TR-0067,4EFE8209-44E4-259E-0000-000000000004,,692B7931-A48C-49C3-0000-000000000001,,,,,,Self,2024-12-27 18:28:30.000,S3,2022-10-07 00:00:00.000,Seed,,,SYN-MZ-2022-00143 × SYN-MZ-2022-00027,VALID,SYN-CROSS-00129,2022-03-24 09:00:00.000,647BD1AD-7AC5-2F99-0000-000000000006,2025-12-17 10:48:05.000,2026-09-22 03:47:42.000,FALSE
,307DEFEB-9888-F474-0000-000000000082,SYNTHETIC — hackathon mock data,,NO,NO,SYN-PED-00130,060AF0E2-3E2B-78FF-0000-000000000082,NAM,S1,4380E8FA-EE9E-0B62-0000-000000000001,,0,SYN-MZ-2025-00130,SYN11,SM00130,ACT,,SYN-TR-0059,FLINT,307DEFEB-9888-F474-0000-000000000090,,,,,0,,DISCARD,SYN-F00143/SYN-M00027,SYNTH_LINE_00130,307DEFEB-9888-F474-0000-00000000001C,562FEF70-98CB-DD18-0000-000000000003,,BREEDING,,64B14384-EB55-1734-0000-000000000001,,SYNTH_USER_04,PL00130,24961A2B-18A6-A32A-0000-000000000082,SYN-TR-0068,4EFE8209-44E4-259E-0000-000000000004,,692B7931-A48C-49C3-0000-000000000001,,,,,,Self,2025-09-08 06:29:09.000,S3,2025-10-05 00:00:00.000,Seed,,,SYN-MZ-2025-00144 × SYN-MZ-2025-00028,VALID,SYN-CROSS-00130,2025-07-21 09:00:00.000,647BD1AD-7AC5-2F99-0000-000000000001,2026-06-05 13:08:59.000,2026-09-24 21:28:01.000,FALSE
,307DEFEB-9888-F474-0000-000000000083,SYNTHETIC — hackathon mock data,,NO,NO,SYN-PED-00131,060AF0E2-3E2B-78FF-0000-000000000083,EU,F2,4380E8FA-EE9E-0B62-0000-000000000002,,0,SYN-MZ-2023-00131,SYN85,SM00131,ACT,,SYN-TR-0060,DENT,307DEFEB-9888-F474-0000-000000000091,,,,,0,,HOLD,SYN-F00144/SYN-M00028,SYNTH_LINE_00131,307DEFEB-9888-F474-0000-00000000001D,562FEF70-98CB-DD18-0000-000000000004,,RESEARCH,,64B14384-EB55-1734-0000-000000000001,,SYNTH_USER_04,PL00131,24961A2B-18A6-A32A-0000-000000000083,SYN-TR-0069,4EFE8209-44E4-259E-0000-000000000001,,692B7931-A48C-49C3-0000-000000000001,,,,,,Cross,2024-09-04 15:22:06.000,DEV,2023-10-21 00:00:00.000,Seed,,,SYN-MZ-2023-00145 × SYN-MZ-2023-00029,VALID,SYN-CROSS-00131,2023-03-18 09:00:00.000,647BD1AD-7AC5-2F99-0000-000000000005,2023-05-26 21:14:17.000,2026-09-22 14:58:25.000,FALSE
,307DEFEB-9888-F474-0000-000000000084,SYNTHETIC — hackathon mock data,,NO,NO,SYN-PED-00132,060AF0E2-3E2B-78FF-0000-000000000084,APAC,BC1,4380E8FA-EE9E-0B62-0000-000000000003,,0,SYN-MZ-2026-00132,SYN69,SM00132,ACT,,SYN-TR-0061,OTHER,,,,,,0,,HOLD,SYN-F00145/SYN-M00029,SYNTH_LINE_00132,,562FEF70-98CB-DD18-0000-000000000005,,BREEDING,,64B14384-EB55-1734-0000-000000000001,,SYNTH_USER_03,PL00132,24961A2B-18A6-A32A-0000-000000000084,SYN-TR-0070,4EFE8209-44E4-259E-0000-000000000001,,692B7931-A48C-49C3-0000-000000000001,,,,,,Self,2026-09-24 08:02:54.000,S3,2026-10-07 00:00:00.000,Seed,,,SYN-MZ-2026-00146 × SYN-MZ-2026-00030,VALID,SYN-CROSS-00132,2026-12-20 09:00:00.000,647BD1AD-7AC5-2F99-0000-000000000001,2026-09-24 15:32:46.000,2026-09-25 15:38:36.000,FALSE
,307DEFEB-9888-F474-0000-000000000085,SYNTHETIC — hackathon mock data,,NO,NO,SYN-PED-00133,060AF0E2-3E2B-78FF-0000-000000000085,EU,DH,4380E8FA-EE9E-0B62-0000-000000000004,,0,SYN-MZ-2024-00133,SYN64,SM00133,DEV,,SYN-TR-0062,OTHER,307DEFEB-9888-F474-0000-000000000093,,,,,0,,DISCARD,SYN-F00146/SYN-M00030,SYNTH_LINE_00133,307DEFEB-9888-F474-0000-00000000001F,562FEF70-98CB-DD18-0000-000000000006,,RESEARCH,,64B14384-EB55-1734-0000-000000000001,,SYNTH_USER_03,PL00133,24961A2B-18A6-A32A-0000-000000000085,SYN-TR-0071,4EFE8209-44E4-259E-0000-000000000002,,692B7931-A48C-49C3-0000-000000000001,,,,,,Cross,2025-11-13 10:49:27.000,S1,2024-10-15 00:00:00.000,Seed,,,SYN-MZ-2024-00147 × SYN-MZ-2024-00031,VALID,SYN-CROSS-00133,2024-08-23 09:00:00.000,647BD1AD-7AC5-2F99-0000-000000000003,2024-08-26 22:34:08.000,2026-09-23 07:58:56.000,FALSE
,307DEFEB-9888-F474-0000-000000000086,SYNTHETIC — hackathon mock data,,NO,NO,SYN-PED-00134,060AF0E2-3E2B-78FF-0000-000000000086,NAM,F2,4380E8FA-EE9E-0B62-0000-000000000005,,0,SYN-MZ-2022-00134,SYN36,SM00134,ACT,,SYN-TR-0063,FLINT,307DEFEB-9888-F474-0000-000000000094,,,,,0,,HOLD,SYN-F00147/SYN-M00031,SYNTH_LINE_00134,307DEFEB-9888-F474-0000-000000000020,562FEF70-98CB-DD18-0000-000000000007,,RESEARCH,,64B14384-EB55-1734-0000-000000000001,,SYNTH_USER_04,PL00134,24961A2B-18A6-A32A-0000-000000000086,SYN-TR-0072,4EFE8209-44E4-259E-0000-000000000002,,692B7931-A48C-49C3-0000-000000000001,,,,,,Dihap,2024-09-12 06:19:24.000,S2,2022-10-23 00:00:00.000,Seed,,,SYN-MZ-2022-00148 × SYN-MZ-2022-00032,VALID,SYN-CROSS-00134,2022-09-25 09:00:00.000,647BD1AD-7AC5-2F99-0000-000000000005,2025-01-19 05:13:43.000,2026-09-22 06:13:50.000,FALSE
,307DEFEB-9888-F474-0000-000000000087,SYNTHETIC — hackathon mock data,,NO,NO,SYN-PED-00135,060AF0E2-3E2B-78FF-0000-000000000087,NAM,F2,4380E8FA-EE9E-0B62-0000-000000000001,,0,SYN-MZ-2026-00135,SYN28,SM00135,ACT,,SYN-TR-0064,DENT,307DEFEB-9888-F474-0000-000000000095,,,,,0,,DISCARD,SYN-F00148/SYN-M00032,SYNTH_LINE_00135,307DEFEB-9888-F474-0000-000000000021,562FEF70-98CB-DD18-0000-000000000008,,BREEDING,,64B14384-EB55-1734-0000-000000000001,,SYNTH_USER_04,PL00135,24961A2B-18A6-A32A-0000-000000000087,SYN-TR-0001,4EFE8209-44E4-259E-0000-000000000001,,692B7931-A48C-49C3-0000-000000000001,,,,,,Self,2026-11-07 16:12:41.000,S3,2026-10-11 00:00:00.000,Seed,,,SYN-MZ-2026-00149 × SYN-MZ-2026-00033,VALID,SYN-CROSS-00135,2026-11-16 09:00:00.000,647BD1AD-7AC5-2F99-0000-000000000001,2026-11-09 13:23:54.000,2026-09-23 15:32:15.000,FALSE
,307DEFEB-9888-F474-0000-000000000088,SYNTHETIC — hackathon mock data,,NO,NO,SYN-PED-00136,060AF0E2-3E2B-78FF-0000-000000000088,APAC,F2,4380E8FA-EE9E-0B62-0000-000000000002,,0,SYN-MZ-2025-00136,SYN61,SM00136,ACT,,SYN-TR-0065,FLINT,,,,,,0,,HOLD,SYN-F00149/SYN-M00033,SYNTH_LINE_00136,,562FEF70-98CB-DD18-0000-000000000001,,BREEDING,,64B14384-EB55-1734-0000-000000000001,,SYNTH_USER_01,PL00136,24961A2B-18A6-A32A-0000-000000000088,SYN-TR-0002,4EFE8209-44E4-259E-0000-000000000002,,692B7931-A48C-49C3-0000-000000000001,,,,,,Self,2026-05-15 10:55:04.000,S3,2025-10-13 00:00:00.000,Seed,,,SYN-MZ-2025-00150 × SYN-MZ-2025-00034,VALID,SYN-CROSS-00136,2025-10-04 09:00:00.000,647BD1AD-7AC5-2F99-0000-000000000003,2026-02-08 01:29:09.000,2026-09-23 18:11:24.000,FALSE
,307DEFEB-9888-F474-0000-000000000089,SYNTHETIC — hackathon mock data,,NO,NO,SYN-PED-00137,060AF0E2-3E2B-78FF-0000-000000000089,APAC,S1,4380E8FA-EE9E-0B62-0000-000000000003,,0,SYN-MZ-2024-00137,SYN28,SM00137,DEV,,SYN-TR-0066,OTHER,307DEFEB-9888-F474-0000-000000000001,,,,,0,,HOLD,SYN-F00000/SYN-M00034,SYNTH_LINE_00137,307DEFEB-9888-F474-0000-000000000023,562FEF70-98CB-DD18-0000-000000000002,,RESEARCH,,64B14384-EB55-1734-0000-000000000001,,SYNTH_USER_03,PL00137,24961A2B-18A6-A32A-0000-000000000089,SYN-TR-0003,4EFE8209-44E4-259E-0000-000000000001,,692B7931-A48C-49C3-0000-000000000001,,,,,,Cross,2025-03-14 18:58:55.000,S2,2024-10-23 00:00:00.000,Seed,,,SYN-MZ-2024-00001 × SYN-MZ-2024-00035,VALID,SYN-CROSS-00137,2024-01-11 09:00:00.000,647BD1AD-7AC5-2F99-0000-000000000006,2024-05-12 17:51:12.000,2026-09-24 19:10:45.000,FALSE
,307DEFEB-9888-F474-0000-00000000008A,SYNTHETIC — hackathon mock data,,NO,NO,SYN-PED-00138,060AF0E2-3E2B-78FF-0000-00000000008A,LATAM,DH,4380E8FA-EE9E-0B62-0000-000000000004,,0,SYN-MZ-2024-00138,SYN36,SM00138,ACT,,SYN-TR-0067,DENT,307DEFEB-9888-F474-0000-000000000002,,,,,0,,HOLD,SYN-F00001/SYN-M00035,SYNTH_LINE_00138,307DEFEB-9888-F474-0000-000000000024,562FEF70-98CB-DD18-0000-000000000003,,RESEARCH,,64B14384-EB55-1734-0000-000000000001,,SYNTH_USER_01,PL00138,24961A2B-18A6-A32A-0000-00000000008A,SYN-TR-0004,4EFE8209-44E4-259E-0000-000000000001,,692B7931-A48C-49C3-0000-000000000001,,,,,,Self,2025-11-12 17:34:29.000,S1,2024-10-22 00:00:00.000,Seed,,,SYN-MZ-2024-00002 × SYN-MZ-2024-00036,VALID,SYN-CROSS-00138,2024-08-04 09:00:00.000,647BD1AD-7AC5-2F99-0000-000000000002,2024-10-20 15:34:26.000,2026-09-25 14:32:23.000,FALSE
,307DEFEB-9888-F474-0000-00000000008B,SYNTHETIC — hackathon mock data,,NO,NO,SYN-PED-00139,060AF0E2-3E2B-78FF-0000-00000000008B,EU,F2,4380E8FA-EE9E-0B62-0000-000000000005,,0,SYN-MZ-2026-00139,SYN62,SM00139,ACT,,SYN-TR-0068,DENT,307DEFEB-9888-F474-0000-000000000003,,,,,0,,ADVANCE,SYN-F00002/SYN-M00036,SYNTH_LINE_00139,307DEFEB-9888-F474-0000-000000000025,562FEF70-98CB-DD18-0000-000000000004,,RESEARCH,,64B14384-EB55-1734-0000-000000000001,,SYNTH_USER_01,PL00139,24961A2B-18A6-A32A-0000-00000000008B,SYN-TR-0005,4EFE8209-44E4-259E-0000-000000000003,,692B7931-A48C-49C3-0000-000000000001,,,,,,Dihap,2026-09-03 23:24:00.000,DEV,2026-10-20 00:00:00.000,Seed,,,SYN-MZ-2026-00003 × SYN-MZ-2026-00037,VALID,SYN-CROSS-00139,2026-08-18 09:00:00.000,647BD1AD-7AC5-2F99-0000-000000000003,2026-09-09 15:37:28.000,2026-09-23 02:00:36.000,FALSE
,307DEFEB-9888-F474-0000-00000000008C,SYNTHETIC — hackathon mock data,,NO,NO,SYN-PED-00140,060AF0E2-3E2B-78FF-0000-00000000008C,NAM,F1,4380E8FA-EE9E-0B62-0000-000000000001,,0,SYN-MZ-2022-00140,SYN91,SM00140,ACT,,SYN-TR-0069,OTHER,,,,,,0,,ADVANCE,SYN-F00003/SYN-M00037,SYNTH_LINE_00140,,562FEF70-98CB-DD18-0000-000000000005,,RESEARCH,,64B14384-EB55-1734-0000-000000000001,,SYNTH_USER_04,PL00140,24961A2B-18A6-A32A-0000-00000000008C,SYN-TR-0006,4EFE8209-44E4-259E-0000-000000000001,,692B7931-A48C-49C3-0000-000000000001,,,,,,Cross,2025-03-15 04:57:19.000,S1,2022-10-20 00:00:00.000,Seed,,,SYN-MZ-2022-00004 × SYN-MZ-2022-00038,VALID,SYN-CROSS-00140,2022-10-24 09:00:00.000,647BD1AD-7AC5-2F99-0000-000000000003,2024-04-10 11:43:15.000,2026-09-22 17:57:49.000,FALSE
,307DEFEB-9888-F474-0000-00000000008D,SYNTHETIC — hackathon mock data,,NO,NO,SYN-PED-00141,060AF0E2-3E2B-78FF-0000-00000000008D,NAM,S1,4380E8FA-EE9E-0B62-0000-000000000002,,0,SYN-MZ-2023-00141,SYN51,SM00141,ACT,,SYN-TR-0070,OTHER,307DEFEB-9888-F474-0000-000000000005,,,,,0,,HOLD,SYN-F00004/SYN-M00038,SYNTH_LINE_00141,307DEFEB-9888-F474-0000-000000000027,562FEF70-98CB-DD18-0000-000000000006,,RESEARCH,,64B14384-EB55-1734-0000-000000000001,,SYNTH_USER_04,PL00141,24961A2B-18A6-A32A-0000-00000000008D,SYN-TR-0007,4EFE8209-44E4-259E-0000-000000000003,,692B7931-A48C-49C3-0000-000000000001,,,,,,Dihap,2024-06-16 01:44:29.000,S1,2023-10-25 00:00:00.000,Seed,,,SYN-MZ-2023-00005 × SYN-MZ-2023-00039,VALID,SYN-CROSS-00141,2023-03-23 09:00:00.000,647BD1AD-7AC5-2F99-0000-000000000004,2024-05-31 02:50:49.000,2026-09-24 01:40:14.000,FALSE
,307DEFEB-9888-F474-0000-00000000008E,SYNTHETIC — hackathon mock data,,NO,NO,SYN-PED-00142,060AF0E2-3E2B-78FF-0000-00000000008E,APAC,S1,4380E8FA-EE9E-0B62-0000-000000000003,,0,SYN-MZ-2023-00142,SYN13,SM00142,ACT,,SYN-TR-0071,OTHER,307DEFEB-9888-F474-0000-000000000006,,,,,0,,HOLD,SYN-F00005/SYN-M00039,SYNTH_LINE_00142,307DEFEB-9888-F474-0000-000000000028,562FEF70-98CB-DD18-0000-000000000007,,RESEARCH,,64B14384-EB55-1734-0000-000000000001,,SYNTH_USER_04,PL00142,24961A2B-18A6-A32A-0000-00000000008E,SYN-TR-0008,4EFE8209-44E4-259E-0000-000000000003,,692B7931-A48C-49C3-0000-000000000001,,,,,,Dihap,2025-10-28 16:26:48.000,S1,2023-10-16 00:00:00.000,Seed,,,SYN-MZ-2023-00006 × SYN-MZ-2023-00040,VALID,SYN-CROSS-00142,2023-06-05 09:00:00.000,647BD1AD-7AC5-2F99-0000-000000000004,2023-11-03 06:48:23.000,2026-09-22 04:29:45.000,FALSE
,307DEFEB-9888-F474-0000-00000000008F,SYNTHETIC — hackathon mock data,,NO,NO,SYN-PED-00143,060AF0E2-3E2B-78FF-0000-00000000008F,APAC,BC1,4380E8FA-EE9E-0B62-0000-000000000004,,0,SYN-MZ-2025-00143,SYN83,SM00143,ACT,,SYN-TR-0072,DENT,307DEFEB-9888-F474-0000-000000000007,,,,,0,,HOLD,SYN-F00006/SYN-M00040,SYNTH_LINE_00143,307DEFEB-9888-F474-0000-000000000029,562FEF70-98CB-DD18-0000-000000000008,,RESEARCH,,64B14384-EB55-1734-0000-000000000001,,SYNTH_USER_02,PL00143,24961A2B-18A6-A32A-0000-00000000008F,SYN-TR-0009,4EFE8209-44E4-259E-0000-000000000004,,692B7931-A48C-49C3-0000-000000000001,,,,,,Self,2025-05-19 15:41:18.000,DEV,2025-10-12 00:00:00.000,Seed,,,SYN-MZ-2025-00007 × SYN-MZ-2025-00041,VALID,SYN-CROSS-00143,2025-03-02 09:00:00.000,647BD1AD-7AC5-2F99-0000-000000000005,2025-05-22 15:18:04.000,2026-09-22 17:42:32.000,FALSE
,307DEFEB-9888-F474-0000-000000000090,SYNTHETIC — hackathon mock data,,NO,NO,SYN-PED-00144,060AF0E2-3E2B-78FF-0000-000000000090,APAC,F2,4380E8FA-EE9E-0B62-0000-000000000005,,0,SYN-MZ-2026-00144,SYN20,SM00144,DEV,,SYN-TR-0001,DENT,,,,,,0,,DISCARD,SYN-F00007/SYN-M00041,SYNTH_LINE_00144,,562FEF70-98CB-DD18-0000-000000000001,,RESEARCH,,64B14384-EB55-1734-0000-000000000001,,SYNTH_USER_03,PL00144,24961A2B-18A6-A32A-0000-000000000090,SYN-TR-0010,4EFE8209-44E4-259E-0000-000000000003,,692B7931-A48C-49C3-0000-000000000001,,,,,,Cross,2026-06-19 22:27:58.000,S1,2026-10-08 00:00:00.000,Seed,,,SYN-MZ-2026-00008 × SYN-MZ-2026-00042,VALID,SYN-CROSS-00144,2026-05-14 09:00:00.000,647BD1AD-7AC5-2F99-0000-000000000005,2026-06-09 15:32:58.000,2026-09-24 16:42:54.000,FALSE
,307DEFEB-9888-F474-0000-000000000091,SYNTHETIC — hackathon mock data,,NO,NO,SYN-PED-00145,060AF0E2-3E2B-78FF-0000-000000000091,NAM,F2,4380E8FA-EE9E-0B62-0000-000000000001,,0,SYN-MZ-2022-00145,SYN65,SM00145,ACT,,SYN-TR-0002,FLINT,307DEFEB-9888-F474-0000-000000000009,,,,,0,,DISCARD,SYN-F00008/SYN-M00042,SYNTH_LINE_00145,307DEFEB-9888-F474-0000-00000000002B,562FEF70-98CB-DD18-0000-000000000002,,RESEARCH,,64B14384-EB55-1734-0000-000000000001,,SYNTH_USER_03,PL00145,24961A2B-18A6-A32A-0000-000000000091,SYN-TR-0011,4EFE8209-44E4-259E-0000-000000000004,,692B7931-A48C-49C3-0000-000000000001,,,,,,Cross,2026-04-17 23:52:31.000,S3,2022-10-02 00:00:00.000,Seed,,,SYN-MZ-2022-00009 × SYN-MZ-2022-00043,VALID,SYN-CROSS-00145,2022-05-23 09:00:00.000,647BD1AD-7AC5-2F99-0000-000000000001,2026-08-15 15:09:52.000,2026-09-25 09:42:46.000,FALSE
,307DEFEB-9888-F474-0000-000000000092,SYNTHETIC — hackathon mock data,,NO,NO,SYN-PED-00146,060AF0E2-3E2B-78FF-0000-000000000092,LATAM,F1,4380E8FA-EE9E-0B62-0000-000000000002,,0,SYN-MZ-2026-00146,SYN88,SM00146,ACT,,SYN-TR-0003,DENT,307DEFEB-9888-F474-0000-00000000000A,,,,,0,,DISCARD,SYN-F00009/SYN-M00043,SYNTH_LINE_00146,307DEFEB-9888-F474-0000-00000000002C,562FEF70-98CB-DD18-0000-000000000003,,RESEARCH,,64B14384-EB55-1734-0000-000000000001,,SYNTH_USER_04,PL00146,24961A2B-18A6-A32A-0000-000000000092,SYN-TR-0012,4EFE8209-44E4-259E-0000-000000000001,,692B7931-A48C-49C3-0000-000000000001,,,,,,Self,2026-04-14 19:47:22.000,DEV,2026-10-01 00:00:00.000,Seed,,,SYN-MZ-2026-00010 × SYN-MZ-2026-00044,VALID,SYN-CROSS-00146,2026-03-08 09:00:00.000,647BD1AD-7AC5-2F99-0000-000000000006,2026-07-12 19:45:31.000,2026-09-24 21:26:17.000,FALSE
,307DEFEB-9888-F474-0000-000000000093,SYNTHETIC — hackathon mock data,,NO,NO,SYN-PED-00147,060AF0E2-3E2B-78FF-0000-000000000093,APAC,BC1,4380E8FA-EE9E-0B62-0000-000000000003,,0,SYN-MZ-2022-00147,SYN29,SM00147,ACT,,SYN-TR-0004,FLINT,307DEFEB-9888-F474-0000-00000000000B,,,,,0,,DISCARD,SYN-F00010/SYN-M00044,SYNTH_LINE_00147,307DEFEB-9888-F474-0000-00000000002D,562FEF70-98CB-DD18-0000-000000000004,,RESEARCH,,64B14384-EB55-1734-0000-000000000001,,SYNTH_USER_03,PL00147,24961A2B-18A6-A32A-0000-000000000093,SYN-TR-0013,4EFE8209-44E4-259E-0000-000000000002,,692B7931-A48C-49C3-0000-000000000001,,,,,,Cross,2023-10-13 19:57:08.000,S1,2022-10-25 00:00:00.000,Seed,,,SYN-MZ-2022-00011 × SYN-MZ-2022-00045,VALID,SYN-CROSS-00147,2022-03-24 09:00:00.000,647BD1AD-7AC5-2F99-0000-000000000001,2022-12-22 12:36:53.000,2026-09-24 01:13:43.000,FALSE
,307DEFEB-9888-F474-0000-000000000094,SYNTHETIC — hackathon mock data,,NO,NO,SYN-PED-00148,060AF0E2-3E2B-78FF-0000-000000000094,EU,F1,4380E8FA-EE9E-0B62-0000-000000000004,,0,SYN-MZ-2023-00148,SYN87,SM00148,DEV,,SYN-TR-0005,FLINT,,,,,,0,,ADVANCE,SYN-F00011/SYN-M00045,SYNTH_LINE_00148,,562FEF70-98CB-DD18-0000-000000000005,,BREEDING,,64B14384-EB55-1734-0000-000000000001,,SYNTH_USER_03,PL00148,24961A2B-18A6-A32A-0000-000000000094,SYN-TR-0014,4EFE8209-44E4-259E-0000-000000000004,,692B7931-A48C-49C3-0000-000000000001,,,,,,Dihap,2025-03-05 08:09:51.000,S2,2023-10-20 00:00:00.000,Seed,,,SYN-MZ-2023-00012 × SYN-MZ-2023-00046,VALID,SYN-CROSS-00148,2023-10-25 09:00:00.000,647BD1AD-7AC5-2F99-0000-000000000003,2026-06-30 13:30:04.000,2026-09-25 06:54:21.000,FALSE
,307DEFEB-9888-F474-0000-000000000095,SYNTHETIC — hackathon mock data,,NO,NO,SYN-PED-00149,060AF0E2-3E2B-78FF-0000-000000000095,EU,BC1,4380E8FA-EE9E-0B62-0000-000000000005,,0,SYN-MZ-2022-00149,SYN85,SM00149,DEV,,SYN-TR-0006,FLINT,307DEFEB-9888-F474-0000-00000000000D,,,,,0,,ADVANCE,SYN-F00012/SYN-M00046,SYNTH_LINE_00149,307DEFEB-9888-F474-0000-00000000002F,562FEF70-98CB-DD18-0000-000000000006,,RESEARCH,,64B14384-EB55-1734-0000-000000000001,,SYNTH_USER_01,PL00149,24961A2B-18A6-A32A-0000-000000000095,SYN-TR-0015,4EFE8209-44E4-259E-0000-000000000003,,692B7931-A48C-49C3-0000-000000000001,,,,,,Cross,2024-05-01 02:43:41.000,DEV,2022-10-17 00:00:00.000,Seed,,,SYN-MZ-2022-00013 × SYN-MZ-2022-00047,VALID,SYN-CROSS-00149,2022-07-14 09:00:00.000,647BD1AD-7AC5-2F99-0000-000000000002,2025-12-01 08:09:41.000,2026-09-24 13:41:05.000,FALSE
,307DEFEB-9888-F474-0000-000000000096,SYNTHETIC — hackathon mock data,,NO,NO,SYN-PED-00150,060AF0E2-3E2B-78FF-0000-000000000096,APAC,DH,4380E8FA-EE9E-0B62-0000-000000000001,,0,SYN-MZ-2024-00150,SYN68,SM00150,ACT,,SYN-TR-0007,FLINT,307DEFEB-9888-F474-0000-00000000000E,,,,,0,,HOLD,SYN-F00013/SYN-M00047,SYNTH_LINE_00150,307DEFEB-9888-F474-0000-000000000030,562FEF70-98CB-DD18-0000-000000000007,,BREEDING,,64B14384-EB55-1734-0000-000000000001,,SYNTH_USER_04,PL00150,24961A2B-18A6-A32A-0000-000000000096,SYN-TR-0016,4EFE8209-44E4-259E-0000-000000000001,,692B7931-A48C-49C3-0000-000000000001,,,,,,Self,2025-01-18 20:44:08.000,S1,2024-10-09 00:00:00.000,Seed,,,SYN-MZ-2024-00014 × SYN-MZ-2024-00048,VALID,SYN-CROSS-00150,2024-12-04 09:00:00.000,647BD1AD-7AC5-2F99-0000-000000000006,2025-06-13 11:48:30.000,2026-09-23 23:46:36.000,FALSE
