INHERITED,LAST_CHG_DATE,OBSERVATION_PERSON,ALPHA_VALUE,LAST_CHG_USER,CALCULATED,MATERIAL_GUID,REMARK,OBSERVATION_DATE,DATE_VALUE,ROWGUID,TRAIT_GUID,NUMBER_VALUE,PEGASYS_CREATE_DATE,PEGASYS_UPDATE_DATE,PEGASYS_PURGED
1,2025-09-25 20:03:45.000,SYNTH_USER_02,,SYNTH_USER_04,0,307DEFEB-9888-F474-0000-000000000051,SYNTHETIC — hackathon mock data,2025-08-13 00:00:00.000,,2F35E9C7-D583-C07A-0000-000000000001,6BA6E43F-D229-27C1-0000-000000000002,22.9,2026-03-04 01:06:06.000,2026-09-23 21:57:31.000,FALSE
0,2024-12-10 01:52:09.000,SYNTH_USER_03,,SYNTH_USER_02,0,307DEFEB-9888-F474-0000-00000000004F,SYNTHETIC — hackathon mock data,2024-08-17 00:00:00.000,,2F35E9C7-D583-C07A-0000-000000000002,6BA6E43F-D229-27C1-0000-000000000001,179.1,2025-05-27 18:55:05.000,2026-09-25 21:44:20.000,FALSE
0,2026-06-21 23:57:29.000,SYNTH_USER_02,,SYNTH_USER_02,0,307DEFEB-9888-F474-0000-000000000046,SYNTHETIC — hackathon mock data,2025-06-05 00:00:00.000,,2F35E9C7-D583-C07A-0000-000000000003,6BA6E43F-D229-27C1-0000-000000000003,4.5,2026-08-25 14:39:58.000,2026-09-24 01:49:07.000,FALSE
1,2025-02-24 17:40:00.000,SYNTH_USER_03,,SYNTH_USER_02,0,307DEFEB-9888-F474-0000-000000000062,SYNTHETIC — hackathon mock data,2024-07-09 00:00:00.000,,2F35E9C7-D583-C07A-0000-000000000004,6BA6E43F-D229-27C1-0000-000000000003,7.2,2026-03-01 03:11:03.000,2026-09-25 05:57:43.000,FALSE
1,2026-09-17 02:40:43.000,SYNTH_USER_04,,SYNTH_USER_01,0,307DEFEB-9888-F474-0000-000000000043,SYNTHETIC — hackathon mock data,2025-07-22 00:00:00.000,,2F35E9C7-D583-C07A-0000-000000000005,6BA6E43F-D229-27C1-0000-000000000001,306.6,2026-04-06 08:43:28.000,2026-09-24 10:20:40.000,FALSE
1,2026-09-12 06:11:12.000,SYNTH_USER_03,,SYNTH_USER_02,0,307DEFEB-9888-F474-0000-000000000020,SYNTHETIC — hackathon mock data,2026-08-26 00:00:00.000,,2F35E9C7-D583-C07A-0000-000000000006,6BA6E43F-D229-27C1-0000-000000000002,14.9,2026-09-19 13:24:34.000,2026-09-23 07:59:03.000,FALSE
0,2026-07-21 04:07:59.000,SYNTH_USER_04,,SYNTH_USER_01,0,307DEFEB-9888-F474-0000-000000000001,SYNTHETIC — hackathon mock data,2025-08-25 00:00:00.000,,2F35E9C7-D583-C07A-0000-000000000007,6BA6E43F-D229-27C1-0000-000000000001,289.7,2025-12-18 01:48:49.000,2026-09-22 09:17:10.000,FALSE
0,2026-08-12 08:54:14.000,SYNTH_USER_02,EVENT_B,SYNTH_USER_04,0,307DEFEB-9888-F474-0000-00000000003B,SYNTHETIC — hackathon mock data,2026-04-27 00:00:00.000,,2F35E9C7-D583-C07A-0000-000000000008,6BA6E43F-D229-27C1-0000-000000000004,,2026-08-19 11:53:07.000,2026-09-25 12:26:11.000,FALSE
0,2026-09-20 19:51:33.000,SYNTH_USER_03,EVENT_C,SYNTH_USER_02,0,307DEFEB-9888-F474-0000-000000000096,SYNTHETIC — hackathon mock data,2026-10-05 00:00:00.000,,2F35E9C7-D583-C07A-0000-000000000009,6BA6E43F-D229-27C1-0000-000000000004,,2026-09-21 09:42:05.000,2026-09-25 19:04:43.000,FALSE
0,2026-04-24 06:03:28.000,SYNTH_USER_04,,SYNTH_USER_04,0,307DEFEB-9888-F474-0000-000000000016,SYNTHETIC — hackathon mock data,2025-04-14 00:00:00.000,,2F35E9C7-D583-C07A-0000-00000000000A,6BA6E43F-D229-27C1-0000-000000000001,206.4,2025-12-26 08:58:37.000,2026-09-22 20:49:22.000,FALSE
0,2025-10-08 14:13:58.000,SYNTH_USER_01,,SYNTH_USER_04,0,307DEFEB-9888-F474-0000-000000000091,SYNTHETIC — hackathon mock data,2024-08-12 00:00:00.000,,2F35E9C7-D583-C07A-0000-00000000000B,6BA6E43F-D229-27C1-0000-000000000002,27.3,2025-08-27 18:58:49.000,2026-09-22 17:31:43.000,FALSE
1,2026-08-17 21:33:22.000,SYNTH_USER_01,,SYNTH_USER_01,0,307DEFEB-9888-F474-0000-00000000001B,SYNTHETIC — hackathon mock data,2026-07-14 00:00:00.000,,2F35E9C7-D583-C07A-0000-00000000000C,6BA6E43F-D229-27C1-0000-000000000001,291.2,2026-09-11 02:17:30.000,2026-09-23 14:18:14.000,FALSE
0,2025-09-17 23:08:19.000,SYNTH_USER_04,,SYNTH_USER_02,0,307DEFEB-9888-F474-0000-000000000006,SYNTHETIC — hackathon mock data,2024-06-06 00:00:00.000,,2F35E9C7-D583-C07A-0000-00000000000D,6BA6E43F-D229-27C1-0000-000000000001,284.3,2026-04-29 18:54:06.000,2026-09-23 14:14:11.000,FALSE
0,2025-12-03 05:19:18.000,SYNTH_USER_04,,SYNTH_USER_04,0,307DEFEB-9888-F474-0000-000000000028,SYNTHETIC — hackathon mock data,2024-05-01 00:00:00.000,,2F35E9C7-D583-C07A-0000-00000000000E,6BA6E43F-D229-27C1-0000-000000000003,2.0,2026-07-01 15:45:05.000,2026-09-24 03:20:47.000,FALSE
1,2026-06-17 22:31:46.000,SYNTH_USER_03,,SYNTH_USER_01,0,307DEFEB-9888-F474-0000-00000000007D,SYNTHETIC — hackathon mock data,2025-06-16 00:00:00.000,,2F35E9C7-D583-C07A-0000-00000000000F,6BA6E43F-D229-27C1-0000-000000000002,11.4,2025-08-11 00:17:12.000,2026-09-25 09:27:36.000,FALSE
1,2026-10-13 17:17:44.000,SYNTH_USER_03,,SYNTH_USER_04,0,307DEFEB-9888-F474-0000-00000000006E,SYNTHETIC — hackathon mock data,2026-10-19 00:00:00.000,,2F35E9C7-D583-C07A-0000-000000000010,6BA6E43F-D229-27C1-0000-000000000001,232.2,2026-10-11 18:28:42.000,2026-09-22 06:45:49.000,FALSE
1,2026-03-10 10:36:51.000,SYNTH_USER_01,,SYNTH_USER_04,0,307DEFEB-9888-F474-0000-00000000007B,SYNTHETIC — hackathon mock data,2024-10-11 00:00:00.000,,2F35E9C7-D583-C07A-0000-000000000011,6BA6E43F-D229-27C1-0000-000000000003,6.0,2026-05-03 02:18:26.000,2026-09-24 21:36:33.000,FALSE
1,2025-02-09 20:13:17.000,SYNTH_USER_02,,SYNTH_USER_04,0,307DEFEB-9888-F474-0000-00000000007D,SYNTHETIC — hackathon mock data,2024-07-14 00:00:00.000,,2F35E9C7-D583-C07A-0000-000000000012,6BA6E43F-D229-27C1-0000-000000000003,1.9,2025-06-09 10:44:23.000,2026-09-24 14:02:26.000,FALSE
1,2025-06-16 11:19:01.000,SYNTH_USER_04,,SYNTH_USER_03,0,307DEFEB-9888-F474-0000-000000000072,SYNTHETIC — hackathon mock data,2025-06-14 00:00:00.000,,2F35E9C7-D583-C07A-0000-000000000013,6BA6E43F-D229-27C1-0000-000000000001,258.3,2025-08-20 08:27:02.000,2026-09-22 12:28:14.000,FALSE
1,2026-09-18 03:55:23.000,SYNTH_USER_04,,SYNTH_USER_03,0,307DEFEB-9888-F474-0000-00000000007E,SYNTHETIC — hackathon mock data,2026-09-15 00:00:00.000,,2F35E9C7-D583-C07A-0000-000000000014,6BA6E43F-D229-27C1-0000-000000000001,247.1,2026-09-18 20:29:17.000,2026-09-24 10:04:16.000,FALSE
0,2024-10-01 12:27:07.000,SYNTH_USER_03,,SYNTH_USER_02,0,307DEFEB-9888-F474-0000-000000000071,SYNTHETIC — hackathon mock data,2024-05-02 00:00:00.000,,2F35E9C7-D583-C07A-0000-000000000015,6BA6E43F-D229-27C1-0000-000000000003,4.8,2024-06-23 16:22:32.000,2026-09-25 05:26:23.000,FALSE
0,2026-02-22 12:07:29.000,SYNTH_USER_02,,SYNTH_USER_02,0,307DEFEB-9888-F474-0000-00000000007D,SYNTHETIC — hackathon mock data,2025-08-12 00:00:00.000,,2F35E9C7-D583-C07A-0000-000000000016,6BA6E43F-D229-27C1-0000-000000000001,210.0,2025-11-26 05:26:24.000,2026-09-25 07:49:11.000,FALSE
1,2026-06-06 14:23:40.000,SYNTH_USER_04,,SYNTH_USER_04,0,307DEFEB-9888-F474-0000-000000000055,SYNTHETIC — hackathon mock data,2024-05-17 00:00:00.000,,2F35E9C7-D583-C07A-0000-000000000017,6BA6E43F-D229-27C1-0000-000000000002,14.4,2024-12-31 00:41:15.000,2026-09-25 09:05:27.000,FALSE
1,2026-02-27 22:42:03.000,SYNTH_USER_03,,SYNTH_USER_04,0,307DEFEB-9888-F474-0000-000000000048,SYNTHETIC — hackathon mock data,2024-05-02 00:00:00.000,,2F35E9C7-D583-C07A-0000-000000000018,6BA6E43F-D229-27C1-0000-000000000003,8.9,2026-06-16 15:06:24.000,2026-09-24 10:45:36.000,FALSE
1,2026-09-05 15:45:48.000,SYNTH_USER_02,,SYNTH_USER_03,0,307DEFEB-9888-F474-0000-000000000085,SYNTHETIC — hackathon mock data,2026-08-01 00:00:00.000,,2F35E9C7-D583-C07A-0000-000000000019,6BA6E43F-D229-27C1-0000-000000000003,1.3,2026-08-25 20:26:32.000,2026-09-22 19:06:08.000,FALSE
0,2026-07-27 19:07:41.000,SYNTH_USER_04,,SYNTH_USER_04,0,307DEFEB-9888-F474-0000-00000000006C,SYNTHETIC — hackathon mock data,2026-06-28 00:00:00.000,,2F35E9C7-D583-C07A-0000-00000000001A,6BA6E43F-D229-27C1-0000-000000000001,306.9,2026-09-17 10:46:39.000,2026-09-23 00:33:44.000,FALSE
1,2026-08-18 17:58:07.000,SYNTH_USER_04,,SYNTH_USER_03,0,307DEFEB-9888-F474-0000-000000000049,SYNTHETIC — hackathon mock data,2026-08-06 00:00:00.000,,2F35E9C7-D583-C07A-0000-00000000001B,6BA6E43F-D229-27C1-0000-000000000002,23.6,2026-09-18 07:51:35.000,2026-09-23 00:03:17.000,FALSE
1,2026-09-05 01:14:32.000,SYNTH_USER_03,EVENT_A,SYNTH_USER_04,0,307DEFEB-9888-F474-0000-000000000016,SYNTHETIC — hackathon mock data,2026-09-04 00:00:00.000,,2F35E9C7-D583-C07A-0000-00000000001C,6BA6E43F-D229-27C1-0000-000000000004,,2026-09-17 23:37:22.000,2026-09-24 16:39:04.000,FALSE
0,2024-08-18 13:37:45.000,SYNTH_USER_03,,SYNTH_USER_01,0,307DEFEB-9888-F474-0000-000000000034,SYNTHETIC — hackathon mock data,2024-06-15 00:00:00.000,,2F35E9C7-D583-C07A-0000-00000000001D,6BA6E43F-D229-27C1-0000-000000000001,274.0,2026-09-20 17:54:57.000,2026-09-23 02:41:20.000,FALSE
1,2026-08-16 07:55:48.000,SYNTH_USER_01,,SYNTH_USER_03,0,307DEFEB-9888-F474-0000-000000000026,SYNTHETIC — hackathon mock data,2026-07-22 00:00:00.000,,2F35E9C7-D583-C07A-0000-00000000001E,6BA6E43F-D229-27C1-0000-000000000002,12.7,2026-07-29 13:06:52.000,2026-09-22 03:30:13.000,FALSE
0,2026-06-28 17:29:34.000,SYNTH_USER_02,,SYNTH_USER_04,0,307DEFEB-9888-F474-0000-000000000017,SYNTHETIC — hackathon mock data,2026-05-04 00:00:00.000,,2F35E9C7-D583-C07A-0000-00000000001F,6BA6E43F-D229-27C1-0000-000000000001,190.2,2026-06-26 20:59:00.000,2026-09-25 04:22:12.000,FALSE
1,2025-10-16 06:51:04.000,SYNTH_USER_04,EVENT_A,SYNTH_USER_02,0,307DEFEB-9888-F474-0000-00000000006E,SYNTHETIC — hackathon mock data,2025-06-04 00:00:00.000,,2F35E9C7-D583-C07A-0000-000000000020,6BA6E43F-D229-27C1-0000-000000000004,,2026-05-17 11:32:09.000,2026-09-22 23:53:09.000,FALSE
1,2025-08-27 16:21:00.000,SYNTH_USER_04,,SYNTH_USER_03,0,307DEFEB-9888-F474-0000-000000000084,SYNTHETIC — hackathon mock data,2024-04-21 00:00:00.000,,2F35E9C7-D583-C07A-0000-000000000021,6BA6E43F-D229-27C1-0000-000000000002,15.2,2024-09-10 01:29:24.000,2026-09-22 01:04:42.000,FALSE
0,2025-06-10 02:07:34.000,SYNTH_USER_02,,SYNTH_USER_02,0,307DEFEB-9888-F474-0000-00000000005C,SYNTHETIC — hackathon mock data,2024-09-06 00:00:00.000,,2F35E9C7-D583-C07A-0000-000000000022,6BA6E43F-D229-27C1-0000-000000000002,28.0,2026-02-15 14:01:16.000,2026-09-25 18:20:42.000,FALSE
0,2025-03-08 01:57:41.000,SYNTH_USER_03,EVENT_C,SYNTH_USER_04,0,307DEFEB-9888-F474-0000-000000000049,SYNTHETIC — hackathon mock data,2024-07-09 00:00:00.000,,2F35E9C7-D583-C07A-0000-000000000023,6BA6E43F-D229-27C1-0000-000000000004,,2026-08-14 06:27:36.000,2026-09-22 20:24:33.000,FALSE
1,2025-01-11 14:43:13.000,SYNTH_USER_02,,SYNTH_USER_03,0,307DEFEB-9888-F474-0000-000000000031,SYNTHETIC — hackathon mock data,2024-09-13 00:00:00.000,,2F35E9C7-D583-C07A-0000-000000000024,6BA6E43F-D229-27C1-0000-000000000003,7.6,2025-02-04 17:55:26.000,2026-09-23 08:49:13.000,FALSE
1,2025-04-20 13:32:50.000,SYNTH_USER_03,,SYNTH_USER_04,0,307DEFEB-9888-F474-0000-000000000047,SYNTHETIC — hackathon mock data,2024-09-14 00:00:00.000,,2F35E9C7-D583-C07A-0000-000000000025,6BA6E43F-D229-27C1-0000-000000000001,181.6,2025-08-31 23:33:51.000,2026-09-24 01:26:23.000,FALSE
0,2024-06-07 20:41:26.000,SYNTH_USER_03,,SYNTH_USER_04,0,307DEFEB-9888-F474-0000-00000000007B,SYNTHETIC — hackathon mock data,2024-04-25 00:00:00.000,,2F35E9C7-D583-C07A-0000-000000000026,6BA6E43F-D229-27C1-0000-000000000002,12.7,2026-02-07 23:53:08.000,2026-09-25 04:06:39.000,FALSE
0,2026-06-24 20:50:08.000,SYNTH_USER_03,,SYNTH_USER_04,0,307DEFEB-9888-F474-0000-000000000003,SYNTHETIC — hackathon mock data,2026-06-11 00:00:00.000,,2F35E9C7-D583-C07A-0000-000000000027,6BA6E43F-D229-27C1-0000-000000000003,7.3,2026-09-10 17:41:58.000,2026-09-25 19:49:08.000,FALSE
0,2026-08-26 11:26:34.000,SYNTH_USER_02,NONE,SYNTH_USER_02,0,307DEFEB-9888-F474-0000-000000000035,SYNTHETIC — hackathon mock data,2026-04-18 00:00:00.000,,2F35E9C7-D583-C07A-0000-000000000028,6BA6E43F-D229-27C1-0000-000000000004,,2026-05-02 04:25:27.000,2026-09-23 01:56:16.000,FALSE
1,2026-10-09 14:11:02.000,SYNTH_USER_02,,SYNTH_USER_04,0,307DEFEB-9888-F474-0000-000000000001,SYNTHETIC — hackathon mock data,2026-10-21 00:00:00.000,,2F35E9C7-D583-C07A-0000-000000000029,6BA6E43F-D229-27C1-0000-000000000002,24.2,2026-10-18 21:32:22.000,2026-09-25 21:44:03.000,FALSE
0,2026-01-30 17:09:40.000,SYNTH_USER_01,,SYNTH_USER_02,0,307DEFEB-9888-F474-0000-00000000000C,SYNTHETIC — hackathon mock data,2024-08-21 00:00:00.000,,2F35E9C7-D583-C07A-0000-00000000002A,6BA6E43F-D229-27C1-0000-000000000003,6.9,2026-02-13 05:06:35.000,2026-09-25 07:59:49.000,FALSE
0,2025-09-23 03:23:35.000,SYNTH_USER_01,NONE,SYNTH_USER_02,0,307DEFEB-9888-F474-0000-000000000027,SYNTHETIC — hackathon mock data,2025-06-06 00:00:00.000,,2F35E9C7-D583-C07A-0000-00000000002B,6BA6E43F-D229-27C1-0000-000000000004,,2026-07-09 06:12:08.000,2026-09-22 22:02:33.000,FALSE
1,2026-05-03 03:32:23.000,SYNTH_USER_03,EVENT_B,SYNTH_USER_01,0,307DEFEB-9888-F474-0000-00000000003B,SYNTHETIC — hackathon mock data,2024-09-02 00:00:00.000,,2F35E9C7-D583-C07A-0000-00000000002C,6BA6E43F-D229-27C1-0000-000000000004,,2024-09-11 16:47:26.000,2026-09-22 11:57:35.000,FALSE
0,2025-02-20 14:03:12.000,SYNTH_USER_04,,SYNTH_USER_03,0,307DEFEB-9888-F474-0000-000000000076,SYNTHETIC — hackathon mock data,2024-09-21 00:00:00.000,,2F35E9C7-D583-C07A-0000-00000000002D,6BA6E43F-D229-27C1-0000-000000000001,295.5,2025-12-30 09:34:57.000,2026-09-23 07:18:30.000,FALSE
0,2025-10-20 19:02:00.000,SYNTH_USER_02,,SYNTH_USER_04,0,307DEFEB-9888-F474-0000-000000000073,SYNTHETIC — hackathon mock data,2024-06-05 00:00:00.000,,2F35E9C7-D583-C07A-0000-00000000002E,6BA6E43F-D229-27C1-0000-000000000002,11.3,2024-06-20 05:02:15.000,2026-09-24 17:37:22.000,FALSE
0,2024-12-07 15:03:52.000,SYNTH_USER_04,,SYNTH_USER_04,0,307DEFEB-9888-F474-0000-00000000003B,SYNTHETIC — hackathon mock data,2024-08-20 00:00:00.000,,2F35E9C7-D583-C07A-0000-00000000002F,6BA6E43F-D229-27C1-0000-000000000001,266.7,2026-06-11 09:00:31.000,2026-09-23 18:43:15.000,FALSE
0,2026-05-29 01:10:14.000,SYNTH_USER_01,EVENT_C,SYNTH_USER_02,0,307DEFEB-9888-F474-0000-00000000000F,SYNTHETIC — hackathon mock data,2026-05-16 00:00:00.000,,2F35E9C7-D583-C07A-0000-000000000030,6BA6E43F-D229-27C1-0000-000000000004,,2026-07-30 02:49:49.000,2026-09-25 05:02:25.000,FALSE
0,2026-09-01 17:32:30.000,SYNTH_USER_02,,SYNTH_USER_03,0,307DEFEB-9888-F474-0000-00000000008C,SYNTHETIC — hackathon mock data,2026-08-20 00:00:00.000,,2F35E9C7-D583-C07A-0000-000000000031,6BA6E43F-D229-27C1-0000-000000000002,24.0,2026-09-11 16:53:26.000,2026-09-23 07:39:24.000,FALSE
0,2025-07-22 19:43:21.000,SYNTH_USER_01,,SYNTH_USER_02,0,307DEFEB-9888-F474-0000-000000000093,SYNTHETIC — hackathon mock data,2025-04-05 00:00:00.000,,2F35E9C7-D583-C07A-0000-000000000032,6BA6E43F-D229-27C1-0000-000000000002,11.6,2025-06-20 03:30:01.000,2026-09-22 17:35:50.000,FALSE
0,2024-09-23 03:39:18.000,SYNTH_USER_02,,SYNTH_USER_04,0,307DEFEB-9888-F474-0000-000000000006,SYNTHETIC — hackathon mock data,2024-08-28 00:00:00.000,,2F35E9C7-D583-C07A-0000-000000000033,6BA6E43F-D229-27C1-0000-000000000003,4.7,2026-01-15 17:58:11.000,2026-09-23 19:16:13.000,FALSE
0,2026-09-04 22:07:30.000,SYNTH_USER_03,,SYNTH_USER_04,0,307DEFEB-9888-F474-0000-000000000093,SYNTHETIC — hackathon mock data,2026-08-12 00:00:00.000,,2F35E9C7-D583-C07A-0000-000000000034,6BA6E43F-D229-27C1-0000-000000000003,4.8,2026-09-20 08:46:00.000,2026-09-23 15:38:20.000,FALSE
0,2026-07-27 04:26:13.000,SYNTH_USER_01,,SYNTH_USER_02,0,307DEFEB-9888-F474-0000-000000000055,SYNTHETIC — hackathon mock data,2026-05-10 00:00:00.000,,2F35E9C7-D583-C07A-0000-000000000035,6BA6E43F-D229-27C1-0000-000000000002,19.1,2026-09-20 03:51:00.000,2026-09-23 03:51:43.000,FALSE
0,2025-09-02 09:51:11.000,SYNTH_USER_03,,SYNTH_USER_02,0,307DEFEB-9888-F474-0000-00000000002F,SYNTHETIC — hackathon mock data,2025-08-02 00:00:00.000,,2F35E9C7-D583-C07A-0000-000000000036,6BA6E43F-D229-27C1-0000-000000000001,195.6,2026-07-10 11:19:51.000,2026-09-22 04:14:20.000,FALSE
1,2026-05-19 03:53:52.000,SYNTH_USER_01,,SYNTH_USER_02,0,307DEFEB-9888-F474-0000-00000000003B,SYNTHETIC — hackathon mock data,2025-10-03 00:00:00.000,,2F35E9C7-D583-C07A-0000-000000000037,6BA6E43F-D229-27C1-0000-000000000002,21.8,2026-05-08 11:58:24.000,2026-09-23 23:24:50.000,FALSE
1,2025-07-06 19:23:13.000,SYNTH_USER_02,EVENT_B,SYNTH_USER_04,0,307DEFEB-9888-F474-0000-000000000029,SYNTHETIC — hackathon mock data,2025-04-19 00:00:00.000,,2F35E9C7-D583-C07A-0000-000000000038,6BA6E43F-D229-27C1-0000-000000000004,,2026-07-15 11:33:38.000,2026-09-23 05:12:26.000,FALSE
0,2026-09-16 00:52:49.000,SYNTH_USER_03,,SYNTH_USER_03,0,307DEFEB-9888-F474-0000-00000000004C,SYNTHETIC — hackathon mock data,2026-07-21 00:00:00.000,,2F35E9C7-D583-C07A-0000-000000000039,6BA6E43F-D229-27C1-0000-000000000003,4.0,2026-09-10 10:44:53.000,2026-09-25 20:18:43.000,FALSE
0,2026-01-31 15:54:21.000,SYNTH_USER_04,EVENT_C,SYNTH_USER_04,0,307DEFEB-9888-F474-0000-000000000030,SYNTHETIC — hackathon mock data,2025-05-12 00:00:00.000,,2F35E9C7-D583-C07A-0000-00000000003A,6BA6E43F-D229-27C1-0000-000000000004,,2026-05-15 05:34:05.000,2026-09-22 02:05:35.000,FALSE
0,2024-12-17 16:11:06.000,SYNTH_USER_02,NONE,SYNTH_USER_02,0,307DEFEB-9888-F474-0000-00000000004F,SYNTHETIC — hackathon mock data,2024-06-18 00:00:00.000,,2F35E9C7-D583-C07A-0000-00000000003B,6BA6E43F-D229-27C1-0000-000000000004,,2026-04-17 19:05:56.000,2026-09-23 04:35:48.000,FALSE
0,2026-08-02 01:19:41.000,SYNTH_USER_03,,SYNTH_USER_02,0,307DEFEB-9888-F474-0000-00000000006E,SYNTHETIC — hackathon mock data,2026-05-17 00:00:00.000,,2F35E9C7-D583-C07A-0000-00000000003C,6BA6E43F-D229-27C1-0000-000000000001,306.0,2026-06-22 17:05:11.000,2026-09-22 05:55:08.000,FALSE
0,2025-11-20 11:55:19.000,SYNTH_USER_03,,SYNTH_USER_01,0,307DEFEB-9888-F474-0000-000000000056,SYNTHETIC — hackathon mock data,2024-05-23 00:00:00.000,,2F35E9C7-D583-C07A-0000-00000000003D,6BA6E43F-D229-27C1-0000-000000000003,6.4,2025-01-10 03:48:56.000,2026-09-23 05:46:21.000,FALSE
0,2025-10-12 04:05:16.000,SYNTH_USER_04,,SYNTH_USER_01,0,307DEFEB-9888-F474-0000-000000000070,SYNTHETIC — hackathon mock data,2025-07-09 00:00:00.000,,2F35E9C7-D583-C07A-0000-00000000003E,6BA6E43F-D229-27C1-0000-000000000003,3.5,2026-01-05 06:46:33.000,2026-09-25 16:51:32.000,FALSE
0,2024-08-29 11:04:45.000,SYNTH_USER_02,EVENT_B,SYNTH_USER_04,0,307DEFEB-9888-F474-0000-000000000062,SYNTHETIC — hackathon mock data,2024-07-04 00:00:00.000,,2F35E9C7-D583-C07A-0000-00000000003F,6BA6E43F-D229-27C1-0000-000000000004,,2025-06-14 17:16:55.000,2026-09-25 19:35:27.000,FALSE
0,2026-08-18 11:55:25.000,SYNTH_USER_04,,SYNTH_USER_01,0,307DEFEB-9888-F474-0000-00000000003F,SYNTHETIC — hackathon mock data,2024-04-02 00:00:00.000,,2F35E9C7-D583-C07A-0000-000000000040,6BA6E43F-D229-27C1-0000-000000000003,1.9,2025-09-29 17:32:49.000,2026-09-22 02:33:34.000,FALSE
0,2025-09-16 05:37:22.000,SYNTH_USER_04,,SYNTH_USER_04,0,307DEFEB-9888-F474-0000-00000000004F,SYNTHETIC — hackathon mock data,2025-07-28 00:00:00.000,,2F35E9C7-D583-C07A-0000-000000000041,6BA6E43F-D229-27C1-0000-000000000003,3.0,2026-01-20 18:33:58.000,2026-09-24 20:05:15.000,FALSE
1,2026-10-13 17:09:40.000,SYNTH_USER_01,EVENT_A,SYNTH_USER_02,0,307DEFEB-9888-F474-0000-000000000070,SYNTHETIC — hackathon mock data,2026-10-22 00:00:00.000,,2F35E9C7-D583-C07A-0000-000000000042,6BA6E43F-D229-27C1-0000-000000000004,,2026-10-16 04:26:14.000,2026-09-24 03:08:14.000,FALSE
0,2025-11-28 14:42:15.000,SYNTH_USER_02,,SYNTH_USER_04,0,307DEFEB-9888-F474-0000-00000000002A,SYNTHETIC — hackathon mock data,2025-04-25 00:00:00.000,,2F35E9C7-D583-C07A-0000-000000000043,6BA6E43F-D229-27C1-0000-000000000003,2.2,2025-11-24 18:39:04.000,2026-09-25 19:44:35.000,FALSE
0,2025-05-27 13:10:07.000,SYNTH_USER_03,,SYNTH_USER_03,0,307DEFEB-9888-F474-0000-000000000025,SYNTHETIC — hackathon mock data,2024-06-21 00:00:00.000,,2F35E9C7-D583-C07A-0000-000000000044,6BA6E43F-D229-27C1-0000-000000000002,20.5,2026-01-26 13:37:55.000,2026-09-22 04:15:35.000,FALSE
1,2025-12-09 18:00:25.000,SYNTH_USER_03,,SYNTH_USER_03,0,307DEFEB-9888-F474-0000-000000000015,SYNTHETIC — hackathon mock data,2024-10-16 00:00:00.000,,2F35E9C7-D583-C07A-0000-000000000045,6BA6E43F-D229-27C1-0000-000000000002,23.9,2025-03-23 13:06:55.000,2026-09-22 10:39:14.000,FALSE
0,2025-10-23 16:16:59.000,SYNTH_USER_04,,SYNTH_USER_04,0,307DEFEB-9888-F474-0000-000000000063,SYNTHETIC — hackathon mock data,2024-09-20 00:00:00.000,,2F35E9C7-D583-C07A-0000-000000000046,6BA6E43F-D229-27C1-0000-000000000002,29.0,2025-12-21 03:57:48.000,2026-09-22 15:51:40.000,FALSE
0,2025-01-17 03:30:41.000,SYNTH_USER_03,,SYNTH_USER_04,0,307DEFEB-9888-F474-0000-000000000041,SYNTHETIC — hackathon mock data,2024-04-04 00:00:00.000,,2F35E9C7-D583-C07A-0000-000000000047,6BA6E43F-D229-27C1-0000-000000000002,28.6,2024-10-11 04:16:06.000,2026-09-24 22:54:32.000,FALSE
0,2026-05-28 10:39:40.000,SYNTH_USER_04,EVENT_C,SYNTH_USER_04,0,307DEFEB-9888-F474-0000-000000000071,SYNTHETIC — hackathon mock data,2026-05-07 00:00:00.000,,2F35E9C7-D583-C07A-0000-000000000048,6BA6E43F-D229-27C1-0000-000000000004,,2026-06-05 13:16:53.000,2026-09-24 08:01:42.000,FALSE
0,2026-07-10 06:30:09.000,SYNTH_USER_04,,SYNTH_USER_02,0,307DEFEB-9888-F474-0000-000000000016,SYNTHETIC — hackathon mock data,2025-06-07 00:00:00.000,,2F35E9C7-D583-C07A-0000-000000000049,6BA6E43F-D229-27C1-0000-000000000003,4.9,2025-07-13 01:16:05.000,2026-09-25 07:46:16.000,FALSE
0,2025-08-28 19:28:09.000,SYNTH_USER_04,,SYNTH_USER_03,0,307DEFEB-9888-F474-0000-000000000056,SYNTHETIC — hackathon mock data,2025-04-21 00:00:00.000,,2F35E9C7-D583-C07A-0000-00000000004A,6BA6E43F-D229-27C1-0000-000000000003,8.0,2025-06-17 16:45:04.000,2026-09-23 01:27:13.000,FALSE
0,2026-09-11 02:32:45.000,SYNTH_USER_01,EVENT_B,SYNTH_USER_02,0,307DEFEB-9888-F474-0000-000000000061,SYNTHETIC — hackathon mock data,2025-10-21 00:00:00.000,,2F35E9C7-D583-C07A-0000-00000000004B,6BA6E43F-D229-27C1-0000-000000000004,,2026-08-21 19:50:46.000,2026-09-22 19:19:42.000,FALSE
1,2026-04-10 00:47:42.000,SYNTH_USER_02,,SYNTH_USER_03,0,307DEFEB-9888-F474-0000-000000000059,SYNTHETIC — hackathon mock data,2025-04-13 00:00:00.000,,2F35E9C7-D583-C07A-0000-00000000004C,6BA6E43F-D229-27C1-0000-000000000002,26.4,2025-07-14 06:53:48.000,2026-09-23 20:12:15.000,FALSE
1,2026-09-02 18:31:15.000,SYNTH_USER_04,,SYNTH_USER_04,0,307DEFEB-9888-F474-0000-000000000043,SYNTHETIC — hackathon mock data,2026-04-27 00:00:00.000,,2F35E9C7-D583-C07A-0000-00000000004D,6BA6E43F-D229-27C1-0000-000000000002,18.7,2026-05-03 20:57:27.000,2026-09-24 08:28:35.000,FALSE
1,2025-04-28 16:11:37.000,SYNTH_USER_03,,SYNTH_USER_03,0,307DEFEB-9888-F474-0000-000000000087,SYNTHETIC — hackathon mock data,2024-10-19 00:00:00.000,,2F35E9C7-D583-C07A-0000-00000000004E,6BA6E43F-D229-27C1-0000-000000000001,206.4,2026-04-14 17:31:37.000,2026-09-24 16:27:28.000,FALSE
0,2024-10-04 04:38:21.000,SYNTH_USER_03,,SYNTH_USER_03,0,307DEFEB-9888-F474-0000-000000000086,SYNTHETIC — hackathon mock data,2024-09-25 00:00:00.000,,2F35E9C7-D583-C07A-0000-00000000004F,6BA6E43F-D229-27C1-0000-000000000002,17.2,2025-03-06 08:33:15.000,2026-09-24 10:31:15.000,FALSE
1,2025-09-23 09:36:24.000,SYNTH_USER_03,EVENT_C,SYNTH_USER_04,0,307DEFEB-9888-F474-0000-000000000055,SYNTHETIC — hackathon mock data,2025-08-26 00:00:00.000,,2F35E9C7-D583-C07A-0000-000000000050,6BA6E43F-D229-27C1-0000-000000000004,,2026-05-11 02:59:16.000,2026-09-22 03:19:25.000,FALSE
0,2024-05-22 22:53:20.000,SYNTH_USER_01,,SYNTH_USER_01,0,307DEFEB-9888-F474-0000-000000000078,SYNTHETIC — hackathon mock data,2024-04-25 00:00:00.000,,2F35E9C7-D583-C07A-0000-000000000051,6BA6E43F-D229-27C1-0000-000000000002,26.9,2026-05-31 07:05:17.000,2026-09-24 19:07:14.000,FALSE
1,2026-09-06 12:52:42.000,SYNTH_USER_02,,SYNTH_USER_03,0,307DEFEB-9888-F474-0000-000000000024,SYNTHETIC — hackathon mock data,2026-08-27 00:00:00.000,,2F35E9C7-D583-C07A-0000-000000000052,6BA6E43F-D229-27C1-0000-000000000002,24.0,2026-09-01 14:54:12.000,2026-09-23 02:01:59.000,FALSE
0,2026-09-12 15:36:08.000,SYNTH_USER_02,,SYNTH_USER_04,0,307DEFEB-9888-F474-0000-00000000002F,SYNTHETIC — hackathon mock data,2026-07-02 00:00:00.000,,2F35E9C7-D583-C07A-0000-000000000053,6BA6E43F-D229-27C1-0000-000000000001,164.8,2026-08-24 10:32:35.000,2026-09-23 14:43:28.000,FALSE
0,2024-09-13 15:07:00.000,SYNTH_USER_02,,SYNTH_USER_01,0,307DEFEB-9888-F474-0000-000000000079,SYNTHETIC — hackathon mock data,2024-07-01 00:00:00.000,,2F35E9C7-D583-C07A-0000-000000000054,6BA6E43F-D229-27C1-0000-000000000003,2.7,2026-06-08 11:20:21.000,2026-09-23 03:05:11.000,FALSE
0,2026-02-19 00:18:22.000,SYNTH_USER_03,,SYNTH_USER_01,0,307DEFEB-9888-F474-0000-00000000000C,SYNTHETIC — hackathon mock data,2025-09-27 00:00:00.000,,2F35E9C7-D583-C07A-0000-000000000055,6BA6E43F-D229-27C1-0000-000000000002,14.5,2026-06-27 16:02:13.000,2026-09-22 13:47:50.000,FALSE
0,2026-05-18 19:25:55.000,SYNTH_USER_02,,SYNTH_USER_04,0,307DEFEB-9888-F474-0000-000000000025,SYNTHETIC — hackathon mock data,2025-09-26 00:00:00.000,,2F35E9C7-D583-C07A-0000-000000000056,6BA6E43F-D229-27C1-0000-000000000003,5.4,2026-09-10 01:26:10.000,2026-09-25 03:50:09.000,FALSE
1,2026-03-21 18:19:40.000,SYNTH_USER_04,,SYNTH_USER_01,0,307DEFEB-9888-F474-0000-000000000082,SYNTHETIC — hackathon mock data,2024-08-14 00:00:00.000,,2F35E9C7-D583-C07A-0000-000000000057,6BA6E43F-D229-27C1-0000-000000000003,8.5,2024-08-17 01:37:21.000,2026-09-22 14:38:59.000,FALSE
0,2026-04-03 06:29:20.000,SYNTH_USER_01,,SYNTH_USER_02,0,307DEFEB-9888-F474-0000-00000000005C,SYNTHETIC — hackathon mock data,2024-05-22 00:00:00.000,,2F35E9C7-D583-C07A-0000-000000000058,6BA6E43F-D229-27C1-0000-000000000003,6.5,2025-03-19 13:16:59.000,2026-09-25 05:19:31.000,FALSE
0,2025-07-16 07:12:35.000,SYNTH_USER_04,,SYNTH_USER_01,0,307DEFEB-9888-F474-0000-000000000058,SYNTHETIC — hackathon mock data,2024-10-10 00:00:00.000,,2F35E9C7-D583-C07A-0000-000000000059,6BA6E43F-D229-27C1-0000-000000000002,10.1,2025-02-21 02:20:26.000,2026-09-24 01:36:53.000,FALSE
0,2026-04-20 14:11:46.000,SYNTH_USER_02,,SYNTH_USER_03,0,307DEFEB-9888-F474-0000-00000000004A,SYNTHETIC — hackathon mock data,2025-08-05 00:00:00.000,,2F35E9C7-D583-C07A-0000-00000000005A,6BA6E43F-D229-27C1-0000-000000000001,301.8,2026-04-04 16:22:30.000,2026-09-22 13:11:04.000,FALSE
0,2026-09-13 21:51:17.000,SYNTH_USER_03,EVENT_A,SYNTH_USER_02,0,307DEFEB-9888-F474-0000-00000000005D,SYNTHETIC — hackathon mock data,2026-06-03 00:00:00.000,,2F35E9C7-D583-C07A-0000-00000000005B,6BA6E43F-D229-27C1-0000-000000000004,,2026-06-30 14:48:45.000,2026-09-22 02:31:06.000,FALSE
1,2025-11-23 18:42:42.000,SYNTH_USER_04,NONE,SYNTH_USER_04,0,307DEFEB-9888-F474-0000-000000000019,SYNTHETIC — hackathon mock data,2025-08-14 00:00:00.000,,2F35E9C7-D583-C07A-0000-00000000005C,6BA6E43F-D229-27C1-0000-000000000004,,2025-12-11 03:42:24.000,2026-09-25 06:39:27.000,FALSE
0,2026-08-30 23:09:55.000,SYNTH_USER_03,,SYNTH_USER_02,0,307DEFEB-9888-F474-0000-00000000000F,SYNTHETIC — hackathon mock data,2026-07-26 00:00:00.000,,2F35E9C7-D583-C07A-0000-00000000005D,6BA6E43F-D229-27C1-0000-000000000001,246.3,2026-08-24 10:26:52.000,2026-09-24 14:55:04.000,FALSE
0,2025-06-12 03:11:48.000,SYNTH_USER_04,,SYNTH_USER_03,0,307DEFEB-9888-F474-0000-000000000035,SYNTHETIC — hackathon mock data,2025-04-12 00:00:00.000,,2F35E9C7-D583-C07A-0000-00000000005E,6BA6E43F-D229-27C1-0000-000000000001,155.9,2026-05-06 03:13:01.000,2026-09-23 08:24:35.000,FALSE
0,2026-09-13 08:01:44.000,SYNTH_USER_03,,SYNTH_USER_03,0,307DEFEB-9888-F474-0000-000000000001,SYNTHETIC — hackathon mock data,2026-09-10 00:00:00.000,,2F35E9C7-D583-C07A-0000-00000000005F,6BA6E43F-D229-27C1-0000-000000000002,20.6,2026-09-17 20:55:39.000,2026-09-23 13:16:02.000,FALSE
0,2026-08-13 12:45:35.000,SYNTH_USER_02,,SYNTH_USER_02,0,307DEFEB-9888-F474-0000-00000000002C,SYNTHETIC — hackathon mock data,2026-07-11 00:00:00.000,,2F35E9C7-D583-C07A-0000-000000000060,6BA6E43F-D229-27C1-0000-000000000002,22.4,2026-07-12 11:08:19.000,2026-09-23 01:25:23.000,FALSE
0,2025-11-07 21:51:50.000,SYNTH_USER_01,,SYNTH_USER_04,0,307DEFEB-9888-F474-0000-00000000001C,SYNTHETIC — hackathon mock data,2025-05-18 00:00:00.000,,2F35E9C7-D583-C07A-0000-000000000061,6BA6E43F-D229-27C1-0000-000000000002,27.3,2025-09-02 08:47:27.000,2026-09-22 18:53:25.000,FALSE
1,2025-02-17 19:10:57.000,SYNTH_USER_03,,SYNTH_USER_04,0,307DEFEB-9888-F474-0000-000000000076,SYNTHETIC — hackathon mock data,2024-07-19 00:00:00.000,,2F35E9C7-D583-C07A-0000-000000000062,6BA6E43F-D229-27C1-0000-000000000003,4.0,2025-04-11 13:10:04.000,2026-09-24 14:07:39.000,FALSE
0,2026-08-06 13:15:04.000,SYNTH_USER_02,NONE,SYNTH_USER_04,0,307DEFEB-9888-F474-0000-000000000019,SYNTHETIC — hackathon mock data,2026-06-08 00:00:00.000,,2F35E9C7-D583-C07A-0000-000000000063,6BA6E43F-D229-27C1-0000-000000000004,,2026-08-24 21:19:13.000,2026-09-24 15:39:14.000,FALSE
0,2025-12-26 16:38:53.000,SYNTH_USER_04,EVENT_C,SYNTH_USER_04,0,307DEFEB-9888-F474-0000-00000000008D,SYNTHETIC — hackathon mock data,2024-06-28 00:00:00.000,,2F35E9C7-D583-C07A-0000-000000000064,6BA6E43F-D229-27C1-0000-000000000004,,2026-06-11 23:48:28.000,2026-09-25 23:48:18.000,FALSE
0,2026-05-17 04:25:36.000,SYNTH_USER_04,,SYNTH_USER_04,0,307DEFEB-9888-F474-0000-000000000057,SYNTHETIC — hackathon mock data,2025-09-26 00:00:00.000,,2F35E9C7-D583-C07A-0000-000000000065,6BA6E43F-D229-27C1-0000-000000000002,20.5,2026-03-15 15:10:08.000,2026-09-25 14:40:30.000,FALSE
1,2025-09-20 04:04:53.000,SYNTH_USER_04,,SYNTH_USER_02,0,307DEFEB-9888-F474-0000-000000000033,SYNTHETIC — hackathon mock data,2024-10-07 00:00:00.000,,2F35E9C7-D583-C07A-0000-000000000066,6BA6E43F-D229-27C1-0000-000000000001,270.3,2026-02-18 15:51:55.000,2026-09-24 02:41:52.000,FALSE
1,2026-01-30 06:29:26.000,SYNTH_USER_03,,SYNTH_USER_01,0,307DEFEB-9888-F474-0000-00000000007B,SYNTHETIC — hackathon mock data,2025-05-21 00:00:00.000,,2F35E9C7-D583-C07A-0000-000000000067,6BA6E43F-D229-27C1-0000-000000000002,15.8,2025-09-21 15:11:13.000,2026-09-22 06:16:19.000,FALSE
0,2024-10-26 02:31:18.000,SYNTH_USER_02,,SYNTH_USER_03,0,307DEFEB-9888-F474-0000-000000000073,SYNTHETIC — hackathon mock data,2024-10-08 00:00:00.000,,2F35E9C7-D583-C07A-0000-000000000068,6BA6E43F-D229-27C1-0000-000000000001,188.1,2025-06-14 04:47:01.000,2026-09-22 21:15:31.000,FALSE
0,2026-09-29 01:57:30.000,SYNTH_USER_02,,SYNTH_USER_01,0,307DEFEB-9888-F474-0000-00000000004D,SYNTHETIC — hackathon mock data,2026-10-01 00:00:00.000,,2F35E9C7-D583-C07A-0000-000000000069,6BA6E43F-D229-27C1-0000-000000000003,3.0,2026-09-30 04:41:16.000,2026-09-22 01:00:58.000,FALSE
0,2026-09-22 07:03:48.000,SYNTH_USER_01,,SYNTH_USER_01,0,307DEFEB-9888-F474-0000-00000000004B,SYNTHETIC — hackathon mock data,2026-09-27 00:00:00.000,,2F35E9C7-D583-C07A-0000-00000000006A,6BA6E43F-D229-27C1-0000-000000000002,18.5,2026-09-26 14:58:59.000,2026-09-22 08:28:16.000,FALSE
0,2026-08-26 21:38:09.000,SYNTH_USER_02,,SYNTH_USER_04,0,307DEFEB-9888-F474-0000-000000000016,SYNTHETIC — hackathon mock data,2026-08-14 00:00:00.000,,2F35E9C7-D583-C07A-0000-00000000006B,6BA6E43F-D229-27C1-0000-000000000003,4.1,2026-08-27 02:03:34.000,2026-09-22 03:58:22.000,FALSE
0,2024-09-26 10:04:30.000,SYNTH_USER_01,,SYNTH_USER_04,0,307DEFEB-9888-F474-0000-00000000007B,SYNTHETIC — hackathon mock data,2024-06-02 00:00:00.000,,2F35E9C7-D583-C07A-0000-00000000006C,6BA6E43F-D229-27C1-0000-000000000002,24.0,2025-05-20 09:54:20.000,2026-09-23 17:40:23.000,FALSE
0,2024-09-15 18:51:57.000,SYNTH_USER_04,,SYNTH_USER_01,0,307DEFEB-9888-F474-0000-00000000001A,SYNTHETIC — hackathon mock data,2024-06-06 00:00:00.000,,2F35E9C7-D583-C07A-0000-00000000006D,6BA6E43F-D229-27C1-0000-000000000002,29.9,2026-06-18 05:05:37.000,2026-09-22 04:51:32.000,FALSE
0,2025-12-14 04:19:02.000,SYNTH_USER_03,,SYNTH_USER_03,0,307DEFEB-9888-F474-0000-000000000059,SYNTHETIC — hackathon mock data,2025-05-18 00:00:00.000,,2F35E9C7-D583-C07A-0000-00000000006E,6BA6E43F-D229-27C1-0000-000000000001,176.3,2026-07-27 07:48:43.000,2026-09-25 08:03:14.000,FALSE
0,2026-03-18 16:24:38.000,SYNTH_USER_04,,SYNTH_USER_03,0,307DEFEB-9888-F474-0000-00000000001F,SYNTHETIC — hackathon mock data,2024-06-09 00:00:00.000,,2F35E9C7-D583-C07A-0000-00000000006F,6BA6E43F-D229-27C1-0000-000000000002,18.4,2024-11-21 20:55:57.000,2026-09-25 05:52:52.000,FALSE
0,2025-09-21 23:48:55.000,SYNTH_USER_02,,SYNTH_USER_03,0,307DEFEB-9888-F474-0000-000000000009,SYNTHETIC — hackathon mock data,2024-04-12 00:00:00.000,,2F35E9C7-D583-C07A-0000-000000000070,6BA6E43F-D229-27C1-0000-000000000001,206.5,2025-07-03 10:52:28.000,2026-09-24 07:19:33.000,FALSE
1,2025-09-20 09:42:36.000,SYNTH_USER_04,,SYNTH_USER_02,0,307DEFEB-9888-F474-0000-000000000055,SYNTHETIC — hackathon mock data,2025-09-13 00:00:00.000,,2F35E9C7-D583-C07A-0000-000000000071,6BA6E43F-D229-27C1-0000-000000000003,7.8,2025-11-18 19:44:01.000,2026-09-25 12:40:20.000,FALSE
0,2025-11-06 21:41:19.000,SYNTH_USER_02,,SYNTH_USER_02,0,307DEFEB-9888-F474-0000-00000000006E,SYNTHETIC — hackathon mock data,2025-09-24 00:00:00.000,,2F35E9C7-D583-C07A-0000-000000000072,6BA6E43F-D229-27C1-0000-000000000003,8.7,2026-02-07 15:54:51.000,2026-09-23 19:02:14.000,FALSE
0,2026-10-05 19:35:31.000,SYNTH_USER_04,,SYNTH_USER_04,0,307DEFEB-9888-F474-0000-000000000041,SYNTHETIC — hackathon mock data,2026-10-08 00:00:00.000,,2F35E9C7-D583-C07A-0000-000000000073,6BA6E43F-D229-27C1-0000-000000000001,190.1,2026-09-27 10:59:58.000,2026-09-25 16:05:46.000,FALSE
1,2026-09-14 20:49:44.000,SYNTH_USER_01,EVENT_A,SYNTH_USER_02,0,307DEFEB-9888-F474-0000-00000000002D,SYNTHETIC — hackathon mock data,2026-06-10 00:00:00.000,,2F35E9C7-D583-C07A-0000-000000000074,6BA6E43F-D229-27C1-0000-000000000004,,2026-06-28 01:03:56.000,2026-09-23 09:49:33.000,FALSE
0,2025-12-28 20:20:36.000,SYNTH_USER_02,,SYNTH_USER_03,0,307DEFEB-9888-F474-0000-000000000072,SYNTHETIC — hackathon mock data,2025-07-28 00:00:00.000,,2F35E9C7-D583-C07A-0000-000000000075,6BA6E43F-D229-27C1-0000-000000000003,8.1,2026-07-06 16:34:55.000,2026-09-25 16:36:20.000,FALSE
0,2026-09-16 00:20:06.000,SYNTH_USER_01,EVENT_C,SYNTH_USER_03,0,307DEFEB-9888-F474-0000-000000000093,SYNTHETIC — hackathon mock data,2026-08-22 00:00:00.000,,2F35E9C7-D583-C07A-0000-000000000076,6BA6E43F-D229-27C1-0000-000000000004,,2026-09-13 20:43:55.000,2026-09-24 13:56:53.000,FALSE
1,2024-08-20 16:36:39.000,SYNTH_USER_02,,SYNTH_USER_03,0,307DEFEB-9888-F474-0000-00000000006C,SYNTHETIC — hackathon mock data,2024-04-21 00:00:00.000,,2F35E9C7-D583-C07A-0000-000000000077,6BA6E43F-D229-27C1-0000-000000000002,17.9,2026-07-03 01:59:28.000,2026-09-22 14:29:32.000,FALSE
1,2026-09-20 11:48:17.000,SYNTH_USER_04,EVENT_B,SYNTH_USER_02,0,307DEFEB-9888-F474-0000-00000000007C,SYNTHETIC — hackathon mock data,2026-09-22 00:00:00.000,,2F35E9C7-D583-C07A-0000-000000000078,6BA6E43F-D229-27C1-0000-000000000004,,2026-09-21 00:28:20.000,2026-09-24 20:04:17.000,FALSE
0,2026-09-03 11:21:28.000,SYNTH_USER_02,,SYNTH_USER_04,0,307DEFEB-9888-F474-0000-000000000084,SYNTHETIC — hackathon mock data,2026-08-18 00:00:00.000,,2F35E9C7-D583-C07A-0000-000000000079,6BA6E43F-D229-27C1-0000-000000000003,8.1,2026-09-03 07:45:42.000,2026-09-24 09:14:41.000,FALSE
0,2025-10-24 16:25:14.000,SYNTH_USER_02,,SYNTH_USER_03,0,307DEFEB-9888-F474-0000-00000000008B,SYNTHETIC — hackathon mock data,2024-07-20 00:00:00.000,,2F35E9C7-D583-C07A-0000-00000000007A,6BA6E43F-D229-27C1-0000-000000000002,21.5,2024-12-17 04:46:14.000,2026-09-23 05:21:36.000,FALSE
1,2026-06-19 11:11:11.000,SYNTH_USER_04,,SYNTH_USER_04,0,307DEFEB-9888-F474-0000-000000000024,SYNTHETIC — hackathon mock data,2025-05-05 00:00:00.000,,2F35E9C7-D583-C07A-0000-00000000007B,6BA6E43F-D229-27C1-0000-000000000003,8.7,2026-02-28 20:23:01.000,2026-09-23 05:53:39.000,FALSE
0,2026-08-23 16:26:29.000,SYNTH_USER_04,,SYNTH_USER_04,0,307DEFEB-9888-F474-0000-000000000013,SYNTHETIC — hackathon mock data,2026-06-28 00:00:00.000,,2F35E9C7-D583-C07A-0000-00000000007C,6BA6E43F-D229-27C1-0000-000000000002,28.3,2026-07-19 07:14:21.000,2026-09-23 21:25:20.000,FALSE
0,2026-09-10 12:13:52.000,SYNTH_USER_04,,SYNTH_USER_02,0,307DEFEB-9888-F474-0000-000000000024,SYNTHETIC — hackathon mock data,2025-09-09 00:00:00.000,,2F35E9C7-D583-C07A-0000-00000000007D,6BA6E43F-D229-27C1-0000-000000000001,210.9,2026-05-27 21:53:55.000,2026-09-23 18:15:35.000,FALSE
1,2025-05-22 10:30:56.000,SYNTH_USER_04,,SYNTH_USER_01,0,307DEFEB-9888-F474-0000-000000000001,SYNTHETIC — hackathon mock data,2024-05-07 00:00:00.000,,2F35E9C7-D583-C07A-0000-00000000007E,6BA6E43F-D229-27C1-0000-000000000002,25.6,2025-11-26 01:19:53.000,2026-09-25 11:16:12.000,FALSE
1,2026-08-30 05:23:46.000,SYNTH_USER_03,,SYNTH_USER_04,0,307DEFEB-9888-F474-0000-00000000002B,SYNTHETIC — hackathon mock data,2026-04-27 00:00:00.000,,2F35E9C7-D583-C07A-0000-00000000007F,6BA6E43F-D229-27C1-0000-000000000001,180.6,2026-05-29 22:40:44.000,2026-09-25 23:04:37.000,FALSE
0,2026-09-18 22:00:44.000,SYNTH_USER_01,,SYNTH_USER_02,0,307DEFEB-9888-F474-0000-000000000082,SYNTHETIC — hackathon mock data,2026-09-11 00:00:00.000,,2F35E9C7-D583-C07A-0000-000000000080,6BA6E43F-D229-27C1-0000-000000000001,201.9,2026-09-17 01:20:16.000,2026-09-25 23:09:24.000,FALSE
1,2025-12-28 16:44:42.000,SYNTH_USER_04,,SYNTH_USER_01,0,307DEFEB-9888-F474-0000-000000000012,SYNTHETIC — hackathon mock data,2025-07-09 00:00:00.000,,2F35E9C7-D583-C07A-0000-000000000081,6BA6E43F-D229-27C1-0000-000000000001,250.7,2025-12-18 05:49:59.000,2026-09-25 10:26:45.000,FALSE
0,2025-05-12 22:30:30.000,SYNTH_USER_02,,SYNTH_USER_02,0,307DEFEB-9888-F474-0000-000000000055,SYNTHETIC — hackathon mock data,2024-08-01 00:00:00.000,,2F35E9C7-D583-C07A-0000-000000000082,6BA6E43F-D229-27C1-0000-000000000001,173.6,2025-09-05 06:58:01.000,2026-09-24 07:51:13.000,FALSE
0,2026-04-01 18:42:42.000,SYNTH_USER_01,,SYNTH_USER_04,0,307DEFEB-9888-F474-0000-000000000072,SYNTHETIC — hackathon mock data,2025-06-17 00:00:00.000,,2F35E9C7-D583-C07A-0000-000000000083,6BA6E43F-D229-27C1-0000-000000000001,266.4,2025-10-16 23:44:29.000,2026-09-25 09:52:33.000,FALSE
0,2026-07-03 17:00:40.000,SYNTH_USER_04,,SYNTH_USER_03,0,307DEFEB-9888-F474-0000-000000000078,SYNTHETIC — hackathon mock data,2025-06-14 00:00:00.000,,2F35E9C7-D583-C07A-0000-000000000084,6BA6E43F-D229-27C1-0000-000000000003,5.0,2026-07-26 15:17:06.000,2026-09-23 01:28:56.000,FALSE
1,2026-09-12 10:27:24.000,SYNTH_USER_03,EVENT_C,SYNTH_USER_01,0,307DEFEB-9888-F474-0000-000000000062,SYNTHETIC — hackathon mock data,2026-08-25 00:00:00.000,,2F35E9C7-D583-C07A-0000-000000000085,6BA6E43F-D229-27C1-0000-000000000004,,2026-09-15 04:23:00.000,2026-09-22 20:23:15.000,FALSE
0,2025-09-21 19:14:31.000,SYNTH_USER_03,,SYNTH_USER_01,0,307DEFEB-9888-F474-0000-000000000035,SYNTHETIC — hackathon mock data,2025-06-24 00:00:00.000,,2F35E9C7-D583-C07A-0000-000000000086,6BA6E43F-D229-27C1-0000-000000000003,8.7,2026-03-25 09:37:04.000,2026-09-25 19:27:40.000,FALSE
0,2026-08-26 14:14:47.000,SYNTH_USER_02,EVENT_B,SYNTH_USER_01,0,307DEFEB-9888-F474-0000-000000000072,SYNTHETIC — hackathon mock data,2025-05-20 00:00:00.000,,2F35E9C7-D583-C07A-0000-000000000087,6BA6E43F-D229-27C1-0000-000000000004,,2025-06-12 02:58:20.000,2026-09-22 00:08:59.000,FALSE
0,2026-09-19 21:56:53.000,SYNTH_USER_02,,SYNTH_USER_02,0,307DEFEB-9888-F474-0000-000000000074,SYNTHETIC — hackathon mock data,2026-09-19 00:00:00.000,,2F35E9C7-D583-C07A-0000-000000000088,6BA6E43F-D229-27C1-0000-000000000002,18.6,2026-09-19 09:50:14.000,2026-09-25 09:57:59.000,FALSE
0,2026-09-14 03:41:07.000,SYNTH_USER_01,,SYNTH_USER_04,0,307DEFEB-9888-F474-0000-00000000004C,SYNTHETIC — hackathon mock data,2026-08-23 00:00:00.000,,2F35E9C7-D583-C07A-0000-000000000089,6BA6E43F-D229-27C1-0000-000000000001,305.2,2026-09-04 19:30:01.000,2026-09-23 02:52:26.000,FALSE
0,2024-06-18 06:41:41.000,SYNTH_USER_01,,SYNTH_USER_01,0,307DEFEB-9888-F474-0000-000000000062,SYNTHETIC — hackathon mock data,2024-05-26 00:00:00.000,,2F35E9C7-D583-C07A-0000-00000000008A,6BA6E43F-D229-27C1-0000-000000000002,25.3,2025-05-24 05:25:56.000,2026-09-25 08:11:43.000,FALSE
1,2026-04-14 08:21:16.000,SYNTH_USER_03,NONE,SYNTH_USER_04,0,307DEFEB-9888-F474-0000-000000000036,SYNTHETIC — hackathon mock data,2024-06-07 00:00:00.000,,2F35E9C7-D583-C07A-0000-00000000008B,6BA6E43F-D229-27C1-0000-000000000004,,2025-10-23 19:36:40.000,2026-09-23 01:13:10.000,FALSE
0,2025-10-23 06:50:18.000,SYNTH_USER_02,,SYNTH_USER_03,0,307DEFEB-9888-F474-0000-000000000091,SYNTHETIC — hackathon mock data,2025-05-23 00:00:00.000,,2F35E9C7-D583-C07A-0000-00000000008C,6BA6E43F-D229-27C1-0000-000000000002,22.6,2026-02-10 05:27:45.000,2026-09-24 06:34:28.000,FALSE
1,2026-09-24 21:33:01.000,SYNTH_USER_04,,SYNTH_USER_04,0,307DEFEB-9888-F474-0000-000000000044,SYNTHETIC — hackathon mock data,2026-10-03 00:00:00.000,,2F35E9C7-D583-C07A-0000-00000000008D,6BA6E43F-D229-27C1-0000-000000000002,22.8,2026-09-21 05:18:57.000,2026-09-23 14:10:00.000,FALSE
0,2025-07-24 02:06:59.000,SYNTH_USER_01,,SYNTH_USER_02,0,307DEFEB-9888-F474-0000-00000000000C,SYNTHETIC — hackathon mock data,2024-10-27 00:00:00.000,,2F35E9C7-D583-C07A-0000-00000000008E,6BA6E43F-D229-27C1-0000-000000000001,283.5,2025-02-08 07:36:53.000,2026-09-24 20:24:26.000,FALSE
0,2026-04-07 15:40:59.000,SYNTH_USER_01,,SYNTH_USER_01,0,307DEFEB-9888-F474-0000-000000000064,SYNTHETIC — hackathon mock data,2024-09-18 00:00:00.000,,2F35E9C7-D583-C07A-0000-00000000008F,6BA6E43F-D229-27C1-0000-000000000003,2.0,2026-06-25 13:15:00.000,2026-09-24 22:24:19.000,FALSE
0,2026-01-07 12:06:46.000,SYNTH_USER_03,EVENT_B,SYNTH_USER_01,0,307DEFEB-9888-F474-0000-000000000044,SYNTHETIC — hackathon mock data,2025-10-27 00:00:00.000,,2F35E9C7-D583-C07A-0000-000000000090,6BA6E43F-D229-27C1-0000-000000000004,,2025-12-24 01:56:03.000,2026-09-25 14:40:33.000,FALSE
1,2025-06-13 15:35:04.000,SYNTH_USER_04,,SYNTH_USER_01,0,307DEFEB-9888-F474-0000-00000000004C,SYNTHETIC — hackathon mock data,2024-07-05 00:00:00.000,,2F35E9C7-D583-C07A-0000-000000000091,6BA6E43F-D229-27C1-0000-000000000002,20.5,2026-05-15 07:29:14.000,2026-09-24 22:56:10.000,FALSE
1,2026-06-09 09:16:19.000,SYNTH_USER_01,,SYNTH_USER_03,0,307DEFEB-9888-F474-0000-000000000008,SYNTHETIC — hackathon mock data,2025-07-12 00:00:00.000,,2F35E9C7-D583-C07A-0000-000000000092,6BA6E43F-D229-27C1-0000-000000000002,11.1,2025-08-18 06:17:06.000,2026-09-22 06:07:33.000,FALSE
0,2024-07-25 16:24:05.000,SYNTH_USER_04,,SYNTH_USER_04,0,307DEFEB-9888-F474-0000-000000000078,SYNTHETIC — hackathon mock data,2024-05-19 00:00:00.000,,2F35E9C7-D583-C07A-0000-000000000093,6BA6E43F-D229-27C1-0000-000000000003,6.6,2026-06-28 06:25:01.000,2026-09-25 17:55:53.000,FALSE
0,2025-05-18 17:05:10.000,SYNTH_USER_04,,SYNTH_USER_03,0,307DEFEB-9888-F474-0000-000000000077,SYNTHETIC — hackathon mock data,2024-05-08 00:00:00.000,,2F35E9C7-D583-C07A-0000-000000000094,6BA6E43F-D229-27C1-0000-000000000001,290.9,2026-01-23 09:59:02.000,2026-09-23 01:30:33.000,FALSE
0,2025-04-10 16:59:51.000,SYNTH_USER_03,,SYNTH_USER_02,0,307DEFEB-9888-F474-0000-000000000030,SYNTHETIC — hackathon mock data,2024-06-24 00:00:00.000,,2F35E9C7-D583-C07A-0000-000000000095,6BA6E43F-D229-27C1-0000-000000000003,1.9,2024-10-13 11:15:09.000,2026-09-22 20:16:48.000,FALSE
1,2025-08-10 14:11:57.000,SYNTH_USER_03,,SYNTH_USER_03,0,307DEFEB-9888-F474-0000-00000000003F,SYNTHETIC — hackathon mock data,2024-04-03 00:00:00.000,,2F35E9C7-D583-C07A-0000-000000000096,6BA6E43F-D229-27C1-0000-000000000002,19.2,2026-05-22 07:52:36.000,2026-09-23 03:46:22.000,FALSE
0,2025-06-21 17:36:37.000,SYNTH_USER_02,,SYNTH_USER_02,0,307DEFEB-9888-F474-0000-000000000049,SYNTHETIC — hackathon mock data,2024-08-23 00:00:00.000,,2F35E9C7-D583-C07A-0000-000000000097,6BA6E43F-D229-27C1-0000-000000000003,4.6,2026-06-12 18:35:47.000,2026-09-23 15:01:10.000,FALSE
1,2026-07-09 06:33:06.000,SYNTH_USER_01,,SYNTH_USER_03,0,307DEFEB-9888-F474-0000-000000000094,SYNTHETIC — hackathon mock data,2025-07-28 00:00:00.000,,2F35E9C7-D583-C07A-0000-000000000098,6BA6E43F-D229-27C1-0000-000000000002,26.8,2025-10-28 20:03:11.000,2026-09-24 07:25:36.000,FALSE
1,2025-12-25 20:35:14.000,SYNTH_USER_01,,SYNTH_USER_02,0,307DEFEB-9888-F474-0000-00000000003D,SYNTHETIC — hackathon mock data,2025-09-10 00:00:00.000,,2F35E9C7-D583-C07A-0000-000000000099,6BA6E43F-D229-27C1-0000-000000000001,165.4,2025-10-25 09:55:03.000,2026-09-22 01:58:25.000,FALSE
0,2026-07-01 13:22:41.000,SYNTH_USER_03,,SYNTH_USER_03,0,307DEFEB-9888-F474-0000-00000000007B,SYNTHETIC — hackathon mock data,2026-06-08 00:00:00.000,,2F35E9C7-D583-C07A-0000-00000000009A,6BA6E43F-D229-27C1-0000-000000000002,13.0,2026-06-13 13:35:55.000,2026-09-24 20:13:18.000,FALSE
0,2026-06-30 14:35:26.000,SYNTH_USER_04,,SYNTH_USER_03,0,307DEFEB-9888-F474-0000-000000000088,SYNTHETIC — hackathon mock data,2026-05-02 00:00:00.000,,2F35E9C7-D583-C07A-0000-00000000009B,6BA6E43F-D229-27C1-0000-000000000002,13.7,2026-06-20 15:12:54.000,2026-09-24 03:03:13.000,FALSE
1,2026-10-07 21:48:19.000,SYNTH_USER_03,,SYNTH_USER_03,0,307DEFEB-9888-F474-0000-00000000002C,SYNTHETIC — hackathon mock data,2026-10-19 00:00:00.000,,2F35E9C7-D583-C07A-0000-00000000009C,6BA6E43F-D229-27C1-0000-000000000003,7.9,2026-10-05 08:52:11.000,2026-09-25 08:55:09.000,FALSE
0,2026-08-03 13:02:34.000,SYNTH_USER_03,,SYNTH_USER_03,0,307DEFEB-9888-F474-0000-00000000002C,SYNTHETIC — hackathon mock data,2025-08-20 00:00:00.000,,2F35E9C7-D583-C07A-0000-00000000009D,6BA6E43F-D229-27C1-0000-000000000002,23.6,2025-12-05 00:44:09.000,2026-09-25 10:30:46.000,FALSE
0,2025-04-07 09:31:37.000,SYNTH_USER_02,EVENT_B,SYNTH_USER_01,0,307DEFEB-9888-F474-0000-00000000004B,SYNTHETIC — hackathon mock data,2024-05-09 00:00:00.000,,2F35E9C7-D583-C07A-0000-00000000009E,6BA6E43F-D229-27C1-0000-000000000004,,2024-10-18 10:33:01.000,2026-09-24 04:10:08.000,FALSE
1,2026-05-26 12:49:34.000,SYNTH_USER_04,,SYNTH_USER_04,0,307DEFEB-9888-F474-0000-000000000038,SYNTHETIC — hackathon mock data,2025-07-16 00:00:00.000,,2F35E9C7-D583-C07A-0000-00000000009F,6BA6E43F-D229-27C1-0000-000000000002,13.5,2026-06-21 14:48:42.000,2026-09-24 03:44:18.000,FALSE
0,2026-07-22 07:38:45.000,SYNTH_USER_04,,SYNTH_USER_02,0,307DEFEB-9888-F474-0000-00000000003D,SYNTHETIC — hackathon mock data,2025-07-04 00:00:00.000,,2F35E9C7-D583-C07A-0000-0000000000A0,6BA6E43F-D229-27C1-0000-000000000003,3.8,2025-12-10 19:04:35.000,2026-09-22 16:50:05.000,FALSE
1,2026-08-24 12:42:50.000,SYNTH_USER_03,,SYNTH_USER_01,0,307DEFEB-9888-F474-0000-000000000006,SYNTHETIC — hackathon mock data,2026-08-04 00:00:00.000,,2F35E9C7-D583-C07A-0000-0000000000A1,6BA6E43F-D229-27C1-0000-000000000003,7.2,2026-08-05 13:01:47.000,2026-09-23 05:06:09.000,FALSE
1,2026-10-04 09:00:48.000,SYNTH_USER_01,,SYNTH_USER_01,0,307DEFEB-9888-F474-0000-000000000060,SYNTHETIC — hackathon mock data,2026-10-09 00:00:00.000,,2F35E9C7-D583-C07A-0000-0000000000A2,6BA6E43F-D229-27C1-0000-000000000003,3.5,2026-09-23 15:51:34.000,2026-09-23 00:20:38.000,FALSE
0,2026-04-30 05:49:43.000,SYNTH_USER_04,,SYNTH_USER_03,0,307DEFEB-9888-F474-0000-000000000027,SYNTHETIC — hackathon mock data,2025-09-16 00:00:00.000,,2F35E9C7-D583-C07A-0000-0000000000A3,6BA6E43F-D229-27C1-0000-000000000001,306.3,2025-10-19 09:53:44.000,2026-09-25 08:51:28.000,FALSE
0,2026-07-06 16:33:56.000,SYNTH_USER_02,,SYNTH_USER_01,0,307DEFEB-9888-F474-0000-000000000079,SYNTHETIC — hackathon mock data,2025-06-03 00:00:00.000,,2F35E9C7-D583-C07A-0000-0000000000A4,6BA6E43F-D229-27C1-0000-000000000003,4.6,2025-12-24 03:20:50.000,2026-09-25 12:03:14.000,FALSE
0,2025-05-23 09:05:02.000,SYNTH_USER_03,,SYNTH_USER_03,0,307DEFEB-9888-F474-0000-000000000085,SYNTHETIC — hackathon mock data,2025-05-10 00:00:00.000,,2F35E9C7-D583-C07A-0000-0000000000A5,6BA6E43F-D229-27C1-0000-000000000002,24.8,2025-06-25 02:15:14.000,2026-09-24 22:29:07.000,FALSE
0,2026-06-15 22:20:31.000,SYNTH_USER_03,EVENT_B,SYNTH_USER_02,0,307DEFEB-9888-F474-0000-00000000003B,SYNTHETIC — hackathon mock data,2026-05-14 00:00:00.000,,2F35E9C7-D583-C07A-0000-0000000000A6,6BA6E43F-D229-27C1-0000-000000000004,,2026-06-28 03:07:27.000,2026-09-23 18:17:45.000,FALSE
0,2026-09-12 16:46:51.000,SYNTH_USER_03,EVENT_A,SYNTH_USER_01,0,307DEFEB-9888-F474-0000-000000000028,SYNTHETIC — hackathon mock data,2026-06-04 00:00:00.000,,2F35E9C7-D583-C07A-0000-0000000000A7,6BA6E43F-D229-27C1-0000-000000000004,,2026-09-04 12:21:57.000,2026-09-22 13:15:41.000,FALSE
0,2026-07-05 16:43:53.000,SYNTH_USER_02,NONE,SYNTH_USER_01,0,307DEFEB-9888-F474-0000-00000000000B,SYNTHETIC — hackathon mock data,2025-07-06 00:00:00.000,,2F35E9C7-D583-C07A-0000-0000000000A8,6BA6E43F-D229-27C1-0000-000000000004,,2026-06-03 18:09:36.000,2026-09-25 11:28:37.000,FALSE
0,2025-06-26 06:26:25.000,SYNTH_USER_01,EVENT_C,SYNTH_USER_04,0,307DEFEB-9888-F474-0000-000000000093,SYNTHETIC — hackathon mock data,2025-05-10 00:00:00.000,,2F35E9C7-D583-C07A-0000-0000000000A9,6BA6E43F-D229-27C1-0000-000000000004,,2025-09-07 11:17:39.000,2026-09-23 06:38:31.000,FALSE
0,2024-05-14 00:12:51.000,SYNTH_USER_04,,SYNTH_USER_03,0,307DEFEB-9888-F474-0000-00000000003E,SYNTHETIC — hackathon mock data,2024-04-24 00:00:00.000,,2F35E9C7-D583-C07A-0000-0000000000AA,6BA6E43F-D229-27C1-0000-000000000003,8.3,2026-07-30 01:14:50.000,2026-09-25 08:10:30.000,FALSE
0,2025-12-09 08:31:45.000,SYNTH_USER_01,EVENT_B,SYNTH_USER_03,0,307DEFEB-9888-F474-0000-00000000001A,SYNTHETIC — hackathon mock data,2025-10-02 00:00:00.000,,2F35E9C7-D583-C07A-0000-0000000000AB,6BA6E43F-D229-27C1-0000-000000000004,,2026-03-26 20:20:05.000,2026-09-23 23:01:27.000,FALSE
0,2026-05-06 04:21:50.000,SYNTH_USER_02,,SYNTH_USER_01,0,307DEFEB-9888-F474-0000-000000000093,SYNTHETIC — hackathon mock data,2026-04-28 00:00:00.000,,2F35E9C7-D583-C07A-0000-0000000000AC,6BA6E43F-D229-27C1-0000-000000000003,2.2,2026-07-18 07:51:08.000,2026-09-24 15:54:35.000,FALSE
0,2026-02-10 17:16:58.000,SYNTH_USER_04,,SYNTH_USER_04,0,307DEFEB-9888-F474-0000-000000000045,SYNTHETIC — hackathon mock data,2025-07-25 00:00:00.000,,2F35E9C7-D583-C07A-0000-0000000000AD,6BA6E43F-D229-27C1-0000-000000000003,6.5,2026-03-24 14:37:35.000,2026-09-25 12:21:46.000,FALSE
1,2026-06-13 04:52:45.000,SYNTH_USER_03,,SYNTH_USER_01,0,307DEFEB-9888-F474-0000-000000000052,SYNTHETIC — hackathon mock data,2024-07-06 00:00:00.000,,2F35E9C7-D583-C07A-0000-0000000000AE,6BA6E43F-D229-27C1-0000-000000000002,16.6,2025-03-01 21:20:41.000,2026-09-24 16:12:28.000,FALSE
0,2026-02-03 08:39:48.000,SYNTH_USER_03,,SYNTH_USER_04,0,307DEFEB-9888-F474-0000-000000000030,SYNTHETIC — hackathon mock data,2025-04-28 00:00:00.000,,2F35E9C7-D583-C07A-0000-0000000000AF,6BA6E43F-D229-27C1-0000-000000000003,2.4,2026-01-12 21:02:56.000,2026-09-25 16:21:08.000,FALSE
0,2026-03-29 04:27:51.000,SYNTH_USER_04,,SYNTH_USER_02,0,307DEFEB-9888-F474-0000-000000000006,SYNTHETIC — hackathon mock data,2024-10-04 00:00:00.000,,2F35E9C7-D583-C07A-0000-0000000000B0,6BA6E43F-D229-27C1-0000-000000000003,4.2,2025-04-06 09:39:43.000,2026-09-25 06:40:39.000,FALSE
0,2026-09-17 10:16:32.000,SYNTH_USER_02,EVENT_A,SYNTH_USER_03,0,307DEFEB-9888-F474-0000-000000000015,SYNTHETIC — hackathon mock data,2026-09-11 00:00:00.000,,2F35E9C7-D583-C07A-0000-0000000000B1,6BA6E43F-D229-27C1-0000-000000000004,,2026-09-16 17:13:08.000,2026-09-22 03:57:37.000,FALSE
0,2026-07-19 05:44:45.000,SYNTH_USER_02,,SYNTH_USER_01,0,307DEFEB-9888-F474-0000-000000000015,SYNTHETIC — hackathon mock data,2025-08-16 00:00:00.000,,2F35E9C7-D583-C07A-0000-0000000000B2,6BA6E43F-D229-27C1-0000-000000000001,252.6,2025-09-21 13:50:07.000,2026-09-22 14:29:43.000,FALSE
1,2025-12-08 08:33:27.000,SYNTH_USER_04,EVENT_C,SYNTH_USER_03,0,307DEFEB-9888-F474-0000-000000000032,SYNTHETIC — hackathon mock data,2025-09-17 00:00:00.000,,2F35E9C7-D583-C07A-0000-0000000000B3,6BA6E43F-D229-27C1-0000-000000000004,,2026-05-24 11:13:20.000,2026-09-24 07:10:09.000,FALSE
0,2026-05-31 06:33:46.000,SYNTH_USER_01,,SYNTH_USER_01,0,307DEFEB-9888-F474-0000-00000000002E,SYNTHETIC — hackathon mock data,2026-05-05 00:00:00.000,,2F35E9C7-D583-C07A-0000-0000000000B4,6BA6E43F-D229-27C1-0000-000000000002,24.0,2026-05-20 15:30:59.000,2026-09-25 16:00:28.000,FALSE
1,2026-07-08 19:34:30.000,SYNTH_USER_02,,SYNTH_USER_03,0,307DEFEB-9888-F474-0000-00000000001C,SYNTHETIC — hackathon mock data,2026-06-23 00:00:00.000,,2F35E9C7-D583-C07A-0000-0000000000B5,6BA6E43F-D229-27C1-0000-000000000002,17.7,2026-09-20 19:01:30.000,2026-09-22 19:41:00.000,FALSE
1,2026-09-01 12:05:46.000,SYNTH_USER_03,,SYNTH_USER_01,0,307DEFEB-9888-F474-0000-000000000011,SYNTHETIC — hackathon mock data,2024-06-11 00:00:00.000,,2F35E9C7-D583-C07A-0000-0000000000B6,6BA6E43F-D229-27C1-0000-000000000002,16.9,2025-03-01 07:29:30.000,2026-09-23 15:44:17.000,FALSE
1,2026-04-30 02:08:19.000,SYNTH_USER_01,EVENT_A,SYNTH_USER_02,0,307DEFEB-9888-F474-0000-000000000017,SYNTHETIC — hackathon mock data,2024-05-09 00:00:00.000,,2F35E9C7-D583-C07A-0000-0000000000B7,6BA6E43F-D229-27C1-0000-000000000004,,2025-03-12 04:42:49.000,2026-09-22 03:03:11.000,FALSE
0,2026-09-08 11:03:35.000,SYNTH_USER_01,,SYNTH_USER_01,0,307DEFEB-9888-F474-0000-000000000018,SYNTHETIC — hackathon mock data,2026-06-19 00:00:00.000,,2F35E9C7-D583-C07A-0000-0000000000B8,6BA6E43F-D229-27C1-0000-000000000001,260.2,2026-08-03 14:17:17.000,2026-09-22 02:37:43.000,FALSE
1,2026-01-27 23:16:31.000,SYNTH_USER_01,EVENT_A,SYNTH_USER_04,0,307DEFEB-9888-F474-0000-00000000001C,SYNTHETIC — hackathon mock data,2025-06-19 00:00:00.000,,2F35E9C7-D583-C07A-0000-0000000000B9,6BA6E43F-D229-27C1-0000-000000000004,,2026-08-04 06:55:53.000,2026-09-25 19:24:18.000,FALSE
0,2026-01-29 17:41:09.000,SYNTH_USER_02,NONE,SYNTH_USER_02,0,307DEFEB-9888-F474-0000-000000000066,SYNTHETIC — hackathon mock data,2025-08-22 00:00:00.000,,2F35E9C7-D583-C07A-0000-0000000000BA,6BA6E43F-D229-27C1-0000-000000000004,,2026-04-10 14:20:30.000,2026-09-25 01:12:02.000,FALSE
0,2026-09-21 22:14:21.000,SYNTH_USER_03,,SYNTH_USER_04,0,307DEFEB-9888-F474-0000-000000000066,SYNTHETIC — hackathon mock data,2026-09-22 00:00:00.000,,2F35E9C7-D583-C07A-0000-0000000000BB,6BA6E43F-D229-27C1-0000-000000000003,5.6,2026-09-21 00:02:20.000,2026-09-22 19:34:30.000,FALSE
0,2025-11-04 22:11:06.000,SYNTH_USER_04,,SYNTH_USER_01,0,307DEFEB-9888-F474-0000-000000000036,SYNTHETIC — hackathon mock data,2025-09-11 00:00:00.000,,2F35E9C7-D583-C07A-0000-0000000000BC,6BA6E43F-D229-27C1-0000-000000000002,29.0,2026-04-02 21:31:10.000,2026-09-23 16:44:42.000,FALSE
0,2024-09-02 08:23:33.000,SYNTH_USER_04,,SYNTH_USER_01,0,307DEFEB-9888-F474-0000-000000000011,SYNTHETIC — hackathon mock data,2024-05-22 00:00:00.000,,2F35E9C7-D583-C07A-0000-0000000000BD,6BA6E43F-D229-27C1-0000-000000000003,9.0,2026-01-27 03:04:45.000,2026-09-22 20:01:21.000,FALSE
0,2024-08-31 22:55:50.000,SYNTH_USER_02,,SYNTH_USER_01,0,307DEFEB-9888-F474-0000-000000000058,SYNTHETIC — hackathon mock data,2024-08-08 00:00:00.000,,2F35E9C7-D583-C07A-0000-0000000000BE,6BA6E43F-D229-27C1-0000-000000000001,302.4,2026-06-04 19:24:21.000,2026-09-23 15:03:40.000,FALSE
0,2025-11-13 17:57:36.000,SYNTH_USER_03,,SYNTH_USER_03,0,307DEFEB-9888-F474-0000-00000000004A,SYNTHETIC — hackathon mock data,2025-09-25 00:00:00.000,,2F35E9C7-D583-C07A-0000-0000000000BF,6BA6E43F-D229-27C1-0000-000000000002,22.4,2025-12-08 23:54:36.000,2026-09-22 06:12:13.000,FALSE
0,2026-08-22 07:03:57.000,SYNTH_USER_02,,SYNTH_USER_04,0,307DEFEB-9888-F474-0000-00000000004A,SYNTHETIC — hackathon mock data,2025-08-28 00:00:00.000,,2F35E9C7-D583-C07A-0000-0000000000C0,6BA6E43F-D229-27C1-0000-000000000002,26.5,2025-11-20 12:34:50.000,2026-09-23 08:37:51.000,FALSE
0,2026-08-07 07:56:01.000,SYNTH_USER_04,,SYNTH_USER_04,0,307DEFEB-9888-F474-0000-000000000081,SYNTHETIC — hackathon mock data,2026-05-05 00:00:00.000,,2F35E9C7-D583-C07A-0000-0000000000C1,6BA6E43F-D229-27C1-0000-000000000003,7.5,2026-06-18 19:48:47.000,2026-09-23 16:37:59.000,FALSE
0,2026-08-13 08:45:12.000,SYNTH_USER_01,,SYNTH_USER_03,0,307DEFEB-9888-F474-0000-00000000008C,SYNTHETIC — hackathon mock data,2025-09-19 00:00:00.000,,2F35E9C7-D583-C07A-0000-0000000000C2,6BA6E43F-D229-27C1-0000-000000000001,168.1,2026-02-02 16:12:23.000,2026-09-25 21:20:16.000,FALSE
0,2026-02-19 08:10:42.000,SYNTH_USER_02,,SYNTH_USER_03,0,307DEFEB-9888-F474-0000-00000000000E,SYNTHETIC — hackathon mock data,2025-09-04 00:00:00.000,,2F35E9C7-D583-C07A-0000-0000000000C3,6BA6E43F-D229-27C1-0000-000000000002,13.0,2026-05-29 17:48:53.000,2026-09-25 05:30:04.000,FALSE
0,2026-05-13 10:59:50.000,SYNTH_USER_04,,SYNTH_USER_02,0,307DEFEB-9888-F474-0000-000000000046,SYNTHETIC — hackathon mock data,2025-07-27 00:00:00.000,,2F35E9C7-D583-C07A-0000-0000000000C4,6BA6E43F-D229-27C1-0000-000000000003,8.6,2026-05-18 16:02:59.000,2026-09-24 05:10:38.000,FALSE
0,2025-12-18 09:08:29.000,SYNTH_USER_02,EVENT_C,SYNTH_USER_04,0,307DEFEB-9888-F474-0000-000000000039,SYNTHETIC — hackathon mock data,2025-10-11 00:00:00.000,,2F35E9C7-D583-C07A-0000-0000000000C5,6BA6E43F-D229-27C1-0000-000000000004,,2026-03-07 15:53:41.000,2026-09-25 00:10:25.000,FALSE
0,2026-09-09 17:47:00.000,SYNTH_USER_04,,SYNTH_USER_02,0,307DEFEB-9888-F474-0000-000000000014,SYNTHETIC — hackathon mock data,2025-04-25 00:00:00.000,,2F35E9C7-D583-C07A-0000-0000000000C6,6BA6E43F-D229-27C1-0000-000000000003,8.2,2025-09-13 08:03:20.000,2026-09-24 08:44:44.000,FALSE
0,2026-08-31 23:40:24.000,SYNTH_USER_02,EVENT_C,SYNTH_USER_03,0,307DEFEB-9888-F474-0000-00000000004C,SYNTHETIC — hackathon mock data,2026-08-16 00:00:00.000,,2F35E9C7-D583-C07A-0000-0000000000C7,6BA6E43F-D229-27C1-0000-000000000004,,2026-08-18 11:26:11.000,2026-09-24 22:22:42.000,FALSE
0,2026-08-11 14:10:10.000,SYNTH_USER_02,,SYNTH_USER_02,0,307DEFEB-9888-F474-0000-000000000085,SYNTHETIC — hackathon mock data,2026-07-04 00:00:00.000,,2F35E9C7-D583-C07A-0000-0000000000C8,6BA6E43F-D229-27C1-0000-000000000001,152.7,2026-09-10 01:03:50.000,2026-09-24 02:46:31.000,FALSE
0,2026-09-15 12:54:39.000,SYNTH_USER_01,,SYNTH_USER_01,0,307DEFEB-9888-F474-0000-000000000008,SYNTHETIC — hackathon mock data,2026-09-13 00:00:00.000,,2F35E9C7-D583-C07A-0000-0000000000C9,6BA6E43F-D229-27C1-0000-000000000002,27.1,2026-09-13 13:27:27.000,2026-09-22 16:53:20.000,FALSE
0,2025-07-14 23:14:11.000,SYNTH_USER_04,,SYNTH_USER_03,0,307DEFEB-9888-F474-0000-000000000012,SYNTHETIC — hackathon mock data,2025-06-20 00:00:00.000,,2F35E9C7-D583-C07A-0000-0000000000CA,6BA6E43F-D229-27C1-0000-000000000001,235.8,2025-12-31 01:23:53.000,2026-09-23 00:13:22.000,FALSE
1,2025-10-12 21:48:16.000,SYNTH_USER_03,,SYNTH_USER_02,0,307DEFEB-9888-F474-0000-00000000008A,SYNTHETIC — hackathon mock data,2025-08-15 00:00:00.000,,2F35E9C7-D583-C07A-0000-0000000000CB,6BA6E43F-D229-27C1-0000-000000000003,3.9,2026-06-25 06:46:57.000,2026-09-23 05:56:05.000,FALSE
0,2025-04-19 11:33:14.000,SYNTH_USER_04,,SYNTH_USER_04,0,307DEFEB-9888-F474-0000-00000000002C,SYNTHETIC — hackathon mock data,2024-07-18 00:00:00.000,,2F35E9C7-D583-C07A-0000-0000000000CC,6BA6E43F-D229-27C1-0000-000000000002,27.9,2024-11-29 22:46:45.000,2026-09-25 11:25:33.000,FALSE
0,2026-05-20 10:32:14.000,SYNTH_USER_04,NONE,SYNTH_USER_01,0,307DEFEB-9888-F474-0000-000000000038,SYNTHETIC — hackathon mock data,2026-04-26 00:00:00.000,,2F35E9C7-D583-C07A-0000-0000000000CD,6BA6E43F-D229-27C1-0000-000000000004,,2026-08-13 03:40:01.000,2026-09-22 12:34:19.000,FALSE
0,2026-04-09 18:17:47.000,SYNTH_USER_01,,SYNTH_USER_01,0,307DEFEB-9888-F474-0000-000000000013,SYNTHETIC — hackathon mock data,2024-10-09 00:00:00.000,,2F35E9C7-D583-C07A-0000-0000000000CE,6BA6E43F-D229-27C1-0000-000000000003,1.7,2025-02-23 12:36:49.000,2026-09-24 22:38:26.000,FALSE
0,2026-07-26 03:44:47.000,SYNTH_USER_01,,SYNTH_USER_04,0,307DEFEB-9888-F474-0000-00000000005A,SYNTHETIC — hackathon mock data,2026-07-09 00:00:00.000,,2F35E9C7-D583-C07A-0000-0000000000CF,6BA6E43F-D229-27C1-0000-000000000002,13.3,2026-08-03 08:03:38.000,2026-09-23 02:52:34.000,FALSE
1,2025-11-12 21:03:50.000,SYNTH_USER_02,EVENT_B,SYNTH_USER_04,0,307DEFEB-9888-F474-0000-00000000002F,SYNTHETIC — hackathon mock data,2024-10-08 00:00:00.000,,2F35E9C7-D583-C07A-0000-0000000000D0,6BA6E43F-D229-27C1-0000-000000000004,,2026-07-11 04:20:46.000,2026-09-24 20:38:01.000,FALSE
1,2026-01-23 07:52:38.000,SYNTH_USER_04,,SYNTH_USER_01,0,307DEFEB-9888-F474-0000-000000000024,SYNTHETIC — hackathon mock data,2025-08-06 00:00:00.000,,2F35E9C7-D583-C07A-0000-0000000000D1,6BA6E43F-D229-27C1-0000-000000000003,5.7,2026-04-07 19:15:29.000,2026-09-25 09:54:34.000,FALSE
1,2026-09-18 19:28:24.000,SYNTH_USER_03,EVENT_B,SYNTH_USER_02,0,307DEFEB-9888-F474-0000-000000000026,SYNTHETIC — hackathon mock data,2024-05-19 00:00:00.000,,2F35E9C7-D583-C07A-0000-0000000000D2,6BA6E43F-D229-27C1-0000-000000000004,,2025-11-21 16:48:38.000,2026-09-22 06:44:58.000,FALSE
0,2026-06-09 20:19:13.000,SYNTH_USER_03,,SYNTH_USER_01,0,307DEFEB-9888-F474-0000-000000000089,SYNTHETIC — hackathon mock data,2024-06-16 00:00:00.000,,2F35E9C7-D583-C07A-0000-0000000000D3,6BA6E43F-D229-27C1-0000-000000000001,220.7,2025-12-26 02:35:29.000,2026-09-24 07:46:48.000,FALSE
1,2026-03-18 04:42:59.000,SYNTH_USER_04,EVENT_C,SYNTH_USER_02,0,307DEFEB-9888-F474-0000-000000000070,SYNTHETIC — hackathon mock data,2025-10-22 00:00:00.000,,2F35E9C7-D583-C07A-0000-0000000000D4,6BA6E43F-D229-27C1-0000-000000000004,,2026-07-11 22:50:24.000,2026-09-24 09:20:45.000,FALSE
1,2026-09-11 21:40:40.000,SYNTH_USER_01,,SYNTH_USER_03,0,307DEFEB-9888-F474-0000-00000000008E,SYNTHETIC — hackathon mock data,2025-07-11 00:00:00.000,,2F35E9C7-D583-C07A-0000-0000000000D5,6BA6E43F-D229-27C1-0000-000000000003,5.2,2026-01-18 13:03:08.000,2026-09-23 04:01:50.000,FALSE
0,2025-04-12 09:39:32.000,SYNTH_USER_01,,SYNTH_USER_02,0,307DEFEB-9888-F474-0000-000000000091,SYNTHETIC — hackathon mock data,2024-10-09 00:00:00.000,,2F35E9C7-D583-C07A-0000-0000000000D6,6BA6E43F-D229-27C1-0000-000000000003,2.5,2026-08-24 10:01:41.000,2026-09-25 11:37:59.000,FALSE
0,2025-06-16 00:17:13.000,SYNTH_USER_04,EVENT_B,SYNTH_USER_02,0,307DEFEB-9888-F474-0000-000000000011,SYNTHETIC — hackathon mock data,2024-06-06 00:00:00.000,,2F35E9C7-D583-C07A-0000-0000000000D7,6BA6E43F-D229-27C1-0000-000000000004,,2025-04-29 11:34:47.000,2026-09-23 00:09:36.000,FALSE
0,2026-09-04 04:48:29.000,SYNTH_USER_04,,SYNTH_USER_03,0,307DEFEB-9888-F474-0000-000000000017,SYNTHETIC — hackathon mock data,2025-09-17 00:00:00.000,,2F35E9C7-D583-C07A-0000-0000000000D8,6BA6E43F-D229-27C1-0000-000000000003,1.9,2026-01-14 18:03:23.000,2026-09-25 10:56:37.000,FALSE
1,2026-09-20 00:00:00.000,SYNTH_USER_01,EVENT_B,SYNTH_USER_01,0,307DEFEB-9888-F474-0000-000000000069,SYNTHETIC — hackathon mock data,2026-09-20 00:00:00.000,,2F35E9C7-D583-C07A-0000-0000000000D9,6BA6E43F-D229-27C1-0000-000000000004,,2026-09-20 11:06:57.000,2026-09-25 05:22:40.000,FALSE
0,2025-01-19 02:08:27.000,SYNTH_USER_02,,SYNTH_USER_02,0,307DEFEB-9888-F474-0000-00000000005C,SYNTHETIC — hackathon mock data,2024-04-03 00:00:00.000,,2F35E9C7-D583-C07A-0000-0000000000DA,6BA6E43F-D229-27C1-0000-000000000001,151.4,2026-01-10 21:18:00.000,2026-09-23 12:13:35.000,FALSE
1,2026-09-16 03:58:37.000,SYNTH_USER_03,,SYNTH_USER_03,0,307DEFEB-9888-F474-0000-00000000008B,SYNTHETIC — hackathon mock data,2026-09-12 00:00:00.000,,2F35E9C7-D583-C07A-0000-0000000000DB,6BA6E43F-D229-27C1-0000-000000000003,6.0,2026-09-18 16:33:45.000,2026-09-22 03:40:35.000,FALSE
1,2025-09-30 15:58:46.000,SYNTH_USER_04,EVENT_B,SYNTH_USER_02,0,307DEFEB-9888-F474-0000-000000000035,SYNTHETIC — hackathon mock data,2024-06-07 00:00:00.000,,2F35E9C7-D583-C07A-0000-0000000000DC,6BA6E43F-D229-27C1-0000-000000000004,,2024-06-22 18:22:36.000,2026-09-24 14:46:14.000,FALSE
1,2026-06-10 17:44:30.000,SYNTH_USER_02,,SYNTH_USER_04,0,307DEFEB-9888-F474-0000-00000000000A,SYNTHETIC — hackathon mock data,2026-06-10 00:00:00.000,,2F35E9C7-D583-C07A-0000-0000000000DD,6BA6E43F-D229-27C1-0000-000000000002,12.5,2026-08-23 20:27:20.000,2026-09-25 20:30:24.000,FALSE
0,2026-09-15 15:43:16.000,SYNTH_USER_01,,SYNTH_USER_02,0,307DEFEB-9888-F474-0000-000000000075,SYNTHETIC — hackathon mock data,2026-08-28 00:00:00.000,,2F35E9C7-D583-C07A-0000-0000000000DE,6BA6E43F-D229-27C1-0000-000000000003,3.6,2026-09-03 07:25:07.000,2026-09-23 11:20:34.000,FALSE
1,2025-10-13 01:09:21.000,SYNTH_USER_03,,SYNTH_USER_01,0,307DEFEB-9888-F474-0000-000000000068,SYNTHETIC — hackathon mock data,2025-06-22 00:00:00.000,,2F35E9C7-D583-C07A-0000-0000000000DF,6BA6E43F-D229-27C1-0000-000000000002,22.6,2025-10-23 08:23:21.000,2026-09-23 00:45:01.000,FALSE
0,2026-02-25 08:26:06.000,SYNTH_USER_02,EVENT_C,SYNTH_USER_04,0,307DEFEB-9888-F474-0000-000000000046,SYNTHETIC — hackathon mock data,2025-10-09 00:00:00.000,,2F35E9C7-D583-C07A-0000-0000000000E0,6BA6E43F-D229-27C1-0000-000000000004,,2025-11-05 06:47:18.000,2026-09-22 00:15:18.000,FALSE
1,2026-09-04 17:49:12.000,SYNTH_USER_04,NONE,SYNTH_USER_03,0,307DEFEB-9888-F474-0000-000000000055,SYNTHETIC — hackathon mock data,2024-08-11 00:00:00.000,,2F35E9C7-D583-C07A-0000-0000000000E1,6BA6E43F-D229-27C1-0000-000000000004,,2025-09-23 20:09:34.000,2026-09-23 07:38:25.000,FALSE
0,2026-09-20 18:02:06.000,SYNTH_USER_02,,SYNTH_USER_04,0,307DEFEB-9888-F474-0000-00000000001A,SYNTHETIC — hackathon mock data,2026-09-25 00:00:00.000,,2F35E9C7-D583-C07A-0000-0000000000E2,6BA6E43F-D229-27C1-0000-000000000002,16.7,2026-09-21 21:19:30.000,2026-09-24 07:40:12.000,FALSE
1,2026-02-09 22:19:14.000,SYNTH_USER_01,EVENT_B,SYNTH_USER_04,0,307DEFEB-9888-F474-0000-000000000036,SYNTHETIC — hackathon mock data,2024-07-02 00:00:00.000,,2F35E9C7-D583-C07A-0000-0000000000E3,6BA6E43F-D229-27C1-0000-000000000004,,2026-01-19 22:04:33.000,2026-09-24 07:47:38.000,FALSE
0,2025-04-12 13:03:41.000,SYNTH_USER_04,,SYNTH_USER_01,0,307DEFEB-9888-F474-0000-000000000058,SYNTHETIC — hackathon mock data,2024-09-24 00:00:00.000,,2F35E9C7-D583-C07A-0000-0000000000E4,6BA6E43F-D229-27C1-0000-000000000001,301.6,2024-09-26 15:35:21.000,2026-09-24 14:53:39.000,FALSE
1,2026-01-22 13:24:30.000,SYNTH_USER_04,,SYNTH_USER_01,0,307DEFEB-9888-F474-0000-00000000003C,SYNTHETIC — hackathon mock data,2025-06-24 00:00:00.000,,2F35E9C7-D583-C07A-0000-0000000000E5,6BA6E43F-D229-27C1-0000-000000000002,12.2,2026-02-11 07:29:44.000,2026-09-25 06:11:06.000,FALSE
0,2026-06-01 11:36:27.000,SYNTH_USER_01,,SYNTH_USER_01,0,307DEFEB-9888-F474-0000-00000000006F,SYNTHETIC — hackathon mock data,2025-09-08 00:00:00.000,,2F35E9C7-D583-C07A-0000-0000000000E6,6BA6E43F-D229-27C1-0000-000000000003,1.4,2025-10-07 22:55:31.000,2026-09-22 07:43:40.000,FALSE
0,2026-07-29 03:33:43.000,SYNTH_USER_01,,SYNTH_USER_04,0,307DEFEB-9888-F474-0000-000000000071,SYNTHETIC — hackathon mock data,2025-08-21 00:00:00.000,,2F35E9C7-D583-C07A-0000-0000000000E7,6BA6E43F-D229-27C1-0000-000000000003,7.1,2026-01-28 11:16:36.000,2026-09-24 04:51:31.000,FALSE
0,2026-03-16 05:58:55.000,SYNTH_USER_01,EVENT_B,SYNTH_USER_02,0,307DEFEB-9888-F474-0000-000000000073,SYNTHETIC — hackathon mock data,2025-10-19 00:00:00.000,,2F35E9C7-D583-C07A-0000-0000000000E8,6BA6E43F-D229-27C1-0000-000000000004,,2025-11-13 19:18:09.000,2026-09-23 18:10:44.000,FALSE
1,2026-04-14 02:12:29.000,SYNTH_USER_04,NONE,SYNTH_USER_04,0,307DEFEB-9888-F474-0000-000000000013,SYNTHETIC — hackathon mock data,2025-06-10 00:00:00.000,,2F35E9C7-D583-C07A-0000-0000000000E9,6BA6E43F-D229-27C1-0000-000000000004,,2025-07-15 05:16:42.000,2026-09-22 10:37:16.000,FALSE
1,2026-06-23 04:20:30.000,SYNTH_USER_02,,SYNTH_USER_02,0,307DEFEB-9888-F474-0000-000000000082,SYNTHETIC — hackathon mock data,2025-04-04 00:00:00.000,,2F35E9C7-D583-C07A-0000-0000000000EA,6BA6E43F-D229-27C1-0000-000000000003,1.4,2025-04-20 21:28:45.000,2026-09-22 12:59:28.000,FALSE
0,2024-06-18 00:41:27.000,SYNTH_USER_02,,SYNTH_USER_01,0,307DEFEB-9888-F474-0000-00000000004C,SYNTHETIC — hackathon mock data,2024-05-24 00:00:00.000,,2F35E9C7-D583-C07A-0000-0000000000EB,6BA6E43F-D229-27C1-0000-000000000002,21.9,2025-05-22 02:18:51.000,2026-09-24 01:14:36.000,FALSE
0,2026-09-29 15:28:45.000,SYNTH_USER_04,,SYNTH_USER_03,0,307DEFEB-9888-F474-0000-000000000074,SYNTHETIC — hackathon mock data,2026-10-22 00:00:00.000,,2F35E9C7-D583-C07A-0000-0000000000EC,6BA6E43F-D229-27C1-0000-000000000001,276.6,2026-09-24 19:38:07.000,2026-09-23 01:59:01.000,FALSE
0,2026-08-18 16:49:03.000,SYNTH_USER_02,,SYNTH_USER_02,0,307DEFEB-9888-F474-0000-000000000018,SYNTHETIC — hackathon mock data,2026-08-08 00:00:00.000,,2F35E9C7-D583-C07A-0000-0000000000ED,6BA6E43F-D229-27C1-0000-000000000003,8.2,2026-09-14 07:32:19.000,2026-09-24 21:37:00.000,FALSE
1,2026-08-26 18:13:28.000,SYNTH_USER_01,,SYNTH_USER_03,0,307DEFEB-9888-F474-0000-000000000051,SYNTHETIC — hackathon mock data,2026-08-14 00:00:00.000,,2F35E9C7-D583-C07A-0000-0000000000EE,6BA6E43F-D229-27C1-0000-000000000001,291.9,2026-08-24 16:31:12.000,2026-09-25 14:06:24.000,FALSE
1,2026-09-16 23:04:51.000,SYNTH_USER_04,,SYNTH_USER_01,0,307DEFEB-9888-F474-0000-00000000004F,SYNTHETIC — hackathon mock data,2026-09-05 00:00:00.000,,2F35E9C7-D583-C07A-0000-0000000000EF,6BA6E43F-D229-27C1-0000-000000000001,231.5,2026-09-19 13:06:09.000,2026-09-25 06:04:35.000,FALSE
0,2026-09-02 20:29:52.000,SYNTH_USER_01,,SYNTH_USER_04,0,307DEFEB-9888-F474-0000-000000000074,SYNTHETIC — hackathon mock data,2025-08-24 00:00:00.000,,2F35E9C7-D583-C07A-0000-0000000000F0,6BA6E43F-D229-27C1-0000-000000000003,6.6,2025-09-27 18:17:54.000,2026-09-24 06:58:36.000,FALSE
0,2024-10-07 10:46:10.000,SYNTH_USER_02,,SYNTH_USER_03,0,307DEFEB-9888-F474-0000-00000000007A,SYNTHETIC — hackathon mock data,2024-05-09 00:00:00.000,,2F35E9C7-D583-C07A-0000-0000000000F1,6BA6E43F-D229-27C1-0000-000000000001,170.7,2024-07-05 10:36:50.000,2026-09-24 07:03:50.000,FALSE
0,2025-09-12 08:02:17.000,SYNTH_USER_01,,SYNTH_USER_02,0,307DEFEB-9888-F474-0000-00000000006D,SYNTHETIC — hackathon mock data,2025-07-13 00:00:00.000,,2F35E9C7-D583-C07A-0000-0000000000F2,6BA6E43F-D229-27C1-0000-000000000002,28.1,2026-08-14 23:32:02.000,2026-09-22 13:44:40.000,FALSE
0,2026-09-17 05:51:59.000,SYNTH_USER_01,NONE,SYNTH_USER_01,0,307DEFEB-9888-F474-0000-00000000002D,SYNTHETIC — hackathon mock data,2026-08-01 00:00:00.000,,2F35E9C7-D583-C07A-0000-0000000000F3,6BA6E43F-D229-27C1-0000-000000000004,,2026-08-28 14:56:54.000,2026-09-24 05:50:05.000,FALSE
0,2026-02-04 15:15:31.000,SYNTH_USER_04,EVENT_C,SYNTH_USER_01,0,307DEFEB-9888-F474-0000-000000000064,SYNTHETIC — hackathon mock data,2025-08-19 00:00:00.000,,2F35E9C7-D583-C07A-0000-0000000000F4,6BA6E43F-D229-27C1-0000-000000000004,,2026-01-30 04:14:03.000,2026-09-25 18:44:09.000,FALSE
0,2026-01-21 11:43:53.000,SYNTH_USER_02,,SYNTH_USER_04,0,307DEFEB-9888-F474-0000-000000000090,SYNTHETIC — hackathon mock data,2025-10-24 00:00:00.000,,2F35E9C7-D583-C07A-0000-0000000000F5,6BA6E43F-D229-27C1-0000-000000000002,14.3,2026-08-20 08:48:29.000,2026-09-24 01:32:23.000,FALSE
1,2025-09-03 00:06:27.000,SYNTH_USER_01,,SYNTH_USER_04,0,307DEFEB-9888-F474-0000-000000000017,SYNTHETIC — hackathon mock data,2024-04-04 00:00:00.000,,2F35E9C7-D583-C07A-0000-0000000000F6,6BA6E43F-D229-27C1-0000-000000000003,5.4,2026-09-17 08:04:18.000,2026-09-24 21:53:34.000,FALSE
0,2025-08-17 08:23:43.000,SYNTH_USER_04,,SYNTH_USER_01,0,307DEFEB-9888-F474-0000-00000000003F,SYNTHETIC — hackathon mock data,2025-05-01 00:00:00.000,,2F35E9C7-D583-C07A-0000-0000000000F7,6BA6E43F-D229-27C1-0000-000000000002,18.7,2025-05-12 19:37:25.000,2026-09-22 09:36:54.000,FALSE
0,2026-06-16 00:06:06.000,SYNTH_USER_03,,SYNTH_USER_01,0,307DEFEB-9888-F474-0000-00000000008F,SYNTHETIC — hackathon mock data,2025-07-19 00:00:00.000,,2F35E9C7-D583-C07A-0000-0000000000F8,6BA6E43F-D229-27C1-0000-000000000002,15.2,2026-04-04 15:13:34.000,2026-09-23 20:30:45.000,FALSE
1,2024-10-05 16:46:29.000,SYNTH_USER_04,,SYNTH_USER_02,0,307DEFEB-9888-F474-0000-00000000005F,SYNTHETIC — hackathon mock data,2024-04-24 00:00:00.000,,2F35E9C7-D583-C07A-0000-0000000000F9,6BA6E43F-D229-27C1-0000-000000000002,29.6,2024-05-27 09:57:29.000,2026-09-23 13:20:45.000,FALSE
0,2026-07-26 22:20:18.000,SYNTH_USER_01,,SYNTH_USER_01,0,307DEFEB-9888-F474-0000-000000000021,SYNTHETIC — hackathon mock data,2026-05-20 00:00:00.000,,2F35E9C7-D583-C07A-0000-0000000000FA,6BA6E43F-D229-27C1-0000-000000000003,4.0,2026-07-30 11:33:40.000,2026-09-23 11:30:32.000,FALSE
0,2025-12-05 04:26:21.000,SYNTH_USER_04,,SYNTH_USER_02,0,307DEFEB-9888-F474-0000-000000000046,SYNTHETIC — hackathon mock data,2024-08-02 00:00:00.000,,2F35E9C7-D583-C07A-0000-0000000000FB,6BA6E43F-D229-27C1-0000-000000000002,12.7,2024-10-27 00:37:54.000,2026-09-23 12:14:11.000,FALSE
0,2026-07-21 05:03:52.000,SYNTH_USER_04,,SYNTH_USER_02,0,307DEFEB-9888-F474-0000-00000000005F,SYNTHETIC — hackathon mock data,2026-04-17 00:00:00.000,,2F35E9C7-D583-C07A-0000-0000000000FC,6BA6E43F-D229-27C1-0000-000000000003,2.4,2026-09-20 12:39:14.000,2026-09-23 10:48:53.000,FALSE
0,2026-09-02 12:31:13.000,SYNTH_USER_04,,SYNTH_USER_03,0,307DEFEB-9888-F474-0000-00000000001A,SYNTHETIC — hackathon mock data,2026-05-12 00:00:00.000,,2F35E9C7-D583-C07A-0000-0000000000FD,6BA6E43F-D229-27C1-0000-000000000003,1.3,2026-07-01 10:16:05.000,2026-09-24 22:25:13.000,FALSE
0,2025-03-26 00:47:54.000,SYNTH_USER_01,,SYNTH_USER_01,0,307DEFEB-9888-F474-0000-00000000008B,SYNTHETIC — hackathon mock data,2024-10-08 00:00:00.000,,2F35E9C7-D583-C07A-0000-0000000000FE,6BA6E43F-D229-27C1-0000-000000000002,25.5,2025-04-10 11:08:55.000,2026-09-24 22:17:48.000,FALSE
0,2025-10-20 11:16:55.000,SYNTH_USER_01,,SYNTH_USER_04,0,307DEFEB-9888-F474-0000-00000000000A,SYNTHETIC — hackathon mock data,2025-09-19 00:00:00.000,,2F35E9C7-D583-C07A-0000-0000000000FF,6BA6E43F-D229-27C1-0000-000000000003,3.3,2026-09-03 07:07:53.000,2026-09-25 06:27:13.000,FALSE
0,2024-12-24 04:13:54.000,SYNTH_USER_03,EVENT_A,SYNTH_USER_02,0,307DEFEB-9888-F474-0000-00000000005F,SYNTHETIC — hackathon mock data,2024-05-08 00:00:00.000,,2F35E9C7-D583-C07A-0000-000000000100,6BA6E43F-D229-27C1-0000-000000000004,,2026-01-04 07:40:48.000,2026-09-22 13:19:40.000,FALSE
1,2025-04-06 21:18:12.000,SYNTH_USER_04,EVENT_C,SYNTH_USER_02,0,307DEFEB-9888-F474-0000-000000000010,SYNTHETIC — hackathon mock data,2024-09-22 00:00:00.000,,2F35E9C7-D583-C07A-0000-000000000101,6BA6E43F-D229-27C1-0000-000000000004,,2026-05-18 07:36:44.000,2026-09-25 22:02:13.000,FALSE
0,2025-05-22 13:56:20.000,SYNTH_USER_03,,SYNTH_USER_01,0,307DEFEB-9888-F474-0000-000000000078,SYNTHETIC — hackathon mock data,2025-04-23 00:00:00.000,,2F35E9C7-D583-C07A-0000-000000000102,6BA6E43F-D229-27C1-0000-000000000001,209.5,2025-10-06 10:58:11.000,2026-09-22 12:07:04.000,FALSE
1,2026-09-26 15:05:50.000,SYNTH_USER_03,EVENT_A,SYNTH_USER_01,0,307DEFEB-9888-F474-0000-000000000071,SYNTHETIC — hackathon mock data,2026-10-16 00:00:00.000,,2F35E9C7-D583-C07A-0000-000000000103,6BA6E43F-D229-27C1-0000-000000000004,,2026-10-12 01:00:16.000,2026-09-25 19:56:03.000,FALSE
0,2024-08-19 12:21:23.000,SYNTH_USER_03,,SYNTH_USER_02,0,307DEFEB-9888-F474-0000-000000000082,SYNTHETIC — hackathon mock data,2024-06-27 00:00:00.000,,2F35E9C7-D583-C07A-0000-000000000104,6BA6E43F-D229-27C1-0000-000000000003,8.1,2024-10-07 15:27:27.000,2026-09-24 07:21:15.000,FALSE
1,2025-08-13 06:55:45.000,SYNTH_USER_04,,SYNTH_USER_01,0,307DEFEB-9888-F474-0000-00000000003C,SYNTHETIC — hackathon mock data,2024-05-06 00:00:00.000,,2F35E9C7-D583-C07A-0000-000000000105,6BA6E43F-D229-27C1-0000-000000000003,6.0,2024-11-08 09:34:23.000,2026-09-24 04:16:35.000,FALSE
0,2025-10-17 05:24:31.000,SYNTH_USER_01,,SYNTH_USER_04,0,307DEFEB-9888-F474-0000-000000000095,SYNTHETIC — hackathon mock data,2024-09-28 00:00:00.000,,2F35E9C7-D583-C07A-0000-000000000106,6BA6E43F-D229-27C1-0000-000000000001,273.9,2025-10-23 14:16:28.000,2026-09-25 13:25:15.000,FALSE
0,2026-06-20 09:23:49.000,SYNTH_USER_03,,SYNTH_USER_03,0,307DEFEB-9888-F474-0000-000000000062,SYNTHETIC — hackathon mock data,2025-09-01 00:00:00.000,,2F35E9C7-D583-C07A-0000-000000000107,6BA6E43F-D229-27C1-0000-000000000001,173.6,2026-07-29 09:52:08.000,2026-09-25 15:27:21.000,FALSE
0,2026-08-30 13:40:58.000,SYNTH_USER_01,,SYNTH_USER_01,0,307DEFEB-9888-F474-0000-000000000028,SYNTHETIC — hackathon mock data,2024-07-18 00:00:00.000,,2F35E9C7-D583-C07A-0000-000000000108,6BA6E43F-D229-27C1-0000-000000000001,210.5,2024-11-24 23:38:59.000,2026-09-23 06:46:10.000,FALSE
0,2026-05-14 03:35:04.000,SYNTH_USER_04,,SYNTH_USER_04,0,307DEFEB-9888-F474-0000-000000000032,SYNTHETIC — hackathon mock data,2024-08-24 00:00:00.000,,2F35E9C7-D583-C07A-0000-000000000109,6BA6E43F-D229-27C1-0000-000000000001,193.0,2026-07-27 11:08:26.000,2026-09-25 03:25:39.000,FALSE
0,2026-08-19 01:02:11.000,SYNTH_USER_04,,SYNTH_USER_03,0,307DEFEB-9888-F474-0000-000000000061,SYNTHETIC — hackathon mock data,2024-04-02 00:00:00.000,,2F35E9C7-D583-C07A-0000-00000000010A,6BA6E43F-D229-27C1-0000-000000000002,29.0,2025-06-22 22:22:15.000,2026-09-22 03:54:14.000,FALSE
1,2026-08-02 04:31:28.000,SYNTH_USER_02,EVENT_C,SYNTH_USER_02,0,307DEFEB-9888-F474-0000-000000000047,SYNTHETIC — hackathon mock data,2024-04-27 00:00:00.000,,2F35E9C7-D583-C07A-0000-00000000010B,6BA6E43F-D229-27C1-0000-000000000004,,2026-02-14 22:31:33.000,2026-09-24 19:53:34.000,FALSE
1,2026-05-27 14:03:34.000,SYNTH_USER_03,NONE,SYNTH_USER_01,0,307DEFEB-9888-F474-0000-00000000003D,SYNTHETIC — hackathon mock data,2024-05-04 00:00:00.000,,2F35E9C7-D583-C07A-0000-00000000010C,6BA6E43F-D229-27C1-0000-000000000004,,2025-04-22 06:02:38.000,2026-09-23 17:51:28.000,FALSE
0,2026-09-11 07:33:01.000,SYNTH_USER_03,EVENT_A,SYNTH_USER_02,0,307DEFEB-9888-F474-0000-000000000055,SYNTHETIC — hackathon mock data,2024-09-23 00:00:00.000,,2F35E9C7-D583-C07A-0000-00000000010D,6BA6E43F-D229-27C1-0000-000000000004,,2024-11-18 19:16:50.000,2026-09-24 06:21:57.000,FALSE
0,2025-09-10 00:49:26.000,SYNTH_USER_01,EVENT_A,SYNTH_USER_01,0,307DEFEB-9888-F474-0000-000000000025,SYNTHETIC — hackathon mock data,2025-08-06 00:00:00.000,,2F35E9C7-D583-C07A-0000-00000000010E,6BA6E43F-D229-27C1-0000-000000000004,,2025-11-03 16:40:40.000,2026-09-24 03:08:16.000,FALSE
1,2026-08-28 23:01:27.000,SYNTH_USER_01,EVENT_A,SYNTH_USER_01,0,307DEFEB-9888-F474-0000-00000000001B,SYNTHETIC — hackathon mock data,2025-09-21 00:00:00.000,,2F35E9C7-D583-C07A-0000-00000000010F,6BA6E43F-D229-27C1-0000-000000000004,,2026-03-12 12:58:42.000,2026-09-22 12:23:46.000,FALSE
0,2026-01-13 04:38:12.000,SYNTH_USER_03,,SYNTH_USER_03,0,307DEFEB-9888-F474-0000-000000000020,SYNTHETIC — hackathon mock data,2024-10-07 00:00:00.000,,2F35E9C7-D583-C07A-0000-000000000110,6BA6E43F-D229-27C1-0000-000000000003,7.3,2025-10-04 21:42:19.000,2026-09-25 17:04:26.000,FALSE
0,2025-08-28 22:47:17.000,SYNTH_USER_01,EVENT_A,SYNTH_USER_01,0,307DEFEB-9888-F474-0000-00000000008D,SYNTHETIC — hackathon mock data,2024-09-12 00:00:00.000,,2F35E9C7-D583-C07A-0000-000000000111,6BA6E43F-D229-27C1-0000-000000000004,,2026-03-08 19:23:14.000,2026-09-25 07:09:54.000,FALSE
0,2026-02-21 01:43:53.000,SYNTH_USER_02,,SYNTH_USER_01,0,307DEFEB-9888-F474-0000-000000000003,SYNTHETIC — hackathon mock data,2024-07-11 00:00:00.000,,2F35E9C7-D583-C07A-0000-000000000112,6BA6E43F-D229-27C1-0000-000000000002,22.2,2026-06-30 00:20:23.000,2026-09-23 22:42:11.000,FALSE
1,2025-10-17 21:02:03.000,SYNTH_USER_04,,SYNTH_USER_01,0,307DEFEB-9888-F474-0000-00000000003D,SYNTHETIC — hackathon mock data,2025-08-12 00:00:00.000,,2F35E9C7-D583-C07A-0000-000000000113,6BA6E43F-D229-27C1-0000-000000000002,22.4,2025-11-17 05:45:50.000,2026-09-24 09:14:07.000,FALSE
0,2025-12-16 17:30:57.000,SYNTH_USER_04,EVENT_C,SYNTH_USER_01,0,307DEFEB-9888-F474-0000-000000000016,SYNTHETIC — hackathon mock data,2025-09-05 00:00:00.000,,2F35E9C7-D583-C07A-0000-000000000114,6BA6E43F-D229-27C1-0000-000000000004,,2026-07-22 04:27:35.000,2026-09-22 02:41:20.000,FALSE
0,2025-11-24 15:54:10.000,SYNTH_USER_02,,SYNTH_USER_01,0,307DEFEB-9888-F474-0000-000000000035,SYNTHETIC — hackathon mock data,2024-06-15 00:00:00.000,,2F35E9C7-D583-C07A-0000-000000000115,6BA6E43F-D229-27C1-0000-000000000003,5.3,2024-12-11 13:40:19.000,2026-09-24 03:36:20.000,FALSE
1,2026-04-07 16:22:19.000,SYNTH_USER_04,,SYNTH_USER_03,0,307DEFEB-9888-F474-0000-000000000089,SYNTHETIC — hackathon mock data,2025-09-21 00:00:00.000,,2F35E9C7-D583-C07A-0000-000000000116,6BA6E43F-D229-27C1-0000-000000000003,4.2,2025-10-09 14:11:27.000,2026-09-23 15:25:14.000,FALSE
0,2025-09-03 02:12:24.000,SYNTH_USER_04,,SYNTH_USER_01,0,307DEFEB-9888-F474-0000-000000000094,SYNTHETIC — hackathon mock data,2025-06-21 00:00:00.000,,2F35E9C7-D583-C07A-0000-000000000117,6BA6E43F-D229-27C1-0000-000000000003,1.2,2026-07-16 17:40:21.000,2026-09-24 01:14:43.000,FALSE
0,2026-01-20 08:58:57.000,SYNTH_USER_03,,SYNTH_USER_03,0,307DEFEB-9888-F474-0000-000000000086,SYNTHETIC — hackathon mock data,2024-10-26 00:00:00.000,,2F35E9C7-D583-C07A-0000-000000000118,6BA6E43F-D229-27C1-0000-000000000003,2.1,2025-10-22 02:52:36.000,2026-09-25 10:05:06.000,FALSE
1,2025-12-05 22:29:20.000,SYNTH_USER_02,,SYNTH_USER_03,0,307DEFEB-9888-F474-0000-000000000066,SYNTHETIC — hackathon mock data,2025-07-18 00:00:00.000,,2F35E9C7-D583-C07A-0000-000000000119,6BA6E43F-D229-27C1-0000-000000000001,237.9,2026-04-24 18:32:22.000,2026-09-22 07:42:22.000,FALSE
0,2024-11-21 23:52:03.000,SYNTH_USER_01,,SYNTH_USER_03,0,307DEFEB-9888-F474-0000-000000000074,SYNTHETIC — hackathon mock data,2024-04-07 00:00:00.000,,2F35E9C7-D583-C07A-0000-00000000011A,6BA6E43F-D229-27C1-0000-000000000002,13.5,2024-06-12 12:28:53.000,2026-09-23 14:07:19.000,FALSE
0,2026-03-06 15:34:30.000,SYNTH_USER_01,,SYNTH_USER_03,0,307DEFEB-9888-F474-0000-000000000033,SYNTHETIC — hackathon mock data,2025-10-07 00:00:00.000,,2F35E9C7-D583-C07A-0000-00000000011B,6BA6E43F-D229-27C1-0000-000000000003,4.4,2026-09-02 07:33:40.000,2026-09-24 20:48:08.000,FALSE
0,2026-07-01 20:43:37.000,SYNTH_USER_03,,SYNTH_USER_01,0,307DEFEB-9888-F474-0000-000000000052,SYNTHETIC — hackathon mock data,2026-05-27 00:00:00.000,,2F35E9C7-D583-C07A-0000-00000000011C,6BA6E43F-D229-27C1-0000-000000000002,23.5,2026-08-13 00:12:09.000,2026-09-25 09:42:01.000,FALSE
0,2026-09-15 09:43:58.000,SYNTH_USER_03,,SYNTH_USER_01,0,307DEFEB-9888-F474-0000-000000000062,SYNTHETIC — hackathon mock data,2026-08-05 00:00:00.000,,2F35E9C7-D583-C07A-0000-00000000011D,6BA6E43F-D229-27C1-0000-000000000002,17.8,2026-09-02 15:56:57.000,2026-09-25 22:14:42.000,FALSE
0,2026-09-10 12:52:37.000,SYNTH_USER_02,,SYNTH_USER_02,0,307DEFEB-9888-F474-0000-000000000087,SYNTHETIC — hackathon mock data,2026-06-24 00:00:00.000,,2F35E9C7-D583-C07A-0000-00000000011E,6BA6E43F-D229-27C1-0000-000000000003,8.8,2026-08-05 00:17:15.000,2026-09-24 06:22:39.000,FALSE
0,2025-05-21 09:33:21.000,SYNTH_USER_04,,SYNTH_USER_03,0,307DEFEB-9888-F474-0000-000000000074,SYNTHETIC — hackathon mock data,2024-08-04 00:00:00.000,,2F35E9C7-D583-C07A-0000-00000000011F,6BA6E43F-D229-27C1-0000-000000000003,2.6,2026-07-10 00:16:42.000,2026-09-25 20:14:23.000,FALSE
0,2025-06-18 10:08:11.000,SYNTH_USER_04,,SYNTH_USER_04,0,307DEFEB-9888-F474-0000-000000000074,SYNTHETIC — hackathon mock data,2025-04-07 00:00:00.000,,2F35E9C7-D583-C07A-0000-000000000120,6BA6E43F-D229-27C1-0000-000000000001,202.8,2026-05-19 02:37:33.000,2026-09-23 02:32:31.000,FALSE
0,2024-08-14 01:10:33.000,SYNTH_USER_03,EVENT_C,SYNTH_USER_01,0,307DEFEB-9888-F474-0000-00000000000A,SYNTHETIC — hackathon mock data,2024-08-09 00:00:00.000,,2F35E9C7-D583-C07A-0000-000000000121,6BA6E43F-D229-27C1-0000-000000000004,,2024-09-28 00:59:06.000,2026-09-22 21:43:11.000,FALSE
0,2025-12-17 23:42:14.000,SYNTH_USER_03,EVENT_C,SYNTH_USER_01,0,307DEFEB-9888-F474-0000-000000000067,SYNTHETIC — hackathon mock data,2024-05-10 00:00:00.000,,2F35E9C7-D583-C07A-0000-000000000122,6BA6E43F-D229-27C1-0000-000000000004,,2025-10-22 16:11:42.000,2026-09-22 12:38:29.000,FALSE
0,2026-06-24 08:58:42.000,SYNTH_USER_02,,SYNTH_USER_03,0,307DEFEB-9888-F474-0000-00000000004C,SYNTHETIC — hackathon mock data,2025-05-15 00:00:00.000,,2F35E9C7-D583-C07A-0000-000000000123,6BA6E43F-D229-27C1-0000-000000000003,3.1,2026-05-17 06:03:35.000,2026-09-25 10:12:54.000,FALSE
0,2026-08-22 02:12:13.000,SYNTH_USER_01,EVENT_C,SYNTH_USER_03,0,307DEFEB-9888-F474-0000-00000000003F,SYNTHETIC — hackathon mock data,2026-07-17 00:00:00.000,,2F35E9C7-D583-C07A-0000-000000000124,6BA6E43F-D229-27C1-0000-000000000004,,2026-09-09 07:04:36.000,2026-09-25 10:53:11.000,FALSE
0,2025-08-30 09:10:39.000,SYNTH_USER_01,NONE,SYNTH_USER_03,0,307DEFEB-9888-F474-0000-00000000001C,SYNTHETIC — hackathon mock data,2025-06-23 00:00:00.000,,2F35E9C7-D583-C07A-0000-000000000125,6BA6E43F-D229-27C1-0000-000000000004,,2026-05-30 21:20:43.000,2026-09-22 01:39:03.000,FALSE
0,2026-02-26 06:20:22.000,SYNTH_USER_03,,SYNTH_USER_01,0,307DEFEB-9888-F474-0000-000000000015,SYNTHETIC — hackathon mock data,2025-05-03 00:00:00.000,,2F35E9C7-D583-C07A-0000-000000000126,6BA6E43F-D229-27C1-0000-000000000001,286.8,2025-09-13 21:38:02.000,2026-09-25 03:25:51.000,FALSE
0,2026-06-29 16:59:29.000,SYNTH_USER_02,,SYNTH_USER_02,0,307DEFEB-9888-F474-0000-000000000092,SYNTHETIC — hackathon mock data,2024-05-17 00:00:00.000,,2F35E9C7-D583-C07A-0000-000000000127,6BA6E43F-D229-27C1-0000-000000000003,4.8,2026-08-05 17:44:27.000,2026-09-25 07:28:40.000,FALSE
1,2025-06-23 15:31:37.000,SYNTH_USER_01,,SYNTH_USER_01,0,307DEFEB-9888-F474-0000-000000000033,SYNTHETIC — hackathon mock data,2025-04-18 00:00:00.000,,2F35E9C7-D583-C07A-0000-000000000128,6BA6E43F-D229-27C1-0000-000000000001,166.8,2026-09-18 09:41:37.000,2026-09-24 01:47:59.000,FALSE
0,2026-05-11 20:32:15.000,SYNTH_USER_04,,SYNTH_USER_04,0,307DEFEB-9888-F474-0000-00000000007C,SYNTHETIC — hackathon mock data,2026-05-03 00:00:00.000,,2F35E9C7-D583-C07A-0000-000000000129,6BA6E43F-D229-27C1-0000-000000000003,6.7,2026-09-06 21:05:01.000,2026-09-24 08:50:36.000,FALSE
0,2025-08-26 22:04:48.000,SYNTH_USER_04,,SYNTH_USER_04,0,307DEFEB-9888-F474-0000-000000000029,SYNTHETIC — hackathon mock data,2025-07-27 00:00:00.000,,2F35E9C7-D583-C07A-0000-00000000012A,6BA6E43F-D229-27C1-0000-000000000003,7.2,2026-03-19 17:18:45.000,2026-09-25 16:01:08.000,FALSE
0,2026-10-18 14:51:31.000,SYNTH_USER_01,,SYNTH_USER_04,0,307DEFEB-9888-F474-0000-000000000025,SYNTHETIC — hackathon mock data,2026-10-21 00:00:00.000,,2F35E9C7-D583-C07A-0000-00000000012B,6BA6E43F-D229-27C1-0000-000000000003,6.8,2026-09-28 09:57:39.000,2026-09-22 12:43:34.000,FALSE
0,2025-09-22 01:40:09.000,SYNTH_USER_02,,SYNTH_USER_04,0,307DEFEB-9888-F474-0000-000000000008,SYNTHETIC — hackathon mock data,2025-06-22 00:00:00.000,,2F35E9C7-D583-C07A-0000-00000000012C,6BA6E43F-D229-27C1-0000-000000000001,224.9,2026-07-16 07:04:35.000,2026-09-25 11:50:27.000,FALSE
0,2026-09-23 17:17:36.000,SYNTH_USER_04,,SYNTH_USER_04,0,307DEFEB-9888-F474-0000-000000000056,SYNTHETIC — hackathon mock data,2026-09-24 00:00:00.000,,2F35E9C7-D583-C07A-0000-00000000012D,6BA6E43F-D229-27C1-0000-000000000001,177.1,2026-09-22 22:44:09.000,2026-09-24 02:02:14.000,FALSE
0,2026-08-30 03:46:09.000,SYNTH_USER_04,,SYNTH_USER_02,0,307DEFEB-9888-F474-0000-000000000025,SYNTHETIC — hackathon mock data,2026-07-20 00:00:00.000,,2F35E9C7-D583-C07A-0000-00000000012E,6BA6E43F-D229-27C1-0000-000000000002,18.0,2026-08-18 00:49:42.000,2026-09-22 16:31:38.000,FALSE
0,2025-02-25 08:33:54.000,SYNTH_USER_04,EVENT_B,SYNTH_USER_03,0,307DEFEB-9888-F474-0000-000000000032,SYNTHETIC — hackathon mock data,2024-10-09 00:00:00.000,,2F35E9C7-D583-C07A-0000-00000000012F,6BA6E43F-D229-27C1-0000-000000000004,,2026-05-28 18:47:05.000,2026-09-23 22:30:52.000,FALSE
0,2026-09-23 10:48:09.000,SYNTH_USER_03,,SYNTH_USER_03,0,307DEFEB-9888-F474-0000-000000000082,SYNTHETIC — hackathon mock data,2026-09-24 00:00:00.000,,2F35E9C7-D583-C07A-0000-000000000130,6BA6E43F-D229-27C1-0000-000000000003,8.9,2026-09-21 00:25:43.000,2026-09-22 21:17:54.000,FALSE
1,2026-01-29 06:46:16.000,SYNTH_USER_01,,SYNTH_USER_01,0,307DEFEB-9888-F474-0000-000000000041,SYNTHETIC — hackathon mock data,2025-04-18 00:00:00.000,,2F35E9C7-D583-C07A-0000-000000000131,6BA6E43F-D229-27C1-0000-000000000001,185.7,2025-08-08 08:17:41.000,2026-09-22 02:18:52.000,FALSE
1,2024-07-24 12:15:09.000,SYNTH_USER_01,EVENT_B,SYNTH_USER_04,0,307DEFEB-9888-F474-0000-00000000000E,SYNTHETIC — hackathon mock data,2024-05-13 00:00:00.000,,2F35E9C7-D583-C07A-0000-000000000132,6BA6E43F-D229-27C1-0000-000000000004,,2024-12-24 20:16:40.000,2026-09-25 08:41:06.000,FALSE
0,2025-12-20 23:49:02.000,SYNTH_USER_01,,SYNTH_USER_02,0,307DEFEB-9888-F474-0000-000000000054,SYNTHETIC — hackathon mock data,2025-07-18 00:00:00.000,,2F35E9C7-D583-C07A-0000-000000000133,6BA6E43F-D229-27C1-0000-000000000001,230.4,2026-05-04 00:24:08.000,2026-09-24 01:24:25.000,FALSE
0,2026-03-15 07:08:47.000,SYNTH_USER_03,,SYNTH_USER_04,0,307DEFEB-9888-F474-0000-000000000063,SYNTHETIC — hackathon mock data,2025-06-23 00:00:00.000,,2F35E9C7-D583-C07A-0000-000000000134,6BA6E43F-D229-27C1-0000-000000000002,15.1,2025-08-30 04:09:21.000,2026-09-22 23:19:12.000,FALSE
0,2026-05-14 20:54:07.000,SYNTH_USER_02,,SYNTH_USER_01,0,307DEFEB-9888-F474-0000-000000000072,SYNTHETIC — hackathon mock data,2025-07-04 00:00:00.000,,2F35E9C7-D583-C07A-0000-000000000135,6BA6E43F-D229-27C1-0000-000000000003,2.8,2025-11-13 17:32:45.000,2026-09-23 17:42:25.000,FALSE
1,2025-08-01 07:02:07.000,SYNTH_USER_02,,SYNTH_USER_03,0,307DEFEB-9888-F474-0000-000000000012,SYNTHETIC — hackathon mock data,2024-09-23 00:00:00.000,,2F35E9C7-D583-C07A-0000-000000000136,6BA6E43F-D229-27C1-0000-000000000001,175.8,2026-06-20 14:09:44.000,2026-09-23 16:51:25.000,FALSE
0,2025-06-14 22:28:09.000,SYNTH_USER_03,,SYNTH_USER_01,0,307DEFEB-9888-F474-0000-000000000096,SYNTHETIC — hackathon mock data,2024-04-05 00:00:00.000,,2F35E9C7-D583-C07A-0000-000000000137,6BA6E43F-D229-27C1-0000-000000000003,3.5,2026-07-15 17:09:19.000,2026-09-25 19:54:38.000,FALSE
1,2026-06-05 06:42:43.000,SYNTH_USER_03,,SYNTH_USER_04,0,307DEFEB-9888-F474-0000-00000000006F,SYNTHETIC — hackathon mock data,2026-06-05 00:00:00.000,,2F35E9C7-D583-C07A-0000-000000000138,6BA6E43F-D229-27C1-0000-000000000003,7.8,2026-08-10 14:18:55.000,2026-09-23 16:46:39.000,FALSE
1,2026-08-27 09:08:11.000,SYNTH_USER_03,,SYNTH_USER_03,0,307DEFEB-9888-F474-0000-00000000005D,SYNTHETIC — hackathon mock data,2026-07-11 00:00:00.000,,2F35E9C7-D583-C07A-0000-000000000139,6BA6E43F-D229-27C1-0000-000000000002,13.9,2026-09-10 20:25:07.000,2026-09-25 10:53:54.000,FALSE
0,2026-05-08 02:47:55.000,SYNTH_USER_02,EVENT_A,SYNTH_USER_04,0,307DEFEB-9888-F474-0000-00000000003D,SYNTHETIC — hackathon mock data,2025-06-03 00:00:00.000,,2F35E9C7-D583-C07A-0000-00000000013A,6BA6E43F-D229-27C1-0000-000000000004,,2026-03-24 23:27:23.000,2026-09-25 16:57:05.000,FALSE
1,2026-09-27 10:48:44.000,SYNTH_USER_03,,SYNTH_USER_04,0,307DEFEB-9888-F474-0000-00000000005F,SYNTHETIC — hackathon mock data,2026-09-28 00:00:00.000,,2F35E9C7-D583-C07A-0000-00000000013B,6BA6E43F-D229-27C1-0000-000000000001,156.4,2026-09-27 04:51:06.000,2026-09-24 19:30:43.000,FALSE
0,2026-04-30 07:33:52.000,SYNTH_USER_02,,SYNTH_USER_01,0,307DEFEB-9888-F474-0000-000000000074,SYNTHETIC — hackathon mock data,2025-10-01 00:00:00.000,,2F35E9C7-D583-C07A-0000-00000000013C,6BA6E43F-D229-27C1-0000-000000000002,28.0,2025-12-26 03:42:45.000,2026-09-23 10:37:25.000,FALSE
0,2026-01-23 17:05:25.000,SYNTH_USER_01,,SYNTH_USER_04,0,307DEFEB-9888-F474-0000-000000000041,SYNTHETIC — hackathon mock data,2024-05-20 00:00:00.000,,2F35E9C7-D583-C07A-0000-00000000013D,6BA6E43F-D229-27C1-0000-000000000001,236.2,2026-06-01 18:20:10.000,2026-09-24 06:22:16.000,FALSE
1,2026-09-04 12:32:34.000,SYNTH_USER_02,,SYNTH_USER_02,0,307DEFEB-9888-F474-0000-000000000018,SYNTHETIC — hackathon mock data,2025-08-12 00:00:00.000,,2F35E9C7-D583-C07A-0000-00000000013E,6BA6E43F-D229-27C1-0000-000000000002,14.7,2026-02-05 16:42:26.000,2026-09-22 19:47:27.000,FALSE
0,2026-09-18 15:22:45.000,SYNTH_USER_02,,SYNTH_USER_04,0,307DEFEB-9888-F474-0000-000000000059,SYNTHETIC — hackathon mock data,2025-06-19 00:00:00.000,,2F35E9C7-D583-C07A-0000-00000000013F,6BA6E43F-D229-27C1-0000-000000000002,17.6,2026-08-18 15:10:10.000,2026-09-24 13:20:19.000,FALSE
0,2026-03-07 01:35:11.000,SYNTH_USER_04,,SYNTH_USER_04,0,307DEFEB-9888-F474-0000-000000000080,SYNTHETIC — hackathon mock data,2024-09-27 00:00:00.000,,2F35E9C7-D583-C07A-0000-000000000140,6BA6E43F-D229-27C1-0000-000000000003,4.2,2026-08-21 06:30:37.000,2026-09-23 15:32:16.000,FALSE
0,2026-03-18 10:26:32.000,SYNTH_USER_03,,SYNTH_USER_04,0,307DEFEB-9888-F474-0000-000000000088,SYNTHETIC — hackathon mock data,2025-06-24 00:00:00.000,,2F35E9C7-D583-C07A-0000-000000000141,6BA6E43F-D229-27C1-0000-000000000001,277.1,2026-05-28 04:32:27.000,2026-09-25 17:42:28.000,FALSE
0,2026-02-10 23:07:35.000,SYNTH_USER_02,,SYNTH_USER_03,0,307DEFEB-9888-F474-0000-00000000001E,SYNTHETIC — hackathon mock data,2024-09-17 00:00:00.000,,2F35E9C7-D583-C07A-0000-000000000142,6BA6E43F-D229-27C1-0000-000000000001,234.9,2026-03-06 18:42:40.000,2026-09-22 10:29:53.000,FALSE
0,2026-03-04 02:35:11.000,SYNTH_USER_02,,SYNTH_USER_04,0,307DEFEB-9888-F474-0000-000000000083,SYNTHETIC — hackathon mock data,2025-07-17 00:00:00.000,,2F35E9C7-D583-C07A-0000-000000000143,6BA6E43F-D229-27C1-0000-000000000001,273.1,2026-08-16 22:36:57.000,2026-09-25 19:40:34.000,FALSE
1,2025-08-12 03:14:45.000,SYNTH_USER_03,,SYNTH_USER_03,0,307DEFEB-9888-F474-0000-000000000037,SYNTHETIC — hackathon mock data,2025-04-20 00:00:00.000,,2F35E9C7-D583-C07A-0000-000000000144,6BA6E43F-D229-27C1-0000-000000000003,2.7,2025-05-08 23:00:27.000,2026-09-22 03:34:54.000,FALSE
0,2026-05-05 14:21:11.000,SYNTH_USER_03,EVENT_C,SYNTH_USER_02,0,307DEFEB-9888-F474-0000-000000000029,SYNTHETIC — hackathon mock data,2026-04-11 00:00:00.000,,2F35E9C7-D583-C07A-0000-000000000145,6BA6E43F-D229-27C1-0000-000000000004,,2026-05-30 23:18:29.000,2026-09-24 07:55:33.000,FALSE
0,2026-08-17 18:44:53.000,SYNTH_USER_03,EVENT_B,SYNTH_USER_03,0,307DEFEB-9888-F474-0000-000000000079,SYNTHETIC — hackathon mock data,2025-05-23 00:00:00.000,,2F35E9C7-D583-C07A-0000-000000000146,6BA6E43F-D229-27C1-0000-000000000004,,2026-03-21 22:13:40.000,2026-09-25 01:16:13.000,FALSE
1,2026-05-14 00:27:38.000,SYNTH_USER_03,,SYNTH_USER_04,0,307DEFEB-9888-F474-0000-00000000001D,SYNTHETIC — hackathon mock data,2025-05-19 00:00:00.000,,2F35E9C7-D583-C07A-0000-000000000147,6BA6E43F-D229-27C1-0000-000000000003,1.2,2025-07-19 18:40:30.000,2026-09-25 11:20:57.000,FALSE
0,2025-08-09 04:04:51.000,SYNTH_USER_03,,SYNTH_USER_04,0,307DEFEB-9888-F474-0000-000000000011,SYNTHETIC — hackathon mock data,2025-04-12 00:00:00.000,,2F35E9C7-D583-C07A-0000-000000000148,6BA6E43F-D229-27C1-0000-000000000003,4.8,2026-05-24 11:44:50.000,2026-09-23 02:25:03.000,FALSE
1,2025-10-20 19:28:06.000,SYNTH_USER_01,,SYNTH_USER_02,0,307DEFEB-9888-F474-0000-000000000050,SYNTHETIC — hackathon mock data,2024-09-13 00:00:00.000,,2F35E9C7-D583-C07A-0000-000000000149,6BA6E43F-D229-27C1-0000-000000000001,295.2,2025-07-22 21:26:01.000,2026-09-25 01:59:47.000,FALSE
0,2026-07-27 00:54:22.000,SYNTH_USER_04,,SYNTH_USER_03,0,307DEFEB-9888-F474-0000-000000000072,SYNTHETIC — hackathon mock data,2026-07-02 00:00:00.000,,2F35E9C7-D583-C07A-0000-00000000014A,6BA6E43F-D229-27C1-0000-000000000001,230.4,2026-07-07 14:23:06.000,2026-09-24 07:39:37.000,FALSE
0,2026-09-02 17:19:56.000,SYNTH_USER_02,,SYNTH_USER_02,0,307DEFEB-9888-F474-0000-000000000096,SYNTHETIC — hackathon mock data,2026-08-19 00:00:00.000,,2F35E9C7-D583-C07A-0000-00000000014B,6BA6E43F-D229-27C1-0000-000000000003,1.9,2026-09-10 11:14:02.000,2026-09-22 00:12:24.000,FALSE
0,2025-12-07 11:56:34.000,SYNTH_USER_04,,SYNTH_USER_03,0,307DEFEB-9888-F474-0000-000000000014,SYNTHETIC — hackathon mock data,2024-04-25 00:00:00.000,,2F35E9C7-D583-C07A-0000-00000000014C,6BA6E43F-D229-27C1-0000-000000000002,22.9,2024-08-14 17:39:42.000,2026-09-24 00:40:53.000,FALSE
0,2026-06-26 11:16:37.000,SYNTH_USER_03,,SYNTH_USER_02,0,307DEFEB-9888-F474-0000-000000000027,SYNTHETIC — hackathon mock data,2026-06-22 00:00:00.000,,2F35E9C7-D583-C07A-0000-00000000014D,6BA6E43F-D229-27C1-0000-000000000001,261.5,2026-08-31 23:19:37.000,2026-09-22 22:15:34.000,FALSE
0,2026-02-20 19:12:46.000,SYNTH_USER_04,,SYNTH_USER_02,0,307DEFEB-9888-F474-0000-000000000036,SYNTHETIC — hackathon mock data,2025-06-06 00:00:00.000,,2F35E9C7-D583-C07A-0000-00000000014E,6BA6E43F-D229-27C1-0000-000000000003,8.9,2025-06-07 04:22:49.000,2026-09-24 08:07:33.000,FALSE
0,2026-05-02 13:42:27.000,SYNTH_USER_03,,SYNTH_USER_03,0,307DEFEB-9888-F474-0000-00000000007C,SYNTHETIC — hackathon mock data,2024-04-07 00:00:00.000,,2F35E9C7-D583-C07A-0000-00000000014F,6BA6E43F-D229-27C1-0000-000000000001,211.3,2026-07-25 21:59:39.000,2026-09-24 06:05:07.000,FALSE
1,2026-09-26 23:57:50.000,SYNTH_USER_03,,SYNTH_USER_03,0,307DEFEB-9888-F474-0000-000000000024,SYNTHETIC — hackathon mock data,2026-10-20 00:00:00.000,,2F35E9C7-D583-C07A-0000-000000000150,6BA6E43F-D229-27C1-0000-000000000003,3.7,2026-09-26 15:47:24.000,2026-09-25 12:10:48.000,FALSE
1,2025-03-17 15:41:34.000,SYNTH_USER_04,,SYNTH_USER_03,0,307DEFEB-9888-F474-0000-000000000029,SYNTHETIC — hackathon mock data,2024-10-04 00:00:00.000,,2F35E9C7-D583-C07A-0000-000000000151,6BA6E43F-D229-27C1-0000-000000000003,2.8,2025-04-10 05:53:08.000,2026-09-24 12:28:25.000,FALSE
1,2026-09-04 18:28:57.000,SYNTH_USER_01,NONE,SYNTH_USER_01,0,307DEFEB-9888-F474-0000-000000000023,SYNTHETIC — hackathon mock data,2025-07-27 00:00:00.000,,2F35E9C7-D583-C07A-0000-000000000152,6BA6E43F-D229-27C1-0000-000000000004,,2025-11-11 19:49:31.000,2026-09-23 13:59:06.000,FALSE
1,2025-09-05 06:34:58.000,SYNTH_USER_04,NONE,SYNTH_USER_04,0,307DEFEB-9888-F474-0000-000000000037,SYNTHETIC — hackathon mock data,2024-09-02 00:00:00.000,,2F35E9C7-D583-C07A-0000-000000000153,6BA6E43F-D229-27C1-0000-000000000004,,2025-06-04 04:45:09.000,2026-09-22 01:04:19.000,FALSE
1,2025-12-05 13:53:56.000,SYNTH_USER_03,EVENT_A,SYNTH_USER_03,0,307DEFEB-9888-F474-0000-00000000001D,SYNTHETIC — hackathon mock data,2025-10-14 00:00:00.000,,2F35E9C7-D583-C07A-0000-000000000154,6BA6E43F-D229-27C1-0000-000000000004,,2025-10-21 16:11:26.000,2026-09-24 10:33:53.000,FALSE
0,2026-08-19 18:15:10.000,SYNTH_USER_03,,SYNTH_USER_03,0,307DEFEB-9888-F474-0000-00000000008A,SYNTHETIC — hackathon mock data,2026-04-19 00:00:00.000,,2F35E9C7-D583-C07A-0000-000000000155,6BA6E43F-D229-27C1-0000-000000000003,7.8,2026-09-15 06:53:36.000,2026-09-24 22:59:22.000,FALSE
0,2025-11-06 10:13:02.000,SYNTH_USER_01,,SYNTH_USER_02,0,307DEFEB-9888-F474-0000-000000000094,SYNTHETIC — hackathon mock data,2025-10-24 00:00:00.000,,2F35E9C7-D583-C07A-0000-000000000156,6BA6E43F-D229-27C1-0000-000000000002,22.0,2026-03-22 20:23:43.000,2026-09-22 06:45:16.000,FALSE
0,2026-09-24 20:35:01.000,SYNTH_USER_01,EVENT_A,SYNTH_USER_03,0,307DEFEB-9888-F474-0000-000000000008,SYNTHETIC — hackathon mock data,2026-10-08 00:00:00.000,,2F35E9C7-D583-C07A-0000-000000000157,6BA6E43F-D229-27C1-0000-000000000004,,2026-10-02 02:29:32.000,2026-09-23 16:18:02.000,FALSE
0,2025-08-27 02:33:12.000,SYNTH_USER_03,,SYNTH_USER_02,0,307DEFEB-9888-F474-0000-000000000075,SYNTHETIC — hackathon mock data,2024-06-25 00:00:00.000,,2F35E9C7-D583-C07A-0000-000000000158,6BA6E43F-D229-27C1-0000-000000000003,7.1,2026-03-18 21:05:21.000,2026-09-25 09:58:05.000,FALSE
1,2024-12-19 17:29:25.000,SYNTH_USER_03,,SYNTH_USER_01,0,307DEFEB-9888-F474-0000-000000000037,SYNTHETIC — hackathon mock data,2024-05-23 00:00:00.000,,2F35E9C7-D583-C07A-0000-000000000159,6BA6E43F-D229-27C1-0000-000000000003,1.6,2025-06-28 09:19:55.000,2026-09-22 00:04:36.000,FALSE
1,2026-03-26 05:59:00.000,SYNTH_USER_03,EVENT_A,SYNTH_USER_02,0,307DEFEB-9888-F474-0000-000000000039,SYNTHETIC — hackathon mock data,2025-08-26 00:00:00.000,,2F35E9C7-D583-C07A-0000-00000000015A,6BA6E43F-D229-27C1-0000-000000000004,,2025-11-07 22:43:08.000,2026-09-25 01:48:32.000,FALSE
0,2026-02-11 10:20:16.000,SYNTH_USER_01,,SYNTH_USER_01,0,307DEFEB-9888-F474-0000-000000000024,SYNTHETIC — hackathon mock data,2024-05-19 00:00:00.000,,2F35E9C7-D583-C07A-0000-00000000015B,6BA6E43F-D229-27C1-0000-000000000003,1.3,2026-06-16 19:18:30.000,2026-09-24 11:29:19.000,FALSE
1,2024-08-21 19:03:44.000,SYNTH_USER_04,,SYNTH_USER_04,0,307DEFEB-9888-F474-0000-00000000000B,SYNTHETIC — hackathon mock data,2024-07-04 00:00:00.000,,2F35E9C7-D583-C07A-0000-00000000015C,6BA6E43F-D229-27C1-0000-000000000003,6.9,2025-06-03 06:21:20.000,2026-09-22 01:55:02.000,FALSE
0,2026-08-25 01:46:53.000,SYNTH_USER_02,,SYNTH_USER_03,0,307DEFEB-9888-F474-0000-000000000009,SYNTHETIC — hackathon mock data,2025-09-03 00:00:00.000,,2F35E9C7-D583-C07A-0000-00000000015D,6BA6E43F-D229-27C1-0000-000000000001,253.0,2025-11-06 19:59:45.000,2026-09-24 22:35:35.000,FALSE
1,2026-09-27 03:31:03.000,SYNTH_USER_03,,SYNTH_USER_01,0,307DEFEB-9888-F474-0000-000000000066,SYNTHETIC — hackathon mock data,2026-10-05 00:00:00.000,,2F35E9C7-D583-C07A-0000-00000000015E,6BA6E43F-D229-27C1-0000-000000000002,14.0,2026-10-03 01:25:39.000,2026-09-24 16:02:06.000,FALSE
1,2026-08-10 08:08:22.000,SYNTH_USER_04,,SYNTH_USER_02,0,307DEFEB-9888-F474-0000-000000000063,SYNTHETIC — hackathon mock data,2026-07-19 00:00:00.000,,2F35E9C7-D583-C07A-0000-00000000015F,6BA6E43F-D229-27C1-0000-000000000003,2.1,2026-08-01 11:15:55.000,2026-09-23 07:41:10.000,FALSE
1,2026-04-19 11:38:39.000,SYNTH_USER_04,,SYNTH_USER_03,0,307DEFEB-9888-F474-0000-00000000004B,SYNTHETIC — hackathon mock data,2026-04-03 00:00:00.000,,2F35E9C7-D583-C07A-0000-000000000160,6BA6E43F-D229-27C1-0000-000000000003,8.6,2026-08-02 03:51:45.000,2026-09-23 21:11:11.000,FALSE
0,2026-08-02 08:56:19.000,SYNTH_USER_02,,SYNTH_USER_02,0,307DEFEB-9888-F474-0000-000000000003,SYNTHETIC — hackathon mock data,2025-06-10 00:00:00.000,,2F35E9C7-D583-C07A-0000-000000000161,6BA6E43F-D229-27C1-0000-000000000001,208.6,2026-07-26 23:40:03.000,2026-09-23 04:25:45.000,FALSE
0,2026-06-10 06:05:16.000,SYNTH_USER_01,,SYNTH_USER_01,0,307DEFEB-9888-F474-0000-000000000008,SYNTHETIC — hackathon mock data,2026-04-12 00:00:00.000,,2F35E9C7-D583-C07A-0000-000000000162,6BA6E43F-D229-27C1-0000-000000000002,26.8,2026-07-01 17:39:54.000,2026-09-22 00:28:44.000,FALSE
1,2024-06-18 06:27:55.000,SYNTH_USER_04,,SYNTH_USER_02,0,307DEFEB-9888-F474-0000-00000000004E,SYNTHETIC — hackathon mock data,2024-05-13 00:00:00.000,,2F35E9C7-D583-C07A-0000-000000000163,6BA6E43F-D229-27C1-0000-000000000001,194.7,2025-09-12 21:17:50.000,2026-09-25 11:59:03.000,FALSE
0,2026-08-03 12:11:31.000,SYNTH_USER_04,EVENT_A,SYNTH_USER_02,0,307DEFEB-9888-F474-0000-000000000006,SYNTHETIC — hackathon mock data,2024-09-07 00:00:00.000,,2F35E9C7-D583-C07A-0000-000000000164,6BA6E43F-D229-27C1-0000-000000000004,,2025-02-10 18:54:31.000,2026-09-25 13:16:59.000,FALSE
0,2026-09-26 15:50:04.000,SYNTH_USER_04,,SYNTH_USER_01,0,307DEFEB-9888-F474-0000-000000000045,SYNTHETIC — hackathon mock data,2026-10-05 00:00:00.000,,2F35E9C7-D583-C07A-0000-000000000165,6BA6E43F-D229-27C1-0000-000000000003,1.6,2026-09-22 11:54:01.000,2026-09-22 20:53:07.000,FALSE
1,2025-11-20 07:54:11.000,SYNTH_USER_03,NONE,SYNTH_USER_02,0,307DEFEB-9888-F474-0000-000000000057,SYNTHETIC — hackathon mock data,2024-07-23 00:00:00.000,,2F35E9C7-D583-C07A-0000-000000000166,6BA6E43F-D229-27C1-0000-000000000004,,2025-10-02 10:44:33.000,2026-09-25 18:02:55.000,FALSE
0,2026-06-16 03:22:56.000,SYNTH_USER_02,,SYNTH_USER_01,0,307DEFEB-9888-F474-0000-000000000029,SYNTHETIC — hackathon mock data,2026-05-28 00:00:00.000,,2F35E9C7-D583-C07A-0000-000000000167,6BA6E43F-D229-27C1-0000-000000000001,256.2,2026-07-30 01:14:27.000,2026-09-22 03:10:07.000,FALSE
0,2026-09-30 21:12:25.000,SYNTH_USER_02,,SYNTH_USER_01,0,307DEFEB-9888-F474-0000-000000000046,SYNTHETIC — hackathon mock data,2026-10-06 00:00:00.000,,2F35E9C7-D583-C07A-0000-000000000168,6BA6E43F-D229-27C1-0000-000000000002,16.8,2026-09-27 18:51:04.000,2026-09-24 18:47:11.000,FALSE
