OBSERVATION_GUID,TRIAL_GUID,MATERIAL_GUID,LOCATION_GUID,PLOT_NO,REPLICATION_NO,TRAIT_CODE,TRAIT_NAME,OBSERVATION_VALUE,OBSERVATION_UOM,OBSERVATION_DATE,OBSERVATION_METHOD_LID,QUALITY_FLAG_LID,OBSERVER_ID,REMARK,CREATE_DATE,LAST_CHG_DATE,ROWGUID,SOURCE_SYSTEM,IS_SYNTHETIC
2DF9E057-8ECD-BD65-0000-000000000001,515759EC-ECE3-E30C-0000-000000000001,307DEFEB-9888-F474-0000-00000000000C,128FB883-C2F8-1156-0000-000000000006,1002,2,YIELD_T_HA,Grain yield,14.01,t/ha,2025-08-11 08:00:00.000,FIELD_VISUAL,ACCEPTED,SYNTH_USER_04,SYNTHETIC — hackathon mock data,2025-07-22 08:00:00.000,2026-09-26 12:00:00.000,392FA979-80F4-BCA9-0000-000000000001,FIELD_OBS_MOCK,TRUE
2DF9E057-8ECD-BD65-0000-000000000002,515759EC-ECE3-E30C-0000-000000000002,307DEFEB-9888-F474-0000-000000000017,128FB883-C2F8-1156-0000-000000000004,1003,3,MOISTURE_PCT,Grain moisture,15.9,%,2026-06-26 17:00:00.000,INSTRUMENT,ACCEPTED,SYNTH_USER_01,SYNTHETIC — hackathon mock data,2026-06-12 15:00:00.000,2026-09-26 12:00:00.000,392FA979-80F4-BCA9-0000-000000000002,FIELD_OBS_MOCK,TRUE
2DF9E057-8ECD-BD65-0000-000000000003,515759EC-ECE3-E30C-0000-000000000003,307DEFEB-9888-F474-0000-000000000022,128FB883-C2F8-1156-0000-000000000004,1004,1,PLANT_HEIGHT_CM,Plant height,274.0,cm,2024-09-07 17:00:00.000,FIELD_VISUAL,ACCEPTED,SYNTH_USER_02,SYNTHETIC — hackathon mock data,2024-09-03 11:00:00.000,2026-09-26 12:00:00.000,392FA979-80F4-BCA9-0000-000000000003,FIELD_OBS_MOCK,TRUE
2DF9E057-8ECD-BD65-0000-000000000004,515759EC-ECE3-E30C-0000-000000000004,307DEFEB-9888-F474-0000-00000000002D,128FB883-C2F8-1156-0000-000000000005,1005,2,DISEASE_SCORE,Disease severity score,2.6,score,2024-08-04 13:00:00.000,FIELD_VISUAL,ACCEPTED,SYNTH_USER_01,SYNTHETIC — hackathon mock data,2024-08-02 09:00:00.000,2026-09-26 12:00:00.000,392FA979-80F4-BCA9-0000-000000000004,FIELD_OBS_MOCK,TRUE
2DF9E057-8ECD-BD65-0000-000000000005,515759EC-ECE3-E30C-0000-000000000005,307DEFEB-9888-F474-0000-000000000038,128FB883-C2F8-1156-0000-000000000003,1006,3,FLOWERING_DAYS,Days to flowering,61.0,days,2025-09-11 07:00:00.000,FIELD_VISUAL,REJECTED,SYNTH_USER_02,SYNTHETIC — hackathon mock data,2025-09-05 09:00:00.000,2026-09-26 12:00:00.000,392FA979-80F4-BCA9-0000-000000000005,FIELD_OBS_MOCK,TRUE
2DF9E057-8ECD-BD65-0000-000000000006,515759EC-ECE3-E30C-0000-000000000006,307DEFEB-9888-F474-0000-000000000043,128FB883-C2F8-1156-0000-000000000005,1007,1,YIELD_T_HA,Grain yield,5.61,t/ha,2024-05-02 09:00:00.000,WEIGHING,ACCEPTED,SYNTH_USER_01,SYNTHETIC — hackathon mock data,2024-09-15 08:00:00.000,2026-09-26 12:00:00.000,392FA979-80F4-BCA9-0000-000000000006,FIELD_OBS_MOCK,TRUE
2DF9E057-8ECD-BD65-0000-000000000007,515759EC-ECE3-E30C-0000-000000000007,307DEFEB-9888-F474-0000-00000000004E,128FB883-C2F8-1156-0000-000000000002,1008,2,MOISTURE_PCT,Grain moisture,18.5,%,2025-05-21 11:00:00.000,FIELD_VISUAL,ACCEPTED,SYNTH_USER_04,SYNTHETIC — hackathon mock data,2025-09-18 08:00:00.000,2026-09-26 12:00:00.000,392FA979-80F4-BCA9-0000-000000000007,FIELD_OBS_MOCK,TRUE
2DF9E057-8ECD-BD65-0000-000000000008,515759EC-ECE3-E30C-0000-000000000008,307DEFEB-9888-F474-0000-000000000059,128FB883-C2F8-1156-0000-000000000001,1009,3,PLANT_HEIGHT_CM,Plant height,149.0,cm,2025-06-08 14:00:00.000,WEIGHING,ACCEPTED,SYNTH_USER_03,SYNTHETIC — hackathon mock data,2025-06-23 09:00:00.000,2026-09-26 12:00:00.000,392FA979-80F4-BCA9-0000-000000000008,FIELD_OBS_MOCK,TRUE
2DF9E057-8ECD-BD65-0000-000000000009,515759EC-ECE3-E30C-0000-000000000009,307DEFEB-9888-F474-0000-000000000064,128FB883-C2F8-1156-0000-000000000004,1010,1,DISEASE_SCORE,Disease severity score,3.8,score,2026-06-03 08:00:00.000,INSTRUMENT,ACCEPTED,SYNTH_USER_03,SYNTHETIC — hackathon mock data,2026-09-15 08:00:00.000,2026-09-26 12:00:00.000,392FA979-80F4-BCA9-0000-000000000009,FIELD_OBS_MOCK,TRUE
2DF9E057-8ECD-BD65-0000-00000000000A,515759EC-ECE3-E30C-0000-00000000000A,307DEFEB-9888-F474-0000-00000000006F,128FB883-C2F8-1156-0000-000000000006,1011,2,FLOWERING_DAYS,Days to flowering,76.0,days,2026-05-04 18:00:00.000,WEIGHING,ACCEPTED,SYNTH_USER_04,SYNTHETIC — hackathon mock data,2026-08-11 13:00:00.000,2026-09-26 12:00:00.000,392FA979-80F4-BCA9-0000-00000000000A,FIELD_OBS_MOCK,TRUE
2DF9E057-8ECD-BD65-0000-00000000000B,515759EC-ECE3-E30C-0000-00000000000B,307DEFEB-9888-F474-0000-00000000007A,128FB883-C2F8-1156-0000-000000000005,1012,3,YIELD_T_HA,Grain yield,8.59,t/ha,2025-09-28 18:00:00.000,WEIGHING,REVIEW,SYNTH_USER_04,SYNTHETIC — hackathon mock data,2025-09-06 08:00:00.000,2026-09-26 12:00:00.000,392FA979-80F4-BCA9-0000-00000000000B,FIELD_OBS_MOCK,TRUE
2DF9E057-8ECD-BD65-0000-00000000000C,515759EC-ECE3-E30C-0000-00000000000C,307DEFEB-9888-F474-0000-000000000085,128FB883-C2F8-1156-0000-000000000002,1013,1,MOISTURE_PCT,Grain moisture,18.8,%,2024-07-15 09:00:00.000,FIELD_VISUAL,ACCEPTED,SYNTH_USER_01,SYNTHETIC — hackathon mock data,2024-07-13 07:00:00.000,2026-09-26 12:00:00.000,392FA979-80F4-BCA9-0000-00000000000C,FIELD_OBS_MOCK,TRUE
2DF9E057-8ECD-BD65-0000-00000000000D,515759EC-ECE3-E30C-0000-00000000000D,307DEFEB-9888-F474-0000-000000000090,128FB883-C2F8-1156-0000-000000000004,1014,2,PLANT_HEIGHT_CM,Plant height,213.1,cm,2026-09-18 13:00:00.000,WEIGHING,ACCEPTED,SYNTH_USER_04,SYNTHETIC — hackathon mock data,2026-09-12 11:00:00.000,2026-09-26 12:00:00.000,392FA979-80F4-BCA9-0000-00000000000D,FIELD_OBS_MOCK,TRUE
2DF9E057-8ECD-BD65-0000-00000000000E,515759EC-ECE3-E30C-0000-00000000000E,307DEFEB-9888-F474-0000-000000000005,128FB883-C2F8-1156-0000-000000000004,1015,3,DISEASE_SCORE,Disease severity score,4.2,score,2024-06-16 10:00:00.000,WEIGHING,ACCEPTED,SYNTH_USER_04,SYNTHETIC — hackathon mock data,2024-07-05 15:00:00.000,2026-09-26 12:00:00.000,392FA979-80F4-BCA9-0000-00000000000E,FIELD_OBS_MOCK,TRUE
2DF9E057-8ECD-BD65-0000-00000000000F,515759EC-ECE3-E30C-0000-00000000000F,307DEFEB-9888-F474-0000-000000000010,128FB883-C2F8-1156-0000-000000000005,1016,1,FLOWERING_DAYS,Days to flowering,61.0,days,2024-07-01 14:00:00.000,WEIGHING,REVIEW,SYNTH_USER_02,SYNTHETIC — hackathon mock data,2024-09-05 16:00:00.000,2026-09-26 12:00:00.000,392FA979-80F4-BCA9-0000-00000000000F,FIELD_OBS_MOCK,TRUE
2DF9E057-8ECD-BD65-0000-000000000010,515759EC-ECE3-E30C-0000-000000000010,307DEFEB-9888-F474-0000-00000000001B,128FB883-C2F8-1156-0000-000000000001,1017,2,YIELD_T_HA,Grain yield,13.8,t/ha,2026-08-11 15:00:00.000,FIELD_VISUAL,ACCEPTED,SYNTH_USER_03,SYNTHETIC — hackathon mock data,2026-05-08 08:00:00.000,2026-09-26 12:00:00.000,392FA979-80F4-BCA9-0000-000000000010,FIELD_OBS_MOCK,TRUE
2DF9E057-8ECD-BD65-0000-000000000011,515759EC-ECE3-E30C-0000-000000000011,307DEFEB-9888-F474-0000-000000000026,128FB883-C2F8-1156-0000-000000000001,1018,3,MOISTURE_PCT,Grain moisture,12.5,%,2024-05-02 10:00:00.000,FIELD_VISUAL,ACCEPTED,SYNTH_USER_03,SYNTHETIC — hackathon mock data,2024-09-13 14:00:00.000,2026-09-26 12:00:00.000,392FA979-80F4-BCA9-0000-000000000011,FIELD_OBS_MOCK,TRUE
2DF9E057-8ECD-BD65-0000-000000000012,515759EC-ECE3-E30C-0000-000000000012,307DEFEB-9888-F474-0000-000000000031,128FB883-C2F8-1156-0000-000000000002,1019,1,PLANT_HEIGHT_CM,Plant height,171.9,cm,2025-05-09 14:00:00.000,WEIGHING,ACCEPTED,SYNTH_USER_02,SYNTHETIC — hackathon mock data,2025-09-08 16:00:00.000,2026-09-26 12:00:00.000,392FA979-80F4-BCA9-0000-000000000012,FIELD_OBS_MOCK,TRUE
2DF9E057-8ECD-BD65-0000-000000000013,515759EC-ECE3-E30C-0000-000000000013,307DEFEB-9888-F474-0000-00000000003C,128FB883-C2F8-1156-0000-000000000005,1020,2,DISEASE_SCORE,Disease severity score,3.0,score,2026-08-13 07:00:00.000,FIELD_VISUAL,ACCEPTED,SYNTH_USER_04,SYNTHETIC — hackathon mock data,2026-06-10 10:00:00.000,2026-09-26 12:00:00.000,392FA979-80F4-BCA9-0000-000000000013,FIELD_OBS_MOCK,TRUE
2DF9E057-8ECD-BD65-0000-000000000014,515759EC-ECE3-E30C-0000-000000000014,307DEFEB-9888-F474-0000-000000000047,128FB883-C2F8-1156-0000-000000000005,1021,3,FLOWERING_DAYS,Days to flowering,69.0,days,2026-05-14 13:00:00.000,INSTRUMENT,ACCEPTED,SYNTH_USER_04,SYNTHETIC — hackathon mock data,2026-05-07 16:00:00.000,2026-09-26 12:00:00.000,392FA979-80F4-BCA9-0000-000000000014,FIELD_OBS_MOCK,TRUE
2DF9E057-8ECD-BD65-0000-000000000015,515759EC-ECE3-E30C-0000-000000000015,307DEFEB-9888-F474-0000-000000000052,128FB883-C2F8-1156-0000-000000000001,1022,1,YIELD_T_HA,Grain yield,11.79,t/ha,2025-08-03 18:00:00.000,WEIGHING,ACCEPTED,SYNTH_USER_02,SYNTHETIC — hackathon mock data,2025-06-17 11:00:00.000,2026-09-26 12:00:00.000,392FA979-80F4-BCA9-0000-000000000015,FIELD_OBS_MOCK,TRUE
2DF9E057-8ECD-BD65-0000-000000000016,515759EC-ECE3-E30C-0000-000000000016,307DEFEB-9888-F474-0000-00000000005D,128FB883-C2F8-1156-0000-000000000005,1023,2,MOISTURE_PCT,Grain moisture,11.9,%,2024-07-05 18:00:00.000,INSTRUMENT,REVIEW,SYNTH_USER_04,SYNTHETIC — hackathon mock data,2024-09-15 16:00:00.000,2026-09-26 12:00:00.000,392FA979-80F4-BCA9-0000-000000000016,FIELD_OBS_MOCK,TRUE
2DF9E057-8ECD-BD65-0000-000000000017,515759EC-ECE3-E30C-0000-000000000017,307DEFEB-9888-F474-0000-000000000068,128FB883-C2F8-1156-0000-000000000006,1024,3,PLANT_HEIGHT_CM,Plant height,245.2,cm,2026-06-24 15:00:00.000,INSTRUMENT,REVIEW,SYNTH_USER_03,SYNTHETIC — hackathon mock data,2026-05-14 14:00:00.000,2026-09-26 12:00:00.000,392FA979-80F4-BCA9-0000-000000000017,FIELD_OBS_MOCK,TRUE
2DF9E057-8ECD-BD65-0000-000000000018,515759EC-ECE3-E30C-0000-000000000018,307DEFEB-9888-F474-0000-000000000073,128FB883-C2F8-1156-0000-000000000003,1025,1,DISEASE_SCORE,Disease severity score,5.9,score,2026-08-24 12:00:00.000,FIELD_VISUAL,ACCEPTED,SYNTH_USER_02,SYNTHETIC — hackathon mock data,2026-08-23 15:00:00.000,2026-09-26 12:00:00.000,392FA979-80F4-BCA9-0000-000000000018,FIELD_OBS_MOCK,TRUE
2DF9E057-8ECD-BD65-0000-000000000019,515759EC-ECE3-E30C-0000-000000000019,307DEFEB-9888-F474-0000-00000000007E,128FB883-C2F8-1156-0000-000000000001,1026,2,FLOWERING_DAYS,Days to flowering,50.0,days,2026-07-08 15:00:00.000,FIELD_VISUAL,ACCEPTED,SYNTH_USER_02,SYNTHETIC — hackathon mock data,2026-06-16 17:00:00.000,2026-09-26 12:00:00.000,392FA979-80F4-BCA9-0000-000000000019,FIELD_OBS_MOCK,TRUE
2DF9E057-8ECD-BD65-0000-00000000001A,515759EC-ECE3-E30C-0000-00000000001A,307DEFEB-9888-F474-0000-000000000089,128FB883-C2F8-1156-0000-000000000006,1027,3,YIELD_T_HA,Grain yield,6.27,t/ha,2026-09-16 13:00:00.000,FIELD_VISUAL,ACCEPTED,SYNTH_USER_03,SYNTHETIC — hackathon mock data,2026-07-10 07:00:00.000,2026-09-26 12:00:00.000,392FA979-80F4-BCA9-0000-00000000001A,FIELD_OBS_MOCK,TRUE
2DF9E057-8ECD-BD65-0000-00000000001B,515759EC-ECE3-E30C-0000-00000000001B,307DEFEB-9888-F474-0000-000000000094,128FB883-C2F8-1156-0000-000000000003,1028,1,MOISTURE_PCT,Grain moisture,14.8,%,2024-07-02 11:00:00.000,FIELD_VISUAL,ACCEPTED,SYNTH_USER_04,SYNTHETIC — hackathon mock data,2024-05-18 07:00:00.000,2026-09-26 12:00:00.000,392FA979-80F4-BCA9-0000-00000000001B,FIELD_OBS_MOCK,TRUE
2DF9E057-8ECD-BD65-0000-00000000001C,515759EC-ECE3-E30C-0000-00000000001C,307DEFEB-9888-F474-0000-000000000009,128FB883-C2F8-1156-0000-000000000006,1029,2,PLANT_HEIGHT_CM,Plant height,171.5,cm,2025-08-28 17:00:00.000,WEIGHING,ACCEPTED,SYNTH_USER_02,SYNTHETIC — hackathon mock data,2025-09-27 14:00:00.000,2026-09-26 12:00:00.000,392FA979-80F4-BCA9-0000-00000000001C,FIELD_OBS_MOCK,TRUE
2DF9E057-8ECD-BD65-0000-00000000001D,515759EC-ECE3-E30C-0000-00000000001D,307DEFEB-9888-F474-0000-000000000014,128FB883-C2F8-1156-0000-000000000002,1030,3,DISEASE_SCORE,Disease severity score,2.2,score,2024-09-13 17:00:00.000,FIELD_VISUAL,ACCEPTED,SYNTH_USER_02,SYNTHETIC — hackathon mock data,2024-05-21 10:00:00.000,2026-09-26 12:00:00.000,392FA979-80F4-BCA9-0000-00000000001D,FIELD_OBS_MOCK,TRUE
2DF9E057-8ECD-BD65-0000-00000000001E,515759EC-ECE3-E30C-0000-00000000001E,307DEFEB-9888-F474-0000-00000000001F,128FB883-C2F8-1156-0000-000000000004,1031,1,FLOWERING_DAYS,Days to flowering,70.0,days,2026-06-20 12:00:00.000,FIELD_VISUAL,ACCEPTED,SYNTH_USER_03,SYNTHETIC — hackathon mock data,2026-07-27 16:00:00.000,2026-09-26 12:00:00.000,392FA979-80F4-BCA9-0000-00000000001E,FIELD_OBS_MOCK,TRUE
2DF9E057-8ECD-BD65-0000-00000000001F,515759EC-ECE3-E30C-0000-00000000001F,307DEFEB-9888-F474-0000-00000000002A,128FB883-C2F8-1156-0000-000000000005,1032,2,YIELD_T_HA,Grain yield,7.97,t/ha,2026-07-04 14:00:00.000,WEIGHING,ACCEPTED,SYNTH_USER_02,SYNTHETIC — hackathon mock data,2026-07-28 11:00:00.000,2026-09-26 12:00:00.000,392FA979-80F4-BCA9-0000-00000000001F,FIELD_OBS_MOCK,TRUE
2DF9E057-8ECD-BD65-0000-000000000020,515759EC-ECE3-E30C-0000-000000000020,307DEFEB-9888-F474-0000-000000000035,128FB883-C2F8-1156-0000-000000000005,1033,3,MOISTURE_PCT,Grain moisture,23.2,%,2025-07-28 13:00:00.000,FIELD_VISUAL,REVIEW,SYNTH_USER_02,SYNTHETIC — hackathon mock data,2025-07-21 08:00:00.000,2026-09-26 12:00:00.000,392FA979-80F4-BCA9-0000-000000000020,FIELD_OBS_MOCK,TRUE
2DF9E057-8ECD-BD65-0000-000000000021,515759EC-ECE3-E30C-0000-000000000021,307DEFEB-9888-F474-0000-000000000040,128FB883-C2F8-1156-0000-000000000003,1034,1,PLANT_HEIGHT_CM,Plant height,248.3,cm,2025-05-07 17:00:00.000,WEIGHING,ACCEPTED,SYNTH_USER_03,SYNTHETIC — hackathon mock data,2025-06-27 10:00:00.000,2026-09-26 12:00:00.000,392FA979-80F4-BCA9-0000-000000000021,FIELD_OBS_MOCK,TRUE
2DF9E057-8ECD-BD65-0000-000000000022,515759EC-ECE3-E30C-0000-000000000022,307DEFEB-9888-F474-0000-00000000004B,128FB883-C2F8-1156-0000-000000000002,1035,2,DISEASE_SCORE,Disease severity score,5.7,score,2024-09-09 07:00:00.000,INSTRUMENT,ACCEPTED,SYNTH_USER_02,SYNTHETIC — hackathon mock data,2024-09-22 09:00:00.000,2026-09-26 12:00:00.000,392FA979-80F4-BCA9-0000-000000000022,FIELD_OBS_MOCK,TRUE
2DF9E057-8ECD-BD65-0000-000000000023,515759EC-ECE3-E30C-0000-000000000023,307DEFEB-9888-F474-0000-000000000056,128FB883-C2F8-1156-0000-000000000004,1036,3,FLOWERING_DAYS,Days to flowering,80.0,days,2024-07-22 11:00:00.000,FIELD_VISUAL,ACCEPTED,SYNTH_USER_02,SYNTHETIC — hackathon mock data,2024-07-28 17:00:00.000,2026-09-26 12:00:00.000,392FA979-80F4-BCA9-0000-000000000023,FIELD_OBS_MOCK,TRUE
2DF9E057-8ECD-BD65-0000-000000000024,515759EC-ECE3-E30C-0000-000000000024,307DEFEB-9888-F474-0000-000000000061,128FB883-C2F8-1156-0000-000000000003,1037,1,YIELD_T_HA,Grain yield,10.32,t/ha,2024-05-27 17:00:00.000,INSTRUMENT,ACCEPTED,SYNTH_USER_02,SYNTHETIC — hackathon mock data,2024-08-01 10:00:00.000,2026-09-26 12:00:00.000,392FA979-80F4-BCA9-0000-000000000024,FIELD_OBS_MOCK,TRUE
2DF9E057-8ECD-BD65-0000-000000000025,515759EC-ECE3-E30C-0000-000000000025,307DEFEB-9888-F474-0000-00000000006C,128FB883-C2F8-1156-0000-000000000005,1038,2,MOISTURE_PCT,Grain moisture,10.3,%,2024-06-22 11:00:00.000,INSTRUMENT,ACCEPTED,SYNTH_USER_01,SYNTHETIC — hackathon mock data,2024-06-15 08:00:00.000,2026-09-26 12:00:00.000,392FA979-80F4-BCA9-0000-000000000025,FIELD_OBS_MOCK,TRUE
2DF9E057-8ECD-BD65-0000-000000000026,515759EC-ECE3-E30C-0000-000000000026,307DEFEB-9888-F474-0000-000000000077,128FB883-C2F8-1156-0000-000000000001,1039,3,PLANT_HEIGHT_CM,Plant height,149.1,cm,2024-05-11 14:00:00.000,INSTRUMENT,ACCEPTED,SYNTH_USER_01,SYNTHETIC — hackathon mock data,2024-07-07 13:00:00.000,2026-09-26 12:00:00.000,392FA979-80F4-BCA9-0000-000000000026,FIELD_OBS_MOCK,TRUE
2DF9E057-8ECD-BD65-0000-000000000027,515759EC-ECE3-E30C-0000-000000000027,307DEFEB-9888-F474-0000-000000000082,128FB883-C2F8-1156-0000-000000000004,1040,1,DISEASE_SCORE,Disease severity score,3.6,score,2026-08-06 14:00:00.000,WEIGHING,ACCEPTED,SYNTH_USER_03,SYNTHETIC — hackathon mock data,2026-05-16 12:00:00.000,2026-09-26 12:00:00.000,392FA979-80F4-BCA9-0000-000000000027,FIELD_OBS_MOCK,TRUE
2DF9E057-8ECD-BD65-0000-000000000028,515759EC-ECE3-E30C-0000-000000000028,307DEFEB-9888-F474-0000-00000000008D,128FB883-C2F8-1156-0000-000000000006,1041,2,FLOWERING_DAYS,Days to flowering,73.0,days,2025-07-27 08:00:00.000,WEIGHING,ACCEPTED,SYNTH_USER_01,SYNTHETIC — hackathon mock data,2025-09-27 12:00:00.000,2026-09-26 12:00:00.000,392FA979-80F4-BCA9-0000-000000000028,FIELD_OBS_MOCK,TRUE
2DF9E057-8ECD-BD65-0000-000000000029,515759EC-ECE3-E30C-0000-000000000029,307DEFEB-9888-F474-0000-000000000002,128FB883-C2F8-1156-0000-000000000001,1042,3,YIELD_T_HA,Grain yield,11.98,t/ha,2025-05-24 13:00:00.000,FIELD_VISUAL,REVIEW,SYNTH_USER_04,SYNTHETIC — hackathon mock data,2025-09-09 15:00:00.000,2026-09-26 12:00:00.000,392FA979-80F4-BCA9-0000-000000000029,FIELD_OBS_MOCK,TRUE
2DF9E057-8ECD-BD65-0000-00000000002A,515759EC-ECE3-E30C-0000-00000000002A,307DEFEB-9888-F474-0000-00000000000D,128FB883-C2F8-1156-0000-000000000004,1043,1,MOISTURE_PCT,Grain moisture,12.2,%,2026-05-05 15:00:00.000,INSTRUMENT,ACCEPTED,SYNTH_USER_03,SYNTHETIC — hackathon mock data,2026-09-07 17:00:00.000,2026-09-26 12:00:00.000,392FA979-80F4-BCA9-0000-00000000002A,FIELD_OBS_MOCK,TRUE
2DF9E057-8ECD-BD65-0000-00000000002B,515759EC-ECE3-E30C-0000-00000000002B,307DEFEB-9888-F474-0000-000000000018,128FB883-C2F8-1156-0000-000000000002,1044,2,PLANT_HEIGHT_CM,Plant height,277.5,cm,2024-05-04 07:00:00.000,WEIGHING,ACCEPTED,SYNTH_USER_04,SYNTHETIC — hackathon mock data,2024-05-26 10:00:00.000,2026-09-26 12:00:00.000,392FA979-80F4-BCA9-0000-00000000002B,FIELD_OBS_MOCK,TRUE
2DF9E057-8ECD-BD65-0000-00000000002C,515759EC-ECE3-E30C-0000-00000000002C,307DEFEB-9888-F474-0000-000000000023,128FB883-C2F8-1156-0000-000000000005,1045,3,DISEASE_SCORE,Disease severity score,5.0,score,2026-05-04 12:00:00.000,WEIGHING,ACCEPTED,SYNTH_USER_04,SYNTHETIC — hackathon mock data,2026-07-24 17:00:00.000,2026-09-26 12:00:00.000,392FA979-80F4-BCA9-0000-00000000002C,FIELD_OBS_MOCK,TRUE
2DF9E057-8ECD-BD65-0000-00000000002D,515759EC-ECE3-E30C-0000-00000000002D,307DEFEB-9888-F474-0000-00000000002E,128FB883-C2F8-1156-0000-000000000003,1046,1,FLOWERING_DAYS,Days to flowering,85.0,days,2024-06-18 07:00:00.000,INSTRUMENT,ACCEPTED,SYNTH_USER_01,SYNTHETIC — hackathon mock data,2024-06-18 17:00:00.000,2026-09-26 12:00:00.000,392FA979-80F4-BCA9-0000-00000000002D,FIELD_OBS_MOCK,TRUE
2DF9E057-8ECD-BD65-0000-00000000002E,515759EC-ECE3-E30C-0000-00000000002E,307DEFEB-9888-F474-0000-000000000039,128FB883-C2F8-1156-0000-000000000003,1047,2,YIELD_T_HA,Grain yield,12.84,t/ha,2025-09-28 12:00:00.000,FIELD_VISUAL,ACCEPTED,SYNTH_USER_02,SYNTHETIC — hackathon mock data,2025-09-23 11:00:00.000,2026-09-26 12:00:00.000,392FA979-80F4-BCA9-0000-00000000002E,FIELD_OBS_MOCK,TRUE
2DF9E057-8ECD-BD65-0000-00000000002F,515759EC-ECE3-E30C-0000-00000000002F,307DEFEB-9888-F474-0000-000000000044,128FB883-C2F8-1156-0000-000000000004,1048,3,MOISTURE_PCT,Grain moisture,10.6,%,2026-05-22 11:00:00.000,WEIGHING,ACCEPTED,SYNTH_USER_01,SYNTHETIC — hackathon mock data,2026-08-27 10:00:00.000,2026-09-26 12:00:00.000,392FA979-80F4-BCA9-0000-00000000002F,FIELD_OBS_MOCK,TRUE
2DF9E057-8ECD-BD65-0000-000000000030,515759EC-ECE3-E30C-0000-000000000030,307DEFEB-9888-F474-0000-00000000004F,128FB883-C2F8-1156-0000-000000000003,1049,1,PLANT_HEIGHT_CM,Plant height,291.5,cm,2025-07-26 11:00:00.000,INSTRUMENT,ACCEPTED,SYNTH_USER_04,SYNTHETIC — hackathon mock data,2025-06-12 14:00:00.000,2026-09-26 12:00:00.000,392FA979-80F4-BCA9-0000-000000000030,FIELD_OBS_MOCK,TRUE
2DF9E057-8ECD-BD65-0000-000000000031,515759EC-ECE3-E30C-0000-000000000031,307DEFEB-9888-F474-0000-00000000005A,128FB883-C2F8-1156-0000-000000000002,1050,2,DISEASE_SCORE,Disease severity score,5.8,score,2024-06-14 08:00:00.000,WEIGHING,ACCEPTED,SYNTH_USER_04,SYNTHETIC — hackathon mock data,2024-07-04 14:00:00.000,2026-09-26 12:00:00.000,392FA979-80F4-BCA9-0000-000000000031,FIELD_OBS_MOCK,TRUE
2DF9E057-8ECD-BD65-0000-000000000032,515759EC-ECE3-E30C-0000-000000000032,307DEFEB-9888-F474-0000-000000000065,128FB883-C2F8-1156-0000-000000000003,1051,3,FLOWERING_DAYS,Days to flowering,46.0,days,2024-05-02 07:00:00.000,FIELD_VISUAL,ACCEPTED,SYNTH_USER_04,SYNTHETIC — hackathon mock data,2024-06-16 14:00:00.000,2026-09-26 12:00:00.000,392FA979-80F4-BCA9-0000-000000000032,FIELD_OBS_MOCK,TRUE
2DF9E057-8ECD-BD65-0000-000000000033,515759EC-ECE3-E30C-0000-000000000033,307DEFEB-9888-F474-0000-000000000070,128FB883-C2F8-1156-0000-000000000003,1052,1,YIELD_T_HA,Grain yield,9.17,t/ha,2026-08-19 08:00:00.000,FIELD_VISUAL,ACCEPTED,SYNTH_USER_01,SYNTHETIC — hackathon mock data,2026-07-12 17:00:00.000,2026-09-26 12:00:00.000,392FA979-80F4-BCA9-0000-000000000033,FIELD_OBS_MOCK,TRUE
2DF9E057-8ECD-BD65-0000-000000000034,515759EC-ECE3-E30C-0000-000000000034,307DEFEB-9888-F474-0000-00000000007B,128FB883-C2F8-1156-0000-000000000004,1053,2,MOISTURE_PCT,Grain moisture,18.9,%,2026-07-04 11:00:00.000,WEIGHING,ACCEPTED,SYNTH_USER_03,SYNTHETIC — hackathon mock data,2026-08-14 11:00:00.000,2026-09-26 12:00:00.000,392FA979-80F4-BCA9-0000-000000000034,FIELD_OBS_MOCK,TRUE
2DF9E057-8ECD-BD65-0000-000000000035,515759EC-ECE3-E30C-0000-000000000035,307DEFEB-9888-F474-0000-000000000086,128FB883-C2F8-1156-0000-000000000002,1054,3,PLANT_HEIGHT_CM,Plant height,298.9,cm,2024-07-07 16:00:00.000,INSTRUMENT,ACCEPTED,SYNTH_USER_03,SYNTHETIC — hackathon mock data,2024-07-22 15:00:00.000,2026-09-26 12:00:00.000,392FA979-80F4-BCA9-0000-000000000035,FIELD_OBS_MOCK,TRUE
2DF9E057-8ECD-BD65-0000-000000000036,515759EC-ECE3-E30C-0000-000000000036,307DEFEB-9888-F474-0000-000000000091,128FB883-C2F8-1156-0000-000000000004,1055,1,DISEASE_SCORE,Disease severity score,4.7,score,2024-08-17 13:00:00.000,INSTRUMENT,ACCEPTED,SYNTH_USER_03,SYNTHETIC — hackathon mock data,2024-08-26 14:00:00.000,2026-09-26 12:00:00.000,392FA979-80F4-BCA9-0000-000000000036,FIELD_OBS_MOCK,TRUE
2DF9E057-8ECD-BD65-0000-000000000037,515759EC-ECE3-E30C-0000-000000000037,307DEFEB-9888-F474-0000-000000000006,128FB883-C2F8-1156-0000-000000000005,1056,2,FLOWERING_DAYS,Days to flowering,59.0,days,2025-08-27 08:00:00.000,FIELD_VISUAL,ACCEPTED,SYNTH_USER_03,SYNTHETIC — hackathon mock data,2025-08-17 17:00:00.000,2026-09-26 12:00:00.000,392FA979-80F4-BCA9-0000-000000000037,FIELD_OBS_MOCK,TRUE
2DF9E057-8ECD-BD65-0000-000000000038,515759EC-ECE3-E30C-0000-000000000038,307DEFEB-9888-F474-0000-000000000011,128FB883-C2F8-1156-0000-000000000005,1057,3,YIELD_T_HA,Grain yield,12.45,t/ha,2026-07-28 11:00:00.000,INSTRUMENT,ACCEPTED,SYNTH_USER_04,SYNTHETIC — hackathon mock data,2026-09-01 11:00:00.000,2026-09-26 12:00:00.000,392FA979-80F4-BCA9-0000-000000000038,FIELD_OBS_MOCK,TRUE
2DF9E057-8ECD-BD65-0000-000000000039,515759EC-ECE3-E30C-0000-000000000039,307DEFEB-9888-F474-0000-00000000001C,128FB883-C2F8-1156-0000-000000000002,1058,1,MOISTURE_PCT,Grain moisture,23.6,%,2026-07-18 15:00:00.000,FIELD_VISUAL,REVIEW,SYNTH_USER_04,SYNTHETIC — hackathon mock data,2026-06-22 13:00:00.000,2026-09-26 12:00:00.000,392FA979-80F4-BCA9-0000-000000000039,FIELD_OBS_MOCK,TRUE
2DF9E057-8ECD-BD65-0000-00000000003A,515759EC-ECE3-E30C-0000-00000000003A,307DEFEB-9888-F474-0000-000000000027,128FB883-C2F8-1156-0000-000000000006,1059,2,PLANT_HEIGHT_CM,Plant height,267.7,cm,2024-07-06 12:00:00.000,WEIGHING,REVIEW,SYNTH_USER_03,SYNTHETIC — hackathon mock data,2024-08-01 07:00:00.000,2026-09-26 12:00:00.000,392FA979-80F4-BCA9-0000-00000000003A,FIELD_OBS_MOCK,TRUE
2DF9E057-8ECD-BD65-0000-00000000003B,515759EC-ECE3-E30C-0000-00000000003B,307DEFEB-9888-F474-0000-000000000032,128FB883-C2F8-1156-0000-000000000006,1060,3,DISEASE_SCORE,Disease severity score,4.1,score,2024-09-26 13:00:00.000,WEIGHING,ACCEPTED,SYNTH_USER_03,SYNTHETIC — hackathon mock data,2024-06-04 09:00:00.000,2026-09-26 12:00:00.000,392FA979-80F4-BCA9-0000-00000000003B,FIELD_OBS_MOCK,TRUE
2DF9E057-8ECD-BD65-0000-00000000003C,515759EC-ECE3-E30C-0000-00000000003C,307DEFEB-9888-F474-0000-00000000003D,128FB883-C2F8-1156-0000-000000000001,1061,1,FLOWERING_DAYS,Days to flowering,72.0,days,2025-05-08 15:00:00.000,INSTRUMENT,ACCEPTED,SYNTH_USER_03,SYNTHETIC — hackathon mock data,2025-09-04 16:00:00.000,2026-09-26 12:00:00.000,392FA979-80F4-BCA9-0000-00000000003C,FIELD_OBS_MOCK,TRUE
2DF9E057-8ECD-BD65-0000-00000000003D,515759EC-ECE3-E30C-0000-00000000003D,307DEFEB-9888-F474-0000-000000000048,128FB883-C2F8-1156-0000-000000000002,1062,2,YIELD_T_HA,Grain yield,8.36,t/ha,2024-05-10 08:00:00.000,FIELD_VISUAL,ACCEPTED,SYNTH_USER_04,SYNTHETIC — hackathon mock data,2024-08-07 12:00:00.000,2026-09-26 12:00:00.000,392FA979-80F4-BCA9-0000-00000000003D,FIELD_OBS_MOCK,TRUE
2DF9E057-8ECD-BD65-0000-00000000003E,515759EC-ECE3-E30C-0000-00000000003E,307DEFEB-9888-F474-0000-000000000053,128FB883-C2F8-1156-0000-000000000005,1063,3,MOISTURE_PCT,Grain moisture,11.3,%,2025-08-06 11:00:00.000,FIELD_VISUAL,REVIEW,SYNTH_USER_03,SYNTHETIC — hackathon mock data,2025-05-06 17:00:00.000,2026-09-26 12:00:00.000,392FA979-80F4-BCA9-0000-00000000003E,FIELD_OBS_MOCK,TRUE
2DF9E057-8ECD-BD65-0000-00000000003F,515759EC-ECE3-E30C-0000-00000000003F,307DEFEB-9888-F474-0000-00000000005E,128FB883-C2F8-1156-0000-000000000005,1064,1,PLANT_HEIGHT_CM,Plant height,203.6,cm,2024-06-23 17:00:00.000,FIELD_VISUAL,ACCEPTED,SYNTH_USER_01,SYNTHETIC — hackathon mock data,2024-09-26 16:00:00.000,2026-09-26 12:00:00.000,392FA979-80F4-BCA9-0000-00000000003F,FIELD_OBS_MOCK,TRUE
2DF9E057-8ECD-BD65-0000-000000000040,515759EC-ECE3-E30C-0000-000000000040,307DEFEB-9888-F474-0000-000000000069,128FB883-C2F8-1156-0000-000000000001,1065,2,DISEASE_SCORE,Disease severity score,3.1,score,2024-09-10 11:00:00.000,INSTRUMENT,ACCEPTED,SYNTH_USER_02,SYNTHETIC — hackathon mock data,2024-05-17 08:00:00.000,2026-09-26 12:00:00.000,392FA979-80F4-BCA9-0000-000000000040,FIELD_OBS_MOCK,TRUE
2DF9E057-8ECD-BD65-0000-000000000041,515759EC-ECE3-E30C-0000-000000000041,307DEFEB-9888-F474-0000-000000000074,128FB883-C2F8-1156-0000-000000000005,1066,3,FLOWERING_DAYS,Days to flowering,86.0,days,2026-07-01 12:00:00.000,INSTRUMENT,ACCEPTED,SYNTH_USER_01,SYNTHETIC — hackathon mock data,2026-08-18 11:00:00.000,2026-09-26 12:00:00.000,392FA979-80F4-BCA9-0000-000000000041,FIELD_OBS_MOCK,TRUE
2DF9E057-8ECD-BD65-0000-000000000042,515759EC-ECE3-E30C-0000-000000000042,307DEFEB-9888-F474-0000-00000000007F,128FB883-C2F8-1156-0000-000000000005,1067,1,YIELD_T_HA,Grain yield,11.73,t/ha,2024-09-15 07:00:00.000,INSTRUMENT,ACCEPTED,SYNTH_USER_04,SYNTHETIC — hackathon mock data,2024-07-08 13:00:00.000,2026-09-26 12:00:00.000,392FA979-80F4-BCA9-0000-000000000042,FIELD_OBS_MOCK,TRUE
2DF9E057-8ECD-BD65-0000-000000000043,515759EC-ECE3-E30C-0000-000000000043,307DEFEB-9888-F474-0000-00000000008A,128FB883-C2F8-1156-0000-000000000001,1068,2,MOISTURE_PCT,Grain moisture,17.1,%,2025-09-13 12:00:00.000,WEIGHING,ACCEPTED,SYNTH_USER_04,SYNTHETIC — hackathon mock data,2025-05-12 13:00:00.000,2026-09-26 12:00:00.000,392FA979-80F4-BCA9-0000-000000000043,FIELD_OBS_MOCK,TRUE
2DF9E057-8ECD-BD65-0000-000000000044,515759EC-ECE3-E30C-0000-000000000044,307DEFEB-9888-F474-0000-000000000095,128FB883-C2F8-1156-0000-000000000001,1069,3,PLANT_HEIGHT_CM,Plant height,158.3,cm,2025-06-13 18:00:00.000,FIELD_VISUAL,ACCEPTED,SYNTH_USER_04,SYNTHETIC — hackathon mock data,2025-07-23 08:00:00.000,2026-09-26 12:00:00.000,392FA979-80F4-BCA9-0000-000000000044,FIELD_OBS_MOCK,TRUE
2DF9E057-8ECD-BD65-0000-000000000045,515759EC-ECE3-E30C-0000-000000000045,307DEFEB-9888-F474-0000-00000000000A,128FB883-C2F8-1156-0000-000000000006,1070,1,DISEASE_SCORE,Disease severity score,8.7,score,2026-07-21 11:00:00.000,WEIGHING,REVIEW,SYNTH_USER_03,SYNTHETIC — hackathon mock data,2026-05-08 14:00:00.000,2026-09-26 12:00:00.000,392FA979-80F4-BCA9-0000-000000000045,FIELD_OBS_MOCK,TRUE
2DF9E057-8ECD-BD65-0000-000000000046,515759EC-ECE3-E30C-0000-000000000046,307DEFEB-9888-F474-0000-000000000015,128FB883-C2F8-1156-0000-000000000005,1071,2,FLOWERING_DAYS,Days to flowering,90.0,days,2024-09-28 07:00:00.000,FIELD_VISUAL,ACCEPTED,SYNTH_USER_03,SYNTHETIC — hackathon mock data,2024-07-22 12:00:00.000,2026-09-26 12:00:00.000,392FA979-80F4-BCA9-0000-000000000046,FIELD_OBS_MOCK,TRUE
2DF9E057-8ECD-BD65-0000-000000000047,515759EC-ECE3-E30C-0000-000000000047,307DEFEB-9888-F474-0000-000000000020,128FB883-C2F8-1156-0000-000000000003,1072,3,YIELD_T_HA,Grain yield,7.12,t/ha,2024-07-01 18:00:00.000,INSTRUMENT,ACCEPTED,SYNTH_USER_04,SYNTHETIC — hackathon mock data,2024-06-23 18:00:00.000,2026-09-26 12:00:00.000,392FA979-80F4-BCA9-0000-000000000047,FIELD_OBS_MOCK,TRUE
2DF9E057-8ECD-BD65-0000-000000000048,515759EC-ECE3-E30C-0000-000000000048,307DEFEB-9888-F474-0000-00000000002B,128FB883-C2F8-1156-0000-000000000004,1073,1,MOISTURE_PCT,Grain moisture,27.2,%,2025-07-20 14:00:00.000,FIELD_VISUAL,ACCEPTED,SYNTH_USER_02,SYNTHETIC — hackathon mock data,2025-05-27 14:00:00.000,2026-09-26 12:00:00.000,392FA979-80F4-BCA9-0000-000000000048,FIELD_OBS_MOCK,TRUE
2DF9E057-8ECD-BD65-0000-000000000049,515759EC-ECE3-E30C-0000-000000000001,307DEFEB-9888-F474-0000-000000000036,128FB883-C2F8-1156-0000-000000000006,1074,2,PLANT_HEIGHT_CM,Plant height,186.5,cm,2025-08-21 08:00:00.000,WEIGHING,ACCEPTED,SYNTH_USER_03,SYNTHETIC — hackathon mock data,2025-09-22 12:00:00.000,2026-09-26 12:00:00.000,392FA979-80F4-BCA9-0000-000000000049,FIELD_OBS_MOCK,TRUE
2DF9E057-8ECD-BD65-0000-00000000004A,515759EC-ECE3-E30C-0000-000000000002,307DEFEB-9888-F474-0000-000000000041,128FB883-C2F8-1156-0000-000000000004,1075,3,DISEASE_SCORE,Disease severity score,6.1,score,2026-06-28 18:00:00.000,FIELD_VISUAL,ACCEPTED,SYNTH_USER_02,SYNTHETIC — hackathon mock data,2026-06-16 10:00:00.000,2026-09-26 12:00:00.000,392FA979-80F4-BCA9-0000-00000000004A,FIELD_OBS_MOCK,TRUE
2DF9E057-8ECD-BD65-0000-00000000004B,515759EC-ECE3-E30C-0000-000000000003,307DEFEB-9888-F474-0000-00000000004C,128FB883-C2F8-1156-0000-000000000004,1076,1,FLOWERING_DAYS,Days to flowering,85.0,days,2024-05-21 14:00:00.000,FIELD_VISUAL,ACCEPTED,SYNTH_USER_01,SYNTHETIC — hackathon mock data,2024-08-09 09:00:00.000,2026-09-26 12:00:00.000,392FA979-80F4-BCA9-0000-00000000004B,FIELD_OBS_MOCK,TRUE
2DF9E057-8ECD-BD65-0000-00000000004C,515759EC-ECE3-E30C-0000-000000000004,307DEFEB-9888-F474-0000-000000000057,128FB883-C2F8-1156-0000-000000000005,1077,2,YIELD_T_HA,Grain yield,5.16,t/ha,2024-07-03 18:00:00.000,INSTRUMENT,ACCEPTED,SYNTH_USER_03,SYNTHETIC — hackathon mock data,2024-09-27 17:00:00.000,2026-09-26 12:00:00.000,392FA979-80F4-BCA9-0000-00000000004C,FIELD_OBS_MOCK,TRUE
2DF9E057-8ECD-BD65-0000-00000000004D,515759EC-ECE3-E30C-0000-000000000005,307DEFEB-9888-F474-0000-000000000062,128FB883-C2F8-1156-0000-000000000003,1078,3,MOISTURE_PCT,Grain moisture,27.7,%,2025-05-19 07:00:00.000,WEIGHING,ACCEPTED,SYNTH_USER_03,SYNTHETIC — hackathon mock data,2025-05-09 13:00:00.000,2026-09-26 12:00:00.000,392FA979-80F4-BCA9-0000-00000000004D,FIELD_OBS_MOCK,TRUE
2DF9E057-8ECD-BD65-0000-00000000004E,515759EC-ECE3-E30C-0000-000000000006,307DEFEB-9888-F474-0000-00000000006D,128FB883-C2F8-1156-0000-000000000005,1079,1,PLANT_HEIGHT_CM,Plant height,303.0,cm,2024-07-01 10:00:00.000,FIELD_VISUAL,ACCEPTED,SYNTH_USER_04,SYNTHETIC — hackathon mock data,2024-07-02 14:00:00.000,2026-09-26 12:00:00.000,392FA979-80F4-BCA9-0000-00000000004E,FIELD_OBS_MOCK,TRUE
2DF9E057-8ECD-BD65-0000-00000000004F,515759EC-ECE3-E30C-0000-000000000007,307DEFEB-9888-F474-0000-000000000078,128FB883-C2F8-1156-0000-000000000002,1080,2,DISEASE_SCORE,Disease severity score,2.7,score,2025-07-12 17:00:00.000,FIELD_VISUAL,ACCEPTED,SYNTH_USER_03,SYNTHETIC — hackathon mock data,2025-07-23 07:00:00.000,2026-09-26 12:00:00.000,392FA979-80F4-BCA9-0000-00000000004F,FIELD_OBS_MOCK,TRUE
2DF9E057-8ECD-BD65-0000-000000000050,515759EC-ECE3-E30C-0000-000000000008,307DEFEB-9888-F474-0000-000000000083,128FB883-C2F8-1156-0000-000000000001,1081,3,FLOWERING_DAYS,Days to flowering,93.0,days,2025-06-03 15:00:00.000,INSTRUMENT,ACCEPTED,SYNTH_USER_02,SYNTHETIC — hackathon mock data,2025-06-11 16:00:00.000,2026-09-26 12:00:00.000,392FA979-80F4-BCA9-0000-000000000050,FIELD_OBS_MOCK,TRUE
2DF9E057-8ECD-BD65-0000-000000000051,515759EC-ECE3-E30C-0000-000000000009,307DEFEB-9888-F474-0000-00000000008E,128FB883-C2F8-1156-0000-000000000004,1082,1,YIELD_T_HA,Grain yield,5.06,t/ha,2026-09-11 08:00:00.000,WEIGHING,REVIEW,SYNTH_USER_03,SYNTHETIC — hackathon mock data,2026-07-08 07:00:00.000,2026-09-26 12:00:00.000,392FA979-80F4-BCA9-0000-000000000051,FIELD_OBS_MOCK,TRUE
2DF9E057-8ECD-BD65-0000-000000000052,515759EC-ECE3-E30C-0000-00000000000A,307DEFEB-9888-F474-0000-000000000003,128FB883-C2F8-1156-0000-000000000006,1083,2,MOISTURE_PCT,Grain moisture,15.7,%,2026-09-05 16:00:00.000,INSTRUMENT,ACCEPTED,SYNTH_USER_04,SYNTHETIC — hackathon mock data,2026-06-01 12:00:00.000,2026-09-26 12:00:00.000,392FA979-80F4-BCA9-0000-000000000052,FIELD_OBS_MOCK,TRUE
2DF9E057-8ECD-BD65-0000-000000000053,515759EC-ECE3-E30C-0000-00000000000B,307DEFEB-9888-F474-0000-00000000000E,128FB883-C2F8-1156-0000-000000000005,1084,3,PLANT_HEIGHT_CM,Plant height,285.1,cm,2025-08-02 10:00:00.000,FIELD_VISUAL,ACCEPTED,SYNTH_USER_01,SYNTHETIC — hackathon mock data,2025-08-18 13:00:00.000,2026-09-26 12:00:00.000,392FA979-80F4-BCA9-0000-000000000053,FIELD_OBS_MOCK,TRUE
2DF9E057-8ECD-BD65-0000-000000000054,515759EC-ECE3-E30C-0000-00000000000C,307DEFEB-9888-F474-0000-000000000019,128FB883-C2F8-1156-0000-000000000002,1085,1,DISEASE_SCORE,Disease severity score,1.2,score,2024-05-09 10:00:00.000,WEIGHING,ACCEPTED,SYNTH_USER_04,SYNTHETIC — hackathon mock data,2024-05-21 15:00:00.000,2026-09-26 12:00:00.000,392FA979-80F4-BCA9-0000-000000000054,FIELD_OBS_MOCK,TRUE
2DF9E057-8ECD-BD65-0000-000000000055,515759EC-ECE3-E30C-0000-00000000000D,307DEFEB-9888-F474-0000-000000000024,128FB883-C2F8-1156-0000-000000000004,1086,2,FLOWERING_DAYS,Days to flowering,64.0,days,2026-08-28 18:00:00.000,FIELD_VISUAL,ACCEPTED,SYNTH_USER_03,SYNTHETIC — hackathon mock data,2026-07-06 18:00:00.000,2026-09-26 12:00:00.000,392FA979-80F4-BCA9-0000-000000000055,FIELD_OBS_MOCK,TRUE
2DF9E057-8ECD-BD65-0000-000000000056,515759EC-ECE3-E30C-0000-00000000000E,307DEFEB-9888-F474-0000-00000000002F,128FB883-C2F8-1156-0000-000000000004,1087,3,YIELD_T_HA,Grain yield,7.67,t/ha,2024-09-19 07:00:00.000,INSTRUMENT,ACCEPTED,SYNTH_USER_03,SYNTHETIC — hackathon mock data,2024-09-16 16:00:00.000,2026-09-26 12:00:00.000,392FA979-80F4-BCA9-0000-000000000056,FIELD_OBS_MOCK,TRUE
2DF9E057-8ECD-BD65-0000-000000000057,515759EC-ECE3-E30C-0000-00000000000F,307DEFEB-9888-F474-0000-00000000003A,128FB883-C2F8-1156-0000-000000000005,1088,1,MOISTURE_PCT,Grain moisture,18.5,%,2024-09-09 17:00:00.000,INSTRUMENT,REVIEW,SYNTH_USER_01,SYNTHETIC — hackathon mock data,2024-09-01 14:00:00.000,2026-09-26 12:00:00.000,392FA979-80F4-BCA9-0000-000000000057,FIELD_OBS_MOCK,TRUE
2DF9E057-8ECD-BD65-0000-000000000058,515759EC-ECE3-E30C-0000-000000000010,307DEFEB-9888-F474-0000-000000000045,128FB883-C2F8-1156-0000-000000000001,1089,2,PLANT_HEIGHT_CM,Plant height,246.0,cm,2026-07-10 14:00:00.000,FIELD_VISUAL,ACCEPTED,SYNTH_USER_04,SYNTHETIC — hackathon mock data,2026-06-08 09:00:00.000,2026-09-26 12:00:00.000,392FA979-80F4-BCA9-0000-000000000058,FIELD_OBS_MOCK,TRUE
2DF9E057-8ECD-BD65-0000-000000000059,515759EC-ECE3-E30C-0000-000000000011,307DEFEB-9888-F474-0000-000000000050,128FB883-C2F8-1156-0000-000000000001,1090,3,DISEASE_SCORE,Disease severity score,4.9,score,2024-09-05 13:00:00.000,INSTRUMENT,ACCEPTED,SYNTH_USER_01,SYNTHETIC — hackathon mock data,2024-05-28 07:00:00.000,2026-09-26 12:00:00.000,392FA979-80F4-BCA9-0000-000000000059,FIELD_OBS_MOCK,TRUE
2DF9E057-8ECD-BD65-0000-00000000005A,515759EC-ECE3-E30C-0000-000000000012,307DEFEB-9888-F474-0000-00000000005B,128FB883-C2F8-1156-0000-000000000002,1091,1,FLOWERING_DAYS,Days to flowering,61.0,days,2025-06-24 13:00:00.000,FIELD_VISUAL,ACCEPTED,SYNTH_USER_01,SYNTHETIC — hackathon mock data,2025-06-03 08:00:00.000,2026-09-26 12:00:00.000,392FA979-80F4-BCA9-0000-00000000005A,FIELD_OBS_MOCK,TRUE
2DF9E057-8ECD-BD65-0000-00000000005B,515759EC-ECE3-E30C-0000-000000000013,307DEFEB-9888-F474-0000-000000000066,128FB883-C2F8-1156-0000-000000000005,1092,2,YIELD_T_HA,Grain yield,11.34,t/ha,2026-08-26 18:00:00.000,INSTRUMENT,REVIEW,SYNTH_USER_01,SYNTHETIC — hackathon mock data,2026-07-03 13:00:00.000,2026-09-26 12:00:00.000,392FA979-80F4-BCA9-0000-00000000005B,FIELD_OBS_MOCK,TRUE
2DF9E057-8ECD-BD65-0000-00000000005C,515759EC-ECE3-E30C-0000-000000000014,307DEFEB-9888-F474-0000-000000000071,128FB883-C2F8-1156-0000-000000000005,1093,3,MOISTURE_PCT,Grain moisture,10.1,%,2026-09-08 12:00:00.000,FIELD_VISUAL,REVIEW,SYNTH_USER_01,SYNTHETIC — hackathon mock data,2026-07-09 09:00:00.000,2026-09-26 12:00:00.000,392FA979-80F4-BCA9-0000-00000000005C,FIELD_OBS_MOCK,TRUE
2DF9E057-8ECD-BD65-0000-00000000005D,515759EC-ECE3-E30C-0000-000000000015,307DEFEB-9888-F474-0000-00000000007C,128FB883-C2F8-1156-0000-000000000001,1094,1,PLANT_HEIGHT_CM,Plant height,182.2,cm,2025-08-28 18:00:00.000,INSTRUMENT,ACCEPTED,SYNTH_USER_01,SYNTHETIC — hackathon mock data,2025-06-16 08:00:00.000,2026-09-26 12:00:00.000,392FA979-80F4-BCA9-0000-00000000005D,FIELD_OBS_MOCK,TRUE
2DF9E057-8ECD-BD65-0000-00000000005E,515759EC-ECE3-E30C-0000-000000000016,307DEFEB-9888-F474-0000-000000000087,128FB883-C2F8-1156-0000-000000000005,1095,2,DISEASE_SCORE,Disease severity score,7.0,score,2024-06-11 14:00:00.000,INSTRUMENT,ACCEPTED,SYNTH_USER_01,SYNTHETIC — hackathon mock data,2024-07-18 13:00:00.000,2026-09-26 12:00:00.000,392FA979-80F4-BCA9-0000-00000000005E,FIELD_OBS_MOCK,TRUE
2DF9E057-8ECD-BD65-0000-00000000005F,515759EC-ECE3-E30C-0000-000000000017,307DEFEB-9888-F474-0000-000000000092,128FB883-C2F8-1156-0000-000000000006,1096,3,FLOWERING_DAYS,Days to flowering,77.0,days,2026-07-02 13:00:00.000,WEIGHING,ACCEPTED,SYNTH_USER_04,SYNTHETIC — hackathon mock data,2026-07-20 16:00:00.000,2026-09-26 12:00:00.000,392FA979-80F4-BCA9-0000-00000000005F,FIELD_OBS_MOCK,TRUE
2DF9E057-8ECD-BD65-0000-000000000060,515759EC-ECE3-E30C-0000-000000000018,307DEFEB-9888-F474-0000-000000000007,128FB883-C2F8-1156-0000-000000000003,1001,1,YIELD_T_HA,Grain yield,5.34,t/ha,2026-09-18 11:00:00.000,WEIGHING,ACCEPTED,SYNTH_USER_01,SYNTHETIC — hackathon mock data,2026-08-13 13:00:00.000,2026-09-26 12:00:00.000,392FA979-80F4-BCA9-0000-000000000060,FIELD_OBS_MOCK,TRUE
2DF9E057-8ECD-BD65-0000-000000000061,515759EC-ECE3-E30C-0000-000000000019,307DEFEB-9888-F474-0000-000000000012,128FB883-C2F8-1156-0000-000000000001,1002,2,MOISTURE_PCT,Grain moisture,28.7,%,2026-09-09 17:00:00.000,WEIGHING,ACCEPTED,SYNTH_USER_04,SYNTHETIC — hackathon mock data,2026-09-04 08:00:00.000,2026-09-26 12:00:00.000,392FA979-80F4-BCA9-0000-000000000061,FIELD_OBS_MOCK,TRUE
2DF9E057-8ECD-BD65-0000-000000000062,515759EC-ECE3-E30C-0000-00000000001A,307DEFEB-9888-F474-0000-00000000001D,128FB883-C2F8-1156-0000-000000000006,1003,3,PLANT_HEIGHT_CM,Plant height,177.7,cm,2026-09-09 10:00:00.000,INSTRUMENT,ACCEPTED,SYNTH_USER_04,SYNTHETIC — hackathon mock data,2026-09-24 11:00:00.000,2026-09-26 12:00:00.000,392FA979-80F4-BCA9-0000-000000000062,FIELD_OBS_MOCK,TRUE
2DF9E057-8ECD-BD65-0000-000000000063,515759EC-ECE3-E30C-0000-00000000001B,307DEFEB-9888-F474-0000-000000000028,128FB883-C2F8-1156-0000-000000000003,1004,1,DISEASE_SCORE,Disease severity score,7.9,score,2024-09-24 13:00:00.000,FIELD_VISUAL,ACCEPTED,SYNTH_USER_03,SYNTHETIC — hackathon mock data,2024-07-10 08:00:00.000,2026-09-26 12:00:00.000,392FA979-80F4-BCA9-0000-000000000063,FIELD_OBS_MOCK,TRUE
2DF9E057-8ECD-BD65-0000-000000000064,515759EC-ECE3-E30C-0000-00000000001C,307DEFEB-9888-F474-0000-000000000033,128FB883-C2F8-1156-0000-000000000006,1005,2,FLOWERING_DAYS,Days to flowering,85.0,days,2025-06-24 09:00:00.000,INSTRUMENT,ACCEPTED,SYNTH_USER_02,SYNTHETIC — hackathon mock data,2025-05-02 13:00:00.000,2026-09-26 12:00:00.000,392FA979-80F4-BCA9-0000-000000000064,FIELD_OBS_MOCK,TRUE
2DF9E057-8ECD-BD65-0000-000000000065,515759EC-ECE3-E30C-0000-00000000001D,307DEFEB-9888-F474-0000-00000000003E,128FB883-C2F8-1156-0000-000000000002,1006,3,YIELD_T_HA,Grain yield,8.17,t/ha,2024-08-25 07:00:00.000,WEIGHING,REVIEW,SYNTH_USER_02,SYNTHETIC — hackathon mock data,2024-05-20 17:00:00.000,2026-09-26 12:00:00.000,392FA979-80F4-BCA9-0000-000000000065,FIELD_OBS_MOCK,TRUE
2DF9E057-8ECD-BD65-0000-000000000066,515759EC-ECE3-E30C-0000-00000000001E,307DEFEB-9888-F474-0000-000000000049,128FB883-C2F8-1156-0000-000000000004,1007,1,MOISTURE_PCT,Grain moisture,26.7,%,2026-05-24 14:00:00.000,WEIGHING,ACCEPTED,SYNTH_USER_01,SYNTHETIC — hackathon mock data,2026-08-09 12:00:00.000,2026-09-26 12:00:00.000,392FA979-80F4-BCA9-0000-000000000066,FIELD_OBS_MOCK,TRUE
2DF9E057-8ECD-BD65-0000-000000000067,515759EC-ECE3-E30C-0000-00000000001F,307DEFEB-9888-F474-0000-000000000054,128FB883-C2F8-1156-0000-000000000005,1008,2,PLANT_HEIGHT_CM,Plant height,173.2,cm,2026-06-05 08:00:00.000,WEIGHING,ACCEPTED,SYNTH_USER_03,SYNTHETIC — hackathon mock data,2026-08-20 16:00:00.000,2026-09-26 12:00:00.000,392FA979-80F4-BCA9-0000-000000000067,FIELD_OBS_MOCK,TRUE
2DF9E057-8ECD-BD65-0000-000000000068,515759EC-ECE3-E30C-0000-000000000020,307DEFEB-9888-F474-0000-00000000005F,128FB883-C2F8-1156-0000-000000000005,1009,3,DISEASE_SCORE,Disease severity score,2.5,score,2025-07-08 17:00:00.000,FIELD_VISUAL,ACCEPTED,SYNTH_USER_03,SYNTHETIC — hackathon mock data,2025-06-28 12:00:00.000,2026-09-26 12:00:00.000,392FA979-80F4-BCA9-0000-000000000068,FIELD_OBS_MOCK,TRUE
2DF9E057-8ECD-BD65-0000-000000000069,515759EC-ECE3-E30C-0000-000000000021,307DEFEB-9888-F474-0000-00000000006A,128FB883-C2F8-1156-0000-000000000003,1010,1,FLOWERING_DAYS,Days to flowering,61.0,days,2025-09-12 15:00:00.000,INSTRUMENT,ACCEPTED,SYNTH_USER_01,SYNTHETIC — hackathon mock data,2025-09-20 17:00:00.000,2026-09-26 12:00:00.000,392FA979-80F4-BCA9-0000-000000000069,FIELD_OBS_MOCK,TRUE
2DF9E057-8ECD-BD65-0000-00000000006A,515759EC-ECE3-E30C-0000-000000000022,307DEFEB-9888-F474-0000-000000000075,128FB883-C2F8-1156-0000-000000000002,1011,2,YIELD_T_HA,Grain yield,4.52,t/ha,2024-05-16 15:00:00.000,INSTRUMENT,ACCEPTED,SYNTH_USER_04,SYNTHETIC — hackathon mock data,2024-05-13 08:00:00.000,2026-09-26 12:00:00.000,392FA979-80F4-BCA9-0000-00000000006A,FIELD_OBS_MOCK,TRUE
2DF9E057-8ECD-BD65-0000-00000000006B,515759EC-ECE3-E30C-0000-000000000023,307DEFEB-9888-F474-0000-000000000080,128FB883-C2F8-1156-0000-000000000004,1012,3,MOISTURE_PCT,Grain moisture,13.0,%,2024-09-01 17:00:00.000,WEIGHING,ACCEPTED,SYNTH_USER_01,SYNTHETIC — hackathon mock data,2024-05-03 16:00:00.000,2026-09-26 12:00:00.000,392FA979-80F4-BCA9-0000-00000000006B,FIELD_OBS_MOCK,TRUE
2DF9E057-8ECD-BD65-0000-00000000006C,515759EC-ECE3-E30C-0000-000000000024,307DEFEB-9888-F474-0000-00000000008B,128FB883-C2F8-1156-0000-000000000003,1013,1,PLANT_HEIGHT_CM,Plant height,156.8,cm,2024-06-28 08:00:00.000,WEIGHING,ACCEPTED,SYNTH_USER_01,SYNTHETIC — hackathon mock data,2024-08-01 18:00:00.000,2026-09-26 12:00:00.000,392FA979-80F4-BCA9-0000-00000000006C,FIELD_OBS_MOCK,TRUE
2DF9E057-8ECD-BD65-0000-00000000006D,515759EC-ECE3-E30C-0000-000000000025,307DEFEB-9888-F474-0000-000000000096,128FB883-C2F8-1156-0000-000000000005,1014,2,DISEASE_SCORE,Disease severity score,3.6,score,2024-06-25 15:00:00.000,INSTRUMENT,ACCEPTED,SYNTH_USER_04,SYNTHETIC — hackathon mock data,2024-08-24 15:00:00.000,2026-09-26 12:00:00.000,392FA979-80F4-BCA9-0000-00000000006D,FIELD_OBS_MOCK,TRUE
2DF9E057-8ECD-BD65-0000-00000000006E,515759EC-ECE3-E30C-0000-000000000026,307DEFEB-9888-F474-0000-00000000000B,128FB883-C2F8-1156-0000-000000000001,1015,3,FLOWERING_DAYS,Days to flowering,88.0,days,2024-07-12 10:00:00.000,WEIGHING,ACCEPTED,SYNTH_USER_01,SYNTHETIC — hackathon mock data,2024-07-25 13:00:00.000,2026-09-26 12:00:00.000,392FA979-80F4-BCA9-0000-00000000006E,FIELD_OBS_MOCK,TRUE
2DF9E057-8ECD-BD65-0000-00000000006F,515759EC-ECE3-E30C-0000-000000000027,307DEFEB-9888-F474-0000-000000000016,128FB883-C2F8-1156-0000-000000000004,1016,1,YIELD_T_HA,Grain yield,9.17,t/ha,2026-09-27 12:00:00.000,INSTRUMENT,ACCEPTED,SYNTH_USER_02,SYNTHETIC — hackathon mock data,2026-07-07 12:00:00.000,2026-09-26 12:00:00.000,392FA979-80F4-BCA9-0000-00000000006F,FIELD_OBS_MOCK,TRUE
2DF9E057-8ECD-BD65-0000-000000000070,515759EC-ECE3-E30C-0000-000000000028,307DEFEB-9888-F474-0000-000000000021,128FB883-C2F8-1156-0000-000000000006,1017,2,MOISTURE_PCT,Grain moisture,13.9,%,2025-08-15 12:00:00.000,FIELD_VISUAL,ACCEPTED,SYNTH_USER_02,SYNTHETIC — hackathon mock data,2025-08-12 07:00:00.000,2026-09-26 12:00:00.000,392FA979-80F4-BCA9-0000-000000000070,FIELD_OBS_MOCK,TRUE
2DF9E057-8ECD-BD65-0000-000000000071,515759EC-ECE3-E30C-0000-000000000029,307DEFEB-9888-F474-0000-00000000002C,128FB883-C2F8-1156-0000-000000000001,1018,3,PLANT_HEIGHT_CM,Plant height,217.1,cm,2025-09-06 10:00:00.000,FIELD_VISUAL,ACCEPTED,SYNTH_USER_03,SYNTHETIC — hackathon mock data,2025-07-22 15:00:00.000,2026-09-26 12:00:00.000,392FA979-80F4-BCA9-0000-000000000071,FIELD_OBS_MOCK,TRUE
2DF9E057-8ECD-BD65-0000-000000000072,515759EC-ECE3-E30C-0000-00000000002A,307DEFEB-9888-F474-0000-000000000037,128FB883-C2F8-1156-0000-000000000004,1019,1,DISEASE_SCORE,Disease severity score,7.5,score,2026-07-24 08:00:00.000,FIELD_VISUAL,ACCEPTED,SYNTH_USER_02,SYNTHETIC — hackathon mock data,2026-06-16 09:00:00.000,2026-09-26 12:00:00.000,392FA979-80F4-BCA9-0000-000000000072,FIELD_OBS_MOCK,TRUE
2DF9E057-8ECD-BD65-0000-000000000073,515759EC-ECE3-E30C-0000-00000000002B,307DEFEB-9888-F474-0000-000000000042,128FB883-C2F8-1156-0000-000000000002,1020,2,FLOWERING_DAYS,Days to flowering,81.0,days,2024-08-14 14:00:00.000,WEIGHING,ACCEPTED,SYNTH_USER_04,SYNTHETIC — hackathon mock data,2024-09-21 09:00:00.000,2026-09-26 12:00:00.000,392FA979-80F4-BCA9-0000-000000000073,FIELD_OBS_MOCK,TRUE
2DF9E057-8ECD-BD65-0000-000000000074,515759EC-ECE3-E30C-0000-00000000002C,307DEFEB-9888-F474-0000-00000000004D,128FB883-C2F8-1156-0000-000000000005,1021,3,YIELD_T_HA,Grain yield,9.92,t/ha,2026-05-21 09:00:00.000,WEIGHING,REJECTED,SYNTH_USER_02,SYNTHETIC — hackathon mock data,2026-08-08 10:00:00.000,2026-09-26 12:00:00.000,392FA979-80F4-BCA9-0000-000000000074,FIELD_OBS_MOCK,TRUE
2DF9E057-8ECD-BD65-0000-000000000075,515759EC-ECE3-E30C-0000-00000000002D,307DEFEB-9888-F474-0000-000000000058,128FB883-C2F8-1156-0000-000000000003,1022,1,MOISTURE_PCT,Grain moisture,17.1,%,2024-07-04 17:00:00.000,FIELD_VISUAL,ACCEPTED,SYNTH_USER_02,SYNTHETIC — hackathon mock data,2024-09-05 17:00:00.000,2026-09-26 12:00:00.000,392FA979-80F4-BCA9-0000-000000000075,FIELD_OBS_MOCK,TRUE
2DF9E057-8ECD-BD65-0000-000000000076,515759EC-ECE3-E30C-0000-00000000002E,307DEFEB-9888-F474-0000-000000000063,128FB883-C2F8-1156-0000-000000000003,1023,2,PLANT_HEIGHT_CM,Plant height,311.5,cm,2025-07-08 18:00:00.000,FIELD_VISUAL,ACCEPTED,SYNTH_USER_01,SYNTHETIC — hackathon mock data,2025-07-19 18:00:00.000,2026-09-26 12:00:00.000,392FA979-80F4-BCA9-0000-000000000076,FIELD_OBS_MOCK,TRUE
2DF9E057-8ECD-BD65-0000-000000000077,515759EC-ECE3-E30C-0000-00000000002F,307DEFEB-9888-F474-0000-00000000006E,128FB883-C2F8-1156-0000-000000000004,1024,3,DISEASE_SCORE,Disease severity score,8.5,score,2026-07-11 16:00:00.000,WEIGHING,ACCEPTED,SYNTH_USER_04,SYNTHETIC — hackathon mock data,2026-08-26 18:00:00.000,2026-09-26 12:00:00.000,392FA979-80F4-BCA9-0000-000000000077,FIELD_OBS_MOCK,TRUE
2DF9E057-8ECD-BD65-0000-000000000078,515759EC-ECE3-E30C-0000-000000000030,307DEFEB-9888-F474-0000-000000000079,128FB883-C2F8-1156-0000-000000000003,1025,1,FLOWERING_DAYS,Days to flowering,88.0,days,2025-05-20 12:00:00.000,INSTRUMENT,ACCEPTED,SYNTH_USER_01,SYNTHETIC — hackathon mock data,2025-05-17 08:00:00.000,2026-09-26 12:00:00.000,392FA979-80F4-BCA9-0000-000000000078,FIELD_OBS_MOCK,TRUE
2DF9E057-8ECD-BD65-0000-000000000079,515759EC-ECE3-E30C-0000-000000000031,307DEFEB-9888-F474-0000-000000000084,128FB883-C2F8-1156-0000-000000000002,1026,2,YIELD_T_HA,Grain yield,8.33,t/ha,2024-05-23 15:00:00.000,WEIGHING,ACCEPTED,SYNTH_USER_01,SYNTHETIC — hackathon mock data,2024-07-12 07:00:00.000,2026-09-26 12:00:00.000,392FA979-80F4-BCA9-0000-000000000079,FIELD_OBS_MOCK,TRUE
2DF9E057-8ECD-BD65-0000-00000000007A,515759EC-ECE3-E30C-0000-000000000032,307DEFEB-9888-F474-0000-00000000008F,128FB883-C2F8-1156-0000-000000000003,1027,3,MOISTURE_PCT,Grain moisture,18.3,%,2024-09-01 14:00:00.000,INSTRUMENT,ACCEPTED,SYNTH_USER_01,SYNTHETIC — hackathon mock data,2024-06-25 17:00:00.000,2026-09-26 12:00:00.000,392FA979-80F4-BCA9-0000-00000000007A,FIELD_OBS_MOCK,TRUE
2DF9E057-8ECD-BD65-0000-00000000007B,515759EC-ECE3-E30C-0000-000000000033,307DEFEB-9888-F474-0000-000000000004,128FB883-C2F8-1156-0000-000000000003,1028,1,PLANT_HEIGHT_CM,Plant height,175.6,cm,2026-05-03 11:00:00.000,INSTRUMENT,ACCEPTED,SYNTH_USER_02,SYNTHETIC — hackathon mock data,2026-05-23 18:00:00.000,2026-09-26 12:00:00.000,392FA979-80F4-BCA9-0000-00000000007B,FIELD_OBS_MOCK,TRUE
2DF9E057-8ECD-BD65-0000-00000000007C,515759EC-ECE3-E30C-0000-000000000034,307DEFEB-9888-F474-0000-00000000000F,128FB883-C2F8-1156-0000-000000000004,1029,2,DISEASE_SCORE,Disease severity score,7.8,score,2026-09-22 13:00:00.000,INSTRUMENT,ACCEPTED,SYNTH_USER_02,SYNTHETIC — hackathon mock data,2026-07-11 11:00:00.000,2026-09-26 12:00:00.000,392FA979-80F4-BCA9-0000-00000000007C,FIELD_OBS_MOCK,TRUE
2DF9E057-8ECD-BD65-0000-00000000007D,515759EC-ECE3-E30C-0000-000000000035,307DEFEB-9888-F474-0000-00000000001A,128FB883-C2F8-1156-0000-000000000002,1030,3,FLOWERING_DAYS,Days to flowering,53.0,days,2024-07-17 16:00:00.000,WEIGHING,ACCEPTED,SYNTH_USER_04,SYNTHETIC — hackathon mock data,2024-07-11 18:00:00.000,2026-09-26 12:00:00.000,392FA979-80F4-BCA9-0000-00000000007D,FIELD_OBS_MOCK,TRUE
2DF9E057-8ECD-BD65-0000-00000000007E,515759EC-ECE3-E30C-0000-000000000036,307DEFEB-9888-F474-0000-000000000025,128FB883-C2F8-1156-0000-000000000004,1031,1,YIELD_T_HA,Grain yield,5.6,t/ha,2024-06-18 16:00:00.000,WEIGHING,ACCEPTED,SYNTH_USER_03,SYNTHETIC — hackathon mock data,2024-07-17 11:00:00.000,2026-09-26 12:00:00.000,392FA979-80F4-BCA9-0000-00000000007E,FIELD_OBS_MOCK,TRUE
2DF9E057-8ECD-BD65-0000-00000000007F,515759EC-ECE3-E30C-0000-000000000037,307DEFEB-9888-F474-0000-000000000030,128FB883-C2F8-1156-0000-000000000005,1032,2,MOISTURE_PCT,Grain moisture,15.0,%,2025-08-09 18:00:00.000,INSTRUMENT,ACCEPTED,SYNTH_USER_02,SYNTHETIC — hackathon mock data,2025-06-12 09:00:00.000,2026-09-26 12:00:00.000,392FA979-80F4-BCA9-0000-00000000007F,FIELD_OBS_MOCK,TRUE
2DF9E057-8ECD-BD65-0000-000000000080,515759EC-ECE3-E30C-0000-000000000038,307DEFEB-9888-F474-0000-00000000003B,128FB883-C2F8-1156-0000-000000000005,1033,3,PLANT_HEIGHT_CM,Plant height,243.7,cm,2026-09-25 10:00:00.000,FIELD_VISUAL,ACCEPTED,SYNTH_USER_02,SYNTHETIC — hackathon mock data,2026-06-24 16:00:00.000,2026-09-26 12:00:00.000,392FA979-80F4-BCA9-0000-000000000080,FIELD_OBS_MOCK,TRUE
2DF9E057-8ECD-BD65-0000-000000000081,515759EC-ECE3-E30C-0000-000000000039,307DEFEB-9888-F474-0000-000000000046,128FB883-C2F8-1156-0000-000000000002,1034,1,DISEASE_SCORE,Disease severity score,2.7,score,2026-08-09 15:00:00.000,WEIGHING,ACCEPTED,SYNTH_USER_04,SYNTHETIC — hackathon mock data,2026-05-05 14:00:00.000,2026-09-26 12:00:00.000,392FA979-80F4-BCA9-0000-000000000081,FIELD_OBS_MOCK,TRUE
2DF9E057-8ECD-BD65-0000-000000000082,515759EC-ECE3-E30C-0000-00000000003A,307DEFEB-9888-F474-0000-000000000051,128FB883-C2F8-1156-0000-000000000006,1035,2,FLOWERING_DAYS,Days to flowering,49.0,days,2024-07-08 14:00:00.000,FIELD_VISUAL,ACCEPTED,SYNTH_USER_02,SYNTHETIC — hackathon mock data,2024-09-28 17:00:00.000,2026-09-26 12:00:00.000,392FA979-80F4-BCA9-0000-000000000082,FIELD_OBS_MOCK,TRUE
2DF9E057-8ECD-BD65-0000-000000000083,515759EC-ECE3-E30C-0000-00000000003B,307DEFEB-9888-F474-0000-00000000005C,128FB883-C2F8-1156-0000-000000000006,1036,3,YIELD_T_HA,Grain yield,12.96,t/ha,2024-06-09 08:00:00.000,WEIGHING,REVIEW,SYNTH_USER_04,SYNTHETIC — hackathon mock data,2024-08-07 08:00:00.000,2026-09-26 12:00:00.000,392FA979-80F4-BCA9-0000-000000000083,FIELD_OBS_MOCK,TRUE
2DF9E057-8ECD-BD65-0000-000000000084,515759EC-ECE3-E30C-0000-00000000003C,307DEFEB-9888-F474-0000-000000000067,128FB883-C2F8-1156-0000-000000000001,1037,1,MOISTURE_PCT,Grain moisture,12.9,%,2025-07-06 15:00:00.000,WEIGHING,ACCEPTED,SYNTH_USER_02,SYNTHETIC — hackathon mock data,2025-08-14 17:00:00.000,2026-09-26 12:00:00.000,392FA979-80F4-BCA9-0000-000000000084,FIELD_OBS_MOCK,TRUE
2DF9E057-8ECD-BD65-0000-000000000085,515759EC-ECE3-E30C-0000-00000000003D,307DEFEB-9888-F474-0000-000000000072,128FB883-C2F8-1156-0000-000000000002,1038,2,PLANT_HEIGHT_CM,Plant height,166.9,cm,2024-08-27 13:00:00.000,FIELD_VISUAL,ACCEPTED,SYNTH_USER_03,SYNTHETIC — hackathon mock data,2024-09-20 12:00:00.000,2026-09-26 12:00:00.000,392FA979-80F4-BCA9-0000-000000000085,FIELD_OBS_MOCK,TRUE
2DF9E057-8ECD-BD65-0000-000000000086,515759EC-ECE3-E30C-0000-00000000003E,307DEFEB-9888-F474-0000-00000000007D,128FB883-C2F8-1156-0000-000000000005,1039,3,DISEASE_SCORE,Disease severity score,1.3,score,2025-07-12 10:00:00.000,FIELD_VISUAL,ACCEPTED,SYNTH_USER_04,SYNTHETIC — hackathon mock data,2025-08-16 13:00:00.000,2026-09-26 12:00:00.000,392FA979-80F4-BCA9-0000-000000000086,FIELD_OBS_MOCK,TRUE
2DF9E057-8ECD-BD65-0000-000000000087,515759EC-ECE3-E30C-0000-00000000003F,307DEFEB-9888-F474-0000-000000000088,128FB883-C2F8-1156-0000-000000000005,1040,1,FLOWERING_DAYS,Days to flowering,57.0,days,2024-08-25 16:00:00.000,WEIGHING,ACCEPTED,SYNTH_USER_04,SYNTHETIC — hackathon mock data,2024-05-02 08:00:00.000,2026-09-26 12:00:00.000,392FA979-80F4-BCA9-0000-000000000087,FIELD_OBS_MOCK,TRUE
2DF9E057-8ECD-BD65-0000-000000000088,515759EC-ECE3-E30C-0000-000000000040,307DEFEB-9888-F474-0000-000000000093,128FB883-C2F8-1156-0000-000000000001,1041,2,YIELD_T_HA,Grain yield,12.58,t/ha,2024-07-26 18:00:00.000,FIELD_VISUAL,ACCEPTED,SYNTH_USER_04,SYNTHETIC — hackathon mock data,2024-09-10 08:00:00.000,2026-09-26 12:00:00.000,392FA979-80F4-BCA9-0000-000000000088,FIELD_OBS_MOCK,TRUE
2DF9E057-8ECD-BD65-0000-000000000089,515759EC-ECE3-E30C-0000-000000000041,307DEFEB-9888-F474-0000-000000000008,128FB883-C2F8-1156-0000-000000000005,1042,3,MOISTURE_PCT,Grain moisture,24.5,%,2026-05-22 07:00:00.000,WEIGHING,ACCEPTED,SYNTH_USER_01,SYNTHETIC — hackathon mock data,2026-07-18 07:00:00.000,2026-09-26 12:00:00.000,392FA979-80F4-BCA9-0000-000000000089,FIELD_OBS_MOCK,TRUE
2DF9E057-8ECD-BD65-0000-00000000008A,515759EC-ECE3-E30C-0000-000000000042,307DEFEB-9888-F474-0000-000000000013,128FB883-C2F8-1156-0000-000000000005,1043,1,PLANT_HEIGHT_CM,Plant height,212.7,cm,2024-08-08 12:00:00.000,INSTRUMENT,ACCEPTED,SYNTH_USER_02,SYNTHETIC — hackathon mock data,2024-09-20 09:00:00.000,2026-09-26 12:00:00.000,392FA979-80F4-BCA9-0000-00000000008A,FIELD_OBS_MOCK,TRUE
2DF9E057-8ECD-BD65-0000-00000000008B,515759EC-ECE3-E30C-0000-000000000043,307DEFEB-9888-F474-0000-00000000001E,128FB883-C2F8-1156-0000-000000000001,1044,2,DISEASE_SCORE,Disease severity score,9.0,score,2025-07-19 14:00:00.000,WEIGHING,REJECTED,SYNTH_USER_04,SYNTHETIC — hackathon mock data,2025-06-14 11:00:00.000,2026-09-26 12:00:00.000,392FA979-80F4-BCA9-0000-00000000008B,FIELD_OBS_MOCK,TRUE
2DF9E057-8ECD-BD65-0000-00000000008C,515759EC-ECE3-E30C-0000-000000000044,307DEFEB-9888-F474-0000-000000000029,128FB883-C2F8-1156-0000-000000000001,1045,3,FLOWERING_DAYS,Days to flowering,57.0,days,2025-07-02 17:00:00.000,INSTRUMENT,ACCEPTED,SYNTH_USER_02,SYNTHETIC — hackathon mock data,2025-07-27 12:00:00.000,2026-09-26 12:00:00.000,392FA979-80F4-BCA9-0000-00000000008C,FIELD_OBS_MOCK,TRUE
2DF9E057-8ECD-BD65-0000-00000000008D,515759EC-ECE3-E30C-0000-000000000045,307DEFEB-9888-F474-0000-000000000034,128FB883-C2F8-1156-0000-000000000006,1046,1,YIELD_T_HA,Grain yield,4.52,t/ha,2026-08-20 14:00:00.000,INSTRUMENT,ACCEPTED,SYNTH_USER_04,SYNTHETIC — hackathon mock data,2026-07-12 14:00:00.000,2026-09-26 12:00:00.000,392FA979-80F4-BCA9-0000-00000000008D,FIELD_OBS_MOCK,TRUE
2DF9E057-8ECD-BD65-0000-00000000008E,515759EC-ECE3-E30C-0000-000000000046,307DEFEB-9888-F474-0000-00000000003F,128FB883-C2F8-1156-0000-000000000005,1047,2,MOISTURE_PCT,Grain moisture,10.4,%,2024-07-11 14:00:00.000,WEIGHING,ACCEPTED,SYNTH_USER_01,SYNTHETIC — hackathon mock data,2024-07-19 16:00:00.000,2026-09-26 12:00:00.000,392FA979-80F4-BCA9-0000-00000000008E,FIELD_OBS_MOCK,TRUE
2DF9E057-8ECD-BD65-0000-00000000008F,515759EC-ECE3-E30C-0000-000000000047,307DEFEB-9888-F474-0000-00000000004A,128FB883-C2F8-1156-0000-000000000003,1048,3,PLANT_HEIGHT_CM,Plant height,184.1,cm,2024-09-17 14:00:00.000,FIELD_VISUAL,ACCEPTED,SYNTH_USER_04,SYNTHETIC — hackathon mock data,2024-05-14 09:00:00.000,2026-09-26 12:00:00.000,392FA979-80F4-BCA9-0000-00000000008F,FIELD_OBS_MOCK,TRUE
2DF9E057-8ECD-BD65-0000-000000000090,515759EC-ECE3-E30C-0000-000000000048,307DEFEB-9888-F474-0000-000000000055,128FB883-C2F8-1156-0000-000000000004,1049,1,DISEASE_SCORE,Disease severity score,8.0,score,2025-05-19 14:00:00.000,INSTRUMENT,ACCEPTED,SYNTH_USER_01,SYNTHETIC — hackathon mock data,2025-09-04 09:00:00.000,2026-09-26 12:00:00.000,392FA979-80F4-BCA9-0000-000000000090,FIELD_OBS_MOCK,TRUE
2DF9E057-8ECD-BD65-0000-000000000091,515759EC-ECE3-E30C-0000-000000000001,307DEFEB-9888-F474-0000-000000000060,128FB883-C2F8-1156-0000-000000000006,1050,2,FLOWERING_DAYS,Days to flowering,78.0,days,2025-08-21 14:00:00.000,FIELD_VISUAL,ACCEPTED,SYNTH_USER_01,SYNTHETIC — hackathon mock data,2025-06-20 16:00:00.000,2026-09-26 12:00:00.000,392FA979-80F4-BCA9-0000-000000000091,FIELD_OBS_MOCK,TRUE
2DF9E057-8ECD-BD65-0000-000000000092,515759EC-ECE3-E30C-0000-000000000002,307DEFEB-9888-F474-0000-00000000006B,128FB883-C2F8-1156-0000-000000000004,1051,3,YIELD_T_HA,Grain yield,13.2,t/ha,2026-09-12 16:00:00.000,INSTRUMENT,ACCEPTED,SYNTH_USER_02,SYNTHETIC — hackathon mock data,2026-05-20 09:00:00.000,2026-09-26 12:00:00.000,392FA979-80F4-BCA9-0000-000000000092,FIELD_OBS_MOCK,TRUE
2DF9E057-8ECD-BD65-0000-000000000093,515759EC-ECE3-E30C-0000-000000000003,307DEFEB-9888-F474-0000-000000000076,128FB883-C2F8-1156-0000-000000000004,1052,1,MOISTURE_PCT,Grain moisture,21.7,%,2024-09-13 18:00:00.000,FIELD_VISUAL,ACCEPTED,SYNTH_USER_01,SYNTHETIC — hackathon mock data,2024-06-27 15:00:00.000,2026-09-26 12:00:00.000,392FA979-80F4-BCA9-0000-000000000093,FIELD_OBS_MOCK,TRUE
2DF9E057-8ECD-BD65-0000-000000000094,515759EC-ECE3-E30C-0000-000000000004,307DEFEB-9888-F474-0000-000000000081,128FB883-C2F8-1156-0000-000000000005,1053,2,PLANT_HEIGHT_CM,Plant height,284.7,cm,2024-09-15 10:00:00.000,WEIGHING,ACCEPTED,SYNTH_USER_01,SYNTHETIC — hackathon mock data,2024-05-23 13:00:00.000,2026-09-26 12:00:00.000,392FA979-80F4-BCA9-0000-000000000094,FIELD_OBS_MOCK,TRUE
2DF9E057-8ECD-BD65-0000-000000000095,515759EC-ECE3-E30C-0000-000000000005,307DEFEB-9888-F474-0000-00000000008C,128FB883-C2F8-1156-0000-000000000003,1054,3,DISEASE_SCORE,Disease severity score,1.3,score,2025-06-18 12:00:00.000,WEIGHING,ACCEPTED,SYNTH_USER_01,SYNTHETIC — hackathon mock data,2025-07-07 15:00:00.000,2026-09-26 12:00:00.000,392FA979-80F4-BCA9-0000-000000000095,FIELD_OBS_MOCK,TRUE
2DF9E057-8ECD-BD65-0000-000000000096,515759EC-ECE3-E30C-0000-000000000006,307DEFEB-9888-F474-0000-000000000001,128FB883-C2F8-1156-0000-000000000005,1055,1,FLOWERING_DAYS,Days to flowering,77.0,days,2024-09-09 11:00:00.000,WEIGHING,REVIEW,SYNTH_USER_04,SYNTHETIC — hackathon mock data,2024-08-18 14:00:00.000,2026-09-26 12:00:00.000,392FA979-80F4-BCA9-0000-000000000096,FIELD_OBS_MOCK,TRUE
2DF9E057-8ECD-BD65-0000-000000000097,515759EC-ECE3-E30C-0000-000000000007,307DEFEB-9888-F474-0000-00000000000C,128FB883-C2F8-1156-0000-000000000002,1056,2,YIELD_T_HA,Grain yield,12.89,t/ha,2025-08-04 07:00:00.000,INSTRUMENT,ACCEPTED,SYNTH_USER_04,SYNTHETIC — hackathon mock data,2025-07-13 16:00:00.000,2026-09-26 12:00:00.000,392FA979-80F4-BCA9-0000-000000000097,FIELD_OBS_MOCK,TRUE
2DF9E057-8ECD-BD65-0000-000000000098,515759EC-ECE3-E30C-0000-000000000008,307DEFEB-9888-F474-0000-000000000017,128FB883-C2F8-1156-0000-000000000001,1057,3,MOISTURE_PCT,Grain moisture,28.0,%,2025-06-11 13:00:00.000,INSTRUMENT,ACCEPTED,SYNTH_USER_04,SYNTHETIC — hackathon mock data,2025-05-28 13:00:00.000,2026-09-26 12:00:00.000,392FA979-80F4-BCA9-0000-000000000098,FIELD_OBS_MOCK,TRUE
2DF9E057-8ECD-BD65-0000-000000000099,515759EC-ECE3-E30C-0000-000000000009,307DEFEB-9888-F474-0000-000000000022,128FB883-C2F8-1156-0000-000000000004,1058,1,PLANT_HEIGHT_CM,Plant height,233.0,cm,2026-06-06 15:00:00.000,WEIGHING,ACCEPTED,SYNTH_USER_03,SYNTHETIC — hackathon mock data,2026-09-16 14:00:00.000,2026-09-26 12:00:00.000,392FA979-80F4-BCA9-0000-000000000099,FIELD_OBS_MOCK,TRUE
2DF9E057-8ECD-BD65-0000-00000000009A,515759EC-ECE3-E30C-0000-00000000000A,307DEFEB-9888-F474-0000-00000000002D,128FB883-C2F8-1156-0000-000000000006,1059,2,DISEASE_SCORE,Disease severity score,8.8,score,2026-06-23 12:00:00.000,INSTRUMENT,ACCEPTED,SYNTH_USER_02,SYNTHETIC — hackathon mock data,2026-05-03 12:00:00.000,2026-09-26 12:00:00.000,392FA979-80F4-BCA9-0000-00000000009A,FIELD_OBS_MOCK,TRUE
2DF9E057-8ECD-BD65-0000-00000000009B,515759EC-ECE3-E30C-0000-00000000000B,307DEFEB-9888-F474-0000-000000000038,128FB883-C2F8-1156-0000-000000000005,1060,3,FLOWERING_DAYS,Days to flowering,88.0,days,2025-09-05 10:00:00.000,FIELD_VISUAL,REVIEW,SYNTH_USER_04,SYNTHETIC — hackathon mock data,2025-06-07 11:00:00.000,2026-09-26 12:00:00.000,392FA979-80F4-BCA9-0000-00000000009B,FIELD_OBS_MOCK,TRUE
2DF9E057-8ECD-BD65-0000-00000000009C,515759EC-ECE3-E30C-0000-00000000000C,307DEFEB-9888-F474-0000-000000000043,128FB883-C2F8-1156-0000-000000000002,1061,1,YIELD_T_HA,Grain yield,4.74,t/ha,2024-09-11 17:00:00.000,WEIGHING,ACCEPTED,SYNTH_USER_02,SYNTHETIC — hackathon mock data,2024-07-24 12:00:00.000,2026-09-26 12:00:00.000,392FA979-80F4-BCA9-0000-00000000009C,FIELD_OBS_MOCK,TRUE
2DF9E057-8ECD-BD65-0000-00000000009D,515759EC-ECE3-E30C-0000-00000000000D,307DEFEB-9888-F474-0000-00000000004E,128FB883-C2F8-1156-0000-000000000004,1062,2,MOISTURE_PCT,Grain moisture,24.9,%,2026-09-08 09:00:00.000,WEIGHING,ACCEPTED,SYNTH_USER_02,SYNTHETIC — hackathon mock data,2026-07-11 15:00:00.000,2026-09-26 12:00:00.000,392FA979-80F4-BCA9-0000-00000000009D,FIELD_OBS_MOCK,TRUE
2DF9E057-8ECD-BD65-0000-00000000009E,515759EC-ECE3-E30C-0000-00000000000E,307DEFEB-9888-F474-0000-000000000059,128FB883-C2F8-1156-0000-000000000004,1063,3,PLANT_HEIGHT_CM,Plant height,276.9,cm,2024-06-06 15:00:00.000,INSTRUMENT,ACCEPTED,SYNTH_USER_03,SYNTHETIC — hackathon mock data,2024-09-12 12:00:00.000,2026-09-26 12:00:00.000,392FA979-80F4-BCA9-0000-00000000009E,FIELD_OBS_MOCK,TRUE
2DF9E057-8ECD-BD65-0000-00000000009F,515759EC-ECE3-E30C-0000-00000000000F,307DEFEB-9888-F474-0000-000000000064,128FB883-C2F8-1156-0000-000000000005,1064,1,DISEASE_SCORE,Disease severity score,4.2,score,2024-07-12 14:00:00.000,INSTRUMENT,ACCEPTED,SYNTH_USER_04,SYNTHETIC — hackathon mock data,2024-06-21 15:00:00.000,2026-09-26 12:00:00.000,392FA979-80F4-BCA9-0000-00000000009F,FIELD_OBS_MOCK,TRUE
2DF9E057-8ECD-BD65-0000-0000000000A0,515759EC-ECE3-E30C-0000-000000000010,307DEFEB-9888-F474-0000-00000000006F,128FB883-C2F8-1156-0000-000000000001,1065,2,FLOWERING_DAYS,Days to flowering,52.0,days,2026-08-15 16:00:00.000,INSTRUMENT,REVIEW,SYNTH_USER_03,SYNTHETIC — hackathon mock data,2026-09-02 12:00:00.000,2026-09-26 12:00:00.000,392FA979-80F4-BCA9-0000-0000000000A0,FIELD_OBS_MOCK,TRUE
2DF9E057-8ECD-BD65-0000-0000000000A1,515759EC-ECE3-E30C-0000-000000000011,307DEFEB-9888-F474-0000-00000000007A,128FB883-C2F8-1156-0000-000000000001,1066,3,YIELD_T_HA,Grain yield,9.9,t/ha,2024-06-19 13:00:00.000,WEIGHING,ACCEPTED,SYNTH_USER_02,SYNTHETIC — hackathon mock data,2024-07-11 07:00:00.000,2026-09-26 12:00:00.000,392FA979-80F4-BCA9-0000-0000000000A1,FIELD_OBS_MOCK,TRUE
2DF9E057-8ECD-BD65-0000-0000000000A2,515759EC-ECE3-E30C-0000-000000000012,307DEFEB-9888-F474-0000-000000000085,128FB883-C2F8-1156-0000-000000000002,1067,1,MOISTURE_PCT,Grain moisture,27.0,%,2025-09-23 11:00:00.000,INSTRUMENT,ACCEPTED,SYNTH_USER_04,SYNTHETIC — hackathon mock data,2025-08-13 07:00:00.000,2026-09-26 12:00:00.000,392FA979-80F4-BCA9-0000-0000000000A2,FIELD_OBS_MOCK,TRUE
2DF9E057-8ECD-BD65-0000-0000000000A3,515759EC-ECE3-E30C-0000-000000000013,307DEFEB-9888-F474-0000-000000000090,128FB883-C2F8-1156-0000-000000000005,1068,2,PLANT_HEIGHT_CM,Plant height,282.0,cm,2026-05-24 09:00:00.000,FIELD_VISUAL,REVIEW,SYNTH_USER_01,SYNTHETIC — hackathon mock data,2026-08-17 08:00:00.000,2026-09-26 12:00:00.000,392FA979-80F4-BCA9-0000-0000000000A3,FIELD_OBS_MOCK,TRUE
2DF9E057-8ECD-BD65-0000-0000000000A4,515759EC-ECE3-E30C-0000-000000000014,307DEFEB-9888-F474-0000-000000000005,128FB883-C2F8-1156-0000-000000000005,1069,3,DISEASE_SCORE,Disease severity score,4.7,score,2026-08-02 14:00:00.000,INSTRUMENT,ACCEPTED,SYNTH_USER_04,SYNTHETIC — hackathon mock data,2026-08-19 11:00:00.000,2026-09-26 12:00:00.000,392FA979-80F4-BCA9-0000-0000000000A4,FIELD_OBS_MOCK,TRUE
2DF9E057-8ECD-BD65-0000-0000000000A5,515759EC-ECE3-E30C-0000-000000000015,307DEFEB-9888-F474-0000-000000000010,128FB883-C2F8-1156-0000-000000000001,1070,1,FLOWERING_DAYS,Days to flowering,67.0,days,2025-06-18 17:00:00.000,FIELD_VISUAL,REVIEW,SYNTH_USER_01,SYNTHETIC — hackathon mock data,2025-08-10 17:00:00.000,2026-09-26 12:00:00.000,392FA979-80F4-BCA9-0000-0000000000A5,FIELD_OBS_MOCK,TRUE
2DF9E057-8ECD-BD65-0000-0000000000A6,515759EC-ECE3-E30C-0000-000000000016,307DEFEB-9888-F474-0000-00000000001B,128FB883-C2F8-1156-0000-000000000005,1071,2,YIELD_T_HA,Grain yield,8.17,t/ha,2024-06-03 07:00:00.000,FIELD_VISUAL,ACCEPTED,SYNTH_USER_04,SYNTHETIC — hackathon mock data,2024-09-19 15:00:00.000,2026-09-26 12:00:00.000,392FA979-80F4-BCA9-0000-0000000000A6,FIELD_OBS_MOCK,TRUE
2DF9E057-8ECD-BD65-0000-0000000000A7,515759EC-ECE3-E30C-0000-000000000017,307DEFEB-9888-F474-0000-000000000026,128FB883-C2F8-1156-0000-000000000006,1072,3,MOISTURE_PCT,Grain moisture,12.9,%,2026-07-09 07:00:00.000,INSTRUMENT,ACCEPTED,SYNTH_USER_03,SYNTHETIC — hackathon mock data,2026-07-28 13:00:00.000,2026-09-26 12:00:00.000,392FA979-80F4-BCA9-0000-0000000000A7,FIELD_OBS_MOCK,TRUE
2DF9E057-8ECD-BD65-0000-0000000000A8,515759EC-ECE3-E30C-0000-000000000018,307DEFEB-9888-F474-0000-000000000031,128FB883-C2F8-1156-0000-000000000003,1073,1,PLANT_HEIGHT_CM,Plant height,293.8,cm,2026-07-18 08:00:00.000,INSTRUMENT,ACCEPTED,SYNTH_USER_02,SYNTHETIC — hackathon mock data,2026-09-21 15:00:00.000,2026-09-26 12:00:00.000,392FA979-80F4-BCA9-0000-0000000000A8,FIELD_OBS_MOCK,TRUE
2DF9E057-8ECD-BD65-0000-0000000000A9,515759EC-ECE3-E30C-0000-000000000019,307DEFEB-9888-F474-0000-00000000003C,128FB883-C2F8-1156-0000-000000000001,1074,2,DISEASE_SCORE,Disease severity score,3.4,score,2026-07-08 16:00:00.000,FIELD_VISUAL,REVIEW,SYNTH_USER_04,SYNTHETIC — hackathon mock data,2026-05-10 10:00:00.000,2026-09-26 12:00:00.000,392FA979-80F4-BCA9-0000-0000000000A9,FIELD_OBS_MOCK,TRUE
2DF9E057-8ECD-BD65-0000-0000000000AA,515759EC-ECE3-E30C-0000-00000000001A,307DEFEB-9888-F474-0000-000000000047,128FB883-C2F8-1156-0000-000000000006,1075,3,FLOWERING_DAYS,Days to flowering,86.0,days,2026-05-22 18:00:00.000,INSTRUMENT,ACCEPTED,SYNTH_USER_03,SYNTHETIC — hackathon mock data,2026-08-02 15:00:00.000,2026-09-26 12:00:00.000,392FA979-80F4-BCA9-0000-0000000000AA,FIELD_OBS_MOCK,TRUE
2DF9E057-8ECD-BD65-0000-0000000000AB,515759EC-ECE3-E30C-0000-00000000001B,307DEFEB-9888-F474-0000-000000000052,128FB883-C2F8-1156-0000-000000000003,1076,1,YIELD_T_HA,Grain yield,6.73,t/ha,2024-05-16 12:00:00.000,WEIGHING,REJECTED,SYNTH_USER_01,SYNTHETIC — hackathon mock data,2024-05-16 15:00:00.000,2026-09-26 12:00:00.000,392FA979-80F4-BCA9-0000-0000000000AB,FIELD_OBS_MOCK,TRUE
2DF9E057-8ECD-BD65-0000-0000000000AC,515759EC-ECE3-E30C-0000-00000000001C,307DEFEB-9888-F474-0000-00000000005D,128FB883-C2F8-1156-0000-000000000006,1077,2,MOISTURE_PCT,Grain moisture,12.4,%,2025-06-09 17:00:00.000,WEIGHING,ACCEPTED,SYNTH_USER_02,SYNTHETIC — hackathon mock data,2025-09-19 18:00:00.000,2026-09-26 12:00:00.000,392FA979-80F4-BCA9-0000-0000000000AC,FIELD_OBS_MOCK,TRUE
2DF9E057-8ECD-BD65-0000-0000000000AD,515759EC-ECE3-E30C-0000-00000000001D,307DEFEB-9888-F474-0000-000000000068,128FB883-C2F8-1156-0000-000000000002,1078,3,PLANT_HEIGHT_CM,Plant height,265.5,cm,2024-07-16 09:00:00.000,FIELD_VISUAL,REVIEW,SYNTH_USER_04,SYNTHETIC — hackathon mock data,2024-08-13 09:00:00.000,2026-09-26 12:00:00.000,392FA979-80F4-BCA9-0000-0000000000AD,FIELD_OBS_MOCK,TRUE
2DF9E057-8ECD-BD65-0000-0000000000AE,515759EC-ECE3-E30C-0000-00000000001E,307DEFEB-9888-F474-0000-000000000073,128FB883-C2F8-1156-0000-000000000004,1079,1,DISEASE_SCORE,Disease severity score,3.6,score,2026-05-17 14:00:00.000,INSTRUMENT,ACCEPTED,SYNTH_USER_02,SYNTHETIC — hackathon mock data,2026-07-25 09:00:00.000,2026-09-26 12:00:00.000,392FA979-80F4-BCA9-0000-0000000000AE,FIELD_OBS_MOCK,TRUE
2DF9E057-8ECD-BD65-0000-0000000000AF,515759EC-ECE3-E30C-0000-00000000001F,307DEFEB-9888-F474-0000-00000000007E,128FB883-C2F8-1156-0000-000000000005,1080,2,FLOWERING_DAYS,Days to flowering,50.0,days,2026-05-23 14:00:00.000,INSTRUMENT,ACCEPTED,SYNTH_USER_02,SYNTHETIC — hackathon mock data,2026-05-25 16:00:00.000,2026-09-26 12:00:00.000,392FA979-80F4-BCA9-0000-0000000000AF,FIELD_OBS_MOCK,TRUE
2DF9E057-8ECD-BD65-0000-0000000000B0,515759EC-ECE3-E30C-0000-000000000020,307DEFEB-9888-F474-0000-000000000089,128FB883-C2F8-1156-0000-000000000005,1081,3,YIELD_T_HA,Grain yield,10.16,t/ha,2025-07-06 13:00:00.000,FIELD_VISUAL,ACCEPTED,SYNTH_USER_02,SYNTHETIC — hackathon mock data,2025-07-06 09:00:00.000,2026-09-26 12:00:00.000,392FA979-80F4-BCA9-0000-0000000000B0,FIELD_OBS_MOCK,TRUE
2DF9E057-8ECD-BD65-0000-0000000000B1,515759EC-ECE3-E30C-0000-000000000021,307DEFEB-9888-F474-0000-000000000094,128FB883-C2F8-1156-0000-000000000003,1082,1,MOISTURE_PCT,Grain moisture,11.9,%,2025-09-21 12:00:00.000,FIELD_VISUAL,ACCEPTED,SYNTH_USER_03,SYNTHETIC — hackathon mock data,2025-08-14 17:00:00.000,2026-09-26 12:00:00.000,392FA979-80F4-BCA9-0000-0000000000B1,FIELD_OBS_MOCK,TRUE
2DF9E057-8ECD-BD65-0000-0000000000B2,515759EC-ECE3-E30C-0000-000000000022,307DEFEB-9888-F474-0000-000000000009,128FB883-C2F8-1156-0000-000000000002,1083,2,PLANT_HEIGHT_CM,Plant height,169.6,cm,2024-06-21 17:00:00.000,FIELD_VISUAL,ACCEPTED,SYNTH_USER_03,SYNTHETIC — hackathon mock data,2024-09-15 08:00:00.000,2026-09-26 12:00:00.000,392FA979-80F4-BCA9-0000-0000000000B2,FIELD_OBS_MOCK,TRUE
2DF9E057-8ECD-BD65-0000-0000000000B3,515759EC-ECE3-E30C-0000-000000000023,307DEFEB-9888-F474-0000-000000000014,128FB883-C2F8-1156-0000-000000000004,1084,3,DISEASE_SCORE,Disease severity score,2.0,score,2024-07-02 11:00:00.000,FIELD_VISUAL,ACCEPTED,SYNTH_USER_01,SYNTHETIC — hackathon mock data,2024-06-27 16:00:00.000,2026-09-26 12:00:00.000,392FA979-80F4-BCA9-0000-0000000000B3,FIELD_OBS_MOCK,TRUE
2DF9E057-8ECD-BD65-0000-0000000000B4,515759EC-ECE3-E30C-0000-000000000024,307DEFEB-9888-F474-0000-00000000001F,128FB883-C2F8-1156-0000-000000000003,1085,1,FLOWERING_DAYS,Days to flowering,81.0,days,2024-09-19 17:00:00.000,FIELD_VISUAL,ACCEPTED,SYNTH_USER_04,SYNTHETIC — hackathon mock data,2024-08-05 17:00:00.000,2026-09-26 12:00:00.000,392FA979-80F4-BCA9-0000-0000000000B4,FIELD_OBS_MOCK,TRUE
2DF9E057-8ECD-BD65-0000-0000000000B5,515759EC-ECE3-E30C-0000-000000000025,307DEFEB-9888-F474-0000-00000000002A,128FB883-C2F8-1156-0000-000000000005,1086,2,YIELD_T_HA,Grain yield,11.5,t/ha,2024-09-16 09:00:00.000,FIELD_VISUAL,ACCEPTED,SYNTH_USER_04,SYNTHETIC — hackathon mock data,2024-05-04 10:00:00.000,2026-09-26 12:00:00.000,392FA979-80F4-BCA9-0000-0000000000B5,FIELD_OBS_MOCK,TRUE
2DF9E057-8ECD-BD65-0000-0000000000B6,515759EC-ECE3-E30C-0000-000000000026,307DEFEB-9888-F474-0000-000000000035,128FB883-C2F8-1156-0000-000000000001,1087,3,MOISTURE_PCT,Grain moisture,12.9,%,2024-09-20 11:00:00.000,INSTRUMENT,ACCEPTED,SYNTH_USER_01,SYNTHETIC — hackathon mock data,2024-08-26 07:00:00.000,2026-09-26 12:00:00.000,392FA979-80F4-BCA9-0000-0000000000B6,FIELD_OBS_MOCK,TRUE
2DF9E057-8ECD-BD65-0000-0000000000B7,515759EC-ECE3-E30C-0000-000000000027,307DEFEB-9888-F474-0000-000000000040,128FB883-C2F8-1156-0000-000000000004,1088,1,PLANT_HEIGHT_CM,Plant height,171.5,cm,2026-07-05 11:00:00.000,FIELD_VISUAL,ACCEPTED,SYNTH_USER_02,SYNTHETIC — hackathon mock data,2026-09-05 12:00:00.000,2026-09-26 12:00:00.000,392FA979-80F4-BCA9-0000-0000000000B7,FIELD_OBS_MOCK,TRUE
2DF9E057-8ECD-BD65-0000-0000000000B8,515759EC-ECE3-E30C-0000-000000000028,307DEFEB-9888-F474-0000-00000000004B,128FB883-C2F8-1156-0000-000000000006,1089,2,DISEASE_SCORE,Disease severity score,1.0,score,2025-06-24 08:00:00.000,WEIGHING,ACCEPTED,SYNTH_USER_02,SYNTHETIC — hackathon mock data,2025-09-21 11:00:00.000,2026-09-26 12:00:00.000,392FA979-80F4-BCA9-0000-0000000000B8,FIELD_OBS_MOCK,TRUE
2DF9E057-8ECD-BD65-0000-0000000000B9,515759EC-ECE3-E30C-0000-000000000029,307DEFEB-9888-F474-0000-000000000056,128FB883-C2F8-1156-0000-000000000001,1090,3,FLOWERING_DAYS,Days to flowering,48.0,days,2025-06-04 11:00:00.000,WEIGHING,REVIEW,SYNTH_USER_02,SYNTHETIC — hackathon mock data,2025-07-09 15:00:00.000,2026-09-26 12:00:00.000,392FA979-80F4-BCA9-0000-0000000000B9,FIELD_OBS_MOCK,TRUE
2DF9E057-8ECD-BD65-0000-0000000000BA,515759EC-ECE3-E30C-0000-00000000002A,307DEFEB-9888-F474-0000-000000000061,128FB883-C2F8-1156-0000-000000000004,1091,1,YIELD_T_HA,Grain yield,14.13,t/ha,2026-09-16 12:00:00.000,INSTRUMENT,ACCEPTED,SYNTH_USER_03,SYNTHETIC — hackathon mock data,2026-06-02 13:00:00.000,2026-09-26 12:00:00.000,392FA979-80F4-BCA9-0000-0000000000BA,FIELD_OBS_MOCK,TRUE
2DF9E057-8ECD-BD65-0000-0000000000BB,515759EC-ECE3-E30C-0000-00000000002B,307DEFEB-9888-F474-0000-00000000006C,128FB883-C2F8-1156-0000-000000000002,1092,2,MOISTURE_PCT,Grain moisture,16.8,%,2024-05-15 10:00:00.000,WEIGHING,REVIEW,SYNTH_USER_02,SYNTHETIC — hackathon mock data,2024-08-26 07:00:00.000,2026-09-26 12:00:00.000,392FA979-80F4-BCA9-0000-0000000000BB,FIELD_OBS_MOCK,TRUE
2DF9E057-8ECD-BD65-0000-0000000000BC,515759EC-ECE3-E30C-0000-00000000002C,307DEFEB-9888-F474-0000-000000000077,128FB883-C2F8-1156-0000-000000000005,1093,3,PLANT_HEIGHT_CM,Plant height,284.3,cm,2026-07-05 15:00:00.000,WEIGHING,ACCEPTED,SYNTH_USER_04,SYNTHETIC — hackathon mock data,2026-05-21 15:00:00.000,2026-09-26 12:00:00.000,392FA979-80F4-BCA9-0000-0000000000BC,FIELD_OBS_MOCK,TRUE
2DF9E057-8ECD-BD65-0000-0000000000BD,515759EC-ECE3-E30C-0000-00000000002D,307DEFEB-9888-F474-0000-000000000082,128FB883-C2F8-1156-0000-000000000003,1094,1,DISEASE_SCORE,Disease severity score,4.7,score,2024-06-09 11:00:00.000,FIELD_VISUAL,ACCEPTED,SYNTH_USER_02,SYNTHETIC — hackathon mock data,2024-09-19 11:00:00.000,2026-09-26 12:00:00.000,392FA979-80F4-BCA9-0000-0000000000BD,FIELD_OBS_MOCK,TRUE
2DF9E057-8ECD-BD65-0000-0000000000BE,515759EC-ECE3-E30C-0000-00000000002E,307DEFEB-9888-F474-0000-00000000008D,128FB883-C2F8-1156-0000-000000000003,1095,2,FLOWERING_DAYS,Days to flowering,65.0,days,2025-07-08 17:00:00.000,FIELD_VISUAL,ACCEPTED,SYNTH_USER_01,SYNTHETIC — hackathon mock data,2025-06-11 16:00:00.000,2026-09-26 12:00:00.000,392FA979-80F4-BCA9-0000-0000000000BE,FIELD_OBS_MOCK,TRUE
2DF9E057-8ECD-BD65-0000-0000000000BF,515759EC-ECE3-E30C-0000-00000000002F,307DEFEB-9888-F474-0000-000000000002,128FB883-C2F8-1156-0000-000000000004,1096,3,YIELD_T_HA,Grain yield,10.61,t/ha,2026-08-10 12:00:00.000,FIELD_VISUAL,ACCEPTED,SYNTH_USER_01,SYNTHETIC — hackathon mock data,2026-09-02 13:00:00.000,2026-09-26 12:00:00.000,392FA979-80F4-BCA9-0000-0000000000BF,FIELD_OBS_MOCK,TRUE
2DF9E057-8ECD-BD65-0000-0000000000C0,515759EC-ECE3-E30C-0000-000000000030,307DEFEB-9888-F474-0000-00000000000D,128FB883-C2F8-1156-0000-000000000003,1001,1,MOISTURE_PCT,Grain moisture,22.4,%,2025-06-08 07:00:00.000,WEIGHING,ACCEPTED,SYNTH_USER_02,SYNTHETIC — hackathon mock data,2025-07-19 13:00:00.000,2026-09-26 12:00:00.000,392FA979-80F4-BCA9-0000-0000000000C0,FIELD_OBS_MOCK,TRUE
2DF9E057-8ECD-BD65-0000-0000000000C1,515759EC-ECE3-E30C-0000-000000000031,307DEFEB-9888-F474-0000-000000000018,128FB883-C2F8-1156-0000-000000000002,1002,2,PLANT_HEIGHT_CM,Plant height,190.6,cm,2024-05-17 18:00:00.000,WEIGHING,ACCEPTED,SYNTH_USER_04,SYNTHETIC — hackathon mock data,2024-08-14 13:00:00.000,2026-09-26 12:00:00.000,392FA979-80F4-BCA9-0000-0000000000C1,FIELD_OBS_MOCK,TRUE
2DF9E057-8ECD-BD65-0000-0000000000C2,515759EC-ECE3-E30C-0000-000000000032,307DEFEB-9888-F474-0000-000000000023,128FB883-C2F8-1156-0000-000000000003,1003,3,DISEASE_SCORE,Disease severity score,7.8,score,2024-09-21 18:00:00.000,WEIGHING,ACCEPTED,SYNTH_USER_03,SYNTHETIC — hackathon mock data,2024-08-13 08:00:00.000,2026-09-26 12:00:00.000,392FA979-80F4-BCA9-0000-0000000000C2,FIELD_OBS_MOCK,TRUE
2DF9E057-8ECD-BD65-0000-0000000000C3,515759EC-ECE3-E30C-0000-000000000033,307DEFEB-9888-F474-0000-00000000002E,128FB883-C2F8-1156-0000-000000000003,1004,1,FLOWERING_DAYS,Days to flowering,90.0,days,2026-08-07 11:00:00.000,WEIGHING,ACCEPTED,SYNTH_USER_04,SYNTHETIC — hackathon mock data,2026-09-10 07:00:00.000,2026-09-26 12:00:00.000,392FA979-80F4-BCA9-0000-0000000000C3,FIELD_OBS_MOCK,TRUE
2DF9E057-8ECD-BD65-0000-0000000000C4,515759EC-ECE3-E30C-0000-000000000034,307DEFEB-9888-F474-0000-000000000039,128FB883-C2F8-1156-0000-000000000004,1005,2,YIELD_T_HA,Grain yield,11.85,t/ha,2026-07-28 10:00:00.000,FIELD_VISUAL,ACCEPTED,SYNTH_USER_01,SYNTHETIC — hackathon mock data,2026-08-11 16:00:00.000,2026-09-26 12:00:00.000,392FA979-80F4-BCA9-0000-0000000000C4,FIELD_OBS_MOCK,TRUE
2DF9E057-8ECD-BD65-0000-0000000000C5,515759EC-ECE3-E30C-0000-000000000035,307DEFEB-9888-F474-0000-000000000044,128FB883-C2F8-1156-0000-000000000002,1006,3,MOISTURE_PCT,Grain moisture,22.6,%,2024-07-13 07:00:00.000,FIELD_VISUAL,ACCEPTED,SYNTH_USER_02,SYNTHETIC — hackathon mock data,2024-05-12 15:00:00.000,2026-09-26 12:00:00.000,392FA979-80F4-BCA9-0000-0000000000C5,FIELD_OBS_MOCK,TRUE
2DF9E057-8ECD-BD65-0000-0000000000C6,515759EC-ECE3-E30C-0000-000000000036,307DEFEB-9888-F474-0000-00000000004F,128FB883-C2F8-1156-0000-000000000004,1007,1,PLANT_HEIGHT_CM,Plant height,208.8,cm,2024-06-06 14:00:00.000,WEIGHING,ACCEPTED,SYNTH_USER_02,SYNTHETIC — hackathon mock data,2024-09-13 07:00:00.000,2026-09-26 12:00:00.000,392FA979-80F4-BCA9-0000-0000000000C6,FIELD_OBS_MOCK,TRUE
2DF9E057-8ECD-BD65-0000-0000000000C7,515759EC-ECE3-E30C-0000-000000000037,307DEFEB-9888-F474-0000-00000000005A,128FB883-C2F8-1156-0000-000000000005,1008,2,DISEASE_SCORE,Disease severity score,5.9,score,2025-07-20 15:00:00.000,INSTRUMENT,ACCEPTED,SYNTH_USER_02,SYNTHETIC — hackathon mock data,2025-06-23 13:00:00.000,2026-09-26 12:00:00.000,392FA979-80F4-BCA9-0000-0000000000C7,FIELD_OBS_MOCK,TRUE
2DF9E057-8ECD-BD65-0000-0000000000C8,515759EC-ECE3-E30C-0000-000000000038,307DEFEB-9888-F474-0000-000000000065,128FB883-C2F8-1156-0000-000000000005,1009,3,FLOWERING_DAYS,Days to flowering,90.0,days,2026-05-27 07:00:00.000,INSTRUMENT,ACCEPTED,SYNTH_USER_03,SYNTHETIC — hackathon mock data,2026-09-05 12:00:00.000,2026-09-26 12:00:00.000,392FA979-80F4-BCA9-0000-0000000000C8,FIELD_OBS_MOCK,TRUE
2DF9E057-8ECD-BD65-0000-0000000000C9,515759EC-ECE3-E30C-0000-000000000039,307DEFEB-9888-F474-0000-000000000070,128FB883-C2F8-1156-0000-000000000002,1010,1,YIELD_T_HA,Grain yield,6.16,t/ha,2026-08-07 11:00:00.000,WEIGHING,ACCEPTED,SYNTH_USER_01,SYNTHETIC — hackathon mock data,2026-05-10 15:00:00.000,2026-09-26 12:00:00.000,392FA979-80F4-BCA9-0000-0000000000C9,FIELD_OBS_MOCK,TRUE
2DF9E057-8ECD-BD65-0000-0000000000CA,515759EC-ECE3-E30C-0000-00000000003A,307DEFEB-9888-F474-0000-00000000007B,128FB883-C2F8-1156-0000-000000000006,1011,2,MOISTURE_PCT,Grain moisture,16.6,%,2024-09-17 15:00:00.000,INSTRUMENT,ACCEPTED,SYNTH_USER_02,SYNTHETIC — hackathon mock data,2024-09-18 10:00:00.000,2026-09-26 12:00:00.000,392FA979-80F4-BCA9-0000-0000000000CA,FIELD_OBS_MOCK,TRUE
2DF9E057-8ECD-BD65-0000-0000000000CB,515759EC-ECE3-E30C-0000-00000000003B,307DEFEB-9888-F474-0000-000000000086,128FB883-C2F8-1156-0000-000000000006,1012,3,PLANT_HEIGHT_CM,Plant height,160.8,cm,2024-09-12 13:00:00.000,INSTRUMENT,ACCEPTED,SYNTH_USER_01,SYNTHETIC — hackathon mock data,2024-08-27 09:00:00.000,2026-09-26 12:00:00.000,392FA979-80F4-BCA9-0000-0000000000CB,FIELD_OBS_MOCK,TRUE
2DF9E057-8ECD-BD65-0000-0000000000CC,515759EC-ECE3-E30C-0000-00000000003C,307DEFEB-9888-F474-0000-000000000091,128FB883-C2F8-1156-0000-000000000001,1013,1,DISEASE_SCORE,Disease severity score,1.5,score,2025-06-05 14:00:00.000,WEIGHING,ACCEPTED,SYNTH_USER_02,SYNTHETIC — hackathon mock data,2025-05-08 11:00:00.000,2026-09-26 12:00:00.000,392FA979-80F4-BCA9-0000-0000000000CC,FIELD_OBS_MOCK,TRUE
2DF9E057-8ECD-BD65-0000-0000000000CD,515759EC-ECE3-E30C-0000-00000000003D,307DEFEB-9888-F474-0000-000000000006,128FB883-C2F8-1156-0000-000000000002,1014,2,FLOWERING_DAYS,Days to flowering,51.0,days,2024-06-19 17:00:00.000,FIELD_VISUAL,ACCEPTED,SYNTH_USER_04,SYNTHETIC — hackathon mock data,2024-05-04 10:00:00.000,2026-09-26 12:00:00.000,392FA979-80F4-BCA9-0000-0000000000CD,FIELD_OBS_MOCK,TRUE
2DF9E057-8ECD-BD65-0000-0000000000CE,515759EC-ECE3-E30C-0000-00000000003E,307DEFEB-9888-F474-0000-000000000011,128FB883-C2F8-1156-0000-000000000005,1015,3,YIELD_T_HA,Grain yield,5.7,t/ha,2025-07-09 11:00:00.000,INSTRUMENT,ACCEPTED,SYNTH_USER_04,SYNTHETIC — hackathon mock data,2025-07-27 16:00:00.000,2026-09-26 12:00:00.000,392FA979-80F4-BCA9-0000-0000000000CE,FIELD_OBS_MOCK,TRUE
2DF9E057-8ECD-BD65-0000-0000000000CF,515759EC-ECE3-E30C-0000-00000000003F,307DEFEB-9888-F474-0000-00000000001C,128FB883-C2F8-1156-0000-000000000005,1016,1,MOISTURE_PCT,Grain moisture,25.6,%,2024-06-15 08:00:00.000,WEIGHING,ACCEPTED,SYNTH_USER_02,SYNTHETIC — hackathon mock data,2024-09-20 12:00:00.000,2026-09-26 12:00:00.000,392FA979-80F4-BCA9-0000-0000000000CF,FIELD_OBS_MOCK,TRUE
2DF9E057-8ECD-BD65-0000-0000000000D0,515759EC-ECE3-E30C-0000-000000000040,307DEFEB-9888-F474-0000-000000000027,128FB883-C2F8-1156-0000-000000000001,1017,2,PLANT_HEIGHT_CM,Plant height,174.0,cm,2024-08-18 11:00:00.000,WEIGHING,ACCEPTED,SYNTH_USER_02,SYNTHETIC — hackathon mock data,2024-07-17 08:00:00.000,2026-09-26 12:00:00.000,392FA979-80F4-BCA9-0000-0000000000D0,FIELD_OBS_MOCK,TRUE
2DF9E057-8ECD-BD65-0000-0000000000D1,515759EC-ECE3-E30C-0000-000000000041,307DEFEB-9888-F474-0000-000000000032,128FB883-C2F8-1156-0000-000000000005,1018,3,DISEASE_SCORE,Disease severity score,7.6,score,2026-07-17 07:00:00.000,INSTRUMENT,ACCEPTED,SYNTH_USER_04,SYNTHETIC — hackathon mock data,2026-09-09 13:00:00.000,2026-09-26 12:00:00.000,392FA979-80F4-BCA9-0000-0000000000D1,FIELD_OBS_MOCK,TRUE
2DF9E057-8ECD-BD65-0000-0000000000D2,515759EC-ECE3-E30C-0000-000000000042,307DEFEB-9888-F474-0000-00000000003D,128FB883-C2F8-1156-0000-000000000005,1019,1,FLOWERING_DAYS,Days to flowering,92.0,days,2024-09-10 10:00:00.000,WEIGHING,ACCEPTED,SYNTH_USER_02,SYNTHETIC — hackathon mock data,2024-09-15 11:00:00.000,2026-09-26 12:00:00.000,392FA979-80F4-BCA9-0000-0000000000D2,FIELD_OBS_MOCK,TRUE
2DF9E057-8ECD-BD65-0000-0000000000D3,515759EC-ECE3-E30C-0000-000000000043,307DEFEB-9888-F474-0000-000000000048,128FB883-C2F8-1156-0000-000000000001,1020,2,YIELD_T_HA,Grain yield,10.71,t/ha,2025-08-08 12:00:00.000,INSTRUMENT,ACCEPTED,SYNTH_USER_03,SYNTHETIC — hackathon mock data,2025-08-25 10:00:00.000,2026-09-26 12:00:00.000,392FA979-80F4-BCA9-0000-0000000000D3,FIELD_OBS_MOCK,TRUE
2DF9E057-8ECD-BD65-0000-0000000000D4,515759EC-ECE3-E30C-0000-000000000044,307DEFEB-9888-F474-0000-000000000053,128FB883-C2F8-1156-0000-000000000001,1021,3,MOISTURE_PCT,Grain moisture,24.1,%,2025-05-25 10:00:00.000,WEIGHING,ACCEPTED,SYNTH_USER_03,SYNTHETIC — hackathon mock data,2025-06-07 16:00:00.000,2026-09-26 12:00:00.000,392FA979-80F4-BCA9-0000-0000000000D4,FIELD_OBS_MOCK,TRUE
2DF9E057-8ECD-BD65-0000-0000000000D5,515759EC-ECE3-E30C-0000-000000000045,307DEFEB-9888-F474-0000-00000000005E,128FB883-C2F8-1156-0000-000000000006,1022,1,PLANT_HEIGHT_CM,Plant height,247.3,cm,2026-07-25 08:00:00.000,FIELD_VISUAL,ACCEPTED,SYNTH_USER_02,SYNTHETIC — hackathon mock data,2026-09-01 14:00:00.000,2026-09-26 12:00:00.000,392FA979-80F4-BCA9-0000-0000000000D5,FIELD_OBS_MOCK,TRUE
2DF9E057-8ECD-BD65-0000-0000000000D6,515759EC-ECE3-E30C-0000-000000000046,307DEFEB-9888-F474-0000-000000000069,128FB883-C2F8-1156-0000-000000000005,1023,2,DISEASE_SCORE,Disease severity score,8.0,score,2024-08-27 13:00:00.000,INSTRUMENT,ACCEPTED,SYNTH_USER_02,SYNTHETIC — hackathon mock data,2024-05-04 14:00:00.000,2026-09-26 12:00:00.000,392FA979-80F4-BCA9-0000-0000000000D6,FIELD_OBS_MOCK,TRUE
2DF9E057-8ECD-BD65-0000-0000000000D7,515759EC-ECE3-E30C-0000-000000000047,307DEFEB-9888-F474-0000-000000000074,128FB883-C2F8-1156-0000-000000000003,1024,3,FLOWERING_DAYS,Days to flowering,67.0,days,2024-05-22 09:00:00.000,FIELD_VISUAL,ACCEPTED,SYNTH_USER_02,SYNTHETIC — hackathon mock data,2024-07-06 10:00:00.000,2026-09-26 12:00:00.000,392FA979-80F4-BCA9-0000-0000000000D7,FIELD_OBS_MOCK,TRUE
2DF9E057-8ECD-BD65-0000-0000000000D8,515759EC-ECE3-E30C-0000-000000000048,307DEFEB-9888-F474-0000-00000000007F,128FB883-C2F8-1156-0000-000000000004,1025,1,YIELD_T_HA,Grain yield,7.42,t/ha,2025-05-19 08:00:00.000,FIELD_VISUAL,ACCEPTED,SYNTH_USER_02,SYNTHETIC — hackathon mock data,2025-05-18 14:00:00.000,2026-09-26 12:00:00.000,392FA979-80F4-BCA9-0000-0000000000D8,FIELD_OBS_MOCK,TRUE
2DF9E057-8ECD-BD65-0000-0000000000D9,515759EC-ECE3-E30C-0000-000000000001,307DEFEB-9888-F474-0000-00000000008A,128FB883-C2F8-1156-0000-000000000006,1026,2,MOISTURE_PCT,Grain moisture,25.8,%,2025-07-22 14:00:00.000,INSTRUMENT,ACCEPTED,SYNTH_USER_03,SYNTHETIC — hackathon mock data,2025-05-19 11:00:00.000,2026-09-26 12:00:00.000,392FA979-80F4-BCA9-0000-0000000000D9,FIELD_OBS_MOCK,TRUE
2DF9E057-8ECD-BD65-0000-0000000000DA,515759EC-ECE3-E30C-0000-000000000002,307DEFEB-9888-F474-0000-000000000095,128FB883-C2F8-1156-0000-000000000004,1027,3,PLANT_HEIGHT_CM,Plant height,229.4,cm,2026-08-01 12:00:00.000,INSTRUMENT,ACCEPTED,SYNTH_USER_02,SYNTHETIC — hackathon mock data,2026-07-25 15:00:00.000,2026-09-26 12:00:00.000,392FA979-80F4-BCA9-0000-0000000000DA,FIELD_OBS_MOCK,TRUE
2DF9E057-8ECD-BD65-0000-0000000000DB,515759EC-ECE3-E30C-0000-000000000003,307DEFEB-9888-F474-0000-00000000000A,128FB883-C2F8-1156-0000-000000000004,1028,1,DISEASE_SCORE,Disease severity score,5.0,score,2024-06-02 09:00:00.000,INSTRUMENT,ACCEPTED,SYNTH_USER_02,SYNTHETIC — hackathon mock data,2024-07-23 11:00:00.000,2026-09-26 12:00:00.000,392FA979-80F4-BCA9-0000-0000000000DB,FIELD_OBS_MOCK,TRUE
2DF9E057-8ECD-BD65-0000-0000000000DC,515759EC-ECE3-E30C-0000-000000000004,307DEFEB-9888-F474-0000-000000000015,128FB883-C2F8-1156-0000-000000000005,1029,2,FLOWERING_DAYS,Days to flowering,50.0,days,2024-09-28 09:00:00.000,FIELD_VISUAL,ACCEPTED,SYNTH_USER_03,SYNTHETIC — hackathon mock data,2024-08-17 08:00:00.000,2026-09-26 12:00:00.000,392FA979-80F4-BCA9-0000-0000000000DC,FIELD_OBS_MOCK,TRUE
2DF9E057-8ECD-BD65-0000-0000000000DD,515759EC-ECE3-E30C-0000-000000000005,307DEFEB-9888-F474-0000-000000000020,128FB883-C2F8-1156-0000-000000000003,1030,3,YIELD_T_HA,Grain yield,5.97,t/ha,2025-05-14 18:00:00.000,WEIGHING,ACCEPTED,SYNTH_USER_01,SYNTHETIC — hackathon mock data,2025-05-19 17:00:00.000,2026-09-26 12:00:00.000,392FA979-80F4-BCA9-0000-0000000000DD,FIELD_OBS_MOCK,TRUE
2DF9E057-8ECD-BD65-0000-0000000000DE,515759EC-ECE3-E30C-0000-000000000006,307DEFEB-9888-F474-0000-00000000002B,128FB883-C2F8-1156-0000-000000000005,1031,1,MOISTURE_PCT,Grain moisture,18.3,%,2024-06-07 18:00:00.000,INSTRUMENT,ACCEPTED,SYNTH_USER_02,SYNTHETIC — hackathon mock data,2024-09-15 16:00:00.000,2026-09-26 12:00:00.000,392FA979-80F4-BCA9-0000-0000000000DE,FIELD_OBS_MOCK,TRUE
2DF9E057-8ECD-BD65-0000-0000000000DF,515759EC-ECE3-E30C-0000-000000000007,307DEFEB-9888-F474-0000-000000000036,128FB883-C2F8-1156-0000-000000000002,1032,2,PLANT_HEIGHT_CM,Plant height,204.3,cm,2025-07-03 14:00:00.000,INSTRUMENT,ACCEPTED,SYNTH_USER_04,SYNTHETIC — hackathon mock data,2025-09-16 08:00:00.000,2026-09-26 12:00:00.000,392FA979-80F4-BCA9-0000-0000000000DF,FIELD_OBS_MOCK,TRUE
2DF9E057-8ECD-BD65-0000-0000000000E0,515759EC-ECE3-E30C-0000-000000000008,307DEFEB-9888-F474-0000-000000000041,128FB883-C2F8-1156-0000-000000000001,1033,3,DISEASE_SCORE,Disease severity score,2.6,score,2025-07-16 14:00:00.000,FIELD_VISUAL,ACCEPTED,SYNTH_USER_02,SYNTHETIC — hackathon mock data,2025-09-06 07:00:00.000,2026-09-26 12:00:00.000,392FA979-80F4-BCA9-0000-0000000000E0,FIELD_OBS_MOCK,TRUE
2DF9E057-8ECD-BD65-0000-0000000000E1,515759EC-ECE3-E30C-0000-000000000009,307DEFEB-9888-F474-0000-00000000004C,128FB883-C2F8-1156-0000-000000000004,1034,1,FLOWERING_DAYS,Days to flowering,76.0,days,2026-08-15 18:00:00.000,INSTRUMENT,ACCEPTED,SYNTH_USER_04,SYNTHETIC — hackathon mock data,2026-06-15 14:00:00.000,2026-09-26 12:00:00.000,392FA979-80F4-BCA9-0000-0000000000E1,FIELD_OBS_MOCK,TRUE
2DF9E057-8ECD-BD65-0000-0000000000E2,515759EC-ECE3-E30C-0000-00000000000A,307DEFEB-9888-F474-0000-000000000057,128FB883-C2F8-1156-0000-000000000006,1035,2,YIELD_T_HA,Grain yield,9.52,t/ha,2026-08-24 12:00:00.000,FIELD_VISUAL,ACCEPTED,SYNTH_USER_02,SYNTHETIC — hackathon mock data,2026-09-08 18:00:00.000,2026-09-26 12:00:00.000,392FA979-80F4-BCA9-0000-0000000000E2,FIELD_OBS_MOCK,TRUE
2DF9E057-8ECD-BD65-0000-0000000000E3,515759EC-ECE3-E30C-0000-00000000000B,307DEFEB-9888-F474-0000-000000000062,128FB883-C2F8-1156-0000-000000000005,1036,3,MOISTURE_PCT,Grain moisture,11.1,%,2025-09-19 11:00:00.000,INSTRUMENT,REVIEW,SYNTH_USER_01,SYNTHETIC — hackathon mock data,2025-05-11 09:00:00.000,2026-09-26 12:00:00.000,392FA979-80F4-BCA9-0000-0000000000E3,FIELD_OBS_MOCK,TRUE
2DF9E057-8ECD-BD65-0000-0000000000E4,515759EC-ECE3-E30C-0000-00000000000C,307DEFEB-9888-F474-0000-00000000006D,128FB883-C2F8-1156-0000-000000000002,1037,1,PLANT_HEIGHT_CM,Plant height,289.7,cm,2024-08-11 14:00:00.000,FIELD_VISUAL,ACCEPTED,SYNTH_USER_03,SYNTHETIC — hackathon mock data,2024-05-27 18:00:00.000,2026-09-26 12:00:00.000,392FA979-80F4-BCA9-0000-0000000000E4,FIELD_OBS_MOCK,TRUE
2DF9E057-8ECD-BD65-0000-0000000000E5,515759EC-ECE3-E30C-0000-00000000000D,307DEFEB-9888-F474-0000-000000000078,128FB883-C2F8-1156-0000-000000000004,1038,2,DISEASE_SCORE,Disease severity score,3.2,score,2026-09-22 15:00:00.000,INSTRUMENT,ACCEPTED,SYNTH_USER_03,SYNTHETIC — hackathon mock data,2026-06-10 14:00:00.000,2026-09-26 12:00:00.000,392FA979-80F4-BCA9-0000-0000000000E5,FIELD_OBS_MOCK,TRUE
2DF9E057-8ECD-BD65-0000-0000000000E6,515759EC-ECE3-E30C-0000-00000000000E,307DEFEB-9888-F474-0000-000000000083,128FB883-C2F8-1156-0000-000000000004,1039,3,FLOWERING_DAYS,Days to flowering,56.0,days,2024-06-25 08:00:00.000,FIELD_VISUAL,ACCEPTED,SYNTH_USER_03,SYNTHETIC — hackathon mock data,2024-08-23 09:00:00.000,2026-09-26 12:00:00.000,392FA979-80F4-BCA9-0000-0000000000E6,FIELD_OBS_MOCK,TRUE
2DF9E057-8ECD-BD65-0000-0000000000E7,515759EC-ECE3-E30C-0000-00000000000F,307DEFEB-9888-F474-0000-00000000008E,128FB883-C2F8-1156-0000-000000000005,1040,1,YIELD_T_HA,Grain yield,10.94,t/ha,2024-06-12 16:00:00.000,INSTRUMENT,REVIEW,SYNTH_USER_01,SYNTHETIC — hackathon mock data,2024-05-04 08:00:00.000,2026-09-26 12:00:00.000,392FA979-80F4-BCA9-0000-0000000000E7,FIELD_OBS_MOCK,TRUE
2DF9E057-8ECD-BD65-0000-0000000000E8,515759EC-ECE3-E30C-0000-000000000010,307DEFEB-9888-F474-0000-000000000003,128FB883-C2F8-1156-0000-000000000001,1041,2,MOISTURE_PCT,Grain moisture,23.7,%,2026-07-26 11:00:00.000,FIELD_VISUAL,ACCEPTED,SYNTH_USER_02,SYNTHETIC — hackathon mock data,2026-08-26 10:00:00.000,2026-09-26 12:00:00.000,392FA979-80F4-BCA9-0000-0000000000E8,FIELD_OBS_MOCK,TRUE
2DF9E057-8ECD-BD65-0000-0000000000E9,515759EC-ECE3-E30C-0000-000000000011,307DEFEB-9888-F474-0000-00000000000E,128FB883-C2F8-1156-0000-000000000001,1042,3,PLANT_HEIGHT_CM,Plant height,293.7,cm,2024-05-08 12:00:00.000,WEIGHING,REJECTED,SYNTH_USER_01,SYNTHETIC — hackathon mock data,2024-05-05 13:00:00.000,2026-09-26 12:00:00.000,392FA979-80F4-BCA9-0000-0000000000E9,FIELD_OBS_MOCK,TRUE
2DF9E057-8ECD-BD65-0000-0000000000EA,515759EC-ECE3-E30C-0000-000000000012,307DEFEB-9888-F474-0000-000000000019,128FB883-C2F8-1156-0000-000000000002,1043,1,DISEASE_SCORE,Disease severity score,5.3,score,2025-09-15 11:00:00.000,WEIGHING,ACCEPTED,SYNTH_USER_04,SYNTHETIC — hackathon mock data,2025-06-22 15:00:00.000,2026-09-26 12:00:00.000,392FA979-80F4-BCA9-0000-0000000000EA,FIELD_OBS_MOCK,TRUE
2DF9E057-8ECD-BD65-0000-0000000000EB,515759EC-ECE3-E30C-0000-000000000013,307DEFEB-9888-F474-0000-000000000024,128FB883-C2F8-1156-0000-000000000005,1044,2,FLOWERING_DAYS,Days to flowering,56.0,days,2026-07-21 12:00:00.000,INSTRUMENT,ACCEPTED,SYNTH_USER_01,SYNTHETIC — hackathon mock data,2026-08-11 18:00:00.000,2026-09-26 12:00:00.000,392FA979-80F4-BCA9-0000-0000000000EB,FIELD_OBS_MOCK,TRUE
2DF9E057-8ECD-BD65-0000-0000000000EC,515759EC-ECE3-E30C-0000-000000000014,307DEFEB-9888-F474-0000-00000000002F,128FB883-C2F8-1156-0000-000000000005,1045,3,YIELD_T_HA,Grain yield,6.31,t/ha,2026-05-25 15:00:00.000,FIELD_VISUAL,ACCEPTED,SYNTH_USER_04,SYNTHETIC — hackathon mock data,2026-07-15 09:00:00.000,2026-09-26 12:00:00.000,392FA979-80F4-BCA9-0000-0000000000EC,FIELD_OBS_MOCK,TRUE
2DF9E057-8ECD-BD65-0000-0000000000ED,515759EC-ECE3-E30C-0000-000000000015,307DEFEB-9888-F474-0000-00000000003A,128FB883-C2F8-1156-0000-000000000001,1046,1,MOISTURE_PCT,Grain moisture,18.0,%,2025-08-04 13:00:00.000,INSTRUMENT,REVIEW,SYNTH_USER_02,SYNTHETIC — hackathon mock data,2025-09-28 08:00:00.000,2026-09-26 12:00:00.000,392FA979-80F4-BCA9-0000-0000000000ED,FIELD_OBS_MOCK,TRUE
2DF9E057-8ECD-BD65-0000-0000000000EE,515759EC-ECE3-E30C-0000-000000000016,307DEFEB-9888-F474-0000-000000000045,128FB883-C2F8-1156-0000-000000000005,1047,2,PLANT_HEIGHT_CM,Plant height,274.5,cm,2024-07-04 11:00:00.000,WEIGHING,ACCEPTED,SYNTH_USER_02,SYNTHETIC — hackathon mock data,2024-07-05 14:00:00.000,2026-09-26 12:00:00.000,392FA979-80F4-BCA9-0000-0000000000EE,FIELD_OBS_MOCK,TRUE
2DF9E057-8ECD-BD65-0000-0000000000EF,515759EC-ECE3-E30C-0000-000000000017,307DEFEB-9888-F474-0000-000000000050,128FB883-C2F8-1156-0000-000000000006,1048,3,DISEASE_SCORE,Disease severity score,6.4,score,2026-06-04 08:00:00.000,WEIGHING,ACCEPTED,SYNTH_USER_01,SYNTHETIC — hackathon mock data,2026-05-25 09:00:00.000,2026-09-26 12:00:00.000,392FA979-80F4-BCA9-0000-0000000000EF,FIELD_OBS_MOCK,TRUE
2DF9E057-8ECD-BD65-0000-0000000000F0,515759EC-ECE3-E30C-0000-000000000018,307DEFEB-9888-F474-0000-00000000005B,128FB883-C2F8-1156-0000-000000000003,1049,1,FLOWERING_DAYS,Days to flowering,84.0,days,2026-05-25 07:00:00.000,WEIGHING,ACCEPTED,SYNTH_USER_02,SYNTHETIC — hackathon mock data,2026-07-15 08:00:00.000,2026-09-26 12:00:00.000,392FA979-80F4-BCA9-0000-0000000000F0,FIELD_OBS_MOCK,TRUE
2DF9E057-8ECD-BD65-0000-0000000000F1,515759EC-ECE3-E30C-0000-000000000019,307DEFEB-9888-F474-0000-000000000066,128FB883-C2F8-1156-0000-000000000001,1050,2,YIELD_T_HA,Grain yield,5.22,t/ha,2026-09-03 10:00:00.000,FIELD_VISUAL,ACCEPTED,SYNTH_USER_01,SYNTHETIC — hackathon mock data,2026-07-22 14:00:00.000,2026-09-26 12:00:00.000,392FA979-80F4-BCA9-0000-0000000000F1,FIELD_OBS_MOCK,TRUE
2DF9E057-8ECD-BD65-0000-0000000000F2,515759EC-ECE3-E30C-0000-00000000001A,307DEFEB-9888-F474-0000-000000000071,128FB883-C2F8-1156-0000-000000000006,1051,3,MOISTURE_PCT,Grain moisture,22.1,%,2026-05-09 11:00:00.000,WEIGHING,ACCEPTED,SYNTH_USER_03,SYNTHETIC — hackathon mock data,2026-05-24 09:00:00.000,2026-09-26 12:00:00.000,392FA979-80F4-BCA9-0000-0000000000F2,FIELD_OBS_MOCK,TRUE
2DF9E057-8ECD-BD65-0000-0000000000F3,515759EC-ECE3-E30C-0000-00000000001B,307DEFEB-9888-F474-0000-00000000007C,128FB883-C2F8-1156-0000-000000000003,1052,1,PLANT_HEIGHT_CM,Plant height,281.9,cm,2024-08-13 14:00:00.000,INSTRUMENT,ACCEPTED,SYNTH_USER_03,SYNTHETIC — hackathon mock data,2024-08-24 12:00:00.000,2026-09-26 12:00:00.000,392FA979-80F4-BCA9-0000-0000000000F3,FIELD_OBS_MOCK,TRUE
2DF9E057-8ECD-BD65-0000-0000000000F4,515759EC-ECE3-E30C-0000-00000000001C,307DEFEB-9888-F474-0000-000000000087,128FB883-C2F8-1156-0000-000000000006,1053,2,DISEASE_SCORE,Disease severity score,6.9,score,2025-08-08 08:00:00.000,FIELD_VISUAL,ACCEPTED,SYNTH_USER_03,SYNTHETIC — hackathon mock data,2025-05-06 09:00:00.000,2026-09-26 12:00:00.000,392FA979-80F4-BCA9-0000-0000000000F4,FIELD_OBS_MOCK,TRUE
2DF9E057-8ECD-BD65-0000-0000000000F5,515759EC-ECE3-E30C-0000-00000000001D,307DEFEB-9888-F474-0000-000000000092,128FB883-C2F8-1156-0000-000000000002,1054,3,FLOWERING_DAYS,Days to flowering,92.0,days,2024-05-01 08:00:00.000,INSTRUMENT,ACCEPTED,SYNTH_USER_04,SYNTHETIC — hackathon mock data,2024-05-15 08:00:00.000,2026-09-26 12:00:00.000,392FA979-80F4-BCA9-0000-0000000000F5,FIELD_OBS_MOCK,TRUE
2DF9E057-8ECD-BD65-0000-0000000000F6,515759EC-ECE3-E30C-0000-00000000001E,307DEFEB-9888-F474-0000-000000000007,128FB883-C2F8-1156-0000-000000000004,1055,1,YIELD_T_HA,Grain yield,12.23,t/ha,2026-07-07 17:00:00.000,INSTRUMENT,ACCEPTED,SYNTH_USER_04,SYNTHETIC — hackathon mock data,2026-09-22 10:00:00.000,2026-09-26 12:00:00.000,392FA979-80F4-BCA9-0000-0000000000F6,FIELD_OBS_MOCK,TRUE
2DF9E057-8ECD-BD65-0000-0000000000F7,515759EC-ECE3-E30C-0000-00000000001F,307DEFEB-9888-F474-0000-000000000012,128FB883-C2F8-1156-0000-000000000005,1056,2,MOISTURE_PCT,Grain moisture,28.6,%,2026-09-01 08:00:00.000,INSTRUMENT,ACCEPTED,SYNTH_USER_04,SYNTHETIC — hackathon mock data,2026-08-03 08:00:00.000,2026-09-26 12:00:00.000,392FA979-80F4-BCA9-0000-0000000000F7,FIELD_OBS_MOCK,TRUE
2DF9E057-8ECD-BD65-0000-0000000000F8,515759EC-ECE3-E30C-0000-000000000020,307DEFEB-9888-F474-0000-00000000001D,128FB883-C2F8-1156-0000-000000000005,1057,3,PLANT_HEIGHT_CM,Plant height,239.8,cm,2025-06-03 17:00:00.000,WEIGHING,ACCEPTED,SYNTH_USER_03,SYNTHETIC — hackathon mock data,2025-06-18 07:00:00.000,2026-09-26 12:00:00.000,392FA979-80F4-BCA9-0000-0000000000F8,FIELD_OBS_MOCK,TRUE
2DF9E057-8ECD-BD65-0000-0000000000F9,515759EC-ECE3-E30C-0000-000000000021,307DEFEB-9888-F474-0000-000000000028,128FB883-C2F8-1156-0000-000000000003,1058,1,DISEASE_SCORE,Disease severity score,7.9,score,2025-09-13 08:00:00.000,INSTRUMENT,ACCEPTED,SYNTH_USER_01,SYNTHETIC — hackathon mock data,2025-07-12 14:00:00.000,2026-09-26 12:00:00.000,392FA979-80F4-BCA9-0000-0000000000F9,FIELD_OBS_MOCK,TRUE
2DF9E057-8ECD-BD65-0000-0000000000FA,515759EC-ECE3-E30C-0000-000000000022,307DEFEB-9888-F474-0000-000000000033,128FB883-C2F8-1156-0000-000000000002,1059,2,FLOWERING_DAYS,Days to flowering,85.0,days,2024-09-02 08:00:00.000,WEIGHING,REVIEW,SYNTH_USER_04,SYNTHETIC — hackathon mock data,2024-07-15 12:00:00.000,2026-09-26 12:00:00.000,392FA979-80F4-BCA9-0000-0000000000FA,FIELD_OBS_MOCK,TRUE
2DF9E057-8ECD-BD65-0000-0000000000FB,515759EC-ECE3-E30C-0000-000000000023,307DEFEB-9888-F474-0000-00000000003E,128FB883-C2F8-1156-0000-000000000004,1060,3,YIELD_T_HA,Grain yield,11.5,t/ha,2024-08-06 11:00:00.000,FIELD_VISUAL,ACCEPTED,SYNTH_USER_03,SYNTHETIC — hackathon mock data,2024-06-03 07:00:00.000,2026-09-26 12:00:00.000,392FA979-80F4-BCA9-0000-0000000000FB,FIELD_OBS_MOCK,TRUE
2DF9E057-8ECD-BD65-0000-0000000000FC,515759EC-ECE3-E30C-0000-000000000024,307DEFEB-9888-F474-0000-000000000049,128FB883-C2F8-1156-0000-000000000003,1061,1,MOISTURE_PCT,Grain moisture,26.3,%,2024-09-27 14:00:00.000,INSTRUMENT,REJECTED,SYNTH_USER_01,SYNTHETIC — hackathon mock data,2024-08-14 18:00:00.000,2026-09-26 12:00:00.000,392FA979-80F4-BCA9-0000-0000000000FC,FIELD_OBS_MOCK,TRUE
2DF9E057-8ECD-BD65-0000-0000000000FD,515759EC-ECE3-E30C-0000-000000000025,307DEFEB-9888-F474-0000-000000000054,128FB883-C2F8-1156-0000-000000000005,1062,2,PLANT_HEIGHT_CM,Plant height,248.8,cm,2024-09-12 11:00:00.000,FIELD_VISUAL,ACCEPTED,SYNTH_USER_01,SYNTHETIC — hackathon mock data,2024-08-11 07:00:00.000,2026-09-26 12:00:00.000,392FA979-80F4-BCA9-0000-0000000000FD,FIELD_OBS_MOCK,TRUE
2DF9E057-8ECD-BD65-0000-0000000000FE,515759EC-ECE3-E30C-0000-000000000026,307DEFEB-9888-F474-0000-00000000005F,128FB883-C2F8-1156-0000-000000000001,1063,3,DISEASE_SCORE,Disease severity score,7.9,score,2024-06-18 09:00:00.000,WEIGHING,ACCEPTED,SYNTH_USER_02,SYNTHETIC — hackathon mock data,2024-08-11 13:00:00.000,2026-09-26 12:00:00.000,392FA979-80F4-BCA9-0000-0000000000FE,FIELD_OBS_MOCK,TRUE
2DF9E057-8ECD-BD65-0000-0000000000FF,515759EC-ECE3-E30C-0000-000000000027,307DEFEB-9888-F474-0000-00000000006A,128FB883-C2F8-1156-0000-000000000004,1064,1,FLOWERING_DAYS,Days to flowering,73.0,days,2026-08-19 09:00:00.000,WEIGHING,REJECTED,SYNTH_USER_02,SYNTHETIC — hackathon mock data,2026-09-18 07:00:00.000,2026-09-26 12:00:00.000,392FA979-80F4-BCA9-0000-0000000000FF,FIELD_OBS_MOCK,TRUE
2DF9E057-8ECD-BD65-0000-000000000100,515759EC-ECE3-E30C-0000-000000000028,307DEFEB-9888-F474-0000-000000000075,128FB883-C2F8-1156-0000-000000000006,1065,2,YIELD_T_HA,Grain yield,11.29,t/ha,2025-08-20 09:00:00.000,FIELD_VISUAL,ACCEPTED,SYNTH_USER_02,SYNTHETIC — hackathon mock data,2025-06-02 17:00:00.000,2026-09-26 12:00:00.000,392FA979-80F4-BCA9-0000-000000000100,FIELD_OBS_MOCK,TRUE
2DF9E057-8ECD-BD65-0000-000000000101,515759EC-ECE3-E30C-0000-000000000029,307DEFEB-9888-F474-0000-000000000080,128FB883-C2F8-1156-0000-000000000001,1066,3,MOISTURE_PCT,Grain moisture,25.0,%,2025-05-21 18:00:00.000,INSTRUMENT,ACCEPTED,SYNTH_USER_01,SYNTHETIC — hackathon mock data,2025-06-17 11:00:00.000,2026-09-26 12:00:00.000,392FA979-80F4-BCA9-0000-000000000101,FIELD_OBS_MOCK,TRUE
2DF9E057-8ECD-BD65-0000-000000000102,515759EC-ECE3-E30C-0000-00000000002A,307DEFEB-9888-F474-0000-00000000008B,128FB883-C2F8-1156-0000-000000000004,1067,1,PLANT_HEIGHT_CM,Plant height,199.5,cm,2026-05-17 11:00:00.000,WEIGHING,ACCEPTED,SYNTH_USER_04,SYNTHETIC — hackathon mock data,2026-06-13 07:00:00.000,2026-09-26 12:00:00.000,392FA979-80F4-BCA9-0000-000000000102,FIELD_OBS_MOCK,TRUE
2DF9E057-8ECD-BD65-0000-000000000103,515759EC-ECE3-E30C-0000-00000000002B,307DEFEB-9888-F474-0000-000000000096,128FB883-C2F8-1156-0000-000000000002,1068,2,DISEASE_SCORE,Disease severity score,7.4,score,2024-08-12 15:00:00.000,FIELD_VISUAL,ACCEPTED,SYNTH_USER_02,SYNTHETIC — hackathon mock data,2024-05-19 17:00:00.000,2026-09-26 12:00:00.000,392FA979-80F4-BCA9-0000-000000000103,FIELD_OBS_MOCK,TRUE
2DF9E057-8ECD-BD65-0000-000000000104,515759EC-ECE3-E30C-0000-00000000002C,307DEFEB-9888-F474-0000-00000000000B,128FB883-C2F8-1156-0000-000000000005,1069,3,FLOWERING_DAYS,Days to flowering,86.0,days,2026-09-09 13:00:00.000,INSTRUMENT,ACCEPTED,SYNTH_USER_03,SYNTHETIC — hackathon mock data,2026-08-02 12:00:00.000,2026-09-26 12:00:00.000,392FA979-80F4-BCA9-0000-000000000104,FIELD_OBS_MOCK,TRUE
2DF9E057-8ECD-BD65-0000-000000000105,515759EC-ECE3-E30C-0000-00000000002D,307DEFEB-9888-F474-0000-000000000016,128FB883-C2F8-1156-0000-000000000003,1070,1,YIELD_T_HA,Grain yield,9.49,t/ha,2024-09-05 15:00:00.000,WEIGHING,ACCEPTED,SYNTH_USER_04,SYNTHETIC — hackathon mock data,2024-07-17 08:00:00.000,2026-09-26 12:00:00.000,392FA979-80F4-BCA9-0000-000000000105,FIELD_OBS_MOCK,TRUE
2DF9E057-8ECD-BD65-0000-000000000106,515759EC-ECE3-E30C-0000-00000000002E,307DEFEB-9888-F474-0000-000000000021,128FB883-C2F8-1156-0000-000000000003,1071,2,MOISTURE_PCT,Grain moisture,19.2,%,2025-06-23 18:00:00.000,FIELD_VISUAL,ACCEPTED,SYNTH_USER_04,SYNTHETIC — hackathon mock data,2025-05-24 11:00:00.000,2026-09-26 12:00:00.000,392FA979-80F4-BCA9-0000-000000000106,FIELD_OBS_MOCK,TRUE
2DF9E057-8ECD-BD65-0000-000000000107,515759EC-ECE3-E30C-0000-00000000002F,307DEFEB-9888-F474-0000-00000000002C,128FB883-C2F8-1156-0000-000000000004,1072,3,PLANT_HEIGHT_CM,Plant height,298.0,cm,2026-06-13 09:00:00.000,INSTRUMENT,ACCEPTED,SYNTH_USER_01,SYNTHETIC — hackathon mock data,2026-05-20 08:00:00.000,2026-09-26 12:00:00.000,392FA979-80F4-BCA9-0000-000000000107,FIELD_OBS_MOCK,TRUE
2DF9E057-8ECD-BD65-0000-000000000108,515759EC-ECE3-E30C-0000-000000000030,307DEFEB-9888-F474-0000-000000000037,128FB883-C2F8-1156-0000-000000000003,1073,1,DISEASE_SCORE,Disease severity score,8.4,score,2025-06-25 16:00:00.000,WEIGHING,ACCEPTED,SYNTH_USER_04,SYNTHETIC — hackathon mock data,2025-09-24 08:00:00.000,2026-09-26 12:00:00.000,392FA979-80F4-BCA9-0000-000000000108,FIELD_OBS_MOCK,TRUE
2DF9E057-8ECD-BD65-0000-000000000109,515759EC-ECE3-E30C-0000-000000000031,307DEFEB-9888-F474-0000-000000000042,128FB883-C2F8-1156-0000-000000000002,1074,2,FLOWERING_DAYS,Days to flowering,56.0,days,2024-08-04 09:00:00.000,FIELD_VISUAL,ACCEPTED,SYNTH_USER_01,SYNTHETIC — hackathon mock data,2024-07-18 12:00:00.000,2026-09-26 12:00:00.000,392FA979-80F4-BCA9-0000-000000000109,FIELD_OBS_MOCK,TRUE
2DF9E057-8ECD-BD65-0000-00000000010A,515759EC-ECE3-E30C-0000-000000000032,307DEFEB-9888-F474-0000-00000000004D,128FB883-C2F8-1156-0000-000000000003,1075,3,YIELD_T_HA,Grain yield,14.55,t/ha,2024-08-20 12:00:00.000,INSTRUMENT,ACCEPTED,SYNTH_USER_02,SYNTHETIC — hackathon mock data,2024-05-28 17:00:00.000,2026-09-26 12:00:00.000,392FA979-80F4-BCA9-0000-00000000010A,FIELD_OBS_MOCK,TRUE
2DF9E057-8ECD-BD65-0000-00000000010B,515759EC-ECE3-E30C-0000-000000000033,307DEFEB-9888-F474-0000-000000000058,128FB883-C2F8-1156-0000-000000000003,1076,1,MOISTURE_PCT,Grain moisture,14.6,%,2026-05-21 16:00:00.000,WEIGHING,ACCEPTED,SYNTH_USER_04,SYNTHETIC — hackathon mock data,2026-05-13 15:00:00.000,2026-09-26 12:00:00.000,392FA979-80F4-BCA9-0000-00000000010B,FIELD_OBS_MOCK,TRUE
2DF9E057-8ECD-BD65-0000-00000000010C,515759EC-ECE3-E30C-0000-000000000034,307DEFEB-9888-F474-0000-000000000063,128FB883-C2F8-1156-0000-000000000004,1077,2,PLANT_HEIGHT_CM,Plant height,261.0,cm,2026-05-20 12:00:00.000,INSTRUMENT,REVIEW,SYNTH_USER_01,SYNTHETIC — hackathon mock data,2026-07-28 09:00:00.000,2026-09-26 12:00:00.000,392FA979-80F4-BCA9-0000-00000000010C,FIELD_OBS_MOCK,TRUE
2DF9E057-8ECD-BD65-0000-00000000010D,515759EC-ECE3-E30C-0000-000000000035,307DEFEB-9888-F474-0000-00000000006E,128FB883-C2F8-1156-0000-000000000002,1078,3,DISEASE_SCORE,Disease severity score,6.7,score,2024-06-17 12:00:00.000,INSTRUMENT,ACCEPTED,SYNTH_USER_03,SYNTHETIC — hackathon mock data,2024-08-10 16:00:00.000,2026-09-26 12:00:00.000,392FA979-80F4-BCA9-0000-00000000010D,FIELD_OBS_MOCK,TRUE
2DF9E057-8ECD-BD65-0000-00000000010E,515759EC-ECE3-E30C-0000-000000000036,307DEFEB-9888-F474-0000-000000000079,128FB883-C2F8-1156-0000-000000000004,1079,1,FLOWERING_DAYS,Days to flowering,63.0,days,2024-05-25 14:00:00.000,INSTRUMENT,ACCEPTED,SYNTH_USER_03,SYNTHETIC — hackathon mock data,2024-07-11 09:00:00.000,2026-09-26 12:00:00.000,392FA979-80F4-BCA9-0000-00000000010E,FIELD_OBS_MOCK,TRUE
2DF9E057-8ECD-BD65-0000-00000000010F,515759EC-ECE3-E30C-0000-000000000037,307DEFEB-9888-F474-0000-000000000084,128FB883-C2F8-1156-0000-000000000005,1080,2,YIELD_T_HA,Grain yield,9.18,t/ha,2025-09-28 07:00:00.000,INSTRUMENT,ACCEPTED,SYNTH_USER_03,SYNTHETIC — hackathon mock data,2025-08-27 12:00:00.000,2026-09-26 12:00:00.000,392FA979-80F4-BCA9-0000-00000000010F,FIELD_OBS_MOCK,TRUE
2DF9E057-8ECD-BD65-0000-000000000110,515759EC-ECE3-E30C-0000-000000000038,307DEFEB-9888-F474-0000-00000000008F,128FB883-C2F8-1156-0000-000000000005,1081,3,MOISTURE_PCT,Grain moisture,21.5,%,2026-05-16 14:00:00.000,FIELD_VISUAL,ACCEPTED,SYNTH_USER_02,SYNTHETIC — hackathon mock data,2026-05-16 12:00:00.000,2026-09-26 12:00:00.000,392FA979-80F4-BCA9-0000-000000000110,FIELD_OBS_MOCK,TRUE
2DF9E057-8ECD-BD65-0000-000000000111,515759EC-ECE3-E30C-0000-000000000039,307DEFEB-9888-F474-0000-000000000004,128FB883-C2F8-1156-0000-000000000002,1082,1,PLANT_HEIGHT_CM,Plant height,311.7,cm,2026-06-28 08:00:00.000,INSTRUMENT,ACCEPTED,SYNTH_USER_02,SYNTHETIC — hackathon mock data,2026-08-03 08:00:00.000,2026-09-26 12:00:00.000,392FA979-80F4-BCA9-0000-000000000111,FIELD_OBS_MOCK,TRUE
2DF9E057-8ECD-BD65-0000-000000000112,515759EC-ECE3-E30C-0000-00000000003A,307DEFEB-9888-F474-0000-00000000000F,128FB883-C2F8-1156-0000-000000000006,1083,2,DISEASE_SCORE,Disease severity score,4.7,score,2024-09-04 08:00:00.000,WEIGHING,ACCEPTED,SYNTH_USER_04,SYNTHETIC — hackathon mock data,2024-08-07 08:00:00.000,2026-09-26 12:00:00.000,392FA979-80F4-BCA9-0000-000000000112,FIELD_OBS_MOCK,TRUE
2DF9E057-8ECD-BD65-0000-000000000113,515759EC-ECE3-E30C-0000-00000000003B,307DEFEB-9888-F474-0000-00000000001A,128FB883-C2F8-1156-0000-000000000006,1084,3,FLOWERING_DAYS,Days to flowering,95.0,days,2024-09-02 17:00:00.000,INSTRUMENT,ACCEPTED,SYNTH_USER_03,SYNTHETIC — hackathon mock data,2024-07-10 10:00:00.000,2026-09-26 12:00:00.000,392FA979-80F4-BCA9-0000-000000000113,FIELD_OBS_MOCK,TRUE
2DF9E057-8ECD-BD65-0000-000000000114,515759EC-ECE3-E30C-0000-00000000003C,307DEFEB-9888-F474-0000-000000000025,128FB883-C2F8-1156-0000-000000000001,1085,1,YIELD_T_HA,Grain yield,4.73,t/ha,2025-09-26 18:00:00.000,FIELD_VISUAL,REVIEW,SYNTH_USER_02,SYNTHETIC — hackathon mock data,2025-07-23 15:00:00.000,2026-09-26 12:00:00.000,392FA979-80F4-BCA9-0000-000000000114,FIELD_OBS_MOCK,TRUE
2DF9E057-8ECD-BD65-0000-000000000115,515759EC-ECE3-E30C-0000-00000000003D,307DEFEB-9888-F474-0000-000000000030,128FB883-C2F8-1156-0000-000000000002,1086,2,MOISTURE_PCT,Grain moisture,13.4,%,2024-06-14 09:00:00.000,INSTRUMENT,ACCEPTED,SYNTH_USER_03,SYNTHETIC — hackathon mock data,2024-08-28 11:00:00.000,2026-09-26 12:00:00.000,392FA979-80F4-BCA9-0000-000000000115,FIELD_OBS_MOCK,TRUE
2DF9E057-8ECD-BD65-0000-000000000116,515759EC-ECE3-E30C-0000-00000000003E,307DEFEB-9888-F474-0000-00000000003B,128FB883-C2F8-1156-0000-000000000005,1087,3,PLANT_HEIGHT_CM,Plant height,240.6,cm,2025-08-12 07:00:00.000,FIELD_VISUAL,ACCEPTED,SYNTH_USER_02,SYNTHETIC — hackathon mock data,2025-06-24 12:00:00.000,2026-09-26 12:00:00.000,392FA979-80F4-BCA9-0000-000000000116,FIELD_OBS_MOCK,TRUE
2DF9E057-8ECD-BD65-0000-000000000117,515759EC-ECE3-E30C-0000-00000000003F,307DEFEB-9888-F474-0000-000000000046,128FB883-C2F8-1156-0000-000000000005,1088,1,DISEASE_SCORE,Disease severity score,1.9,score,2024-08-26 07:00:00.000,WEIGHING,ACCEPTED,SYNTH_USER_04,SYNTHETIC — hackathon mock data,2024-05-27 09:00:00.000,2026-09-26 12:00:00.000,392FA979-80F4-BCA9-0000-000000000117,FIELD_OBS_MOCK,TRUE
2DF9E057-8ECD-BD65-0000-000000000118,515759EC-ECE3-E30C-0000-000000000040,307DEFEB-9888-F474-0000-000000000051,128FB883-C2F8-1156-0000-000000000001,1089,2,FLOWERING_DAYS,Days to flowering,51.0,days,2024-09-28 14:00:00.000,FIELD_VISUAL,ACCEPTED,SYNTH_USER_04,SYNTHETIC — hackathon mock data,2024-06-06 18:00:00.000,2026-09-26 12:00:00.000,392FA979-80F4-BCA9-0000-000000000118,FIELD_OBS_MOCK,TRUE
2DF9E057-8ECD-BD65-0000-000000000119,515759EC-ECE3-E30C-0000-000000000041,307DEFEB-9888-F474-0000-00000000005C,128FB883-C2F8-1156-0000-000000000005,1090,3,YIELD_T_HA,Grain yield,13.64,t/ha,2026-07-28 09:00:00.000,INSTRUMENT,ACCEPTED,SYNTH_USER_03,SYNTHETIC — hackathon mock data,2026-07-20 16:00:00.000,2026-09-26 12:00:00.000,392FA979-80F4-BCA9-0000-000000000119,FIELD_OBS_MOCK,TRUE
2DF9E057-8ECD-BD65-0000-00000000011A,515759EC-ECE3-E30C-0000-000000000042,307DEFEB-9888-F474-0000-000000000067,128FB883-C2F8-1156-0000-000000000005,1091,1,MOISTURE_PCT,Grain moisture,20.9,%,2024-08-21 09:00:00.000,WEIGHING,ACCEPTED,SYNTH_USER_01,SYNTHETIC — hackathon mock data,2024-05-28 12:00:00.000,2026-09-26 12:00:00.000,392FA979-80F4-BCA9-0000-00000000011A,FIELD_OBS_MOCK,TRUE
2DF9E057-8ECD-BD65-0000-00000000011B,515759EC-ECE3-E30C-0000-000000000043,307DEFEB-9888-F474-0000-000000000072,128FB883-C2F8-1156-0000-000000000001,1092,2,PLANT_HEIGHT_CM,Plant height,206.7,cm,2025-09-22 08:00:00.000,WEIGHING,REVIEW,SYNTH_USER_04,SYNTHETIC — hackathon mock data,2025-06-24 10:00:00.000,2026-09-26 12:00:00.000,392FA979-80F4-BCA9-0000-00000000011B,FIELD_OBS_MOCK,TRUE
2DF9E057-8ECD-BD65-0000-00000000011C,515759EC-ECE3-E30C-0000-000000000044,307DEFEB-9888-F474-0000-00000000007D,128FB883-C2F8-1156-0000-000000000001,1093,3,DISEASE_SCORE,Disease severity score,3.9,score,2025-08-21 12:00:00.000,FIELD_VISUAL,ACCEPTED,SYNTH_USER_02,SYNTHETIC — hackathon mock data,2025-08-14 08:00:00.000,2026-09-26 12:00:00.000,392FA979-80F4-BCA9-0000-00000000011C,FIELD_OBS_MOCK,TRUE
2DF9E057-8ECD-BD65-0000-00000000011D,515759EC-ECE3-E30C-0000-000000000045,307DEFEB-9888-F474-0000-000000000088,128FB883-C2F8-1156-0000-000000000006,1094,1,FLOWERING_DAYS,Days to flowering,65.0,days,2026-09-26 16:00:00.000,INSTRUMENT,ACCEPTED,SYNTH_USER_04,SYNTHETIC — hackathon mock data,2026-05-11 11:00:00.000,2026-09-26 12:00:00.000,392FA979-80F4-BCA9-0000-00000000011D,FIELD_OBS_MOCK,TRUE
2DF9E057-8ECD-BD65-0000-00000000011E,515759EC-ECE3-E30C-0000-000000000046,307DEFEB-9888-F474-0000-000000000093,128FB883-C2F8-1156-0000-000000000005,1095,2,YIELD_T_HA,Grain yield,8.94,t/ha,2024-08-17 10:00:00.000,INSTRUMENT,ACCEPTED,SYNTH_USER_01,SYNTHETIC — hackathon mock data,2024-09-15 14:00:00.000,2026-09-26 12:00:00.000,392FA979-80F4-BCA9-0000-00000000011E,FIELD_OBS_MOCK,TRUE
2DF9E057-8ECD-BD65-0000-00000000011F,515759EC-ECE3-E30C-0000-000000000047,307DEFEB-9888-F474-0000-000000000008,128FB883-C2F8-1156-0000-000000000003,1096,3,MOISTURE_PCT,Grain moisture,18.7,%,2024-08-14 13:00:00.000,FIELD_VISUAL,ACCEPTED,SYNTH_USER_04,SYNTHETIC — hackathon mock data,2024-09-04 10:00:00.000,2026-09-26 12:00:00.000,392FA979-80F4-BCA9-0000-00000000011F,FIELD_OBS_MOCK,TRUE
2DF9E057-8ECD-BD65-0000-000000000120,515759EC-ECE3-E30C-0000-000000000048,307DEFEB-9888-F474-0000-000000000013,128FB883-C2F8-1156-0000-000000000004,1001,1,PLANT_HEIGHT_CM,Plant height,311.1,cm,2025-05-09 17:00:00.000,FIELD_VISUAL,ACCEPTED,SYNTH_USER_03,SYNTHETIC — hackathon mock data,2025-07-10 09:00:00.000,2026-09-26 12:00:00.000,392FA979-80F4-BCA9-0000-000000000120,FIELD_OBS_MOCK,TRUE
2DF9E057-8ECD-BD65-0000-000000000121,515759EC-ECE3-E30C-0000-000000000001,307DEFEB-9888-F474-0000-00000000001E,128FB883-C2F8-1156-0000-000000000006,1002,2,DISEASE_SCORE,Disease severity score,7.9,score,2025-05-01 17:00:00.000,INSTRUMENT,ACCEPTED,SYNTH_USER_01,SYNTHETIC — hackathon mock data,2025-05-14 16:00:00.000,2026-09-26 12:00:00.000,392FA979-80F4-BCA9-0000-000000000121,FIELD_OBS_MOCK,TRUE
2DF9E057-8ECD-BD65-0000-000000000122,515759EC-ECE3-E30C-0000-000000000002,307DEFEB-9888-F474-0000-000000000029,128FB883-C2F8-1156-0000-000000000004,1003,3,FLOWERING_DAYS,Days to flowering,61.0,days,2026-09-13 15:00:00.000,FIELD_VISUAL,ACCEPTED,SYNTH_USER_02,SYNTHETIC — hackathon mock data,2026-06-10 18:00:00.000,2026-09-26 12:00:00.000,392FA979-80F4-BCA9-0000-000000000122,FIELD_OBS_MOCK,TRUE
2DF9E057-8ECD-BD65-0000-000000000123,515759EC-ECE3-E30C-0000-000000000003,307DEFEB-9888-F474-0000-000000000034,128FB883-C2F8-1156-0000-000000000004,1004,1,YIELD_T_HA,Grain yield,12.51,t/ha,2024-09-06 18:00:00.000,INSTRUMENT,ACCEPTED,SYNTH_USER_02,SYNTHETIC — hackathon mock data,2024-06-14 16:00:00.000,2026-09-26 12:00:00.000,392FA979-80F4-BCA9-0000-000000000123,FIELD_OBS_MOCK,TRUE
2DF9E057-8ECD-BD65-0000-000000000124,515759EC-ECE3-E30C-0000-000000000004,307DEFEB-9888-F474-0000-00000000003F,128FB883-C2F8-1156-0000-000000000005,1005,2,MOISTURE_PCT,Grain moisture,17.4,%,2024-07-12 16:00:00.000,FIELD_VISUAL,REVIEW,SYNTH_USER_03,SYNTHETIC — hackathon mock data,2024-07-07 08:00:00.000,2026-09-26 12:00:00.000,392FA979-80F4-BCA9-0000-000000000124,FIELD_OBS_MOCK,TRUE
2DF9E057-8ECD-BD65-0000-000000000125,515759EC-ECE3-E30C-0000-000000000005,307DEFEB-9888-F474-0000-00000000004A,128FB883-C2F8-1156-0000-000000000003,1006,3,PLANT_HEIGHT_CM,Plant height,314.3,cm,2025-09-08 09:00:00.000,FIELD_VISUAL,ACCEPTED,SYNTH_USER_02,SYNTHETIC — hackathon mock data,2025-09-23 13:00:00.000,2026-09-26 12:00:00.000,392FA979-80F4-BCA9-0000-000000000125,FIELD_OBS_MOCK,TRUE
2DF9E057-8ECD-BD65-0000-000000000126,515759EC-ECE3-E30C-0000-000000000006,307DEFEB-9888-F474-0000-000000000055,128FB883-C2F8-1156-0000-000000000005,1007,1,DISEASE_SCORE,Disease severity score,7.2,score,2024-09-11 07:00:00.000,INSTRUMENT,ACCEPTED,SYNTH_USER_01,SYNTHETIC — hackathon mock data,2024-08-07 16:00:00.000,2026-09-26 12:00:00.000,392FA979-80F4-BCA9-0000-000000000126,FIELD_OBS_MOCK,TRUE
2DF9E057-8ECD-BD65-0000-000000000127,515759EC-ECE3-E30C-0000-000000000007,307DEFEB-9888-F474-0000-000000000060,128FB883-C2F8-1156-0000-000000000002,1008,2,FLOWERING_DAYS,Days to flowering,51.0,days,2025-08-21 18:00:00.000,INSTRUMENT,ACCEPTED,SYNTH_USER_02,SYNTHETIC — hackathon mock data,2025-06-26 17:00:00.000,2026-09-26 12:00:00.000,392FA979-80F4-BCA9-0000-000000000127,FIELD_OBS_MOCK,TRUE
2DF9E057-8ECD-BD65-0000-000000000128,515759EC-ECE3-E30C-0000-000000000008,307DEFEB-9888-F474-0000-00000000006B,128FB883-C2F8-1156-0000-000000000001,1009,3,YIELD_T_HA,Grain yield,10.54,t/ha,2025-05-08 09:00:00.000,FIELD_VISUAL,ACCEPTED,SYNTH_USER_01,SYNTHETIC — hackathon mock data,2025-06-27 16:00:00.000,2026-09-26 12:00:00.000,392FA979-80F4-BCA9-0000-000000000128,FIELD_OBS_MOCK,TRUE
2DF9E057-8ECD-BD65-0000-000000000129,515759EC-ECE3-E30C-0000-000000000009,307DEFEB-9888-F474-0000-000000000076,128FB883-C2F8-1156-0000-000000000004,1010,1,MOISTURE_PCT,Grain moisture,19.4,%,2026-09-24 09:00:00.000,INSTRUMENT,ACCEPTED,SYNTH_USER_02,SYNTHETIC — hackathon mock data,2026-08-21 14:00:00.000,2026-09-26 12:00:00.000,392FA979-80F4-BCA9-0000-000000000129,FIELD_OBS_MOCK,TRUE
2DF9E057-8ECD-BD65-0000-00000000012A,515759EC-ECE3-E30C-0000-00000000000A,307DEFEB-9888-F474-0000-000000000081,128FB883-C2F8-1156-0000-000000000006,1011,2,PLANT_HEIGHT_CM,Plant height,207.9,cm,2026-08-05 18:00:00.000,FIELD_VISUAL,ACCEPTED,SYNTH_USER_03,SYNTHETIC — hackathon mock data,2026-07-27 13:00:00.000,2026-09-26 12:00:00.000,392FA979-80F4-BCA9-0000-00000000012A,FIELD_OBS_MOCK,TRUE
2DF9E057-8ECD-BD65-0000-00000000012B,515759EC-ECE3-E30C-0000-00000000000B,307DEFEB-9888-F474-0000-00000000008C,128FB883-C2F8-1156-0000-000000000005,1012,3,DISEASE_SCORE,Disease severity score,5.6,score,2025-06-08 07:00:00.000,INSTRUMENT,ACCEPTED,SYNTH_USER_02,SYNTHETIC — hackathon mock data,2025-05-05 07:00:00.000,2026-09-26 12:00:00.000,392FA979-80F4-BCA9-0000-00000000012B,FIELD_OBS_MOCK,TRUE
2DF9E057-8ECD-BD65-0000-00000000012C,515759EC-ECE3-E30C-0000-00000000000C,307DEFEB-9888-F474-0000-000000000001,128FB883-C2F8-1156-0000-000000000002,1013,1,FLOWERING_DAYS,Days to flowering,52.0,days,2024-05-13 14:00:00.000,FIELD_VISUAL,ACCEPTED,SYNTH_USER_02,SYNTHETIC — hackathon mock data,2024-06-27 15:00:00.000,2026-09-26 12:00:00.000,392FA979-80F4-BCA9-0000-00000000012C,FIELD_OBS_MOCK,TRUE
2DF9E057-8ECD-BD65-0000-00000000012D,515759EC-ECE3-E30C-0000-00000000000D,307DEFEB-9888-F474-0000-00000000000C,128FB883-C2F8-1156-0000-000000000004,1014,2,YIELD_T_HA,Grain yield,11.74,t/ha,2026-08-07 14:00:00.000,INSTRUMENT,ACCEPTED,SYNTH_USER_02,SYNTHETIC — hackathon mock data,2026-08-01 09:00:00.000,2026-09-26 12:00:00.000,392FA979-80F4-BCA9-0000-00000000012D,FIELD_OBS_MOCK,TRUE
2DF9E057-8ECD-BD65-0000-00000000012E,515759EC-ECE3-E30C-0000-00000000000E,307DEFEB-9888-F474-0000-000000000017,128FB883-C2F8-1156-0000-000000000004,1015,3,MOISTURE_PCT,Grain moisture,18.5,%,2024-07-12 16:00:00.000,INSTRUMENT,ACCEPTED,SYNTH_USER_03,SYNTHETIC — hackathon mock data,2024-09-16 14:00:00.000,2026-09-26 12:00:00.000,392FA979-80F4-BCA9-0000-00000000012E,FIELD_OBS_MOCK,TRUE
2DF9E057-8ECD-BD65-0000-00000000012F,515759EC-ECE3-E30C-0000-00000000000F,307DEFEB-9888-F474-0000-000000000022,128FB883-C2F8-1156-0000-000000000005,1016,1,PLANT_HEIGHT_CM,Plant height,272.8,cm,2024-09-12 09:00:00.000,INSTRUMENT,ACCEPTED,SYNTH_USER_03,SYNTHETIC — hackathon mock data,2024-06-20 15:00:00.000,2026-09-26 12:00:00.000,392FA979-80F4-BCA9-0000-00000000012F,FIELD_OBS_MOCK,TRUE
2DF9E057-8ECD-BD65-0000-000000000130,515759EC-ECE3-E30C-0000-000000000010,307DEFEB-9888-F474-0000-00000000002D,128FB883-C2F8-1156-0000-000000000001,1017,2,DISEASE_SCORE,Disease severity score,2.4,score,2026-09-09 16:00:00.000,FIELD_VISUAL,REVIEW,SYNTH_USER_03,SYNTHETIC — hackathon mock data,2026-09-23 15:00:00.000,2026-09-26 12:00:00.000,392FA979-80F4-BCA9-0000-000000000130,FIELD_OBS_MOCK,TRUE
2DF9E057-8ECD-BD65-0000-000000000131,515759EC-ECE3-E30C-0000-000000000011,307DEFEB-9888-F474-0000-000000000038,128FB883-C2F8-1156-0000-000000000001,1018,3,FLOWERING_DAYS,Days to flowering,62.0,days,2024-06-27 16:00:00.000,WEIGHING,ACCEPTED,SYNTH_USER_03,SYNTHETIC — hackathon mock data,2024-09-07 11:00:00.000,2026-09-26 12:00:00.000,392FA979-80F4-BCA9-0000-000000000131,FIELD_OBS_MOCK,TRUE
2DF9E057-8ECD-BD65-0000-000000000132,515759EC-ECE3-E30C-0000-000000000012,307DEFEB-9888-F474-0000-000000000043,128FB883-C2F8-1156-0000-000000000002,1019,1,YIELD_T_HA,Grain yield,13.36,t/ha,2025-07-28 10:00:00.000,INSTRUMENT,ACCEPTED,SYNTH_USER_02,SYNTHETIC — hackathon mock data,2025-06-16 17:00:00.000,2026-09-26 12:00:00.000,392FA979-80F4-BCA9-0000-000000000132,FIELD_OBS_MOCK,TRUE
2DF9E057-8ECD-BD65-0000-000000000133,515759EC-ECE3-E30C-0000-000000000013,307DEFEB-9888-F474-0000-00000000004E,128FB883-C2F8-1156-0000-000000000005,1020,2,MOISTURE_PCT,Grain moisture,24.2,%,2026-06-28 11:00:00.000,FIELD_VISUAL,REVIEW,SYNTH_USER_02,SYNTHETIC — hackathon mock data,2026-06-28 08:00:00.000,2026-09-26 12:00:00.000,392FA979-80F4-BCA9-0000-000000000133,FIELD_OBS_MOCK,TRUE
2DF9E057-8ECD-BD65-0000-000000000134,515759EC-ECE3-E30C-0000-000000000014,307DEFEB-9888-F474-0000-000000000059,128FB883-C2F8-1156-0000-000000000005,1021,3,PLANT_HEIGHT_CM,Plant height,269.3,cm,2026-09-22 09:00:00.000,WEIGHING,ACCEPTED,SYNTH_USER_04,SYNTHETIC — hackathon mock data,2026-08-15 14:00:00.000,2026-09-26 12:00:00.000,392FA979-80F4-BCA9-0000-000000000134,FIELD_OBS_MOCK,TRUE
2DF9E057-8ECD-BD65-0000-000000000135,515759EC-ECE3-E30C-0000-000000000015,307DEFEB-9888-F474-0000-000000000064,128FB883-C2F8-1156-0000-000000000001,1022,1,DISEASE_SCORE,Disease severity score,7.2,score,2025-08-15 08:00:00.000,INSTRUMENT,ACCEPTED,SYNTH_USER_03,SYNTHETIC — hackathon mock data,2025-06-15 08:00:00.000,2026-09-26 12:00:00.000,392FA979-80F4-BCA9-0000-000000000135,FIELD_OBS_MOCK,TRUE
2DF9E057-8ECD-BD65-0000-000000000136,515759EC-ECE3-E30C-0000-000000000016,307DEFEB-9888-F474-0000-00000000006F,128FB883-C2F8-1156-0000-000000000005,1023,2,FLOWERING_DAYS,Days to flowering,92.0,days,2024-08-20 14:00:00.000,WEIGHING,REVIEW,SYNTH_USER_02,SYNTHETIC — hackathon mock data,2024-05-18 17:00:00.000,2026-09-26 12:00:00.000,392FA979-80F4-BCA9-0000-000000000136,FIELD_OBS_MOCK,TRUE
2DF9E057-8ECD-BD65-0000-000000000137,515759EC-ECE3-E30C-0000-000000000017,307DEFEB-9888-F474-0000-00000000007A,128FB883-C2F8-1156-0000-000000000006,1024,3,YIELD_T_HA,Grain yield,5.66,t/ha,2026-06-06 12:00:00.000,WEIGHING,ACCEPTED,SYNTH_USER_04,SYNTHETIC — hackathon mock data,2026-06-10 12:00:00.000,2026-09-26 12:00:00.000,392FA979-80F4-BCA9-0000-000000000137,FIELD_OBS_MOCK,TRUE
2DF9E057-8ECD-BD65-0000-000000000138,515759EC-ECE3-E30C-0000-000000000018,307DEFEB-9888-F474-0000-000000000085,128FB883-C2F8-1156-0000-000000000003,1025,1,MOISTURE_PCT,Grain moisture,27.0,%,2026-07-06 14:00:00.000,FIELD_VISUAL,ACCEPTED,SYNTH_USER_02,SYNTHETIC — hackathon mock data,2026-08-10 18:00:00.000,2026-09-26 12:00:00.000,392FA979-80F4-BCA9-0000-000000000138,FIELD_OBS_MOCK,TRUE
2DF9E057-8ECD-BD65-0000-000000000139,515759EC-ECE3-E30C-0000-000000000019,307DEFEB-9888-F474-0000-000000000090,128FB883-C2F8-1156-0000-000000000001,1026,2,PLANT_HEIGHT_CM,Plant height,162.3,cm,2026-09-09 09:00:00.000,WEIGHING,ACCEPTED,SYNTH_USER_04,SYNTHETIC — hackathon mock data,2026-05-07 17:00:00.000,2026-09-26 12:00:00.000,392FA979-80F4-BCA9-0000-000000000139,FIELD_OBS_MOCK,TRUE
2DF9E057-8ECD-BD65-0000-00000000013A,515759EC-ECE3-E30C-0000-00000000001A,307DEFEB-9888-F474-0000-000000000005,128FB883-C2F8-1156-0000-000000000006,1027,3,DISEASE_SCORE,Disease severity score,3.9,score,2026-07-03 07:00:00.000,FIELD_VISUAL,ACCEPTED,SYNTH_USER_01,SYNTHETIC — hackathon mock data,2026-05-12 17:00:00.000,2026-09-26 12:00:00.000,392FA979-80F4-BCA9-0000-00000000013A,FIELD_OBS_MOCK,TRUE
2DF9E057-8ECD-BD65-0000-00000000013B,515759EC-ECE3-E30C-0000-00000000001B,307DEFEB-9888-F474-0000-000000000010,128FB883-C2F8-1156-0000-000000000003,1028,1,FLOWERING_DAYS,Days to flowering,92.0,days,2024-06-16 14:00:00.000,WEIGHING,ACCEPTED,SYNTH_USER_04,SYNTHETIC — hackathon mock data,2024-08-20 18:00:00.000,2026-09-26 12:00:00.000,392FA979-80F4-BCA9-0000-00000000013B,FIELD_OBS_MOCK,TRUE
2DF9E057-8ECD-BD65-0000-00000000013C,515759EC-ECE3-E30C-0000-00000000001C,307DEFEB-9888-F474-0000-00000000001B,128FB883-C2F8-1156-0000-000000000006,1029,2,YIELD_T_HA,Grain yield,4.89,t/ha,2025-05-05 12:00:00.000,INSTRUMENT,ACCEPTED,SYNTH_USER_01,SYNTHETIC — hackathon mock data,2025-08-15 09:00:00.000,2026-09-26 12:00:00.000,392FA979-80F4-BCA9-0000-00000000013C,FIELD_OBS_MOCK,TRUE
2DF9E057-8ECD-BD65-0000-00000000013D,515759EC-ECE3-E30C-0000-00000000001D,307DEFEB-9888-F474-0000-000000000026,128FB883-C2F8-1156-0000-000000000002,1030,3,MOISTURE_PCT,Grain moisture,14.7,%,2024-06-08 13:00:00.000,FIELD_VISUAL,ACCEPTED,SYNTH_USER_03,SYNTHETIC — hackathon mock data,2024-08-12 12:00:00.000,2026-09-26 12:00:00.000,392FA979-80F4-BCA9-0000-00000000013D,FIELD_OBS_MOCK,TRUE
2DF9E057-8ECD-BD65-0000-00000000013E,515759EC-ECE3-E30C-0000-00000000001E,307DEFEB-9888-F474-0000-000000000031,128FB883-C2F8-1156-0000-000000000004,1031,1,PLANT_HEIGHT_CM,Plant height,207.1,cm,2026-06-12 14:00:00.000,INSTRUMENT,ACCEPTED,SYNTH_USER_04,SYNTHETIC — hackathon mock data,2026-09-14 18:00:00.000,2026-09-26 12:00:00.000,392FA979-80F4-BCA9-0000-00000000013E,FIELD_OBS_MOCK,TRUE
2DF9E057-8ECD-BD65-0000-00000000013F,515759EC-ECE3-E30C-0000-00000000001F,307DEFEB-9888-F474-0000-00000000003C,128FB883-C2F8-1156-0000-000000000005,1032,2,DISEASE_SCORE,Disease severity score,3.8,score,2026-05-21 07:00:00.000,WEIGHING,ACCEPTED,SYNTH_USER_01,SYNTHETIC — hackathon mock data,2026-08-08 17:00:00.000,2026-09-26 12:00:00.000,392FA979-80F4-BCA9-0000-00000000013F,FIELD_OBS_MOCK,TRUE
2DF9E057-8ECD-BD65-0000-000000000140,515759EC-ECE3-E30C-0000-000000000020,307DEFEB-9888-F474-0000-000000000047,128FB883-C2F8-1156-0000-000000000005,1033,3,FLOWERING_DAYS,Days to flowering,51.0,days,2025-09-05 16:00:00.000,WEIGHING,ACCEPTED,SYNTH_USER_01,SYNTHETIC — hackathon mock data,2025-07-01 17:00:00.000,2026-09-26 12:00:00.000,392FA979-80F4-BCA9-0000-000000000140,FIELD_OBS_MOCK,TRUE
2DF9E057-8ECD-BD65-0000-000000000141,515759EC-ECE3-E30C-0000-000000000021,307DEFEB-9888-F474-0000-000000000052,128FB883-C2F8-1156-0000-000000000003,1034,1,YIELD_T_HA,Grain yield,7.36,t/ha,2025-05-16 13:00:00.000,WEIGHING,REVIEW,SYNTH_USER_01,SYNTHETIC — hackathon mock data,2025-06-06 15:00:00.000,2026-09-26 12:00:00.000,392FA979-80F4-BCA9-0000-000000000141,FIELD_OBS_MOCK,TRUE
2DF9E057-8ECD-BD65-0000-000000000142,515759EC-ECE3-E30C-0000-000000000022,307DEFEB-9888-F474-0000-00000000005D,128FB883-C2F8-1156-0000-000000000002,1035,2,MOISTURE_PCT,Grain moisture,17.5,%,2024-06-25 13:00:00.000,INSTRUMENT,REVIEW,SYNTH_USER_01,SYNTHETIC — hackathon mock data,2024-06-22 13:00:00.000,2026-09-26 12:00:00.000,392FA979-80F4-BCA9-0000-000000000142,FIELD_OBS_MOCK,TRUE
2DF9E057-8ECD-BD65-0000-000000000143,515759EC-ECE3-E30C-0000-000000000023,307DEFEB-9888-F474-0000-000000000068,128FB883-C2F8-1156-0000-000000000004,1036,3,PLANT_HEIGHT_CM,Plant height,192.0,cm,2024-09-08 08:00:00.000,WEIGHING,ACCEPTED,SYNTH_USER_03,SYNTHETIC — hackathon mock data,2024-05-04 15:00:00.000,2026-09-26 12:00:00.000,392FA979-80F4-BCA9-0000-000000000143,FIELD_OBS_MOCK,TRUE
2DF9E057-8ECD-BD65-0000-000000000144,515759EC-ECE3-E30C-0000-000000000024,307DEFEB-9888-F474-0000-000000000073,128FB883-C2F8-1156-0000-000000000003,1037,1,DISEASE_SCORE,Disease severity score,5.0,score,2024-08-06 12:00:00.000,INSTRUMENT,ACCEPTED,SYNTH_USER_04,SYNTHETIC — hackathon mock data,2024-06-01 08:00:00.000,2026-09-26 12:00:00.000,392FA979-80F4-BCA9-0000-000000000144,FIELD_OBS_MOCK,TRUE
2DF9E057-8ECD-BD65-0000-000000000145,515759EC-ECE3-E30C-0000-000000000025,307DEFEB-9888-F474-0000-00000000007E,128FB883-C2F8-1156-0000-000000000005,1038,2,FLOWERING_DAYS,Days to flowering,78.0,days,2024-09-10 08:00:00.000,WEIGHING,ACCEPTED,SYNTH_USER_01,SYNTHETIC — hackathon mock data,2024-07-01 10:00:00.000,2026-09-26 12:00:00.000,392FA979-80F4-BCA9-0000-000000000145,FIELD_OBS_MOCK,TRUE
2DF9E057-8ECD-BD65-0000-000000000146,515759EC-ECE3-E30C-0000-000000000026,307DEFEB-9888-F474-0000-000000000089,128FB883-C2F8-1156-0000-000000000001,1039,3,YIELD_T_HA,Grain yield,13.18,t/ha,2024-06-06 17:00:00.000,WEIGHING,ACCEPTED,SYNTH_USER_03,SYNTHETIC — hackathon mock data,2024-06-18 16:00:00.000,2026-09-26 12:00:00.000,392FA979-80F4-BCA9-0000-000000000146,FIELD_OBS_MOCK,TRUE
2DF9E057-8ECD-BD65-0000-000000000147,515759EC-ECE3-E30C-0000-000000000027,307DEFEB-9888-F474-0000-000000000094,128FB883-C2F8-1156-0000-000000000004,1040,1,MOISTURE_PCT,Grain moisture,12.5,%,2026-06-26 18:00:00.000,WEIGHING,ACCEPTED,SYNTH_USER_03,SYNTHETIC — hackathon mock data,2026-08-06 16:00:00.000,2026-09-26 12:00:00.000,392FA979-80F4-BCA9-0000-000000000147,FIELD_OBS_MOCK,TRUE
2DF9E057-8ECD-BD65-0000-000000000148,515759EC-ECE3-E30C-0000-000000000028,307DEFEB-9888-F474-0000-000000000009,128FB883-C2F8-1156-0000-000000000006,1041,2,PLANT_HEIGHT_CM,Plant height,272.9,cm,2025-07-13 14:00:00.000,WEIGHING,REVIEW,SYNTH_USER_02,SYNTHETIC — hackathon mock data,2025-05-16 09:00:00.000,2026-09-26 12:00:00.000,392FA979-80F4-BCA9-0000-000000000148,FIELD_OBS_MOCK,TRUE
2DF9E057-8ECD-BD65-0000-000000000149,515759EC-ECE3-E30C-0000-000000000029,307DEFEB-9888-F474-0000-000000000014,128FB883-C2F8-1156-0000-000000000001,1042,3,DISEASE_SCORE,Disease severity score,6.4,score,2025-05-24 12:00:00.000,INSTRUMENT,ACCEPTED,SYNTH_USER_01,SYNTHETIC — hackathon mock data,2025-07-13 18:00:00.000,2026-09-26 12:00:00.000,392FA979-80F4-BCA9-0000-000000000149,FIELD_OBS_MOCK,TRUE
2DF9E057-8ECD-BD65-0000-00000000014A,515759EC-ECE3-E30C-0000-00000000002A,307DEFEB-9888-F474-0000-00000000001F,128FB883-C2F8-1156-0000-000000000004,1043,1,FLOWERING_DAYS,Days to flowering,60.0,days,2026-06-24 11:00:00.000,WEIGHING,ACCEPTED,SYNTH_USER_03,SYNTHETIC — hackathon mock data,2026-09-19 10:00:00.000,2026-09-26 12:00:00.000,392FA979-80F4-BCA9-0000-00000000014A,FIELD_OBS_MOCK,TRUE
2DF9E057-8ECD-BD65-0000-00000000014B,515759EC-ECE3-E30C-0000-00000000002B,307DEFEB-9888-F474-0000-00000000002A,128FB883-C2F8-1156-0000-000000000002,1044,2,YIELD_T_HA,Grain yield,10.44,t/ha,2024-08-01 09:00:00.000,FIELD_VISUAL,ACCEPTED,SYNTH_USER_02,SYNTHETIC — hackathon mock data,2024-09-24 14:00:00.000,2026-09-26 12:00:00.000,392FA979-80F4-BCA9-0000-00000000014B,FIELD_OBS_MOCK,TRUE
2DF9E057-8ECD-BD65-0000-00000000014C,515759EC-ECE3-E30C-0000-00000000002C,307DEFEB-9888-F474-0000-000000000035,128FB883-C2F8-1156-0000-000000000005,1045,3,MOISTURE_PCT,Grain moisture,22.0,%,2026-06-22 12:00:00.000,INSTRUMENT,ACCEPTED,SYNTH_USER_03,SYNTHETIC — hackathon mock data,2026-07-14 17:00:00.000,2026-09-26 12:00:00.000,392FA979-80F4-BCA9-0000-00000000014C,FIELD_OBS_MOCK,TRUE
2DF9E057-8ECD-BD65-0000-00000000014D,515759EC-ECE3-E30C-0000-00000000002D,307DEFEB-9888-F474-0000-000000000040,128FB883-C2F8-1156-0000-000000000003,1046,1,PLANT_HEIGHT_CM,Plant height,275.1,cm,2024-09-13 12:00:00.000,FIELD_VISUAL,REVIEW,SYNTH_USER_03,SYNTHETIC — hackathon mock data,2024-09-04 11:00:00.000,2026-09-26 12:00:00.000,392FA979-80F4-BCA9-0000-00000000014D,FIELD_OBS_MOCK,TRUE
2DF9E057-8ECD-BD65-0000-00000000014E,515759EC-ECE3-E30C-0000-00000000002E,307DEFEB-9888-F474-0000-00000000004B,128FB883-C2F8-1156-0000-000000000003,1047,2,DISEASE_SCORE,Disease severity score,5.3,score,2025-07-05 12:00:00.000,INSTRUMENT,ACCEPTED,SYNTH_USER_01,SYNTHETIC — hackathon mock data,2025-09-25 07:00:00.000,2026-09-26 12:00:00.000,392FA979-80F4-BCA9-0000-00000000014E,FIELD_OBS_MOCK,TRUE
2DF9E057-8ECD-BD65-0000-00000000014F,515759EC-ECE3-E30C-0000-00000000002F,307DEFEB-9888-F474-0000-000000000056,128FB883-C2F8-1156-0000-000000000004,1048,3,FLOWERING_DAYS,Days to flowering,87.0,days,2026-09-06 07:00:00.000,WEIGHING,ACCEPTED,SYNTH_USER_01,SYNTHETIC — hackathon mock data,2026-06-07 11:00:00.000,2026-09-26 12:00:00.000,392FA979-80F4-BCA9-0000-00000000014F,FIELD_OBS_MOCK,TRUE
2DF9E057-8ECD-BD65-0000-000000000150,515759EC-ECE3-E30C-0000-000000000030,307DEFEB-9888-F474-0000-000000000061,128FB883-C2F8-1156-0000-000000000003,1049,1,YIELD_T_HA,Grain yield,9.22,t/ha,2025-07-25 11:00:00.000,FIELD_VISUAL,ACCEPTED,SYNTH_USER_03,SYNTHETIC — hackathon mock data,2025-06-19 07:00:00.000,2026-09-26 12:00:00.000,392FA979-80F4-BCA9-0000-000000000150,FIELD_OBS_MOCK,TRUE
2DF9E057-8ECD-BD65-0000-000000000151,515759EC-ECE3-E30C-0000-000000000031,307DEFEB-9888-F474-0000-00000000006C,128FB883-C2F8-1156-0000-000000000002,1050,2,MOISTURE_PCT,Grain moisture,11.9,%,2024-08-07 15:00:00.000,FIELD_VISUAL,ACCEPTED,SYNTH_USER_02,SYNTHETIC — hackathon mock data,2024-08-13 14:00:00.000,2026-09-26 12:00:00.000,392FA979-80F4-BCA9-0000-000000000151,FIELD_OBS_MOCK,TRUE
2DF9E057-8ECD-BD65-0000-000000000152,515759EC-ECE3-E30C-0000-000000000032,307DEFEB-9888-F474-0000-000000000077,128FB883-C2F8-1156-0000-000000000003,1051,3,PLANT_HEIGHT_CM,Plant height,242.5,cm,2024-09-04 15:00:00.000,INSTRUMENT,ACCEPTED,SYNTH_USER_01,SYNTHETIC — hackathon mock data,2024-08-02 16:00:00.000,2026-09-26 12:00:00.000,392FA979-80F4-BCA9-0000-000000000152,FIELD_OBS_MOCK,TRUE
2DF9E057-8ECD-BD65-0000-000000000153,515759EC-ECE3-E30C-0000-000000000033,307DEFEB-9888-F474-0000-000000000082,128FB883-C2F8-1156-0000-000000000003,1052,1,DISEASE_SCORE,Disease severity score,5.8,score,2026-05-09 17:00:00.000,FIELD_VISUAL,ACCEPTED,SYNTH_USER_02,SYNTHETIC — hackathon mock data,2026-07-19 18:00:00.000,2026-09-26 12:00:00.000,392FA979-80F4-BCA9-0000-000000000153,FIELD_OBS_MOCK,TRUE
2DF9E057-8ECD-BD65-0000-000000000154,515759EC-ECE3-E30C-0000-000000000034,307DEFEB-9888-F474-0000-00000000008D,128FB883-C2F8-1156-0000-000000000004,1053,2,FLOWERING_DAYS,Days to flowering,52.0,days,2026-06-06 12:00:00.000,INSTRUMENT,ACCEPTED,SYNTH_USER_03,SYNTHETIC — hackathon mock data,2026-06-20 16:00:00.000,2026-09-26 12:00:00.000,392FA979-80F4-BCA9-0000-000000000154,FIELD_OBS_MOCK,TRUE
2DF9E057-8ECD-BD65-0000-000000000155,515759EC-ECE3-E30C-0000-000000000035,307DEFEB-9888-F474-0000-000000000002,128FB883-C2F8-1156-0000-000000000002,1054,3,YIELD_T_HA,Grain yield,14.8,t/ha,2024-09-06 08:00:00.000,WEIGHING,ACCEPTED,SYNTH_USER_02,SYNTHETIC — hackathon mock data,2024-08-04 08:00:00.000,2026-09-26 12:00:00.000,392FA979-80F4-BCA9-0000-000000000155,FIELD_OBS_MOCK,TRUE
2DF9E057-8ECD-BD65-0000-000000000156,515759EC-ECE3-E30C-0000-000000000036,307DEFEB-9888-F474-0000-00000000000D,128FB883-C2F8-1156-0000-000000000004,1055,1,MOISTURE_PCT,Grain moisture,14.5,%,2024-07-09 11:00:00.000,WEIGHING,REVIEW,SYNTH_USER_03,SYNTHETIC — hackathon mock data,2024-06-20 07:00:00.000,2026-09-26 12:00:00.000,392FA979-80F4-BCA9-0000-000000000156,FIELD_OBS_MOCK,TRUE
2DF9E057-8ECD-BD65-0000-000000000157,515759EC-ECE3-E30C-0000-000000000037,307DEFEB-9888-F474-0000-000000000018,128FB883-C2F8-1156-0000-000000000005,1056,2,PLANT_HEIGHT_CM,Plant height,268.5,cm,2025-09-05 12:00:00.000,WEIGHING,REVIEW,SYNTH_USER_02,SYNTHETIC — hackathon mock data,2025-08-09 18:00:00.000,2026-09-26 12:00:00.000,392FA979-80F4-BCA9-0000-000000000157,FIELD_OBS_MOCK,TRUE
2DF9E057-8ECD-BD65-0000-000000000158,515759EC-ECE3-E30C-0000-000000000038,307DEFEB-9888-F474-0000-000000000023,128FB883-C2F8-1156-0000-000000000005,1057,3,DISEASE_SCORE,Disease severity score,5.5,score,2026-05-08 07:00:00.000,WEIGHING,ACCEPTED,SYNTH_USER_01,SYNTHETIC — hackathon mock data,2026-05-01 13:00:00.000,2026-09-26 12:00:00.000,392FA979-80F4-BCA9-0000-000000000158,FIELD_OBS_MOCK,TRUE
2DF9E057-8ECD-BD65-0000-000000000159,515759EC-ECE3-E30C-0000-000000000039,307DEFEB-9888-F474-0000-00000000002E,128FB883-C2F8-1156-0000-000000000002,1058,1,FLOWERING_DAYS,Days to flowering,86.0,days,2026-09-08 07:00:00.000,FIELD_VISUAL,ACCEPTED,SYNTH_USER_03,SYNTHETIC — hackathon mock data,2026-09-21 17:00:00.000,2026-09-26 12:00:00.000,392FA979-80F4-BCA9-0000-000000000159,FIELD_OBS_MOCK,TRUE
2DF9E057-8ECD-BD65-0000-00000000015A,515759EC-ECE3-E30C-0000-00000000003A,307DEFEB-9888-F474-0000-000000000039,128FB883-C2F8-1156-0000-000000000006,1059,2,YIELD_T_HA,Grain yield,14.86,t/ha,2024-05-09 07:00:00.000,WEIGHING,ACCEPTED,SYNTH_USER_01,SYNTHETIC — hackathon mock data,2024-08-19 09:00:00.000,2026-09-26 12:00:00.000,392FA979-80F4-BCA9-0000-00000000015A,FIELD_OBS_MOCK,TRUE
2DF9E057-8ECD-BD65-0000-00000000015B,515759EC-ECE3-E30C-0000-00000000003B,307DEFEB-9888-F474-0000-000000000044,128FB883-C2F8-1156-0000-000000000006,1060,3,MOISTURE_PCT,Grain moisture,24.3,%,2024-06-28 07:00:00.000,INSTRUMENT,ACCEPTED,SYNTH_USER_04,SYNTHETIC — hackathon mock data,2024-05-20 09:00:00.000,2026-09-26 12:00:00.000,392FA979-80F4-BCA9-0000-00000000015B,FIELD_OBS_MOCK,TRUE
2DF9E057-8ECD-BD65-0000-00000000015C,515759EC-ECE3-E30C-0000-00000000003C,307DEFEB-9888-F474-0000-00000000004F,128FB883-C2F8-1156-0000-000000000001,1061,1,PLANT_HEIGHT_CM,Plant height,284.0,cm,2025-08-28 08:00:00.000,INSTRUMENT,REVIEW,SYNTH_USER_02,SYNTHETIC — hackathon mock data,2025-05-21 14:00:00.000,2026-09-26 12:00:00.000,392FA979-80F4-BCA9-0000-00000000015C,FIELD_OBS_MOCK,TRUE
2DF9E057-8ECD-BD65-0000-00000000015D,515759EC-ECE3-E30C-0000-00000000003D,307DEFEB-9888-F474-0000-00000000005A,128FB883-C2F8-1156-0000-000000000002,1062,2,DISEASE_SCORE,Disease severity score,4.5,score,2024-07-18 10:00:00.000,INSTRUMENT,ACCEPTED,SYNTH_USER_01,SYNTHETIC — hackathon mock data,2024-09-13 11:00:00.000,2026-09-26 12:00:00.000,392FA979-80F4-BCA9-0000-00000000015D,FIELD_OBS_MOCK,TRUE
2DF9E057-8ECD-BD65-0000-00000000015E,515759EC-ECE3-E30C-0000-00000000003E,307DEFEB-9888-F474-0000-000000000065,128FB883-C2F8-1156-0000-000000000005,1063,3,FLOWERING_DAYS,Days to flowering,72.0,days,2025-09-28 07:00:00.000,INSTRUMENT,REVIEW,SYNTH_USER_04,SYNTHETIC — hackathon mock data,2025-07-06 13:00:00.000,2026-09-26 12:00:00.000,392FA979-80F4-BCA9-0000-00000000015E,FIELD_OBS_MOCK,TRUE
2DF9E057-8ECD-BD65-0000-00000000015F,515759EC-ECE3-E30C-0000-00000000003F,307DEFEB-9888-F474-0000-000000000070,128FB883-C2F8-1156-0000-000000000005,1064,1,YIELD_T_HA,Grain yield,14.57,t/ha,2024-09-03 11:00:00.000,WEIGHING,ACCEPTED,SYNTH_USER_02,SYNTHETIC — hackathon mock data,2024-09-23 09:00:00.000,2026-09-26 12:00:00.000,392FA979-80F4-BCA9-0000-00000000015F,FIELD_OBS_MOCK,TRUE
2DF9E057-8ECD-BD65-0000-000000000160,515759EC-ECE3-E30C-0000-000000000040,307DEFEB-9888-F474-0000-00000000007B,128FB883-C2F8-1156-0000-000000000001,1065,2,MOISTURE_PCT,Grain moisture,19.3,%,2024-06-18 08:00:00.000,WEIGHING,ACCEPTED,SYNTH_USER_01,SYNTHETIC — hackathon mock data,2024-08-18 13:00:00.000,2026-09-26 12:00:00.000,392FA979-80F4-BCA9-0000-000000000160,FIELD_OBS_MOCK,TRUE
2DF9E057-8ECD-BD65-0000-000000000161,515759EC-ECE3-E30C-0000-000000000041,307DEFEB-9888-F474-0000-000000000086,128FB883-C2F8-1156-0000-000000000005,1066,3,PLANT_HEIGHT_CM,Plant height,285.1,cm,2026-05-01 10:00:00.000,WEIGHING,ACCEPTED,SYNTH_USER_02,SYNTHETIC — hackathon mock data,2026-07-08 09:00:00.000,2026-09-26 12:00:00.000,392FA979-80F4-BCA9-0000-000000000161,FIELD_OBS_MOCK,TRUE
2DF9E057-8ECD-BD65-0000-000000000162,515759EC-ECE3-E30C-0000-000000000042,307DEFEB-9888-F474-0000-000000000091,128FB883-C2F8-1156-0000-000000000005,1067,1,DISEASE_SCORE,Disease severity score,1.6,score,2024-07-23 09:00:00.000,WEIGHING,REVIEW,SYNTH_USER_02,SYNTHETIC — hackathon mock data,2024-08-08 18:00:00.000,2026-09-26 12:00:00.000,392FA979-80F4-BCA9-0000-000000000162,FIELD_OBS_MOCK,TRUE
2DF9E057-8ECD-BD65-0000-000000000163,515759EC-ECE3-E30C-0000-000000000043,307DEFEB-9888-F474-0000-000000000006,128FB883-C2F8-1156-0000-000000000001,1068,2,FLOWERING_DAYS,Days to flowering,81.0,days,2025-08-12 07:00:00.000,WEIGHING,ACCEPTED,SYNTH_USER_03,SYNTHETIC — hackathon mock data,2025-07-26 10:00:00.000,2026-09-26 12:00:00.000,392FA979-80F4-BCA9-0000-000000000163,FIELD_OBS_MOCK,TRUE
2DF9E057-8ECD-BD65-0000-000000000164,515759EC-ECE3-E30C-0000-000000000044,307DEFEB-9888-F474-0000-000000000011,128FB883-C2F8-1156-0000-000000000001,1069,3,YIELD_T_HA,Grain yield,13.29,t/ha,2025-05-27 12:00:00.000,INSTRUMENT,ACCEPTED,SYNTH_USER_01,SYNTHETIC — hackathon mock data,2025-07-16 15:00:00.000,2026-09-26 12:00:00.000,392FA979-80F4-BCA9-0000-000000000164,FIELD_OBS_MOCK,TRUE
2DF9E057-8ECD-BD65-0000-000000000165,515759EC-ECE3-E30C-0000-000000000045,307DEFEB-9888-F474-0000-00000000001C,128FB883-C2F8-1156-0000-000000000006,1070,1,MOISTURE_PCT,Grain moisture,20.4,%,2026-08-02 14:00:00.000,INSTRUMENT,ACCEPTED,SYNTH_USER_03,SYNTHETIC — hackathon mock data,2026-09-02 16:00:00.000,2026-09-26 12:00:00.000,392FA979-80F4-BCA9-0000-000000000165,FIELD_OBS_MOCK,TRUE
2DF9E057-8ECD-BD65-0000-000000000166,515759EC-ECE3-E30C-0000-000000000046,307DEFEB-9888-F474-0000-000000000027,128FB883-C2F8-1156-0000-000000000005,1071,2,PLANT_HEIGHT_CM,Plant height,261.9,cm,2024-08-23 13:00:00.000,INSTRUMENT,ACCEPTED,SYNTH_USER_01,SYNTHETIC — hackathon mock data,2024-09-04 18:00:00.000,2026-09-26 12:00:00.000,392FA979-80F4-BCA9-0000-000000000166,FIELD_OBS_MOCK,TRUE
2DF9E057-8ECD-BD65-0000-000000000167,515759EC-ECE3-E30C-0000-000000000047,307DEFEB-9888-F474-0000-000000000032,128FB883-C2F8-1156-0000-000000000003,1072,3,DISEASE_SCORE,Disease severity score,4.0,score,2024-05-17 16:00:00.000,INSTRUMENT,ACCEPTED,SYNTH_USER_01,SYNTHETIC — hackathon mock data,2024-07-18 16:00:00.000,2026-09-26 12:00:00.000,392FA979-80F4-BCA9-0000-000000000167,FIELD_OBS_MOCK,TRUE
2DF9E057-8ECD-BD65-0000-000000000168,515759EC-ECE3-E30C-0000-000000000048,307DEFEB-9888-F474-0000-00000000003D,128FB883-C2F8-1156-0000-000000000004,1073,1,FLOWERING_DAYS,Days to flowering,66.0,days,2025-06-27 11:00:00.000,INSTRUMENT,ACCEPTED,SYNTH_USER_04,SYNTHETIC — hackathon mock data,2025-06-12 07:00:00.000,2026-09-26 12:00:00.000,392FA979-80F4-BCA9-0000-000000000168,FIELD_OBS_MOCK,TRUE
2DF9E057-8ECD-BD65-0000-000000000169,515759EC-ECE3-E30C-0000-000000000001,307DEFEB-9888-F474-0000-000000000048,128FB883-C2F8-1156-0000-000000000006,1074,2,YIELD_T_HA,Grain yield,13.96,t/ha,2025-06-18 08:00:00.000,INSTRUMENT,ACCEPTED,SYNTH_USER_01,SYNTHETIC — hackathon mock data,2025-05-27 11:00:00.000,2026-09-26 12:00:00.000,392FA979-80F4-BCA9-0000-000000000169,FIELD_OBS_MOCK,TRUE
2DF9E057-8ECD-BD65-0000-00000000016A,515759EC-ECE3-E30C-0000-000000000002,307DEFEB-9888-F474-0000-000000000053,128FB883-C2F8-1156-0000-000000000004,1075,3,MOISTURE_PCT,Grain moisture,14.0,%,2026-05-11 08:00:00.000,FIELD_VISUAL,ACCEPTED,SYNTH_USER_03,SYNTHETIC — hackathon mock data,2026-06-12 07:00:00.000,2026-09-26 12:00:00.000,392FA979-80F4-BCA9-0000-00000000016A,FIELD_OBS_MOCK,TRUE
2DF9E057-8ECD-BD65-0000-00000000016B,515759EC-ECE3-E30C-0000-000000000003,307DEFEB-9888-F474-0000-00000000005E,128FB883-C2F8-1156-0000-000000000004,1076,1,PLANT_HEIGHT_CM,Plant height,268.1,cm,2024-05-06 11:00:00.000,INSTRUMENT,ACCEPTED,SYNTH_USER_02,SYNTHETIC — hackathon mock data,2024-06-07 17:00:00.000,2026-09-26 12:00:00.000,392FA979-80F4-BCA9-0000-00000000016B,FIELD_OBS_MOCK,TRUE
2DF9E057-8ECD-BD65-0000-00000000016C,515759EC-ECE3-E30C-0000-000000000004,307DEFEB-9888-F474-0000-000000000069,128FB883-C2F8-1156-0000-000000000005,1077,2,DISEASE_SCORE,Disease severity score,4.6,score,2024-06-12 11:00:00.000,FIELD_VISUAL,ACCEPTED,SYNTH_USER_02,SYNTHETIC — hackathon mock data,2024-07-28 17:00:00.000,2026-09-26 12:00:00.000,392FA979-80F4-BCA9-0000-00000000016C,FIELD_OBS_MOCK,TRUE
2DF9E057-8ECD-BD65-0000-00000000016D,515759EC-ECE3-E30C-0000-000000000005,307DEFEB-9888-F474-0000-000000000074,128FB883-C2F8-1156-0000-000000000003,1078,3,FLOWERING_DAYS,Days to flowering,47.0,days,2025-05-14 10:00:00.000,FIELD_VISUAL,ACCEPTED,SYNTH_USER_02,SYNTHETIC — hackathon mock data,2025-07-06 07:00:00.000,2026-09-26 12:00:00.000,392FA979-80F4-BCA9-0000-00000000016D,FIELD_OBS_MOCK,TRUE
2DF9E057-8ECD-BD65-0000-00000000016E,515759EC-ECE3-E30C-0000-000000000006,307DEFEB-9888-F474-0000-00000000007F,128FB883-C2F8-1156-0000-000000000005,1079,1,YIELD_T_HA,Grain yield,5.62,t/ha,2024-08-07 13:00:00.000,INSTRUMENT,ACCEPTED,SYNTH_USER_02,SYNTHETIC — hackathon mock data,2024-07-02 18:00:00.000,2026-09-26 12:00:00.000,392FA979-80F4-BCA9-0000-00000000016E,FIELD_OBS_MOCK,TRUE
2DF9E057-8ECD-BD65-0000-00000000016F,515759EC-ECE3-E30C-0000-000000000007,307DEFEB-9888-F474-0000-00000000008A,128FB883-C2F8-1156-0000-000000000002,1080,2,MOISTURE_PCT,Grain moisture,25.2,%,2025-07-26 13:00:00.000,WEIGHING,ACCEPTED,SYNTH_USER_04,SYNTHETIC — hackathon mock data,2025-08-14 10:00:00.000,2026-09-26 12:00:00.000,392FA979-80F4-BCA9-0000-00000000016F,FIELD_OBS_MOCK,TRUE
2DF9E057-8ECD-BD65-0000-000000000170,515759EC-ECE3-E30C-0000-000000000008,307DEFEB-9888-F474-0000-000000000095,128FB883-C2F8-1156-0000-000000000001,1081,3,PLANT_HEIGHT_CM,Plant height,251.5,cm,2025-05-15 10:00:00.000,FIELD_VISUAL,ACCEPTED,SYNTH_USER_03,SYNTHETIC — hackathon mock data,2025-07-20 13:00:00.000,2026-09-26 12:00:00.000,392FA979-80F4-BCA9-0000-000000000170,FIELD_OBS_MOCK,TRUE
2DF9E057-8ECD-BD65-0000-000000000171,515759EC-ECE3-E30C-0000-000000000009,307DEFEB-9888-F474-0000-00000000000A,128FB883-C2F8-1156-0000-000000000004,1082,1,DISEASE_SCORE,Disease severity score,5.6,score,2026-05-19 08:00:00.000,FIELD_VISUAL,ACCEPTED,SYNTH_USER_01,SYNTHETIC — hackathon mock data,2026-06-23 18:00:00.000,2026-09-26 12:00:00.000,392FA979-80F4-BCA9-0000-000000000171,FIELD_OBS_MOCK,TRUE
2DF9E057-8ECD-BD65-0000-000000000172,515759EC-ECE3-E30C-0000-00000000000A,307DEFEB-9888-F474-0000-000000000015,128FB883-C2F8-1156-0000-000000000006,1083,2,FLOWERING_DAYS,Days to flowering,65.0,days,2026-08-24 10:00:00.000,WEIGHING,ACCEPTED,SYNTH_USER_02,SYNTHETIC — hackathon mock data,2026-05-05 15:00:00.000,2026-09-26 12:00:00.000,392FA979-80F4-BCA9-0000-000000000172,FIELD_OBS_MOCK,TRUE
2DF9E057-8ECD-BD65-0000-000000000173,515759EC-ECE3-E30C-0000-00000000000B,307DEFEB-9888-F474-0000-000000000020,128FB883-C2F8-1156-0000-000000000005,1084,3,YIELD_T_HA,Grain yield,11.67,t/ha,2025-05-11 07:00:00.000,FIELD_VISUAL,ACCEPTED,SYNTH_USER_03,SYNTHETIC — hackathon mock data,2025-07-06 13:00:00.000,2026-09-26 12:00:00.000,392FA979-80F4-BCA9-0000-000000000173,FIELD_OBS_MOCK,TRUE
2DF9E057-8ECD-BD65-0000-000000000174,515759EC-ECE3-E30C-0000-00000000000C,307DEFEB-9888-F474-0000-00000000002B,128FB883-C2F8-1156-0000-000000000002,1085,1,MOISTURE_PCT,Grain moisture,26.2,%,2024-05-25 16:00:00.000,WEIGHING,ACCEPTED,SYNTH_USER_04,SYNTHETIC — hackathon mock data,2024-05-05 14:00:00.000,2026-09-26 12:00:00.000,392FA979-80F4-BCA9-0000-000000000174,FIELD_OBS_MOCK,TRUE
2DF9E057-8ECD-BD65-0000-000000000175,515759EC-ECE3-E30C-0000-00000000000D,307DEFEB-9888-F474-0000-000000000036,128FB883-C2F8-1156-0000-000000000004,1086,2,PLANT_HEIGHT_CM,Plant height,289.7,cm,2026-06-02 16:00:00.000,INSTRUMENT,ACCEPTED,SYNTH_USER_03,SYNTHETIC — hackathon mock data,2026-09-17 18:00:00.000,2026-09-26 12:00:00.000,392FA979-80F4-BCA9-0000-000000000175,FIELD_OBS_MOCK,TRUE
2DF9E057-8ECD-BD65-0000-000000000176,515759EC-ECE3-E30C-0000-00000000000E,307DEFEB-9888-F474-0000-000000000041,128FB883-C2F8-1156-0000-000000000004,1087,3,DISEASE_SCORE,Disease severity score,4.6,score,2024-05-28 14:00:00.000,WEIGHING,ACCEPTED,SYNTH_USER_02,SYNTHETIC — hackathon mock data,2024-07-22 10:00:00.000,2026-09-26 12:00:00.000,392FA979-80F4-BCA9-0000-000000000176,FIELD_OBS_MOCK,TRUE
2DF9E057-8ECD-BD65-0000-000000000177,515759EC-ECE3-E30C-0000-00000000000F,307DEFEB-9888-F474-0000-00000000004C,128FB883-C2F8-1156-0000-000000000005,1088,1,FLOWERING_DAYS,Days to flowering,52.0,days,2024-07-05 08:00:00.000,WEIGHING,ACCEPTED,SYNTH_USER_02,SYNTHETIC — hackathon mock data,2024-09-09 07:00:00.000,2026-09-26 12:00:00.000,392FA979-80F4-BCA9-0000-000000000177,FIELD_OBS_MOCK,TRUE
2DF9E057-8ECD-BD65-0000-000000000178,515759EC-ECE3-E30C-0000-000000000010,307DEFEB-9888-F474-0000-000000000057,128FB883-C2F8-1156-0000-000000000001,1089,2,YIELD_T_HA,Grain yield,14.54,t/ha,2026-08-09 15:00:00.000,INSTRUMENT,ACCEPTED,SYNTH_USER_03,SYNTHETIC — hackathon mock data,2026-05-08 07:00:00.000,2026-09-26 12:00:00.000,392FA979-80F4-BCA9-0000-000000000178,FIELD_OBS_MOCK,TRUE
2DF9E057-8ECD-BD65-0000-000000000179,515759EC-ECE3-E30C-0000-000000000011,307DEFEB-9888-F474-0000-000000000062,128FB883-C2F8-1156-0000-000000000001,1090,3,MOISTURE_PCT,Grain moisture,13.9,%,2024-05-14 10:00:00.000,FIELD_VISUAL,ACCEPTED,SYNTH_USER_04,SYNTHETIC — hackathon mock data,2024-05-05 09:00:00.000,2026-09-26 12:00:00.000,392FA979-80F4-BCA9-0000-000000000179,FIELD_OBS_MOCK,TRUE
2DF9E057-8ECD-BD65-0000-00000000017A,515759EC-ECE3-E30C-0000-000000000012,307DEFEB-9888-F474-0000-00000000006D,128FB883-C2F8-1156-0000-000000000002,1091,1,PLANT_HEIGHT_CM,Plant height,188.0,cm,2025-08-24 08:00:00.000,INSTRUMENT,ACCEPTED,SYNTH_USER_02,SYNTHETIC — hackathon mock data,2025-09-09 10:00:00.000,2026-09-26 12:00:00.000,392FA979-80F4-BCA9-0000-00000000017A,FIELD_OBS_MOCK,TRUE
2DF9E057-8ECD-BD65-0000-00000000017B,515759EC-ECE3-E30C-0000-000000000013,307DEFEB-9888-F474-0000-000000000078,128FB883-C2F8-1156-0000-000000000005,1092,2,DISEASE_SCORE,Disease severity score,7.3,score,2026-09-11 12:00:00.000,WEIGHING,ACCEPTED,SYNTH_USER_01,SYNTHETIC — hackathon mock data,2026-05-17 11:00:00.000,2026-09-26 12:00:00.000,392FA979-80F4-BCA9-0000-00000000017B,FIELD_OBS_MOCK,TRUE
2DF9E057-8ECD-BD65-0000-00000000017C,515759EC-ECE3-E30C-0000-000000000014,307DEFEB-9888-F474-0000-000000000083,128FB883-C2F8-1156-0000-000000000005,1093,3,FLOWERING_DAYS,Days to flowering,72.0,days,2026-09-13 18:00:00.000,FIELD_VISUAL,ACCEPTED,SYNTH_USER_03,SYNTHETIC — hackathon mock data,2026-08-10 12:00:00.000,2026-09-26 12:00:00.000,392FA979-80F4-BCA9-0000-00000000017C,FIELD_OBS_MOCK,TRUE
2DF9E057-8ECD-BD65-0000-00000000017D,515759EC-ECE3-E30C-0000-000000000015,307DEFEB-9888-F474-0000-00000000008E,128FB883-C2F8-1156-0000-000000000001,1094,1,YIELD_T_HA,Grain yield,9.5,t/ha,2025-08-20 16:00:00.000,INSTRUMENT,ACCEPTED,SYNTH_USER_02,SYNTHETIC — hackathon mock data,2025-09-16 08:00:00.000,2026-09-26 12:00:00.000,392FA979-80F4-BCA9-0000-00000000017D,FIELD_OBS_MOCK,TRUE
2DF9E057-8ECD-BD65-0000-00000000017E,515759EC-ECE3-E30C-0000-000000000016,307DEFEB-9888-F474-0000-000000000003,128FB883-C2F8-1156-0000-000000000005,1095,2,MOISTURE_PCT,Grain moisture,19.4,%,2024-09-21 17:00:00.000,WEIGHING,REVIEW,SYNTH_USER_01,SYNTHETIC — hackathon mock data,2024-06-03 12:00:00.000,2026-09-26 12:00:00.000,392FA979-80F4-BCA9-0000-00000000017E,FIELD_OBS_MOCK,TRUE
2DF9E057-8ECD-BD65-0000-00000000017F,515759EC-ECE3-E30C-0000-000000000017,307DEFEB-9888-F474-0000-00000000000E,128FB883-C2F8-1156-0000-000000000006,1096,3,PLANT_HEIGHT_CM,Plant height,174.8,cm,2026-08-22 14:00:00.000,FIELD_VISUAL,ACCEPTED,SYNTH_USER_02,SYNTHETIC — hackathon mock data,2026-08-05 15:00:00.000,2026-09-26 12:00:00.000,392FA979-80F4-BCA9-0000-00000000017F,FIELD_OBS_MOCK,TRUE
2DF9E057-8ECD-BD65-0000-000000000180,515759EC-ECE3-E30C-0000-000000000018,307DEFEB-9888-F474-0000-000000000019,128FB883-C2F8-1156-0000-000000000003,1001,1,DISEASE_SCORE,Disease severity score,7.8,score,2026-08-07 17:00:00.000,FIELD_VISUAL,ACCEPTED,SYNTH_USER_04,SYNTHETIC — hackathon mock data,2026-06-15 15:00:00.000,2026-09-26 12:00:00.000,392FA979-80F4-BCA9-0000-000000000180,FIELD_OBS_MOCK,TRUE
2DF9E057-8ECD-BD65-0000-000000000181,515759EC-ECE3-E30C-0000-000000000019,307DEFEB-9888-F474-0000-000000000024,128FB883-C2F8-1156-0000-000000000001,1002,2,FLOWERING_DAYS,Days to flowering,72.0,days,2026-05-28 12:00:00.000,WEIGHING,ACCEPTED,SYNTH_USER_02,SYNTHETIC — hackathon mock data,2026-08-03 07:00:00.000,2026-09-26 12:00:00.000,392FA979-80F4-BCA9-0000-000000000181,FIELD_OBS_MOCK,TRUE
2DF9E057-8ECD-BD65-0000-000000000182,515759EC-ECE3-E30C-0000-00000000001A,307DEFEB-9888-F474-0000-00000000002F,128FB883-C2F8-1156-0000-000000000006,1003,3,YIELD_T_HA,Grain yield,9.29,t/ha,2026-09-21 15:00:00.000,INSTRUMENT,ACCEPTED,SYNTH_USER_02,SYNTHETIC — hackathon mock data,2026-08-08 12:00:00.000,2026-09-26 12:00:00.000,392FA979-80F4-BCA9-0000-000000000182,FIELD_OBS_MOCK,TRUE
2DF9E057-8ECD-BD65-0000-000000000183,515759EC-ECE3-E30C-0000-00000000001B,307DEFEB-9888-F474-0000-00000000003A,128FB883-C2F8-1156-0000-000000000003,1004,1,MOISTURE_PCT,Grain moisture,16.3,%,2024-09-20 11:00:00.000,WEIGHING,ACCEPTED,SYNTH_USER_04,SYNTHETIC — hackathon mock data,2024-07-07 09:00:00.000,2026-09-26 12:00:00.000,392FA979-80F4-BCA9-0000-000000000183,FIELD_OBS_MOCK,TRUE
2DF9E057-8ECD-BD65-0000-000000000184,515759EC-ECE3-E30C-0000-00000000001C,307DEFEB-9888-F474-0000-000000000045,128FB883-C2F8-1156-0000-000000000006,1005,2,PLANT_HEIGHT_CM,Plant height,184.0,cm,2025-08-28 11:00:00.000,FIELD_VISUAL,ACCEPTED,SYNTH_USER_01,SYNTHETIC — hackathon mock data,2025-06-20 15:00:00.000,2026-09-26 12:00:00.000,392FA979-80F4-BCA9-0000-000000000184,FIELD_OBS_MOCK,TRUE
2DF9E057-8ECD-BD65-0000-000000000185,515759EC-ECE3-E30C-0000-00000000001D,307DEFEB-9888-F474-0000-000000000050,128FB883-C2F8-1156-0000-000000000002,1006,3,DISEASE_SCORE,Disease severity score,7.3,score,2024-06-15 15:00:00.000,FIELD_VISUAL,ACCEPTED,SYNTH_USER_02,SYNTHETIC — hackathon mock data,2024-05-21 08:00:00.000,2026-09-26 12:00:00.000,392FA979-80F4-BCA9-0000-000000000185,FIELD_OBS_MOCK,TRUE
2DF9E057-8ECD-BD65-0000-000000000186,515759EC-ECE3-E30C-0000-00000000001E,307DEFEB-9888-F474-0000-00000000005B,128FB883-C2F8-1156-0000-000000000004,1007,1,FLOWERING_DAYS,Days to flowering,57.0,days,2026-09-11 10:00:00.000,WEIGHING,ACCEPTED,SYNTH_USER_02,SYNTHETIC — hackathon mock data,2026-07-06 13:00:00.000,2026-09-26 12:00:00.000,392FA979-80F4-BCA9-0000-000000000186,FIELD_OBS_MOCK,TRUE
2DF9E057-8ECD-BD65-0000-000000000187,515759EC-ECE3-E30C-0000-00000000001F,307DEFEB-9888-F474-0000-000000000066,128FB883-C2F8-1156-0000-000000000005,1008,2,YIELD_T_HA,Grain yield,7.43,t/ha,2026-07-11 11:00:00.000,INSTRUMENT,ACCEPTED,SYNTH_USER_03,SYNTHETIC — hackathon mock data,2026-05-24 16:00:00.000,2026-09-26 12:00:00.000,392FA979-80F4-BCA9-0000-000000000187,FIELD_OBS_MOCK,TRUE
2DF9E057-8ECD-BD65-0000-000000000188,515759EC-ECE3-E30C-0000-000000000020,307DEFEB-9888-F474-0000-000000000071,128FB883-C2F8-1156-0000-000000000005,1009,3,MOISTURE_PCT,Grain moisture,28.2,%,2025-05-08 13:00:00.000,INSTRUMENT,ACCEPTED,SYNTH_USER_04,SYNTHETIC — hackathon mock data,2025-05-14 11:00:00.000,2026-09-26 12:00:00.000,392FA979-80F4-BCA9-0000-000000000188,FIELD_OBS_MOCK,TRUE
2DF9E057-8ECD-BD65-0000-000000000189,515759EC-ECE3-E30C-0000-000000000021,307DEFEB-9888-F474-0000-00000000007C,128FB883-C2F8-1156-0000-000000000003,1010,1,PLANT_HEIGHT_CM,Plant height,291.3,cm,2025-08-25 16:00:00.000,WEIGHING,ACCEPTED,SYNTH_USER_03,SYNTHETIC — hackathon mock data,2025-09-03 12:00:00.000,2026-09-26 12:00:00.000,392FA979-80F4-BCA9-0000-000000000189,FIELD_OBS_MOCK,TRUE
2DF9E057-8ECD-BD65-0000-00000000018A,515759EC-ECE3-E30C-0000-000000000022,307DEFEB-9888-F474-0000-000000000087,128FB883-C2F8-1156-0000-000000000002,1011,2,DISEASE_SCORE,Disease severity score,1.5,score,2024-07-06 07:00:00.000,WEIGHING,REVIEW,SYNTH_USER_04,SYNTHETIC — hackathon mock data,2024-07-19 13:00:00.000,2026-09-26 12:00:00.000,392FA979-80F4-BCA9-0000-00000000018A,FIELD_OBS_MOCK,TRUE
2DF9E057-8ECD-BD65-0000-00000000018B,515759EC-ECE3-E30C-0000-000000000023,307DEFEB-9888-F474-0000-000000000092,128FB883-C2F8-1156-0000-000000000004,1012,3,FLOWERING_DAYS,Days to flowering,82.0,days,2024-06-25 13:00:00.000,FIELD_VISUAL,REVIEW,SYNTH_USER_03,SYNTHETIC — hackathon mock data,2024-09-05 07:00:00.000,2026-09-26 12:00:00.000,392FA979-80F4-BCA9-0000-00000000018B,FIELD_OBS_MOCK,TRUE
2DF9E057-8ECD-BD65-0000-00000000018C,515759EC-ECE3-E30C-0000-000000000024,307DEFEB-9888-F474-0000-000000000007,128FB883-C2F8-1156-0000-000000000003,1013,1,YIELD_T_HA,Grain yield,5.02,t/ha,2024-09-23 15:00:00.000,INSTRUMENT,ACCEPTED,SYNTH_USER_04,SYNTHETIC — hackathon mock data,2024-06-23 13:00:00.000,2026-09-26 12:00:00.000,392FA979-80F4-BCA9-0000-00000000018C,FIELD_OBS_MOCK,TRUE
2DF9E057-8ECD-BD65-0000-00000000018D,515759EC-ECE3-E30C-0000-000000000025,307DEFEB-9888-F474-0000-000000000012,128FB883-C2F8-1156-0000-000000000005,1014,2,MOISTURE_PCT,Grain moisture,28.0,%,2024-05-03 12:00:00.000,FIELD_VISUAL,ACCEPTED,SYNTH_USER_02,SYNTHETIC — hackathon mock data,2024-07-27 16:00:00.000,2026-09-26 12:00:00.000,392FA979-80F4-BCA9-0000-00000000018D,FIELD_OBS_MOCK,TRUE
2DF9E057-8ECD-BD65-0000-00000000018E,515759EC-ECE3-E30C-0000-000000000026,307DEFEB-9888-F474-0000-00000000001D,128FB883-C2F8-1156-0000-000000000001,1015,3,PLANT_HEIGHT_CM,Plant height,194.1,cm,2024-05-09 18:00:00.000,INSTRUMENT,ACCEPTED,SYNTH_USER_04,SYNTHETIC — hackathon mock data,2024-08-24 11:00:00.000,2026-09-26 12:00:00.000,392FA979-80F4-BCA9-0000-00000000018E,FIELD_OBS_MOCK,TRUE
2DF9E057-8ECD-BD65-0000-00000000018F,515759EC-ECE3-E30C-0000-000000000027,307DEFEB-9888-F474-0000-000000000028,128FB883-C2F8-1156-0000-000000000004,1016,1,DISEASE_SCORE,Disease severity score,8.8,score,2026-09-05 14:00:00.000,WEIGHING,ACCEPTED,SYNTH_USER_04,SYNTHETIC — hackathon mock data,2026-06-12 11:00:00.000,2026-09-26 12:00:00.000,392FA979-80F4-BCA9-0000-00000000018F,FIELD_OBS_MOCK,TRUE
2DF9E057-8ECD-BD65-0000-000000000190,515759EC-ECE3-E30C-0000-000000000028,307DEFEB-9888-F474-0000-000000000033,128FB883-C2F8-1156-0000-000000000006,1017,2,FLOWERING_DAYS,Days to flowering,85.0,days,2025-06-18 17:00:00.000,FIELD_VISUAL,ACCEPTED,SYNTH_USER_02,SYNTHETIC — hackathon mock data,2025-09-14 10:00:00.000,2026-09-26 12:00:00.000,392FA979-80F4-BCA9-0000-000000000190,FIELD_OBS_MOCK,TRUE
2DF9E057-8ECD-BD65-0000-000000000191,515759EC-ECE3-E30C-0000-000000000029,307DEFEB-9888-F474-0000-00000000003E,128FB883-C2F8-1156-0000-000000000001,1018,3,YIELD_T_HA,Grain yield,14.17,t/ha,2025-06-21 17:00:00.000,INSTRUMENT,REJECTED,SYNTH_USER_02,SYNTHETIC — hackathon mock data,2025-08-16 09:00:00.000,2026-09-26 12:00:00.000,392FA979-80F4-BCA9-0000-000000000191,FIELD_OBS_MOCK,TRUE
2DF9E057-8ECD-BD65-0000-000000000192,515759EC-ECE3-E30C-0000-00000000002A,307DEFEB-9888-F474-0000-000000000049,128FB883-C2F8-1156-0000-000000000004,1019,1,MOISTURE_PCT,Grain moisture,10.0,%,2026-05-14 18:00:00.000,FIELD_VISUAL,ACCEPTED,SYNTH_USER_03,SYNTHETIC — hackathon mock data,2026-07-11 17:00:00.000,2026-09-26 12:00:00.000,392FA979-80F4-BCA9-0000-000000000192,FIELD_OBS_MOCK,TRUE
2DF9E057-8ECD-BD65-0000-000000000193,515759EC-ECE3-E30C-0000-00000000002B,307DEFEB-9888-F474-0000-000000000054,128FB883-C2F8-1156-0000-000000000002,1020,2,PLANT_HEIGHT_CM,Plant height,195.2,cm,2024-05-12 11:00:00.000,FIELD_VISUAL,ACCEPTED,SYNTH_USER_04,SYNTHETIC — hackathon mock data,2024-06-04 15:00:00.000,2026-09-26 12:00:00.000,392FA979-80F4-BCA9-0000-000000000193,FIELD_OBS_MOCK,TRUE
2DF9E057-8ECD-BD65-0000-000000000194,515759EC-ECE3-E30C-0000-00000000002C,307DEFEB-9888-F474-0000-00000000005F,128FB883-C2F8-1156-0000-000000000005,1021,3,DISEASE_SCORE,Disease severity score,6.8,score,2026-05-10 15:00:00.000,FIELD_VISUAL,ACCEPTED,SYNTH_USER_01,SYNTHETIC — hackathon mock data,2026-09-09 14:00:00.000,2026-09-26 12:00:00.000,392FA979-80F4-BCA9-0000-000000000194,FIELD_OBS_MOCK,TRUE
2DF9E057-8ECD-BD65-0000-000000000195,515759EC-ECE3-E30C-0000-00000000002D,307DEFEB-9888-F474-0000-00000000006A,128FB883-C2F8-1156-0000-000000000003,1022,1,FLOWERING_DAYS,Days to flowering,49.0,days,2024-08-19 11:00:00.000,INSTRUMENT,ACCEPTED,SYNTH_USER_02,SYNTHETIC — hackathon mock data,2024-09-26 15:00:00.000,2026-09-26 12:00:00.000,392FA979-80F4-BCA9-0000-000000000195,FIELD_OBS_MOCK,TRUE
2DF9E057-8ECD-BD65-0000-000000000196,515759EC-ECE3-E30C-0000-00000000002E,307DEFEB-9888-F474-0000-000000000075,128FB883-C2F8-1156-0000-000000000003,1023,2,YIELD_T_HA,Grain yield,13.37,t/ha,2025-08-02 15:00:00.000,WEIGHING,ACCEPTED,SYNTH_USER_01,SYNTHETIC — hackathon mock data,2025-09-20 07:00:00.000,2026-09-26 12:00:00.000,392FA979-80F4-BCA9-0000-000000000196,FIELD_OBS_MOCK,TRUE
2DF9E057-8ECD-BD65-0000-000000000197,515759EC-ECE3-E30C-0000-00000000002F,307DEFEB-9888-F474-0000-000000000080,128FB883-C2F8-1156-0000-000000000004,1024,3,MOISTURE_PCT,Grain moisture,17.8,%,2026-09-26 14:00:00.000,FIELD_VISUAL,ACCEPTED,SYNTH_USER_03,SYNTHETIC — hackathon mock data,2026-09-24 12:00:00.000,2026-09-26 12:00:00.000,392FA979-80F4-BCA9-0000-000000000197,FIELD_OBS_MOCK,TRUE
2DF9E057-8ECD-BD65-0000-000000000198,515759EC-ECE3-E30C-0000-000000000030,307DEFEB-9888-F474-0000-00000000008B,128FB883-C2F8-1156-0000-000000000003,1025,1,PLANT_HEIGHT_CM,Plant height,303.2,cm,2025-05-17 15:00:00.000,FIELD_VISUAL,ACCEPTED,SYNTH_USER_03,SYNTHETIC — hackathon mock data,2025-06-22 13:00:00.000,2026-09-26 12:00:00.000,392FA979-80F4-BCA9-0000-000000000198,FIELD_OBS_MOCK,TRUE
2DF9E057-8ECD-BD65-0000-000000000199,515759EC-ECE3-E30C-0000-000000000031,307DEFEB-9888-F474-0000-000000000096,128FB883-C2F8-1156-0000-000000000002,1026,2,DISEASE_SCORE,Disease severity score,1.6,score,2024-06-03 16:00:00.000,FIELD_VISUAL,ACCEPTED,SYNTH_USER_03,SYNTHETIC — hackathon mock data,2024-07-07 11:00:00.000,2026-09-26 12:00:00.000,392FA979-80F4-BCA9-0000-000000000199,FIELD_OBS_MOCK,TRUE
2DF9E057-8ECD-BD65-0000-00000000019A,515759EC-ECE3-E30C-0000-000000000032,307DEFEB-9888-F474-0000-00000000000B,128FB883-C2F8-1156-0000-000000000003,1027,3,FLOWERING_DAYS,Days to flowering,70.0,days,2024-09-14 15:00:00.000,WEIGHING,ACCEPTED,SYNTH_USER_03,SYNTHETIC — hackathon mock data,2024-07-17 10:00:00.000,2026-09-26 12:00:00.000,392FA979-80F4-BCA9-0000-00000000019A,FIELD_OBS_MOCK,TRUE
2DF9E057-8ECD-BD65-0000-00000000019B,515759EC-ECE3-E30C-0000-000000000033,307DEFEB-9888-F474-0000-000000000016,128FB883-C2F8-1156-0000-000000000003,1028,1,YIELD_T_HA,Grain yield,10.14,t/ha,2026-09-05 13:00:00.000,WEIGHING,REVIEW,SYNTH_USER_03,SYNTHETIC — hackathon mock data,2026-08-20 11:00:00.000,2026-09-26 12:00:00.000,392FA979-80F4-BCA9-0000-00000000019B,FIELD_OBS_MOCK,TRUE
2DF9E057-8ECD-BD65-0000-00000000019C,515759EC-ECE3-E30C-0000-000000000034,307DEFEB-9888-F474-0000-000000000021,128FB883-C2F8-1156-0000-000000000004,1029,2,MOISTURE_PCT,Grain moisture,28.9,%,2026-06-09 15:00:00.000,INSTRUMENT,ACCEPTED,SYNTH_USER_02,SYNTHETIC — hackathon mock data,2026-09-23 13:00:00.000,2026-09-26 12:00:00.000,392FA979-80F4-BCA9-0000-00000000019C,FIELD_OBS_MOCK,TRUE
2DF9E057-8ECD-BD65-0000-00000000019D,515759EC-ECE3-E30C-0000-000000000035,307DEFEB-9888-F474-0000-00000000002C,128FB883-C2F8-1156-0000-000000000002,1030,3,PLANT_HEIGHT_CM,Plant height,192.1,cm,2024-08-02 11:00:00.000,INSTRUMENT,ACCEPTED,SYNTH_USER_02,SYNTHETIC — hackathon mock data,2024-09-28 15:00:00.000,2026-09-26 12:00:00.000,392FA979-80F4-BCA9-0000-00000000019D,FIELD_OBS_MOCK,TRUE
2DF9E057-8ECD-BD65-0000-00000000019E,515759EC-ECE3-E30C-0000-000000000036,307DEFEB-9888-F474-0000-000000000037,128FB883-C2F8-1156-0000-000000000004,1031,1,DISEASE_SCORE,Disease severity score,5.0,score,2024-09-05 10:00:00.000,FIELD_VISUAL,ACCEPTED,SYNTH_USER_01,SYNTHETIC — hackathon mock data,2024-07-04 12:00:00.000,2026-09-26 12:00:00.000,392FA979-80F4-BCA9-0000-00000000019E,FIELD_OBS_MOCK,TRUE
2DF9E057-8ECD-BD65-0000-00000000019F,515759EC-ECE3-E30C-0000-000000000037,307DEFEB-9888-F474-0000-000000000042,128FB883-C2F8-1156-0000-000000000005,1032,2,FLOWERING_DAYS,Days to flowering,91.0,days,2025-07-25 10:00:00.000,WEIGHING,ACCEPTED,SYNTH_USER_01,SYNTHETIC — hackathon mock data,2025-07-02 08:00:00.000,2026-09-26 12:00:00.000,392FA979-80F4-BCA9-0000-00000000019F,FIELD_OBS_MOCK,TRUE
2DF9E057-8ECD-BD65-0000-0000000001A0,515759EC-ECE3-E30C-0000-000000000038,307DEFEB-9888-F474-0000-00000000004D,128FB883-C2F8-1156-0000-000000000005,1033,3,YIELD_T_HA,Grain yield,6.11,t/ha,2026-09-17 17:00:00.000,WEIGHING,ACCEPTED,SYNTH_USER_02,SYNTHETIC — hackathon mock data,2026-05-16 16:00:00.000,2026-09-26 12:00:00.000,392FA979-80F4-BCA9-0000-0000000001A0,FIELD_OBS_MOCK,TRUE
2DF9E057-8ECD-BD65-0000-0000000001A1,515759EC-ECE3-E30C-0000-000000000039,307DEFEB-9888-F474-0000-000000000058,128FB883-C2F8-1156-0000-000000000002,1034,1,MOISTURE_PCT,Grain moisture,12.9,%,2026-08-24 17:00:00.000,FIELD_VISUAL,ACCEPTED,SYNTH_USER_01,SYNTHETIC — hackathon mock data,2026-09-12 16:00:00.000,2026-09-26 12:00:00.000,392FA979-80F4-BCA9-0000-0000000001A1,FIELD_OBS_MOCK,TRUE
2DF9E057-8ECD-BD65-0000-0000000001A2,515759EC-ECE3-E30C-0000-00000000003A,307DEFEB-9888-F474-0000-000000000063,128FB883-C2F8-1156-0000-000000000006,1035,2,PLANT_HEIGHT_CM,Plant height,189.4,cm,2024-06-24 10:00:00.000,INSTRUMENT,ACCEPTED,SYNTH_USER_03,SYNTHETIC — hackathon mock data,2024-05-23 09:00:00.000,2026-09-26 12:00:00.000,392FA979-80F4-BCA9-0000-0000000001A2,FIELD_OBS_MOCK,TRUE
2DF9E057-8ECD-BD65-0000-0000000001A3,515759EC-ECE3-E30C-0000-00000000003B,307DEFEB-9888-F474-0000-00000000006E,128FB883-C2F8-1156-0000-000000000006,1036,3,DISEASE_SCORE,Disease severity score,1.3,score,2024-05-11 17:00:00.000,FIELD_VISUAL,ACCEPTED,SYNTH_USER_01,SYNTHETIC — hackathon mock data,2024-06-16 14:00:00.000,2026-09-26 12:00:00.000,392FA979-80F4-BCA9-0000-0000000001A3,FIELD_OBS_MOCK,TRUE
2DF9E057-8ECD-BD65-0000-0000000001A4,515759EC-ECE3-E30C-0000-00000000003C,307DEFEB-9888-F474-0000-000000000079,128FB883-C2F8-1156-0000-000000000001,1037,1,FLOWERING_DAYS,Days to flowering,84.0,days,2025-09-03 08:00:00.000,WEIGHING,REJECTED,SYNTH_USER_01,SYNTHETIC — hackathon mock data,2025-06-22 08:00:00.000,2026-09-26 12:00:00.000,392FA979-80F4-BCA9-0000-0000000001A4,FIELD_OBS_MOCK,TRUE
2DF9E057-8ECD-BD65-0000-0000000001A5,515759EC-ECE3-E30C-0000-00000000003D,307DEFEB-9888-F474-0000-000000000084,128FB883-C2F8-1156-0000-000000000002,1038,2,YIELD_T_HA,Grain yield,11.78,t/ha,2024-05-22 10:00:00.000,FIELD_VISUAL,ACCEPTED,SYNTH_USER_02,SYNTHETIC — hackathon mock data,2024-08-12 11:00:00.000,2026-09-26 12:00:00.000,392FA979-80F4-BCA9-0000-0000000001A5,FIELD_OBS_MOCK,TRUE
2DF9E057-8ECD-BD65-0000-0000000001A6,515759EC-ECE3-E30C-0000-00000000003E,307DEFEB-9888-F474-0000-00000000008F,128FB883-C2F8-1156-0000-000000000005,1039,3,MOISTURE_PCT,Grain moisture,14.7,%,2025-07-18 08:00:00.000,WEIGHING,REVIEW,SYNTH_USER_01,SYNTHETIC — hackathon mock data,2025-06-09 07:00:00.000,2026-09-26 12:00:00.000,392FA979-80F4-BCA9-0000-0000000001A6,FIELD_OBS_MOCK,TRUE
2DF9E057-8ECD-BD65-0000-0000000001A7,515759EC-ECE3-E30C-0000-00000000003F,307DEFEB-9888-F474-0000-000000000004,128FB883-C2F8-1156-0000-000000000005,1040,1,PLANT_HEIGHT_CM,Plant height,238.8,cm,2024-05-04 07:00:00.000,INSTRUMENT,ACCEPTED,SYNTH_USER_04,SYNTHETIC — hackathon mock data,2024-08-10 07:00:00.000,2026-09-26 12:00:00.000,392FA979-80F4-BCA9-0000-0000000001A7,FIELD_OBS_MOCK,TRUE
2DF9E057-8ECD-BD65-0000-0000000001A8,515759EC-ECE3-E30C-0000-000000000040,307DEFEB-9888-F474-0000-00000000000F,128FB883-C2F8-1156-0000-000000000001,1041,2,DISEASE_SCORE,Disease severity score,2.5,score,2024-07-16 10:00:00.000,WEIGHING,ACCEPTED,SYNTH_USER_02,SYNTHETIC — hackathon mock data,2024-05-05 16:00:00.000,2026-09-26 12:00:00.000,392FA979-80F4-BCA9-0000-0000000001A8,FIELD_OBS_MOCK,TRUE
2DF9E057-8ECD-BD65-0000-0000000001A9,515759EC-ECE3-E30C-0000-000000000041,307DEFEB-9888-F474-0000-00000000001A,128FB883-C2F8-1156-0000-000000000005,1042,3,FLOWERING_DAYS,Days to flowering,92.0,days,2026-08-28 07:00:00.000,WEIGHING,ACCEPTED,SYNTH_USER_02,SYNTHETIC — hackathon mock data,2026-08-21 07:00:00.000,2026-09-26 12:00:00.000,392FA979-80F4-BCA9-0000-0000000001A9,FIELD_OBS_MOCK,TRUE
2DF9E057-8ECD-BD65-0000-0000000001AA,515759EC-ECE3-E30C-0000-000000000042,307DEFEB-9888-F474-0000-000000000025,128FB883-C2F8-1156-0000-000000000005,1043,1,YIELD_T_HA,Grain yield,11.87,t/ha,2024-06-25 08:00:00.000,FIELD_VISUAL,ACCEPTED,SYNTH_USER_01,SYNTHETIC — hackathon mock data,2024-05-25 13:00:00.000,2026-09-26 12:00:00.000,392FA979-80F4-BCA9-0000-0000000001AA,FIELD_OBS_MOCK,TRUE
2DF9E057-8ECD-BD65-0000-0000000001AB,515759EC-ECE3-E30C-0000-000000000043,307DEFEB-9888-F474-0000-000000000030,128FB883-C2F8-1156-0000-000000000001,1044,2,MOISTURE_PCT,Grain moisture,15.8,%,2025-06-08 18:00:00.000,INSTRUMENT,REVIEW,SYNTH_USER_03,SYNTHETIC — hackathon mock data,2025-09-25 15:00:00.000,2026-09-26 12:00:00.000,392FA979-80F4-BCA9-0000-0000000001AB,FIELD_OBS_MOCK,TRUE
2DF9E057-8ECD-BD65-0000-0000000001AC,515759EC-ECE3-E30C-0000-000000000044,307DEFEB-9888-F474-0000-00000000003B,128FB883-C2F8-1156-0000-000000000001,1045,3,PLANT_HEIGHT_CM,Plant height,174.5,cm,2025-08-09 15:00:00.000,WEIGHING,ACCEPTED,SYNTH_USER_01,SYNTHETIC — hackathon mock data,2025-06-16 13:00:00.000,2026-09-26 12:00:00.000,392FA979-80F4-BCA9-0000-0000000001AC,FIELD_OBS_MOCK,TRUE
2DF9E057-8ECD-BD65-0000-0000000001AD,515759EC-ECE3-E30C-0000-000000000045,307DEFEB-9888-F474-0000-000000000046,128FB883-C2F8-1156-0000-000000000006,1046,1,DISEASE_SCORE,Disease severity score,8.5,score,2026-07-01 09:00:00.000,WEIGHING,ACCEPTED,SYNTH_USER_03,SYNTHETIC — hackathon mock data,2026-05-25 08:00:00.000,2026-09-26 12:00:00.000,392FA979-80F4-BCA9-0000-0000000001AD,FIELD_OBS_MOCK,TRUE
2DF9E057-8ECD-BD65-0000-0000000001AE,515759EC-ECE3-E30C-0000-000000000046,307DEFEB-9888-F474-0000-000000000051,128FB883-C2F8-1156-0000-000000000005,1047,2,FLOWERING_DAYS,Days to flowering,70.0,days,2024-07-21 18:00:00.000,FIELD_VISUAL,ACCEPTED,SYNTH_USER_04,SYNTHETIC — hackathon mock data,2024-09-05 15:00:00.000,2026-09-26 12:00:00.000,392FA979-80F4-BCA9-0000-0000000001AE,FIELD_OBS_MOCK,TRUE
2DF9E057-8ECD-BD65-0000-0000000001AF,515759EC-ECE3-E30C-0000-000000000047,307DEFEB-9888-F474-0000-00000000005C,128FB883-C2F8-1156-0000-000000000003,1048,3,YIELD_T_HA,Grain yield,6.52,t/ha,2024-09-10 08:00:00.000,WEIGHING,ACCEPTED,SYNTH_USER_03,SYNTHETIC — hackathon mock data,2024-09-10 18:00:00.000,2026-09-26 12:00:00.000,392FA979-80F4-BCA9-0000-0000000001AF,FIELD_OBS_MOCK,TRUE
2DF9E057-8ECD-BD65-0000-0000000001B0,515759EC-ECE3-E30C-0000-000000000048,307DEFEB-9888-F474-0000-000000000067,128FB883-C2F8-1156-0000-000000000004,1049,1,MOISTURE_PCT,Grain moisture,27.8,%,2025-08-02 15:00:00.000,WEIGHING,ACCEPTED,SYNTH_USER_02,SYNTHETIC — hackathon mock data,2025-07-08 15:00:00.000,2026-09-26 12:00:00.000,392FA979-80F4-BCA9-0000-0000000001B0,FIELD_OBS_MOCK,TRUE
2DF9E057-8ECD-BD65-0000-0000000001B1,515759EC-ECE3-E30C-0000-000000000001,307DEFEB-9888-F474-0000-000000000072,128FB883-C2F8-1156-0000-000000000006,1050,2,PLANT_HEIGHT_CM,Plant height,287.8,cm,2025-05-12 07:00:00.000,FIELD_VISUAL,ACCEPTED,SYNTH_USER_04,SYNTHETIC — hackathon mock data,2025-07-28 18:00:00.000,2026-09-26 12:00:00.000,392FA979-80F4-BCA9-0000-0000000001B1,FIELD_OBS_MOCK,TRUE
2DF9E057-8ECD-BD65-0000-0000000001B2,515759EC-ECE3-E30C-0000-000000000002,307DEFEB-9888-F474-0000-00000000007D,128FB883-C2F8-1156-0000-000000000004,1051,3,DISEASE_SCORE,Disease severity score,6.3,score,2026-06-20 12:00:00.000,WEIGHING,ACCEPTED,SYNTH_USER_04,SYNTHETIC — hackathon mock data,2026-08-07 07:00:00.000,2026-09-26 12:00:00.000,392FA979-80F4-BCA9-0000-0000000001B2,FIELD_OBS_MOCK,TRUE
2DF9E057-8ECD-BD65-0000-0000000001B3,515759EC-ECE3-E30C-0000-000000000003,307DEFEB-9888-F474-0000-000000000088,128FB883-C2F8-1156-0000-000000000004,1052,1,FLOWERING_DAYS,Days to flowering,91.0,days,2024-08-17 10:00:00.000,WEIGHING,ACCEPTED,SYNTH_USER_02,SYNTHETIC — hackathon mock data,2024-07-08 15:00:00.000,2026-09-26 12:00:00.000,392FA979-80F4-BCA9-0000-0000000001B3,FIELD_OBS_MOCK,TRUE
2DF9E057-8ECD-BD65-0000-0000000001B4,515759EC-ECE3-E30C-0000-000000000004,307DEFEB-9888-F474-0000-000000000093,128FB883-C2F8-1156-0000-000000000005,1053,2,YIELD_T_HA,Grain yield,9.58,t/ha,2024-09-02 18:00:00.000,WEIGHING,ACCEPTED,SYNTH_USER_04,SYNTHETIC — hackathon mock data,2024-09-14 11:00:00.000,2026-09-26 12:00:00.000,392FA979-80F4-BCA9-0000-0000000001B4,FIELD_OBS_MOCK,TRUE
2DF9E057-8ECD-BD65-0000-0000000001B5,515759EC-ECE3-E30C-0000-000000000005,307DEFEB-9888-F474-0000-000000000008,128FB883-C2F8-1156-0000-000000000003,1054,3,MOISTURE_PCT,Grain moisture,20.0,%,2025-08-21 07:00:00.000,INSTRUMENT,ACCEPTED,SYNTH_USER_04,SYNTHETIC — hackathon mock data,2025-06-03 09:00:00.000,2026-09-26 12:00:00.000,392FA979-80F4-BCA9-0000-0000000001B5,FIELD_OBS_MOCK,TRUE
2DF9E057-8ECD-BD65-0000-0000000001B6,515759EC-ECE3-E30C-0000-000000000006,307DEFEB-9888-F474-0000-000000000013,128FB883-C2F8-1156-0000-000000000005,1055,1,PLANT_HEIGHT_CM,Plant height,170.8,cm,2024-09-05 10:00:00.000,INSTRUMENT,REVIEW,SYNTH_USER_02,SYNTHETIC — hackathon mock data,2024-08-28 11:00:00.000,2026-09-26 12:00:00.000,392FA979-80F4-BCA9-0000-0000000001B6,FIELD_OBS_MOCK,TRUE
2DF9E057-8ECD-BD65-0000-0000000001B7,515759EC-ECE3-E30C-0000-000000000007,307DEFEB-9888-F474-0000-00000000001E,128FB883-C2F8-1156-0000-000000000002,1056,2,DISEASE_SCORE,Disease severity score,4.7,score,2025-05-20 11:00:00.000,INSTRUMENT,ACCEPTED,SYNTH_USER_04,SYNTHETIC — hackathon mock data,2025-08-18 09:00:00.000,2026-09-26 12:00:00.000,392FA979-80F4-BCA9-0000-0000000001B7,FIELD_OBS_MOCK,TRUE
2DF9E057-8ECD-BD65-0000-0000000001B8,515759EC-ECE3-E30C-0000-000000000008,307DEFEB-9888-F474-0000-000000000029,128FB883-C2F8-1156-0000-000000000001,1057,3,FLOWERING_DAYS,Days to flowering,72.0,days,2025-09-07 08:00:00.000,FIELD_VISUAL,ACCEPTED,SYNTH_USER_03,SYNTHETIC — hackathon mock data,2025-05-27 11:00:00.000,2026-09-26 12:00:00.000,392FA979-80F4-BCA9-0000-0000000001B8,FIELD_OBS_MOCK,TRUE
2DF9E057-8ECD-BD65-0000-0000000001B9,515759EC-ECE3-E30C-0000-000000000009,307DEFEB-9888-F474-0000-000000000034,128FB883-C2F8-1156-0000-000000000004,1058,1,YIELD_T_HA,Grain yield,11.66,t/ha,2026-05-21 14:00:00.000,WEIGHING,ACCEPTED,SYNTH_USER_03,SYNTHETIC — hackathon mock data,2026-09-17 09:00:00.000,2026-09-26 12:00:00.000,392FA979-80F4-BCA9-0000-0000000001B9,FIELD_OBS_MOCK,TRUE
2DF9E057-8ECD-BD65-0000-0000000001BA,515759EC-ECE3-E30C-0000-00000000000A,307DEFEB-9888-F474-0000-00000000003F,128FB883-C2F8-1156-0000-000000000006,1059,2,MOISTURE_PCT,Grain moisture,22.2,%,2026-09-05 18:00:00.000,INSTRUMENT,ACCEPTED,SYNTH_USER_04,SYNTHETIC — hackathon mock data,2026-07-26 15:00:00.000,2026-09-26 12:00:00.000,392FA979-80F4-BCA9-0000-0000000001BA,FIELD_OBS_MOCK,TRUE
2DF9E057-8ECD-BD65-0000-0000000001BB,515759EC-ECE3-E30C-0000-00000000000B,307DEFEB-9888-F474-0000-00000000004A,128FB883-C2F8-1156-0000-000000000005,1060,3,PLANT_HEIGHT_CM,Plant height,206.7,cm,2025-06-21 16:00:00.000,FIELD_VISUAL,ACCEPTED,SYNTH_USER_03,SYNTHETIC — hackathon mock data,2025-05-27 13:00:00.000,2026-09-26 12:00:00.000,392FA979-80F4-BCA9-0000-0000000001BB,FIELD_OBS_MOCK,TRUE
2DF9E057-8ECD-BD65-0000-0000000001BC,515759EC-ECE3-E30C-0000-00000000000C,307DEFEB-9888-F474-0000-000000000055,128FB883-C2F8-1156-0000-000000000002,1061,1,DISEASE_SCORE,Disease severity score,8.0,score,2024-09-07 18:00:00.000,FIELD_VISUAL,ACCEPTED,SYNTH_USER_01,SYNTHETIC — hackathon mock data,2024-08-25 16:00:00.000,2026-09-26 12:00:00.000,392FA979-80F4-BCA9-0000-0000000001BC,FIELD_OBS_MOCK,TRUE
2DF9E057-8ECD-BD65-0000-0000000001BD,515759EC-ECE3-E30C-0000-00000000000D,307DEFEB-9888-F474-0000-000000000060,128FB883-C2F8-1156-0000-000000000004,1062,2,FLOWERING_DAYS,Days to flowering,57.0,days,2026-08-02 08:00:00.000,INSTRUMENT,ACCEPTED,SYNTH_USER_04,SYNTHETIC — hackathon mock data,2026-06-07 18:00:00.000,2026-09-26 12:00:00.000,392FA979-80F4-BCA9-0000-0000000001BD,FIELD_OBS_MOCK,TRUE
2DF9E057-8ECD-BD65-0000-0000000001BE,515759EC-ECE3-E30C-0000-00000000000E,307DEFEB-9888-F474-0000-00000000006B,128FB883-C2F8-1156-0000-000000000004,1063,3,YIELD_T_HA,Grain yield,8.87,t/ha,2024-08-06 12:00:00.000,WEIGHING,ACCEPTED,SYNTH_USER_04,SYNTHETIC — hackathon mock data,2024-09-06 07:00:00.000,2026-09-26 12:00:00.000,392FA979-80F4-BCA9-0000-0000000001BE,FIELD_OBS_MOCK,TRUE
2DF9E057-8ECD-BD65-0000-0000000001BF,515759EC-ECE3-E30C-0000-00000000000F,307DEFEB-9888-F474-0000-000000000076,128FB883-C2F8-1156-0000-000000000005,1064,1,MOISTURE_PCT,Grain moisture,14.1,%,2024-05-27 10:00:00.000,FIELD_VISUAL,ACCEPTED,SYNTH_USER_02,SYNTHETIC — hackathon mock data,2024-06-06 12:00:00.000,2026-09-26 12:00:00.000,392FA979-80F4-BCA9-0000-0000000001BF,FIELD_OBS_MOCK,TRUE
2DF9E057-8ECD-BD65-0000-0000000001C0,515759EC-ECE3-E30C-0000-000000000010,307DEFEB-9888-F474-0000-000000000081,128FB883-C2F8-1156-0000-000000000001,1065,2,PLANT_HEIGHT_CM,Plant height,279.8,cm,2026-09-20 10:00:00.000,WEIGHING,ACCEPTED,SYNTH_USER_04,SYNTHETIC — hackathon mock data,2026-06-10 15:00:00.000,2026-09-26 12:00:00.000,392FA979-80F4-BCA9-0000-0000000001C0,FIELD_OBS_MOCK,TRUE
2DF9E057-8ECD-BD65-0000-0000000001C1,515759EC-ECE3-E30C-0000-000000000011,307DEFEB-9888-F474-0000-00000000008C,128FB883-C2F8-1156-0000-000000000001,1066,3,DISEASE_SCORE,Disease severity score,4.9,score,2024-05-28 14:00:00.000,INSTRUMENT,ACCEPTED,SYNTH_USER_01,SYNTHETIC — hackathon mock data,2024-06-09 15:00:00.000,2026-09-26 12:00:00.000,392FA979-80F4-BCA9-0000-0000000001C1,FIELD_OBS_MOCK,TRUE
2DF9E057-8ECD-BD65-0000-0000000001C2,515759EC-ECE3-E30C-0000-000000000012,307DEFEB-9888-F474-0000-000000000001,128FB883-C2F8-1156-0000-000000000002,1067,1,FLOWERING_DAYS,Days to flowering,80.0,days,2025-07-06 10:00:00.000,FIELD_VISUAL,REVIEW,SYNTH_USER_02,SYNTHETIC — hackathon mock data,2025-07-14 14:00:00.000,2026-09-26 12:00:00.000,392FA979-80F4-BCA9-0000-0000000001C2,FIELD_OBS_MOCK,TRUE
2DF9E057-8ECD-BD65-0000-0000000001C3,515759EC-ECE3-E30C-0000-000000000013,307DEFEB-9888-F474-0000-00000000000C,128FB883-C2F8-1156-0000-000000000005,1068,2,YIELD_T_HA,Grain yield,11.12,t/ha,2026-06-05 09:00:00.000,WEIGHING,ACCEPTED,SYNTH_USER_03,SYNTHETIC — hackathon mock data,2026-08-11 11:00:00.000,2026-09-26 12:00:00.000,392FA979-80F4-BCA9-0000-0000000001C3,FIELD_OBS_MOCK,TRUE
2DF9E057-8ECD-BD65-0000-0000000001C4,515759EC-ECE3-E30C-0000-000000000014,307DEFEB-9888-F474-0000-000000000017,128FB883-C2F8-1156-0000-000000000005,1069,3,MOISTURE_PCT,Grain moisture,15.5,%,2026-07-02 17:00:00.000,INSTRUMENT,ACCEPTED,SYNTH_USER_04,SYNTHETIC — hackathon mock data,2026-09-14 10:00:00.000,2026-09-26 12:00:00.000,392FA979-80F4-BCA9-0000-0000000001C4,FIELD_OBS_MOCK,TRUE
2DF9E057-8ECD-BD65-0000-0000000001C5,515759EC-ECE3-E30C-0000-000000000015,307DEFEB-9888-F474-0000-000000000022,128FB883-C2F8-1156-0000-000000000001,1070,1,PLANT_HEIGHT_CM,Plant height,160.4,cm,2025-05-09 18:00:00.000,INSTRUMENT,ACCEPTED,SYNTH_USER_03,SYNTHETIC — hackathon mock data,2025-09-08 12:00:00.000,2026-09-26 12:00:00.000,392FA979-80F4-BCA9-0000-0000000001C5,FIELD_OBS_MOCK,TRUE
2DF9E057-8ECD-BD65-0000-0000000001C6,515759EC-ECE3-E30C-0000-000000000016,307DEFEB-9888-F474-0000-00000000002D,128FB883-C2F8-1156-0000-000000000005,1071,2,DISEASE_SCORE,Disease severity score,4.2,score,2024-08-18 15:00:00.000,FIELD_VISUAL,REJECTED,SYNTH_USER_02,SYNTHETIC — hackathon mock data,2024-08-25 17:00:00.000,2026-09-26 12:00:00.000,392FA979-80F4-BCA9-0000-0000000001C6,FIELD_OBS_MOCK,TRUE
2DF9E057-8ECD-BD65-0000-0000000001C7,515759EC-ECE3-E30C-0000-000000000017,307DEFEB-9888-F474-0000-000000000038,128FB883-C2F8-1156-0000-000000000006,1072,3,FLOWERING_DAYS,Days to flowering,61.0,days,2026-07-21 08:00:00.000,WEIGHING,ACCEPTED,SYNTH_USER_01,SYNTHETIC — hackathon mock data,2026-09-17 11:00:00.000,2026-09-26 12:00:00.000,392FA979-80F4-BCA9-0000-0000000001C7,FIELD_OBS_MOCK,TRUE
2DF9E057-8ECD-BD65-0000-0000000001C8,515759EC-ECE3-E30C-0000-000000000018,307DEFEB-9888-F474-0000-000000000043,128FB883-C2F8-1156-0000-000000000003,1073,1,YIELD_T_HA,Grain yield,6.06,t/ha,2026-06-12 17:00:00.000,FIELD_VISUAL,REVIEW,SYNTH_USER_03,SYNTHETIC — hackathon mock data,2026-07-09 12:00:00.000,2026-09-26 12:00:00.000,392FA979-80F4-BCA9-0000-0000000001C8,FIELD_OBS_MOCK,TRUE
2DF9E057-8ECD-BD65-0000-0000000001C9,515759EC-ECE3-E30C-0000-000000000019,307DEFEB-9888-F474-0000-00000000004E,128FB883-C2F8-1156-0000-000000000001,1074,2,MOISTURE_PCT,Grain moisture,12.8,%,2026-06-27 14:00:00.000,FIELD_VISUAL,ACCEPTED,SYNTH_USER_03,SYNTHETIC — hackathon mock data,2026-08-06 11:00:00.000,2026-09-26 12:00:00.000,392FA979-80F4-BCA9-0000-0000000001C9,FIELD_OBS_MOCK,TRUE
2DF9E057-8ECD-BD65-0000-0000000001CA,515759EC-ECE3-E30C-0000-00000000001A,307DEFEB-9888-F474-0000-000000000059,128FB883-C2F8-1156-0000-000000000006,1075,3,PLANT_HEIGHT_CM,Plant height,210.0,cm,2026-08-09 15:00:00.000,WEIGHING,ACCEPTED,SYNTH_USER_03,SYNTHETIC — hackathon mock data,2026-06-18 18:00:00.000,2026-09-26 12:00:00.000,392FA979-80F4-BCA9-0000-0000000001CA,FIELD_OBS_MOCK,TRUE
2DF9E057-8ECD-BD65-0000-0000000001CB,515759EC-ECE3-E30C-0000-00000000001B,307DEFEB-9888-F474-0000-000000000064,128FB883-C2F8-1156-0000-000000000003,1076,1,DISEASE_SCORE,Disease severity score,7.6,score,2024-08-18 08:00:00.000,INSTRUMENT,ACCEPTED,SYNTH_USER_04,SYNTHETIC — hackathon mock data,2024-05-11 18:00:00.000,2026-09-26 12:00:00.000,392FA979-80F4-BCA9-0000-0000000001CB,FIELD_OBS_MOCK,TRUE
2DF9E057-8ECD-BD65-0000-0000000001CC,515759EC-ECE3-E30C-0000-00000000001C,307DEFEB-9888-F474-0000-00000000006F,128FB883-C2F8-1156-0000-000000000006,1077,2,FLOWERING_DAYS,Days to flowering,70.0,days,2025-08-05 08:00:00.000,WEIGHING,ACCEPTED,SYNTH_USER_03,SYNTHETIC — hackathon mock data,2025-07-17 10:00:00.000,2026-09-26 12:00:00.000,392FA979-80F4-BCA9-0000-0000000001CC,FIELD_OBS_MOCK,TRUE
2DF9E057-8ECD-BD65-0000-0000000001CD,515759EC-ECE3-E30C-0000-00000000001D,307DEFEB-9888-F474-0000-00000000007A,128FB883-C2F8-1156-0000-000000000002,1078,3,YIELD_T_HA,Grain yield,9.81,t/ha,2024-06-24 07:00:00.000,WEIGHING,ACCEPTED,SYNTH_USER_03,SYNTHETIC — hackathon mock data,2024-09-25 11:00:00.000,2026-09-26 12:00:00.000,392FA979-80F4-BCA9-0000-0000000001CD,FIELD_OBS_MOCK,TRUE
2DF9E057-8ECD-BD65-0000-0000000001CE,515759EC-ECE3-E30C-0000-00000000001E,307DEFEB-9888-F474-0000-000000000085,128FB883-C2F8-1156-0000-000000000004,1079,1,MOISTURE_PCT,Grain moisture,22.1,%,2026-08-23 15:00:00.000,WEIGHING,ACCEPTED,SYNTH_USER_01,SYNTHETIC — hackathon mock data,2026-06-27 08:00:00.000,2026-09-26 12:00:00.000,392FA979-80F4-BCA9-0000-0000000001CE,FIELD_OBS_MOCK,TRUE
2DF9E057-8ECD-BD65-0000-0000000001CF,515759EC-ECE3-E30C-0000-00000000001F,307DEFEB-9888-F474-0000-000000000090,128FB883-C2F8-1156-0000-000000000005,1080,2,PLANT_HEIGHT_CM,Plant height,293.4,cm,2026-08-08 18:00:00.000,FIELD_VISUAL,ACCEPTED,SYNTH_USER_02,SYNTHETIC — hackathon mock data,2026-08-28 16:00:00.000,2026-09-26 12:00:00.000,392FA979-80F4-BCA9-0000-0000000001CF,FIELD_OBS_MOCK,TRUE
2DF9E057-8ECD-BD65-0000-0000000001D0,515759EC-ECE3-E30C-0000-000000000020,307DEFEB-9888-F474-0000-000000000005,128FB883-C2F8-1156-0000-000000000005,1081,3,DISEASE_SCORE,Disease severity score,8.3,score,2025-06-21 13:00:00.000,WEIGHING,ACCEPTED,SYNTH_USER_02,SYNTHETIC — hackathon mock data,2025-06-02 11:00:00.000,2026-09-26 12:00:00.000,392FA979-80F4-BCA9-0000-0000000001D0,FIELD_OBS_MOCK,TRUE
2DF9E057-8ECD-BD65-0000-0000000001D1,515759EC-ECE3-E30C-0000-000000000021,307DEFEB-9888-F474-0000-000000000010,128FB883-C2F8-1156-0000-000000000003,1082,1,FLOWERING_DAYS,Days to flowering,60.0,days,2025-05-21 11:00:00.000,FIELD_VISUAL,ACCEPTED,SYNTH_USER_01,SYNTHETIC — hackathon mock data,2025-08-13 14:00:00.000,2026-09-26 12:00:00.000,392FA979-80F4-BCA9-0000-0000000001D1,FIELD_OBS_MOCK,TRUE
2DF9E057-8ECD-BD65-0000-0000000001D2,515759EC-ECE3-E30C-0000-000000000022,307DEFEB-9888-F474-0000-00000000001B,128FB883-C2F8-1156-0000-000000000002,1083,2,YIELD_T_HA,Grain yield,12.46,t/ha,2024-09-20 14:00:00.000,INSTRUMENT,ACCEPTED,SYNTH_USER_02,SYNTHETIC — hackathon mock data,2024-09-03 15:00:00.000,2026-09-26 12:00:00.000,392FA979-80F4-BCA9-0000-0000000001D2,FIELD_OBS_MOCK,TRUE
2DF9E057-8ECD-BD65-0000-0000000001D3,515759EC-ECE3-E30C-0000-000000000023,307DEFEB-9888-F474-0000-000000000026,128FB883-C2F8-1156-0000-000000000004,1084,3,MOISTURE_PCT,Grain moisture,16.5,%,2024-08-18 08:00:00.000,INSTRUMENT,ACCEPTED,SYNTH_USER_01,SYNTHETIC — hackathon mock data,2024-05-27 08:00:00.000,2026-09-26 12:00:00.000,392FA979-80F4-BCA9-0000-0000000001D3,FIELD_OBS_MOCK,TRUE
2DF9E057-8ECD-BD65-0000-0000000001D4,515759EC-ECE3-E30C-0000-000000000024,307DEFEB-9888-F474-0000-000000000031,128FB883-C2F8-1156-0000-000000000003,1085,1,PLANT_HEIGHT_CM,Plant height,230.1,cm,2024-08-21 12:00:00.000,WEIGHING,ACCEPTED,SYNTH_USER_01,SYNTHETIC — hackathon mock data,2024-09-09 07:00:00.000,2026-09-26 12:00:00.000,392FA979-80F4-BCA9-0000-0000000001D4,FIELD_OBS_MOCK,TRUE
2DF9E057-8ECD-BD65-0000-0000000001D5,515759EC-ECE3-E30C-0000-000000000025,307DEFEB-9888-F474-0000-00000000003C,128FB883-C2F8-1156-0000-000000000005,1086,2,DISEASE_SCORE,Disease severity score,8.2,score,2024-05-09 09:00:00.000,FIELD_VISUAL,ACCEPTED,SYNTH_USER_04,SYNTHETIC — hackathon mock data,2024-06-27 16:00:00.000,2026-09-26 12:00:00.000,392FA979-80F4-BCA9-0000-0000000001D5,FIELD_OBS_MOCK,TRUE
2DF9E057-8ECD-BD65-0000-0000000001D6,515759EC-ECE3-E30C-0000-000000000026,307DEFEB-9888-F474-0000-000000000047,128FB883-C2F8-1156-0000-000000000001,1087,3,FLOWERING_DAYS,Days to flowering,73.0,days,2024-07-27 08:00:00.000,INSTRUMENT,ACCEPTED,SYNTH_USER_02,SYNTHETIC — hackathon mock data,2024-05-06 07:00:00.000,2026-09-26 12:00:00.000,392FA979-80F4-BCA9-0000-0000000001D6,FIELD_OBS_MOCK,TRUE
2DF9E057-8ECD-BD65-0000-0000000001D7,515759EC-ECE3-E30C-0000-000000000027,307DEFEB-9888-F474-0000-000000000052,128FB883-C2F8-1156-0000-000000000004,1088,1,YIELD_T_HA,Grain yield,4.72,t/ha,2026-07-14 15:00:00.000,WEIGHING,ACCEPTED,SYNTH_USER_04,SYNTHETIC — hackathon mock data,2026-09-12 09:00:00.000,2026-09-26 12:00:00.000,392FA979-80F4-BCA9-0000-0000000001D7,FIELD_OBS_MOCK,TRUE
2DF9E057-8ECD-BD65-0000-0000000001D8,515759EC-ECE3-E30C-0000-000000000028,307DEFEB-9888-F474-0000-00000000005D,128FB883-C2F8-1156-0000-000000000006,1089,2,MOISTURE_PCT,Grain moisture,19.0,%,2025-09-22 09:00:00.000,INSTRUMENT,ACCEPTED,SYNTH_USER_04,SYNTHETIC — hackathon mock data,2025-09-16 15:00:00.000,2026-09-26 12:00:00.000,392FA979-80F4-BCA9-0000-0000000001D8,FIELD_OBS_MOCK,TRUE
2DF9E057-8ECD-BD65-0000-0000000001D9,515759EC-ECE3-E30C-0000-000000000029,307DEFEB-9888-F474-0000-000000000068,128FB883-C2F8-1156-0000-000000000001,1090,3,PLANT_HEIGHT_CM,Plant height,286.5,cm,2025-09-25 15:00:00.000,WEIGHING,ACCEPTED,SYNTH_USER_03,SYNTHETIC — hackathon mock data,2025-05-03 15:00:00.000,2026-09-26 12:00:00.000,392FA979-80F4-BCA9-0000-0000000001D9,FIELD_OBS_MOCK,TRUE
2DF9E057-8ECD-BD65-0000-0000000001DA,515759EC-ECE3-E30C-0000-00000000002A,307DEFEB-9888-F474-0000-000000000073,128FB883-C2F8-1156-0000-000000000004,1091,1,DISEASE_SCORE,Disease severity score,1.6,score,2026-09-27 07:00:00.000,INSTRUMENT,ACCEPTED,SYNTH_USER_04,SYNTHETIC — hackathon mock data,2026-09-21 11:00:00.000,2026-09-26 12:00:00.000,392FA979-80F4-BCA9-0000-0000000001DA,FIELD_OBS_MOCK,TRUE
2DF9E057-8ECD-BD65-0000-0000000001DB,515759EC-ECE3-E30C-0000-00000000002B,307DEFEB-9888-F474-0000-00000000007E,128FB883-C2F8-1156-0000-000000000002,1092,2,FLOWERING_DAYS,Days to flowering,79.0,days,2024-08-23 13:00:00.000,FIELD_VISUAL,ACCEPTED,SYNTH_USER_03,SYNTHETIC — hackathon mock data,2024-08-06 12:00:00.000,2026-09-26 12:00:00.000,392FA979-80F4-BCA9-0000-0000000001DB,FIELD_OBS_MOCK,TRUE
2DF9E057-8ECD-BD65-0000-0000000001DC,515759EC-ECE3-E30C-0000-00000000002C,307DEFEB-9888-F474-0000-000000000089,128FB883-C2F8-1156-0000-000000000005,1093,3,YIELD_T_HA,Grain yield,14.03,t/ha,2026-05-15 18:00:00.000,INSTRUMENT,ACCEPTED,SYNTH_USER_03,SYNTHETIC — hackathon mock data,2026-08-07 13:00:00.000,2026-09-26 12:00:00.000,392FA979-80F4-BCA9-0000-0000000001DC,FIELD_OBS_MOCK,TRUE
2DF9E057-8ECD-BD65-0000-0000000001DD,515759EC-ECE3-E30C-0000-00000000002D,307DEFEB-9888-F474-0000-000000000094,128FB883-C2F8-1156-0000-000000000003,1094,1,MOISTURE_PCT,Grain moisture,28.4,%,2024-09-05 10:00:00.000,WEIGHING,ACCEPTED,SYNTH_USER_02,SYNTHETIC — hackathon mock data,2024-08-04 08:00:00.000,2026-09-26 12:00:00.000,392FA979-80F4-BCA9-0000-0000000001DD,FIELD_OBS_MOCK,TRUE
2DF9E057-8ECD-BD65-0000-0000000001DE,515759EC-ECE3-E30C-0000-00000000002E,307DEFEB-9888-F474-0000-000000000009,128FB883-C2F8-1156-0000-000000000003,1095,2,PLANT_HEIGHT_CM,Plant height,267.8,cm,2025-08-13 12:00:00.000,INSTRUMENT,ACCEPTED,SYNTH_USER_04,SYNTHETIC — hackathon mock data,2025-07-23 08:00:00.000,2026-09-26 12:00:00.000,392FA979-80F4-BCA9-0000-0000000001DE,FIELD_OBS_MOCK,TRUE
2DF9E057-8ECD-BD65-0000-0000000001DF,515759EC-ECE3-E30C-0000-00000000002F,307DEFEB-9888-F474-0000-000000000014,128FB883-C2F8-1156-0000-000000000004,1096,3,DISEASE_SCORE,Disease severity score,1.7,score,2026-05-23 07:00:00.000,INSTRUMENT,ACCEPTED,SYNTH_USER_04,SYNTHETIC — hackathon mock data,2026-09-17 13:00:00.000,2026-09-26 12:00:00.000,392FA979-80F4-BCA9-0000-0000000001DF,FIELD_OBS_MOCK,TRUE
2DF9E057-8ECD-BD65-0000-0000000001E0,515759EC-ECE3-E30C-0000-000000000030,307DEFEB-9888-F474-0000-00000000001F,128FB883-C2F8-1156-0000-000000000003,1001,1,FLOWERING_DAYS,Days to flowering,85.0,days,2025-07-21 13:00:00.000,WEIGHING,REVIEW,SYNTH_USER_03,SYNTHETIC — hackathon mock data,2025-08-27 08:00:00.000,2026-09-26 12:00:00.000,392FA979-80F4-BCA9-0000-0000000001E0,FIELD_OBS_MOCK,TRUE
2DF9E057-8ECD-BD65-0000-0000000001E1,515759EC-ECE3-E30C-0000-000000000031,307DEFEB-9888-F474-0000-00000000002A,128FB883-C2F8-1156-0000-000000000002,1002,2,YIELD_T_HA,Grain yield,6.82,t/ha,2024-08-19 08:00:00.000,INSTRUMENT,ACCEPTED,SYNTH_USER_01,SYNTHETIC — hackathon mock data,2024-09-16 12:00:00.000,2026-09-26 12:00:00.000,392FA979-80F4-BCA9-0000-0000000001E1,FIELD_OBS_MOCK,TRUE
2DF9E057-8ECD-BD65-0000-0000000001E2,515759EC-ECE3-E30C-0000-000000000032,307DEFEB-9888-F474-0000-000000000035,128FB883-C2F8-1156-0000-000000000003,1003,3,MOISTURE_PCT,Grain moisture,23.7,%,2024-05-16 12:00:00.000,WEIGHING,ACCEPTED,SYNTH_USER_03,SYNTHETIC — hackathon mock data,2024-06-27 09:00:00.000,2026-09-26 12:00:00.000,392FA979-80F4-BCA9-0000-0000000001E2,FIELD_OBS_MOCK,TRUE
2DF9E057-8ECD-BD65-0000-0000000001E3,515759EC-ECE3-E30C-0000-000000000033,307DEFEB-9888-F474-0000-000000000040,128FB883-C2F8-1156-0000-000000000003,1004,1,PLANT_HEIGHT_CM,Plant height,260.1,cm,2026-09-05 15:00:00.000,INSTRUMENT,ACCEPTED,SYNTH_USER_02,SYNTHETIC — hackathon mock data,2026-07-01 10:00:00.000,2026-09-26 12:00:00.000,392FA979-80F4-BCA9-0000-0000000001E3,FIELD_OBS_MOCK,TRUE
2DF9E057-8ECD-BD65-0000-0000000001E4,515759EC-ECE3-E30C-0000-000000000034,307DEFEB-9888-F474-0000-00000000004B,128FB883-C2F8-1156-0000-000000000004,1005,2,DISEASE_SCORE,Disease severity score,5.1,score,2026-08-13 13:00:00.000,WEIGHING,ACCEPTED,SYNTH_USER_02,SYNTHETIC — hackathon mock data,2026-07-22 16:00:00.000,2026-09-26 12:00:00.000,392FA979-80F4-BCA9-0000-0000000001E4,FIELD_OBS_MOCK,TRUE
2DF9E057-8ECD-BD65-0000-0000000001E5,515759EC-ECE3-E30C-0000-000000000035,307DEFEB-9888-F474-0000-000000000056,128FB883-C2F8-1156-0000-000000000002,1006,3,FLOWERING_DAYS,Days to flowering,62.0,days,2024-05-06 07:00:00.000,WEIGHING,ACCEPTED,SYNTH_USER_04,SYNTHETIC — hackathon mock data,2024-08-13 12:00:00.000,2026-09-26 12:00:00.000,392FA979-80F4-BCA9-0000-0000000001E5,FIELD_OBS_MOCK,TRUE
2DF9E057-8ECD-BD65-0000-0000000001E6,515759EC-ECE3-E30C-0000-000000000036,307DEFEB-9888-F474-0000-000000000061,128FB883-C2F8-1156-0000-000000000004,1007,1,YIELD_T_HA,Grain yield,9.95,t/ha,2024-09-01 18:00:00.000,INSTRUMENT,ACCEPTED,SYNTH_USER_02,SYNTHETIC — hackathon mock data,2024-07-09 09:00:00.000,2026-09-26 12:00:00.000,392FA979-80F4-BCA9-0000-0000000001E6,FIELD_OBS_MOCK,TRUE
2DF9E057-8ECD-BD65-0000-0000000001E7,515759EC-ECE3-E30C-0000-000000000037,307DEFEB-9888-F474-0000-00000000006C,128FB883-C2F8-1156-0000-000000000005,1008,2,MOISTURE_PCT,Grain moisture,10.8,%,2025-05-22 13:00:00.000,WEIGHING,ACCEPTED,SYNTH_USER_03,SYNTHETIC — hackathon mock data,2025-07-18 14:00:00.000,2026-09-26 12:00:00.000,392FA979-80F4-BCA9-0000-0000000001E7,FIELD_OBS_MOCK,TRUE
2DF9E057-8ECD-BD65-0000-0000000001E8,515759EC-ECE3-E30C-0000-000000000038,307DEFEB-9888-F474-0000-000000000077,128FB883-C2F8-1156-0000-000000000005,1009,3,PLANT_HEIGHT_CM,Plant height,237.8,cm,2026-08-27 09:00:00.000,FIELD_VISUAL,REVIEW,SYNTH_USER_03,SYNTHETIC — hackathon mock data,2026-09-19 09:00:00.000,2026-09-26 12:00:00.000,392FA979-80F4-BCA9-0000-0000000001E8,FIELD_OBS_MOCK,TRUE
2DF9E057-8ECD-BD65-0000-0000000001E9,515759EC-ECE3-E30C-0000-000000000039,307DEFEB-9888-F474-0000-000000000082,128FB883-C2F8-1156-0000-000000000002,1010,1,DISEASE_SCORE,Disease severity score,6.6,score,2026-08-09 09:00:00.000,WEIGHING,ACCEPTED,SYNTH_USER_04,SYNTHETIC — hackathon mock data,2026-05-17 17:00:00.000,2026-09-26 12:00:00.000,392FA979-80F4-BCA9-0000-0000000001E9,FIELD_OBS_MOCK,TRUE
2DF9E057-8ECD-BD65-0000-0000000001EA,515759EC-ECE3-E30C-0000-00000000003A,307DEFEB-9888-F474-0000-00000000008D,128FB883-C2F8-1156-0000-000000000006,1011,2,FLOWERING_DAYS,Days to flowering,51.0,days,2024-09-28 07:00:00.000,INSTRUMENT,ACCEPTED,SYNTH_USER_04,SYNTHETIC — hackathon mock data,2024-05-01 10:00:00.000,2026-09-26 12:00:00.000,392FA979-80F4-BCA9-0000-0000000001EA,FIELD_OBS_MOCK,TRUE
2DF9E057-8ECD-BD65-0000-0000000001EB,515759EC-ECE3-E30C-0000-00000000003B,307DEFEB-9888-F474-0000-000000000002,128FB883-C2F8-1156-0000-000000000006,1012,3,YIELD_T_HA,Grain yield,12.57,t/ha,2024-07-15 14:00:00.000,FIELD_VISUAL,ACCEPTED,SYNTH_USER_03,SYNTHETIC — hackathon mock data,2024-05-28 15:00:00.000,2026-09-26 12:00:00.000,392FA979-80F4-BCA9-0000-0000000001EB,FIELD_OBS_MOCK,TRUE
2DF9E057-8ECD-BD65-0000-0000000001EC,515759EC-ECE3-E30C-0000-00000000003C,307DEFEB-9888-F474-0000-00000000000D,128FB883-C2F8-1156-0000-000000000001,1013,1,MOISTURE_PCT,Grain moisture,20.1,%,2025-06-25 14:00:00.000,WEIGHING,ACCEPTED,SYNTH_USER_02,SYNTHETIC — hackathon mock data,2025-08-22 15:00:00.000,2026-09-26 12:00:00.000,392FA979-80F4-BCA9-0000-0000000001EC,FIELD_OBS_MOCK,TRUE
2DF9E057-8ECD-BD65-0000-0000000001ED,515759EC-ECE3-E30C-0000-00000000003D,307DEFEB-9888-F474-0000-000000000018,128FB883-C2F8-1156-0000-000000000002,1014,2,PLANT_HEIGHT_CM,Plant height,291.6,cm,2024-07-04 16:00:00.000,INSTRUMENT,ACCEPTED,SYNTH_USER_02,SYNTHETIC — hackathon mock data,2024-05-22 08:00:00.000,2026-09-26 12:00:00.000,392FA979-80F4-BCA9-0000-0000000001ED,FIELD_OBS_MOCK,TRUE
2DF9E057-8ECD-BD65-0000-0000000001EE,515759EC-ECE3-E30C-0000-00000000003E,307DEFEB-9888-F474-0000-000000000023,128FB883-C2F8-1156-0000-000000000005,1015,3,DISEASE_SCORE,Disease severity score,8.1,score,2025-06-04 07:00:00.000,WEIGHING,ACCEPTED,SYNTH_USER_03,SYNTHETIC — hackathon mock data,2025-06-14 11:00:00.000,2026-09-26 12:00:00.000,392FA979-80F4-BCA9-0000-0000000001EE,FIELD_OBS_MOCK,TRUE
2DF9E057-8ECD-BD65-0000-0000000001EF,515759EC-ECE3-E30C-0000-00000000003F,307DEFEB-9888-F474-0000-00000000002E,128FB883-C2F8-1156-0000-000000000005,1016,1,FLOWERING_DAYS,Days to flowering,95.0,days,2024-09-09 18:00:00.000,WEIGHING,ACCEPTED,SYNTH_USER_04,SYNTHETIC — hackathon mock data,2024-08-26 12:00:00.000,2026-09-26 12:00:00.000,392FA979-80F4-BCA9-0000-0000000001EF,FIELD_OBS_MOCK,TRUE
2DF9E057-8ECD-BD65-0000-0000000001F0,515759EC-ECE3-E30C-0000-000000000040,307DEFEB-9888-F474-0000-000000000039,128FB883-C2F8-1156-0000-000000000001,1017,2,YIELD_T_HA,Grain yield,7.45,t/ha,2024-09-22 16:00:00.000,FIELD_VISUAL,ACCEPTED,SYNTH_USER_02,SYNTHETIC — hackathon mock data,2024-08-06 18:00:00.000,2026-09-26 12:00:00.000,392FA979-80F4-BCA9-0000-0000000001F0,FIELD_OBS_MOCK,TRUE
2DF9E057-8ECD-BD65-0000-0000000001F1,515759EC-ECE3-E30C-0000-000000000041,307DEFEB-9888-F474-0000-000000000044,128FB883-C2F8-1156-0000-000000000005,1018,3,MOISTURE_PCT,Grain moisture,10.6,%,2026-06-17 10:00:00.000,FIELD_VISUAL,ACCEPTED,SYNTH_USER_03,SYNTHETIC — hackathon mock data,2026-08-19 12:00:00.000,2026-09-26 12:00:00.000,392FA979-80F4-BCA9-0000-0000000001F1,FIELD_OBS_MOCK,TRUE
2DF9E057-8ECD-BD65-0000-0000000001F2,515759EC-ECE3-E30C-0000-000000000042,307DEFEB-9888-F474-0000-00000000004F,128FB883-C2F8-1156-0000-000000000005,1019,1,PLANT_HEIGHT_CM,Plant height,266.7,cm,2024-05-01 11:00:00.000,WEIGHING,ACCEPTED,SYNTH_USER_03,SYNTHETIC — hackathon mock data,2024-05-22 09:00:00.000,2026-09-26 12:00:00.000,392FA979-80F4-BCA9-0000-0000000001F2,FIELD_OBS_MOCK,TRUE
2DF9E057-8ECD-BD65-0000-0000000001F3,515759EC-ECE3-E30C-0000-000000000043,307DEFEB-9888-F474-0000-00000000005A,128FB883-C2F8-1156-0000-000000000001,1020,2,DISEASE_SCORE,Disease severity score,2.4,score,2025-06-18 16:00:00.000,WEIGHING,ACCEPTED,SYNTH_USER_02,SYNTHETIC — hackathon mock data,2025-09-09 17:00:00.000,2026-09-26 12:00:00.000,392FA979-80F4-BCA9-0000-0000000001F3,FIELD_OBS_MOCK,TRUE
2DF9E057-8ECD-BD65-0000-0000000001F4,515759EC-ECE3-E30C-0000-000000000044,307DEFEB-9888-F474-0000-000000000065,128FB883-C2F8-1156-0000-000000000001,1021,3,FLOWERING_DAYS,Days to flowering,76.0,days,2025-07-04 13:00:00.000,INSTRUMENT,ACCEPTED,SYNTH_USER_03,SYNTHETIC — hackathon mock data,2025-08-16 09:00:00.000,2026-09-26 12:00:00.000,392FA979-80F4-BCA9-0000-0000000001F4,FIELD_OBS_MOCK,TRUE
2DF9E057-8ECD-BD65-0000-0000000001F5,515759EC-ECE3-E30C-0000-000000000045,307DEFEB-9888-F474-0000-000000000070,128FB883-C2F8-1156-0000-000000000006,1022,1,YIELD_T_HA,Grain yield,14.49,t/ha,2026-07-10 10:00:00.000,FIELD_VISUAL,ACCEPTED,SYNTH_USER_02,SYNTHETIC — hackathon mock data,2026-06-12 09:00:00.000,2026-09-26 12:00:00.000,392FA979-80F4-BCA9-0000-0000000001F5,FIELD_OBS_MOCK,TRUE
2DF9E057-8ECD-BD65-0000-0000000001F6,515759EC-ECE3-E30C-0000-000000000046,307DEFEB-9888-F474-0000-00000000007B,128FB883-C2F8-1156-0000-000000000005,1023,2,MOISTURE_PCT,Grain moisture,14.3,%,2024-09-04 11:00:00.000,FIELD_VISUAL,ACCEPTED,SYNTH_USER_03,SYNTHETIC — hackathon mock data,2024-07-13 14:00:00.000,2026-09-26 12:00:00.000,392FA979-80F4-BCA9-0000-0000000001F6,FIELD_OBS_MOCK,TRUE
2DF9E057-8ECD-BD65-0000-0000000001F7,515759EC-ECE3-E30C-0000-000000000047,307DEFEB-9888-F474-0000-000000000086,128FB883-C2F8-1156-0000-000000000003,1024,3,PLANT_HEIGHT_CM,Plant height,268.4,cm,2024-06-23 16:00:00.000,WEIGHING,ACCEPTED,SYNTH_USER_02,SYNTHETIC — hackathon mock data,2024-05-25 09:00:00.000,2026-09-26 12:00:00.000,392FA979-80F4-BCA9-0000-0000000001F7,FIELD_OBS_MOCK,TRUE
2DF9E057-8ECD-BD65-0000-0000000001F8,515759EC-ECE3-E30C-0000-000000000048,307DEFEB-9888-F474-0000-000000000091,128FB883-C2F8-1156-0000-000000000004,1025,1,DISEASE_SCORE,Disease severity score,5.9,score,2025-07-16 16:00:00.000,INSTRUMENT,ACCEPTED,SYNTH_USER_03,SYNTHETIC — hackathon mock data,2025-05-22 12:00:00.000,2026-09-26 12:00:00.000,392FA979-80F4-BCA9-0000-0000000001F8,FIELD_OBS_MOCK,TRUE
2DF9E057-8ECD-BD65-0000-0000000001F9,515759EC-ECE3-E30C-0000-000000000001,307DEFEB-9888-F474-0000-000000000006,128FB883-C2F8-1156-0000-000000000006,1026,2,FLOWERING_DAYS,Days to flowering,65.0,days,2025-07-03 11:00:00.000,INSTRUMENT,ACCEPTED,SYNTH_USER_04,SYNTHETIC — hackathon mock data,2025-06-24 08:00:00.000,2026-09-26 12:00:00.000,392FA979-80F4-BCA9-0000-0000000001F9,FIELD_OBS_MOCK,TRUE
2DF9E057-8ECD-BD65-0000-0000000001FA,515759EC-ECE3-E30C-0000-000000000002,307DEFEB-9888-F474-0000-000000000011,128FB883-C2F8-1156-0000-000000000004,1027,3,YIELD_T_HA,Grain yield,10.36,t/ha,2026-06-19 15:00:00.000,FIELD_VISUAL,ACCEPTED,SYNTH_USER_02,SYNTHETIC — hackathon mock data,2026-08-07 07:00:00.000,2026-09-26 12:00:00.000,392FA979-80F4-BCA9-0000-0000000001FA,FIELD_OBS_MOCK,TRUE
2DF9E057-8ECD-BD65-0000-0000000001FB,515759EC-ECE3-E30C-0000-000000000003,307DEFEB-9888-F474-0000-00000000001C,128FB883-C2F8-1156-0000-000000000004,1028,1,MOISTURE_PCT,Grain moisture,26.3,%,2024-09-13 09:00:00.000,INSTRUMENT,ACCEPTED,SYNTH_USER_01,SYNTHETIC — hackathon mock data,2024-07-02 07:00:00.000,2026-09-26 12:00:00.000,392FA979-80F4-BCA9-0000-0000000001FB,FIELD_OBS_MOCK,TRUE
2DF9E057-8ECD-BD65-0000-0000000001FC,515759EC-ECE3-E30C-0000-000000000004,307DEFEB-9888-F474-0000-000000000027,128FB883-C2F8-1156-0000-000000000005,1029,2,PLANT_HEIGHT_CM,Plant height,305.7,cm,2024-07-22 07:00:00.000,WEIGHING,REVIEW,SYNTH_USER_02,SYNTHETIC — hackathon mock data,2024-09-24 08:00:00.000,2026-09-26 12:00:00.000,392FA979-80F4-BCA9-0000-0000000001FC,FIELD_OBS_MOCK,TRUE
2DF9E057-8ECD-BD65-0000-0000000001FD,515759EC-ECE3-E30C-0000-000000000005,307DEFEB-9888-F474-0000-000000000032,128FB883-C2F8-1156-0000-000000000003,1030,3,DISEASE_SCORE,Disease severity score,4.4,score,2025-08-11 09:00:00.000,FIELD_VISUAL,REVIEW,SYNTH_USER_02,SYNTHETIC — hackathon mock data,2025-05-05 15:00:00.000,2026-09-26 12:00:00.000,392FA979-80F4-BCA9-0000-0000000001FD,FIELD_OBS_MOCK,TRUE
2DF9E057-8ECD-BD65-0000-0000000001FE,515759EC-ECE3-E30C-0000-000000000006,307DEFEB-9888-F474-0000-00000000003D,128FB883-C2F8-1156-0000-000000000005,1031,1,FLOWERING_DAYS,Days to flowering,90.0,days,2024-06-15 14:00:00.000,FIELD_VISUAL,ACCEPTED,SYNTH_USER_01,SYNTHETIC — hackathon mock data,2024-05-21 18:00:00.000,2026-09-26 12:00:00.000,392FA979-80F4-BCA9-0000-0000000001FE,FIELD_OBS_MOCK,TRUE
2DF9E057-8ECD-BD65-0000-0000000001FF,515759EC-ECE3-E30C-0000-000000000007,307DEFEB-9888-F474-0000-000000000048,128FB883-C2F8-1156-0000-000000000002,1032,2,YIELD_T_HA,Grain yield,7.61,t/ha,2025-05-01 08:00:00.000,FIELD_VISUAL,ACCEPTED,SYNTH_USER_01,SYNTHETIC — hackathon mock data,2025-06-07 13:00:00.000,2026-09-26 12:00:00.000,392FA979-80F4-BCA9-0000-0000000001FF,FIELD_OBS_MOCK,TRUE
2DF9E057-8ECD-BD65-0000-000000000200,515759EC-ECE3-E30C-0000-000000000008,307DEFEB-9888-F474-0000-000000000053,128FB883-C2F8-1156-0000-000000000001,1033,3,MOISTURE_PCT,Grain moisture,26.4,%,2025-09-07 11:00:00.000,FIELD_VISUAL,ACCEPTED,SYNTH_USER_03,SYNTHETIC — hackathon mock data,2025-06-05 18:00:00.000,2026-09-26 12:00:00.000,392FA979-80F4-BCA9-0000-000000000200,FIELD_OBS_MOCK,TRUE
2DF9E057-8ECD-BD65-0000-000000000201,515759EC-ECE3-E30C-0000-000000000009,307DEFEB-9888-F474-0000-00000000005E,128FB883-C2F8-1156-0000-000000000004,1034,1,PLANT_HEIGHT_CM,Plant height,200.0,cm,2026-08-28 07:00:00.000,INSTRUMENT,ACCEPTED,SYNTH_USER_01,SYNTHETIC — hackathon mock data,2026-06-08 15:00:00.000,2026-09-26 12:00:00.000,392FA979-80F4-BCA9-0000-000000000201,FIELD_OBS_MOCK,TRUE
2DF9E057-8ECD-BD65-0000-000000000202,515759EC-ECE3-E30C-0000-00000000000A,307DEFEB-9888-F474-0000-000000000069,128FB883-C2F8-1156-0000-000000000006,1035,2,DISEASE_SCORE,Disease severity score,8.7,score,2026-09-05 09:00:00.000,INSTRUMENT,ACCEPTED,SYNTH_USER_03,SYNTHETIC — hackathon mock data,2026-07-22 16:00:00.000,2026-09-26 12:00:00.000,392FA979-80F4-BCA9-0000-000000000202,FIELD_OBS_MOCK,TRUE
2DF9E057-8ECD-BD65-0000-000000000203,515759EC-ECE3-E30C-0000-00000000000B,307DEFEB-9888-F474-0000-000000000074,128FB883-C2F8-1156-0000-000000000005,1036,3,FLOWERING_DAYS,Days to flowering,69.0,days,2025-05-17 10:00:00.000,INSTRUMENT,ACCEPTED,SYNTH_USER_01,SYNTHETIC — hackathon mock data,2025-09-18 16:00:00.000,2026-09-26 12:00:00.000,392FA979-80F4-BCA9-0000-000000000203,FIELD_OBS_MOCK,TRUE
2DF9E057-8ECD-BD65-0000-000000000204,515759EC-ECE3-E30C-0000-00000000000C,307DEFEB-9888-F474-0000-00000000007F,128FB883-C2F8-1156-0000-000000000002,1037,1,YIELD_T_HA,Grain yield,4.65,t/ha,2024-06-13 15:00:00.000,WEIGHING,ACCEPTED,SYNTH_USER_02,SYNTHETIC — hackathon mock data,2024-07-18 09:00:00.000,2026-09-26 12:00:00.000,392FA979-80F4-BCA9-0000-000000000204,FIELD_OBS_MOCK,TRUE
2DF9E057-8ECD-BD65-0000-000000000205,515759EC-ECE3-E30C-0000-00000000000D,307DEFEB-9888-F474-0000-00000000008A,128FB883-C2F8-1156-0000-000000000004,1038,2,MOISTURE_PCT,Grain moisture,27.3,%,2026-07-15 10:00:00.000,WEIGHING,ACCEPTED,SYNTH_USER_02,SYNTHETIC — hackathon mock data,2026-09-11 07:00:00.000,2026-09-26 12:00:00.000,392FA979-80F4-BCA9-0000-000000000205,FIELD_OBS_MOCK,TRUE
2DF9E057-8ECD-BD65-0000-000000000206,515759EC-ECE3-E30C-0000-00000000000E,307DEFEB-9888-F474-0000-000000000095,128FB883-C2F8-1156-0000-000000000004,1039,3,PLANT_HEIGHT_CM,Plant height,171.0,cm,2024-08-05 07:00:00.000,FIELD_VISUAL,ACCEPTED,SYNTH_USER_01,SYNTHETIC — hackathon mock data,2024-05-06 11:00:00.000,2026-09-26 12:00:00.000,392FA979-80F4-BCA9-0000-000000000206,FIELD_OBS_MOCK,TRUE
2DF9E057-8ECD-BD65-0000-000000000207,515759EC-ECE3-E30C-0000-00000000000F,307DEFEB-9888-F474-0000-00000000000A,128FB883-C2F8-1156-0000-000000000005,1040,1,DISEASE_SCORE,Disease severity score,1.2,score,2024-09-28 07:00:00.000,FIELD_VISUAL,ACCEPTED,SYNTH_USER_02,SYNTHETIC — hackathon mock data,2024-08-21 18:00:00.000,2026-09-26 12:00:00.000,392FA979-80F4-BCA9-0000-000000000207,FIELD_OBS_MOCK,TRUE
2DF9E057-8ECD-BD65-0000-000000000208,515759EC-ECE3-E30C-0000-000000000010,307DEFEB-9888-F474-0000-000000000015,128FB883-C2F8-1156-0000-000000000001,1041,2,FLOWERING_DAYS,Days to flowering,64.0,days,2026-08-22 16:00:00.000,INSTRUMENT,ACCEPTED,SYNTH_USER_03,SYNTHETIC — hackathon mock data,2026-06-16 12:00:00.000,2026-09-26 12:00:00.000,392FA979-80F4-BCA9-0000-000000000208,FIELD_OBS_MOCK,TRUE
2DF9E057-8ECD-BD65-0000-000000000209,515759EC-ECE3-E30C-0000-000000000011,307DEFEB-9888-F474-0000-000000000020,128FB883-C2F8-1156-0000-000000000001,1042,3,YIELD_T_HA,Grain yield,8.78,t/ha,2024-07-16 11:00:00.000,FIELD_VISUAL,ACCEPTED,SYNTH_USER_02,SYNTHETIC — hackathon mock data,2024-07-10 13:00:00.000,2026-09-26 12:00:00.000,392FA979-80F4-BCA9-0000-000000000209,FIELD_OBS_MOCK,TRUE
2DF9E057-8ECD-BD65-0000-00000000020A,515759EC-ECE3-E30C-0000-000000000012,307DEFEB-9888-F474-0000-00000000002B,128FB883-C2F8-1156-0000-000000000002,1043,1,MOISTURE_PCT,Grain moisture,11.4,%,2025-06-22 10:00:00.000,INSTRUMENT,REJECTED,SYNTH_USER_02,SYNTHETIC — hackathon mock data,2025-07-17 07:00:00.000,2026-09-26 12:00:00.000,392FA979-80F4-BCA9-0000-00000000020A,FIELD_OBS_MOCK,TRUE
2DF9E057-8ECD-BD65-0000-00000000020B,515759EC-ECE3-E30C-0000-000000000013,307DEFEB-9888-F474-0000-000000000036,128FB883-C2F8-1156-0000-000000000005,1044,2,PLANT_HEIGHT_CM,Plant height,301.5,cm,2026-05-25 11:00:00.000,FIELD_VISUAL,ACCEPTED,SYNTH_USER_01,SYNTHETIC — hackathon mock data,2026-07-20 10:00:00.000,2026-09-26 12:00:00.000,392FA979-80F4-BCA9-0000-00000000020B,FIELD_OBS_MOCK,TRUE
2DF9E057-8ECD-BD65-0000-00000000020C,515759EC-ECE3-E30C-0000-000000000014,307DEFEB-9888-F474-0000-000000000041,128FB883-C2F8-1156-0000-000000000005,1045,3,DISEASE_SCORE,Disease severity score,2.8,score,2026-05-19 16:00:00.000,WEIGHING,ACCEPTED,SYNTH_USER_02,SYNTHETIC — hackathon mock data,2026-09-11 16:00:00.000,2026-09-26 12:00:00.000,392FA979-80F4-BCA9-0000-00000000020C,FIELD_OBS_MOCK,TRUE
2DF9E057-8ECD-BD65-0000-00000000020D,515759EC-ECE3-E30C-0000-000000000015,307DEFEB-9888-F474-0000-00000000004C,128FB883-C2F8-1156-0000-000000000001,1046,1,FLOWERING_DAYS,Days to flowering,62.0,days,2025-08-25 09:00:00.000,INSTRUMENT,REVIEW,SYNTH_USER_01,SYNTHETIC — hackathon mock data,2025-09-20 18:00:00.000,2026-09-26 12:00:00.000,392FA979-80F4-BCA9-0000-00000000020D,FIELD_OBS_MOCK,TRUE
2DF9E057-8ECD-BD65-0000-00000000020E,515759EC-ECE3-E30C-0000-000000000016,307DEFEB-9888-F474-0000-000000000057,128FB883-C2F8-1156-0000-000000000005,1047,2,YIELD_T_HA,Grain yield,14.51,t/ha,2024-06-13 16:00:00.000,FIELD_VISUAL,ACCEPTED,SYNTH_USER_03,SYNTHETIC — hackathon mock data,2024-07-23 14:00:00.000,2026-09-26 12:00:00.000,392FA979-80F4-BCA9-0000-00000000020E,FIELD_OBS_MOCK,TRUE
2DF9E057-8ECD-BD65-0000-00000000020F,515759EC-ECE3-E30C-0000-000000000017,307DEFEB-9888-F474-0000-000000000062,128FB883-C2F8-1156-0000-000000000006,1048,3,MOISTURE_PCT,Grain moisture,27.5,%,2026-05-22 16:00:00.000,WEIGHING,ACCEPTED,SYNTH_USER_03,SYNTHETIC — hackathon mock data,2026-07-26 15:00:00.000,2026-09-26 12:00:00.000,392FA979-80F4-BCA9-0000-00000000020F,FIELD_OBS_MOCK,TRUE
2DF9E057-8ECD-BD65-0000-000000000210,515759EC-ECE3-E30C-0000-000000000018,307DEFEB-9888-F474-0000-00000000006D,128FB883-C2F8-1156-0000-000000000003,1049,1,PLANT_HEIGHT_CM,Plant height,271.5,cm,2026-08-12 13:00:00.000,WEIGHING,ACCEPTED,SYNTH_USER_02,SYNTHETIC — hackathon mock data,2026-07-14 12:00:00.000,2026-09-26 12:00:00.000,392FA979-80F4-BCA9-0000-000000000210,FIELD_OBS_MOCK,TRUE
2DF9E057-8ECD-BD65-0000-000000000211,515759EC-ECE3-E30C-0000-000000000019,307DEFEB-9888-F474-0000-000000000078,128FB883-C2F8-1156-0000-000000000001,1050,2,DISEASE_SCORE,Disease severity score,4.6,score,2026-08-01 16:00:00.000,WEIGHING,ACCEPTED,SYNTH_USER_04,SYNTHETIC — hackathon mock data,2026-07-02 11:00:00.000,2026-09-26 12:00:00.000,392FA979-80F4-BCA9-0000-000000000211,FIELD_OBS_MOCK,TRUE
2DF9E057-8ECD-BD65-0000-000000000212,515759EC-ECE3-E30C-0000-00000000001A,307DEFEB-9888-F474-0000-000000000083,128FB883-C2F8-1156-0000-000000000006,1051,3,FLOWERING_DAYS,Days to flowering,79.0,days,2026-06-04 17:00:00.000,FIELD_VISUAL,ACCEPTED,SYNTH_USER_04,SYNTHETIC — hackathon mock data,2026-06-16 07:00:00.000,2026-09-26 12:00:00.000,392FA979-80F4-BCA9-0000-000000000212,FIELD_OBS_MOCK,TRUE
2DF9E057-8ECD-BD65-0000-000000000213,515759EC-ECE3-E30C-0000-00000000001B,307DEFEB-9888-F474-0000-00000000008E,128FB883-C2F8-1156-0000-000000000003,1052,1,YIELD_T_HA,Grain yield,9.01,t/ha,2024-06-17 07:00:00.000,WEIGHING,ACCEPTED,SYNTH_USER_03,SYNTHETIC — hackathon mock data,2024-06-07 07:00:00.000,2026-09-26 12:00:00.000,392FA979-80F4-BCA9-0000-000000000213,FIELD_OBS_MOCK,TRUE
2DF9E057-8ECD-BD65-0000-000000000214,515759EC-ECE3-E30C-0000-00000000001C,307DEFEB-9888-F474-0000-000000000003,128FB883-C2F8-1156-0000-000000000006,1053,2,MOISTURE_PCT,Grain moisture,28.5,%,2025-09-24 12:00:00.000,INSTRUMENT,ACCEPTED,SYNTH_USER_03,SYNTHETIC — hackathon mock data,2025-09-12 11:00:00.000,2026-09-26 12:00:00.000,392FA979-80F4-BCA9-0000-000000000214,FIELD_OBS_MOCK,TRUE
2DF9E057-8ECD-BD65-0000-000000000215,515759EC-ECE3-E30C-0000-00000000001D,307DEFEB-9888-F474-0000-00000000000E,128FB883-C2F8-1156-0000-000000000002,1054,3,PLANT_HEIGHT_CM,Plant height,283.5,cm,2024-06-07 17:00:00.000,INSTRUMENT,ACCEPTED,SYNTH_USER_03,SYNTHETIC — hackathon mock data,2024-08-09 14:00:00.000,2026-09-26 12:00:00.000,392FA979-80F4-BCA9-0000-000000000215,FIELD_OBS_MOCK,TRUE
2DF9E057-8ECD-BD65-0000-000000000216,515759EC-ECE3-E30C-0000-00000000001E,307DEFEB-9888-F474-0000-000000000019,128FB883-C2F8-1156-0000-000000000004,1055,1,DISEASE_SCORE,Disease severity score,2.0,score,2026-09-13 15:00:00.000,WEIGHING,ACCEPTED,SYNTH_USER_02,SYNTHETIC — hackathon mock data,2026-09-11 16:00:00.000,2026-09-26 12:00:00.000,392FA979-80F4-BCA9-0000-000000000216,FIELD_OBS_MOCK,TRUE
2DF9E057-8ECD-BD65-0000-000000000217,515759EC-ECE3-E30C-0000-00000000001F,307DEFEB-9888-F474-0000-000000000024,128FB883-C2F8-1156-0000-000000000005,1056,2,FLOWERING_DAYS,Days to flowering,75.0,days,2026-08-03 14:00:00.000,FIELD_VISUAL,ACCEPTED,SYNTH_USER_01,SYNTHETIC — hackathon mock data,2026-06-21 14:00:00.000,2026-09-26 12:00:00.000,392FA979-80F4-BCA9-0000-000000000217,FIELD_OBS_MOCK,TRUE
2DF9E057-8ECD-BD65-0000-000000000218,515759EC-ECE3-E30C-0000-000000000020,307DEFEB-9888-F474-0000-00000000002F,128FB883-C2F8-1156-0000-000000000005,1057,3,YIELD_T_HA,Grain yield,9.98,t/ha,2025-06-24 12:00:00.000,WEIGHING,ACCEPTED,SYNTH_USER_02,SYNTHETIC — hackathon mock data,2025-06-03 07:00:00.000,2026-09-26 12:00:00.000,392FA979-80F4-BCA9-0000-000000000218,FIELD_OBS_MOCK,TRUE
2DF9E057-8ECD-BD65-0000-000000000219,515759EC-ECE3-E30C-0000-000000000021,307DEFEB-9888-F474-0000-00000000003A,128FB883-C2F8-1156-0000-000000000003,1058,1,MOISTURE_PCT,Grain moisture,11.1,%,2025-09-14 07:00:00.000,INSTRUMENT,ACCEPTED,SYNTH_USER_03,SYNTHETIC — hackathon mock data,2025-07-16 13:00:00.000,2026-09-26 12:00:00.000,392FA979-80F4-BCA9-0000-000000000219,FIELD_OBS_MOCK,TRUE
2DF9E057-8ECD-BD65-0000-00000000021A,515759EC-ECE3-E30C-0000-000000000022,307DEFEB-9888-F474-0000-000000000045,128FB883-C2F8-1156-0000-000000000002,1059,2,PLANT_HEIGHT_CM,Plant height,288.6,cm,2024-05-18 15:00:00.000,INSTRUMENT,ACCEPTED,SYNTH_USER_02,SYNTHETIC — hackathon mock data,2024-08-09 07:00:00.000,2026-09-26 12:00:00.000,392FA979-80F4-BCA9-0000-00000000021A,FIELD_OBS_MOCK,TRUE
2DF9E057-8ECD-BD65-0000-00000000021B,515759EC-ECE3-E30C-0000-000000000023,307DEFEB-9888-F474-0000-000000000050,128FB883-C2F8-1156-0000-000000000004,1060,3,DISEASE_SCORE,Disease severity score,6.1,score,2024-08-19 17:00:00.000,WEIGHING,REVIEW,SYNTH_USER_01,SYNTHETIC — hackathon mock data,2024-06-23 15:00:00.000,2026-09-26 12:00:00.000,392FA979-80F4-BCA9-0000-00000000021B,FIELD_OBS_MOCK,TRUE
2DF9E057-8ECD-BD65-0000-00000000021C,515759EC-ECE3-E30C-0000-000000000024,307DEFEB-9888-F474-0000-00000000005B,128FB883-C2F8-1156-0000-000000000003,1061,1,FLOWERING_DAYS,Days to flowering,95.0,days,2024-07-26 08:00:00.000,WEIGHING,ACCEPTED,SYNTH_USER_03,SYNTHETIC — hackathon mock data,2024-05-25 10:00:00.000,2026-09-26 12:00:00.000,392FA979-80F4-BCA9-0000-00000000021C,FIELD_OBS_MOCK,TRUE
2DF9E057-8ECD-BD65-0000-00000000021D,515759EC-ECE3-E30C-0000-000000000025,307DEFEB-9888-F474-0000-000000000066,128FB883-C2F8-1156-0000-000000000005,1062,2,YIELD_T_HA,Grain yield,7.44,t/ha,2024-09-17 13:00:00.000,INSTRUMENT,ACCEPTED,SYNTH_USER_03,SYNTHETIC — hackathon mock data,2024-09-19 09:00:00.000,2026-09-26 12:00:00.000,392FA979-80F4-BCA9-0000-00000000021D,FIELD_OBS_MOCK,TRUE
2DF9E057-8ECD-BD65-0000-00000000021E,515759EC-ECE3-E30C-0000-000000000026,307DEFEB-9888-F474-0000-000000000071,128FB883-C2F8-1156-0000-000000000001,1063,3,MOISTURE_PCT,Grain moisture,12.7,%,2024-07-21 09:00:00.000,FIELD_VISUAL,ACCEPTED,SYNTH_USER_03,SYNTHETIC — hackathon mock data,2024-08-01 15:00:00.000,2026-09-26 12:00:00.000,392FA979-80F4-BCA9-0000-00000000021E,FIELD_OBS_MOCK,TRUE
2DF9E057-8ECD-BD65-0000-00000000021F,515759EC-ECE3-E30C-0000-000000000027,307DEFEB-9888-F474-0000-00000000007C,128FB883-C2F8-1156-0000-000000000004,1064,1,PLANT_HEIGHT_CM,Plant height,149.2,cm,2026-06-20 08:00:00.000,FIELD_VISUAL,REVIEW,SYNTH_USER_04,SYNTHETIC — hackathon mock data,2026-09-18 12:00:00.000,2026-09-26 12:00:00.000,392FA979-80F4-BCA9-0000-00000000021F,FIELD_OBS_MOCK,TRUE
2DF9E057-8ECD-BD65-0000-000000000220,515759EC-ECE3-E30C-0000-000000000028,307DEFEB-9888-F474-0000-000000000087,128FB883-C2F8-1156-0000-000000000006,1065,2,DISEASE_SCORE,Disease severity score,5.3,score,2025-06-03 18:00:00.000,WEIGHING,ACCEPTED,SYNTH_USER_04,SYNTHETIC — hackathon mock data,2025-05-23 16:00:00.000,2026-09-26 12:00:00.000,392FA979-80F4-BCA9-0000-000000000220,FIELD_OBS_MOCK,TRUE
2DF9E057-8ECD-BD65-0000-000000000221,515759EC-ECE3-E30C-0000-000000000029,307DEFEB-9888-F474-0000-000000000092,128FB883-C2F8-1156-0000-000000000001,1066,3,FLOWERING_DAYS,Days to flowering,59.0,days,2025-09-16 13:00:00.000,WEIGHING,ACCEPTED,SYNTH_USER_02,SYNTHETIC — hackathon mock data,2025-07-08 08:00:00.000,2026-09-26 12:00:00.000,392FA979-80F4-BCA9-0000-000000000221,FIELD_OBS_MOCK,TRUE
2DF9E057-8ECD-BD65-0000-000000000222,515759EC-ECE3-E30C-0000-00000000002A,307DEFEB-9888-F474-0000-000000000007,128FB883-C2F8-1156-0000-000000000004,1067,1,YIELD_T_HA,Grain yield,5.5,t/ha,2026-05-06 11:00:00.000,INSTRUMENT,ACCEPTED,SYNTH_USER_01,SYNTHETIC — hackathon mock data,2026-08-25 17:00:00.000,2026-09-26 12:00:00.000,392FA979-80F4-BCA9-0000-000000000222,FIELD_OBS_MOCK,TRUE
2DF9E057-8ECD-BD65-0000-000000000223,515759EC-ECE3-E30C-0000-00000000002B,307DEFEB-9888-F474-0000-000000000012,128FB883-C2F8-1156-0000-000000000002,1068,2,MOISTURE_PCT,Grain moisture,18.2,%,2024-09-07 10:00:00.000,INSTRUMENT,ACCEPTED,SYNTH_USER_04,SYNTHETIC — hackathon mock data,2024-08-05 13:00:00.000,2026-09-26 12:00:00.000,392FA979-80F4-BCA9-0000-000000000223,FIELD_OBS_MOCK,TRUE
2DF9E057-8ECD-BD65-0000-000000000224,515759EC-ECE3-E30C-0000-00000000002C,307DEFEB-9888-F474-0000-00000000001D,128FB883-C2F8-1156-0000-000000000005,1069,3,PLANT_HEIGHT_CM,Plant height,187.8,cm,2026-05-09 12:00:00.000,FIELD_VISUAL,ACCEPTED,SYNTH_USER_04,SYNTHETIC — hackathon mock data,2026-06-21 17:00:00.000,2026-09-26 12:00:00.000,392FA979-80F4-BCA9-0000-000000000224,FIELD_OBS_MOCK,TRUE
2DF9E057-8ECD-BD65-0000-000000000225,515759EC-ECE3-E30C-0000-00000000002D,307DEFEB-9888-F474-0000-000000000028,128FB883-C2F8-1156-0000-000000000003,1070,1,DISEASE_SCORE,Disease severity score,1.4,score,2024-08-09 15:00:00.000,INSTRUMENT,ACCEPTED,SYNTH_USER_01,SYNTHETIC — hackathon mock data,2024-05-06 13:00:00.000,2026-09-26 12:00:00.000,392FA979-80F4-BCA9-0000-000000000225,FIELD_OBS_MOCK,TRUE
2DF9E057-8ECD-BD65-0000-000000000226,515759EC-ECE3-E30C-0000-00000000002E,307DEFEB-9888-F474-0000-000000000033,128FB883-C2F8-1156-0000-000000000003,1071,2,FLOWERING_DAYS,Days to flowering,66.0,days,2025-05-06 18:00:00.000,INSTRUMENT,ACCEPTED,SYNTH_USER_04,SYNTHETIC — hackathon mock data,2025-05-27 07:00:00.000,2026-09-26 12:00:00.000,392FA979-80F4-BCA9-0000-000000000226,FIELD_OBS_MOCK,TRUE
2DF9E057-8ECD-BD65-0000-000000000227,515759EC-ECE3-E30C-0000-00000000002F,307DEFEB-9888-F474-0000-00000000003E,128FB883-C2F8-1156-0000-000000000004,1072,3,YIELD_T_HA,Grain yield,14.73,t/ha,2026-06-08 10:00:00.000,INSTRUMENT,ACCEPTED,SYNTH_USER_04,SYNTHETIC — hackathon mock data,2026-09-15 10:00:00.000,2026-09-26 12:00:00.000,392FA979-80F4-BCA9-0000-000000000227,FIELD_OBS_MOCK,TRUE
2DF9E057-8ECD-BD65-0000-000000000228,515759EC-ECE3-E30C-0000-000000000030,307DEFEB-9888-F474-0000-000000000049,128FB883-C2F8-1156-0000-000000000003,1073,1,MOISTURE_PCT,Grain moisture,16.9,%,2025-07-27 12:00:00.000,FIELD_VISUAL,ACCEPTED,SYNTH_USER_01,SYNTHETIC — hackathon mock data,2025-09-25 17:00:00.000,2026-09-26 12:00:00.000,392FA979-80F4-BCA9-0000-000000000228,FIELD_OBS_MOCK,TRUE
2DF9E057-8ECD-BD65-0000-000000000229,515759EC-ECE3-E30C-0000-000000000031,307DEFEB-9888-F474-0000-000000000054,128FB883-C2F8-1156-0000-000000000002,1074,2,PLANT_HEIGHT_CM,Plant height,305.8,cm,2024-08-23 14:00:00.000,FIELD_VISUAL,ACCEPTED,SYNTH_USER_04,SYNTHETIC — hackathon mock data,2024-05-17 10:00:00.000,2026-09-26 12:00:00.000,392FA979-80F4-BCA9-0000-000000000229,FIELD_OBS_MOCK,TRUE
2DF9E057-8ECD-BD65-0000-00000000022A,515759EC-ECE3-E30C-0000-000000000032,307DEFEB-9888-F474-0000-00000000005F,128FB883-C2F8-1156-0000-000000000003,1075,3,DISEASE_SCORE,Disease severity score,7.2,score,2024-06-11 11:00:00.000,WEIGHING,ACCEPTED,SYNTH_USER_03,SYNTHETIC — hackathon mock data,2024-09-08 15:00:00.000,2026-09-26 12:00:00.000,392FA979-80F4-BCA9-0000-00000000022A,FIELD_OBS_MOCK,TRUE
2DF9E057-8ECD-BD65-0000-00000000022B,515759EC-ECE3-E30C-0000-000000000033,307DEFEB-9888-F474-0000-00000000006A,128FB883-C2F8-1156-0000-000000000003,1076,1,FLOWERING_DAYS,Days to flowering,51.0,days,2026-07-01 12:00:00.000,WEIGHING,ACCEPTED,SYNTH_USER_04,SYNTHETIC — hackathon mock data,2026-07-12 14:00:00.000,2026-09-26 12:00:00.000,392FA979-80F4-BCA9-0000-00000000022B,FIELD_OBS_MOCK,TRUE
2DF9E057-8ECD-BD65-0000-00000000022C,515759EC-ECE3-E30C-0000-000000000034,307DEFEB-9888-F474-0000-000000000075,128FB883-C2F8-1156-0000-000000000004,1077,2,YIELD_T_HA,Grain yield,7.96,t/ha,2026-09-26 15:00:00.000,FIELD_VISUAL,ACCEPTED,SYNTH_USER_04,SYNTHETIC — hackathon mock data,2026-07-01 11:00:00.000,2026-09-26 12:00:00.000,392FA979-80F4-BCA9-0000-00000000022C,FIELD_OBS_MOCK,TRUE
2DF9E057-8ECD-BD65-0000-00000000022D,515759EC-ECE3-E30C-0000-000000000035,307DEFEB-9888-F474-0000-000000000080,128FB883-C2F8-1156-0000-000000000002,1078,3,MOISTURE_PCT,Grain moisture,14.4,%,2024-06-03 07:00:00.000,FIELD_VISUAL,ACCEPTED,SYNTH_USER_04,SYNTHETIC — hackathon mock data,2024-08-27 13:00:00.000,2026-09-26 12:00:00.000,392FA979-80F4-BCA9-0000-00000000022D,FIELD_OBS_MOCK,TRUE
2DF9E057-8ECD-BD65-0000-00000000022E,515759EC-ECE3-E30C-0000-000000000036,307DEFEB-9888-F474-0000-00000000008B,128FB883-C2F8-1156-0000-000000000004,1079,1,PLANT_HEIGHT_CM,Plant height,297.1,cm,2024-09-17 17:00:00.000,WEIGHING,ACCEPTED,SYNTH_USER_02,SYNTHETIC — hackathon mock data,2024-06-22 15:00:00.000,2026-09-26 12:00:00.000,392FA979-80F4-BCA9-0000-00000000022E,FIELD_OBS_MOCK,TRUE
2DF9E057-8ECD-BD65-0000-00000000022F,515759EC-ECE3-E30C-0000-000000000037,307DEFEB-9888-F474-0000-000000000096,128FB883-C2F8-1156-0000-000000000005,1080,2,DISEASE_SCORE,Disease severity score,7.5,score,2025-08-19 18:00:00.000,FIELD_VISUAL,ACCEPTED,SYNTH_USER_03,SYNTHETIC — hackathon mock data,2025-05-06 18:00:00.000,2026-09-26 12:00:00.000,392FA979-80F4-BCA9-0000-00000000022F,FIELD_OBS_MOCK,TRUE
2DF9E057-8ECD-BD65-0000-000000000230,515759EC-ECE3-E30C-0000-000000000038,307DEFEB-9888-F474-0000-00000000000B,128FB883-C2F8-1156-0000-000000000005,1081,3,FLOWERING_DAYS,Days to flowering,81.0,days,2026-09-02 09:00:00.000,WEIGHING,ACCEPTED,SYNTH_USER_04,SYNTHETIC — hackathon mock data,2026-09-06 14:00:00.000,2026-09-26 12:00:00.000,392FA979-80F4-BCA9-0000-000000000230,FIELD_OBS_MOCK,TRUE
2DF9E057-8ECD-BD65-0000-000000000231,515759EC-ECE3-E30C-0000-000000000039,307DEFEB-9888-F474-0000-000000000016,128FB883-C2F8-1156-0000-000000000002,1082,1,YIELD_T_HA,Grain yield,14.64,t/ha,2026-07-03 12:00:00.000,INSTRUMENT,ACCEPTED,SYNTH_USER_01,SYNTHETIC — hackathon mock data,2026-05-02 09:00:00.000,2026-09-26 12:00:00.000,392FA979-80F4-BCA9-0000-000000000231,FIELD_OBS_MOCK,TRUE
2DF9E057-8ECD-BD65-0000-000000000232,515759EC-ECE3-E30C-0000-00000000003A,307DEFEB-9888-F474-0000-000000000021,128FB883-C2F8-1156-0000-000000000006,1083,2,MOISTURE_PCT,Grain moisture,11.2,%,2024-08-06 10:00:00.000,FIELD_VISUAL,REVIEW,SYNTH_USER_01,SYNTHETIC — hackathon mock data,2024-08-24 13:00:00.000,2026-09-26 12:00:00.000,392FA979-80F4-BCA9-0000-000000000232,FIELD_OBS_MOCK,TRUE
2DF9E057-8ECD-BD65-0000-000000000233,515759EC-ECE3-E30C-0000-00000000003B,307DEFEB-9888-F474-0000-00000000002C,128FB883-C2F8-1156-0000-000000000006,1084,3,PLANT_HEIGHT_CM,Plant height,208.5,cm,2024-05-23 08:00:00.000,FIELD_VISUAL,ACCEPTED,SYNTH_USER_03,SYNTHETIC — hackathon mock data,2024-06-15 18:00:00.000,2026-09-26 12:00:00.000,392FA979-80F4-BCA9-0000-000000000233,FIELD_OBS_MOCK,TRUE
2DF9E057-8ECD-BD65-0000-000000000234,515759EC-ECE3-E30C-0000-00000000003C,307DEFEB-9888-F474-0000-000000000037,128FB883-C2F8-1156-0000-000000000001,1085,1,DISEASE_SCORE,Disease severity score,7.3,score,2025-09-06 17:00:00.000,INSTRUMENT,REVIEW,SYNTH_USER_03,SYNTHETIC — hackathon mock data,2025-09-06 15:00:00.000,2026-09-26 12:00:00.000,392FA979-80F4-BCA9-0000-000000000234,FIELD_OBS_MOCK,TRUE
2DF9E057-8ECD-BD65-0000-000000000235,515759EC-ECE3-E30C-0000-00000000003D,307DEFEB-9888-F474-0000-000000000042,128FB883-C2F8-1156-0000-000000000002,1086,2,FLOWERING_DAYS,Days to flowering,72.0,days,2024-09-25 17:00:00.000,INSTRUMENT,ACCEPTED,SYNTH_USER_01,SYNTHETIC — hackathon mock data,2024-05-04 18:00:00.000,2026-09-26 12:00:00.000,392FA979-80F4-BCA9-0000-000000000235,FIELD_OBS_MOCK,TRUE
2DF9E057-8ECD-BD65-0000-000000000236,515759EC-ECE3-E30C-0000-00000000003E,307DEFEB-9888-F474-0000-00000000004D,128FB883-C2F8-1156-0000-000000000005,1087,3,YIELD_T_HA,Grain yield,7.87,t/ha,2025-07-05 09:00:00.000,WEIGHING,ACCEPTED,SYNTH_USER_01,SYNTHETIC — hackathon mock data,2025-06-07 15:00:00.000,2026-09-26 12:00:00.000,392FA979-80F4-BCA9-0000-000000000236,FIELD_OBS_MOCK,TRUE
2DF9E057-8ECD-BD65-0000-000000000237,515759EC-ECE3-E30C-0000-00000000003F,307DEFEB-9888-F474-0000-000000000058,128FB883-C2F8-1156-0000-000000000005,1088,1,MOISTURE_PCT,Grain moisture,23.2,%,2024-09-18 15:00:00.000,WEIGHING,ACCEPTED,SYNTH_USER_01,SYNTHETIC — hackathon mock data,2024-07-15 12:00:00.000,2026-09-26 12:00:00.000,392FA979-80F4-BCA9-0000-000000000237,FIELD_OBS_MOCK,TRUE
2DF9E057-8ECD-BD65-0000-000000000238,515759EC-ECE3-E30C-0000-000000000040,307DEFEB-9888-F474-0000-000000000063,128FB883-C2F8-1156-0000-000000000001,1089,2,PLANT_HEIGHT_CM,Plant height,226.0,cm,2024-05-06 12:00:00.000,FIELD_VISUAL,ACCEPTED,SYNTH_USER_01,SYNTHETIC — hackathon mock data,2024-07-15 16:00:00.000,2026-09-26 12:00:00.000,392FA979-80F4-BCA9-0000-000000000238,FIELD_OBS_MOCK,TRUE
2DF9E057-8ECD-BD65-0000-000000000239,515759EC-ECE3-E30C-0000-000000000041,307DEFEB-9888-F474-0000-00000000006E,128FB883-C2F8-1156-0000-000000000005,1090,3,DISEASE_SCORE,Disease severity score,2.0,score,2026-05-28 18:00:00.000,INSTRUMENT,ACCEPTED,SYNTH_USER_03,SYNTHETIC — hackathon mock data,2026-05-08 13:00:00.000,2026-09-26 12:00:00.000,392FA979-80F4-BCA9-0000-000000000239,FIELD_OBS_MOCK,TRUE
2DF9E057-8ECD-BD65-0000-00000000023A,515759EC-ECE3-E30C-0000-000000000042,307DEFEB-9888-F474-0000-000000000079,128FB883-C2F8-1156-0000-000000000005,1091,1,FLOWERING_DAYS,Days to flowering,68.0,days,2024-09-12 08:00:00.000,INSTRUMENT,ACCEPTED,SYNTH_USER_02,SYNTHETIC — hackathon mock data,2024-06-26 07:00:00.000,2026-09-26 12:00:00.000,392FA979-80F4-BCA9-0000-00000000023A,FIELD_OBS_MOCK,TRUE
2DF9E057-8ECD-BD65-0000-00000000023B,515759EC-ECE3-E30C-0000-000000000043,307DEFEB-9888-F474-0000-000000000084,128FB883-C2F8-1156-0000-000000000001,1092,2,YIELD_T_HA,Grain yield,4.99,t/ha,2025-05-12 15:00:00.000,INSTRUMENT,ACCEPTED,SYNTH_USER_04,SYNTHETIC — hackathon mock data,2025-08-05 15:00:00.000,2026-09-26 12:00:00.000,392FA979-80F4-BCA9-0000-00000000023B,FIELD_OBS_MOCK,TRUE
2DF9E057-8ECD-BD65-0000-00000000023C,515759EC-ECE3-E30C-0000-000000000044,307DEFEB-9888-F474-0000-00000000008F,128FB883-C2F8-1156-0000-000000000001,1093,3,MOISTURE_PCT,Grain moisture,18.3,%,2025-05-02 17:00:00.000,INSTRUMENT,ACCEPTED,SYNTH_USER_03,SYNTHETIC — hackathon mock data,2025-07-05 11:00:00.000,2026-09-26 12:00:00.000,392FA979-80F4-BCA9-0000-00000000023C,FIELD_OBS_MOCK,TRUE
2DF9E057-8ECD-BD65-0000-00000000023D,515759EC-ECE3-E30C-0000-000000000045,307DEFEB-9888-F474-0000-000000000004,128FB883-C2F8-1156-0000-000000000006,1094,1,PLANT_HEIGHT_CM,Plant height,218.4,cm,2026-05-07 14:00:00.000,FIELD_VISUAL,REVIEW,SYNTH_USER_01,SYNTHETIC — hackathon mock data,2026-05-13 12:00:00.000,2026-09-26 12:00:00.000,392FA979-80F4-BCA9-0000-00000000023D,FIELD_OBS_MOCK,TRUE
2DF9E057-8ECD-BD65-0000-00000000023E,515759EC-ECE3-E30C-0000-000000000046,307DEFEB-9888-F474-0000-00000000000F,128FB883-C2F8-1156-0000-000000000005,1095,2,DISEASE_SCORE,Disease severity score,5.0,score,2024-05-03 09:00:00.000,FIELD_VISUAL,ACCEPTED,SYNTH_USER_03,SYNTHETIC — hackathon mock data,2024-08-09 15:00:00.000,2026-09-26 12:00:00.000,392FA979-80F4-BCA9-0000-00000000023E,FIELD_OBS_MOCK,TRUE
2DF9E057-8ECD-BD65-0000-00000000023F,515759EC-ECE3-E30C-0000-000000000047,307DEFEB-9888-F474-0000-00000000001A,128FB883-C2F8-1156-0000-000000000003,1096,3,FLOWERING_DAYS,Days to flowering,63.0,days,2024-09-11 17:00:00.000,INSTRUMENT,ACCEPTED,SYNTH_USER_02,SYNTHETIC — hackathon mock data,2024-06-17 13:00:00.000,2026-09-26 12:00:00.000,392FA979-80F4-BCA9-0000-00000000023F,FIELD_OBS_MOCK,TRUE
2DF9E057-8ECD-BD65-0000-000000000240,515759EC-ECE3-E30C-0000-000000000048,307DEFEB-9888-F474-0000-000000000025,128FB883-C2F8-1156-0000-000000000004,1001,1,YIELD_T_HA,Grain yield,8.08,t/ha,2025-07-08 10:00:00.000,FIELD_VISUAL,ACCEPTED,SYNTH_USER_02,SYNTHETIC — hackathon mock data,2025-05-10 10:00:00.000,2026-09-26 12:00:00.000,392FA979-80F4-BCA9-0000-000000000240,FIELD_OBS_MOCK,TRUE
2DF9E057-8ECD-BD65-0000-000000000241,515759EC-ECE3-E30C-0000-000000000001,307DEFEB-9888-F474-0000-000000000030,128FB883-C2F8-1156-0000-000000000006,1002,2,MOISTURE_PCT,Grain moisture,20.6,%,2025-06-17 08:00:00.000,WEIGHING,REVIEW,SYNTH_USER_02,SYNTHETIC — hackathon mock data,2025-06-28 15:00:00.000,2026-09-26 12:00:00.000,392FA979-80F4-BCA9-0000-000000000241,FIELD_OBS_MOCK,TRUE
2DF9E057-8ECD-BD65-0000-000000000242,515759EC-ECE3-E30C-0000-000000000002,307DEFEB-9888-F474-0000-00000000003B,128FB883-C2F8-1156-0000-000000000004,1003,3,PLANT_HEIGHT_CM,Plant height,203.7,cm,2026-06-13 16:00:00.000,WEIGHING,ACCEPTED,SYNTH_USER_02,SYNTHETIC — hackathon mock data,2026-07-16 09:00:00.000,2026-09-26 12:00:00.000,392FA979-80F4-BCA9-0000-000000000242,FIELD_OBS_MOCK,TRUE
2DF9E057-8ECD-BD65-0000-000000000243,515759EC-ECE3-E30C-0000-000000000003,307DEFEB-9888-F474-0000-000000000046,128FB883-C2F8-1156-0000-000000000004,1004,1,DISEASE_SCORE,Disease severity score,9.0,score,2024-08-12 17:00:00.000,WEIGHING,ACCEPTED,SYNTH_USER_04,SYNTHETIC — hackathon mock data,2024-05-23 11:00:00.000,2026-09-26 12:00:00.000,392FA979-80F4-BCA9-0000-000000000243,FIELD_OBS_MOCK,TRUE
2DF9E057-8ECD-BD65-0000-000000000244,515759EC-ECE3-E30C-0000-000000000004,307DEFEB-9888-F474-0000-000000000051,128FB883-C2F8-1156-0000-000000000005,1005,2,FLOWERING_DAYS,Days to flowering,60.0,days,2024-06-24 11:00:00.000,FIELD_VISUAL,ACCEPTED,SYNTH_USER_04,SYNTHETIC — hackathon mock data,2024-08-17 14:00:00.000,2026-09-26 12:00:00.000,392FA979-80F4-BCA9-0000-000000000244,FIELD_OBS_MOCK,TRUE
2DF9E057-8ECD-BD65-0000-000000000245,515759EC-ECE3-E30C-0000-000000000005,307DEFEB-9888-F474-0000-00000000005C,128FB883-C2F8-1156-0000-000000000003,1006,3,YIELD_T_HA,Grain yield,9.22,t/ha,2025-09-05 11:00:00.000,INSTRUMENT,ACCEPTED,SYNTH_USER_04,SYNTHETIC — hackathon mock data,2025-08-22 11:00:00.000,2026-09-26 12:00:00.000,392FA979-80F4-BCA9-0000-000000000245,FIELD_OBS_MOCK,TRUE
2DF9E057-8ECD-BD65-0000-000000000246,515759EC-ECE3-E30C-0000-000000000006,307DEFEB-9888-F474-0000-000000000067,128FB883-C2F8-1156-0000-000000000005,1007,1,MOISTURE_PCT,Grain moisture,27.3,%,2024-06-11 11:00:00.000,WEIGHING,REVIEW,SYNTH_USER_03,SYNTHETIC — hackathon mock data,2024-09-14 18:00:00.000,2026-09-26 12:00:00.000,392FA979-80F4-BCA9-0000-000000000246,FIELD_OBS_MOCK,TRUE
2DF9E057-8ECD-BD65-0000-000000000247,515759EC-ECE3-E30C-0000-000000000007,307DEFEB-9888-F474-0000-000000000072,128FB883-C2F8-1156-0000-000000000002,1008,2,PLANT_HEIGHT_CM,Plant height,224.4,cm,2025-09-17 14:00:00.000,FIELD_VISUAL,ACCEPTED,SYNTH_USER_01,SYNTHETIC — hackathon mock data,2025-06-24 14:00:00.000,2026-09-26 12:00:00.000,392FA979-80F4-BCA9-0000-000000000247,FIELD_OBS_MOCK,TRUE
2DF9E057-8ECD-BD65-0000-000000000248,515759EC-ECE3-E30C-0000-000000000008,307DEFEB-9888-F474-0000-00000000007D,128FB883-C2F8-1156-0000-000000000001,1009,3,DISEASE_SCORE,Disease severity score,5.9,score,2025-06-21 12:00:00.000,INSTRUMENT,ACCEPTED,SYNTH_USER_04,SYNTHETIC — hackathon mock data,2025-07-06 17:00:00.000,2026-09-26 12:00:00.000,392FA979-80F4-BCA9-0000-000000000248,FIELD_OBS_MOCK,TRUE
2DF9E057-8ECD-BD65-0000-000000000249,515759EC-ECE3-E30C-0000-000000000009,307DEFEB-9888-F474-0000-000000000088,128FB883-C2F8-1156-0000-000000000004,1010,1,FLOWERING_DAYS,Days to flowering,81.0,days,2026-07-09 08:00:00.000,FIELD_VISUAL,ACCEPTED,SYNTH_USER_01,SYNTHETIC — hackathon mock data,2026-08-05 10:00:00.000,2026-09-26 12:00:00.000,392FA979-80F4-BCA9-0000-000000000249,FIELD_OBS_MOCK,TRUE
2DF9E057-8ECD-BD65-0000-00000000024A,515759EC-ECE3-E30C-0000-00000000000A,307DEFEB-9888-F474-0000-000000000093,128FB883-C2F8-1156-0000-000000000006,1011,2,YIELD_T_HA,Grain yield,6.52,t/ha,2026-06-12 12:00:00.000,FIELD_VISUAL,ACCEPTED,SYNTH_USER_03,SYNTHETIC — hackathon mock data,2026-07-19 07:00:00.000,2026-09-26 12:00:00.000,392FA979-80F4-BCA9-0000-00000000024A,FIELD_OBS_MOCK,TRUE
2DF9E057-8ECD-BD65-0000-00000000024B,515759EC-ECE3-E30C-0000-00000000000B,307DEFEB-9888-F474-0000-000000000008,128FB883-C2F8-1156-0000-000000000005,1012,3,MOISTURE_PCT,Grain moisture,10.3,%,2025-06-23 16:00:00.000,FIELD_VISUAL,ACCEPTED,SYNTH_USER_01,SYNTHETIC — hackathon mock data,2025-06-12 09:00:00.000,2026-09-26 12:00:00.000,392FA979-80F4-BCA9-0000-00000000024B,FIELD_OBS_MOCK,TRUE
2DF9E057-8ECD-BD65-0000-00000000024C,515759EC-ECE3-E30C-0000-00000000000C,307DEFEB-9888-F474-0000-000000000013,128FB883-C2F8-1156-0000-000000000002,1013,1,PLANT_HEIGHT_CM,Plant height,194.6,cm,2024-06-07 07:00:00.000,FIELD_VISUAL,REVIEW,SYNTH_USER_04,SYNTHETIC — hackathon mock data,2024-07-03 15:00:00.000,2026-09-26 12:00:00.000,392FA979-80F4-BCA9-0000-00000000024C,FIELD_OBS_MOCK,TRUE
2DF9E057-8ECD-BD65-0000-00000000024D,515759EC-ECE3-E30C-0000-00000000000D,307DEFEB-9888-F474-0000-00000000001E,128FB883-C2F8-1156-0000-000000000004,1014,2,DISEASE_SCORE,Disease severity score,8.2,score,2026-08-26 11:00:00.000,INSTRUMENT,ACCEPTED,SYNTH_USER_04,SYNTHETIC — hackathon mock data,2026-07-01 13:00:00.000,2026-09-26 12:00:00.000,392FA979-80F4-BCA9-0000-00000000024D,FIELD_OBS_MOCK,TRUE
2DF9E057-8ECD-BD65-0000-00000000024E,515759EC-ECE3-E30C-0000-00000000000E,307DEFEB-9888-F474-0000-000000000029,128FB883-C2F8-1156-0000-000000000004,1015,3,FLOWERING_DAYS,Days to flowering,57.0,days,2024-06-24 14:00:00.000,FIELD_VISUAL,ACCEPTED,SYNTH_USER_04,SYNTHETIC — hackathon mock data,2024-05-26 17:00:00.000,2026-09-26 12:00:00.000,392FA979-80F4-BCA9-0000-00000000024E,FIELD_OBS_MOCK,TRUE
2DF9E057-8ECD-BD65-0000-00000000024F,515759EC-ECE3-E30C-0000-00000000000F,307DEFEB-9888-F474-0000-000000000034,128FB883-C2F8-1156-0000-000000000005,1016,1,YIELD_T_HA,Grain yield,14.04,t/ha,2024-08-08 18:00:00.000,INSTRUMENT,ACCEPTED,SYNTH_USER_02,SYNTHETIC — hackathon mock data,2024-09-26 18:00:00.000,2026-09-26 12:00:00.000,392FA979-80F4-BCA9-0000-00000000024F,FIELD_OBS_MOCK,TRUE
2DF9E057-8ECD-BD65-0000-000000000250,515759EC-ECE3-E30C-0000-000000000010,307DEFEB-9888-F474-0000-00000000003F,128FB883-C2F8-1156-0000-000000000001,1017,2,MOISTURE_PCT,Grain moisture,23.9,%,2026-05-10 09:00:00.000,INSTRUMENT,ACCEPTED,SYNTH_USER_04,SYNTHETIC — hackathon mock data,2026-05-24 14:00:00.000,2026-09-26 12:00:00.000,392FA979-80F4-BCA9-0000-000000000250,FIELD_OBS_MOCK,TRUE
2DF9E057-8ECD-BD65-0000-000000000251,515759EC-ECE3-E30C-0000-000000000011,307DEFEB-9888-F474-0000-00000000004A,128FB883-C2F8-1156-0000-000000000001,1018,3,PLANT_HEIGHT_CM,Plant height,150.7,cm,2024-06-20 08:00:00.000,INSTRUMENT,ACCEPTED,SYNTH_USER_04,SYNTHETIC — hackathon mock data,2024-07-10 12:00:00.000,2026-09-26 12:00:00.000,392FA979-80F4-BCA9-0000-000000000251,FIELD_OBS_MOCK,TRUE
2DF9E057-8ECD-BD65-0000-000000000252,515759EC-ECE3-E30C-0000-000000000012,307DEFEB-9888-F474-0000-000000000055,128FB883-C2F8-1156-0000-000000000002,1019,1,DISEASE_SCORE,Disease severity score,8.7,score,2025-09-18 09:00:00.000,FIELD_VISUAL,ACCEPTED,SYNTH_USER_01,SYNTHETIC — hackathon mock data,2025-05-11 11:00:00.000,2026-09-26 12:00:00.000,392FA979-80F4-BCA9-0000-000000000252,FIELD_OBS_MOCK,TRUE
2DF9E057-8ECD-BD65-0000-000000000253,515759EC-ECE3-E30C-0000-000000000013,307DEFEB-9888-F474-0000-000000000060,128FB883-C2F8-1156-0000-000000000005,1020,2,FLOWERING_DAYS,Days to flowering,62.0,days,2026-08-21 14:00:00.000,WEIGHING,ACCEPTED,SYNTH_USER_01,SYNTHETIC — hackathon mock data,2026-09-14 08:00:00.000,2026-09-26 12:00:00.000,392FA979-80F4-BCA9-0000-000000000253,FIELD_OBS_MOCK,TRUE
2DF9E057-8ECD-BD65-0000-000000000254,515759EC-ECE3-E30C-0000-000000000014,307DEFEB-9888-F474-0000-00000000006B,128FB883-C2F8-1156-0000-000000000005,1021,3,YIELD_T_HA,Grain yield,4.84,t/ha,2026-05-12 14:00:00.000,INSTRUMENT,ACCEPTED,SYNTH_USER_03,SYNTHETIC — hackathon mock data,2026-07-13 12:00:00.000,2026-09-26 12:00:00.000,392FA979-80F4-BCA9-0000-000000000254,FIELD_OBS_MOCK,TRUE
2DF9E057-8ECD-BD65-0000-000000000255,515759EC-ECE3-E30C-0000-000000000015,307DEFEB-9888-F474-0000-000000000076,128FB883-C2F8-1156-0000-000000000001,1022,1,MOISTURE_PCT,Grain moisture,24.0,%,2025-07-11 13:00:00.000,WEIGHING,ACCEPTED,SYNTH_USER_01,SYNTHETIC — hackathon mock data,2025-08-24 10:00:00.000,2026-09-26 12:00:00.000,392FA979-80F4-BCA9-0000-000000000255,FIELD_OBS_MOCK,TRUE
2DF9E057-8ECD-BD65-0000-000000000256,515759EC-ECE3-E30C-0000-000000000016,307DEFEB-9888-F474-0000-000000000081,128FB883-C2F8-1156-0000-000000000005,1023,2,PLANT_HEIGHT_CM,Plant height,174.3,cm,2024-09-10 13:00:00.000,INSTRUMENT,ACCEPTED,SYNTH_USER_01,SYNTHETIC — hackathon mock data,2024-05-08 09:00:00.000,2026-09-26 12:00:00.000,392FA979-80F4-BCA9-0000-000000000256,FIELD_OBS_MOCK,TRUE
2DF9E057-8ECD-BD65-0000-000000000257,515759EC-ECE3-E30C-0000-000000000017,307DEFEB-9888-F474-0000-00000000008C,128FB883-C2F8-1156-0000-000000000006,1024,3,DISEASE_SCORE,Disease severity score,3.8,score,2026-07-17 07:00:00.000,WEIGHING,REVIEW,SYNTH_USER_02,SYNTHETIC — hackathon mock data,2026-06-21 13:00:00.000,2026-09-26 12:00:00.000,392FA979-80F4-BCA9-0000-000000000257,FIELD_OBS_MOCK,TRUE
2DF9E057-8ECD-BD65-0000-000000000258,515759EC-ECE3-E30C-0000-000000000018,307DEFEB-9888-F474-0000-000000000001,128FB883-C2F8-1156-0000-000000000003,1025,1,FLOWERING_DAYS,Days to flowering,71.0,days,2026-07-20 11:00:00.000,FIELD_VISUAL,ACCEPTED,SYNTH_USER_03,SYNTHETIC — hackathon mock data,2026-07-21 14:00:00.000,2026-09-26 12:00:00.000,392FA979-80F4-BCA9-0000-000000000258,FIELD_OBS_MOCK,TRUE
2DF9E057-8ECD-BD65-0000-000000000259,515759EC-ECE3-E30C-0000-000000000019,307DEFEB-9888-F474-0000-00000000000C,128FB883-C2F8-1156-0000-000000000001,1026,2,YIELD_T_HA,Grain yield,14.38,t/ha,2026-06-03 18:00:00.000,FIELD_VISUAL,ACCEPTED,SYNTH_USER_03,SYNTHETIC — hackathon mock data,2026-08-12 13:00:00.000,2026-09-26 12:00:00.000,392FA979-80F4-BCA9-0000-000000000259,FIELD_OBS_MOCK,TRUE
2DF9E057-8ECD-BD65-0000-00000000025A,515759EC-ECE3-E30C-0000-00000000001A,307DEFEB-9888-F474-0000-000000000017,128FB883-C2F8-1156-0000-000000000006,1027,3,MOISTURE_PCT,Grain moisture,26.5,%,2026-06-05 11:00:00.000,INSTRUMENT,ACCEPTED,SYNTH_USER_04,SYNTHETIC — hackathon mock data,2026-09-24 15:00:00.000,2026-09-26 12:00:00.000,392FA979-80F4-BCA9-0000-00000000025A,FIELD_OBS_MOCK,TRUE
2DF9E057-8ECD-BD65-0000-00000000025B,515759EC-ECE3-E30C-0000-00000000001B,307DEFEB-9888-F474-0000-000000000022,128FB883-C2F8-1156-0000-000000000003,1028,1,PLANT_HEIGHT_CM,Plant height,306.1,cm,2024-08-20 15:00:00.000,FIELD_VISUAL,ACCEPTED,SYNTH_USER_04,SYNTHETIC — hackathon mock data,2024-08-11 10:00:00.000,2026-09-26 12:00:00.000,392FA979-80F4-BCA9-0000-00000000025B,FIELD_OBS_MOCK,TRUE
2DF9E057-8ECD-BD65-0000-00000000025C,515759EC-ECE3-E30C-0000-00000000001C,307DEFEB-9888-F474-0000-00000000002D,128FB883-C2F8-1156-0000-000000000006,1029,2,DISEASE_SCORE,Disease severity score,4.3,score,2025-05-21 17:00:00.000,WEIGHING,REVIEW,SYNTH_USER_02,SYNTHETIC — hackathon mock data,2025-07-17 08:00:00.000,2026-09-26 12:00:00.000,392FA979-80F4-BCA9-0000-00000000025C,FIELD_OBS_MOCK,TRUE
2DF9E057-8ECD-BD65-0000-00000000025D,515759EC-ECE3-E30C-0000-00000000001D,307DEFEB-9888-F474-0000-000000000038,128FB883-C2F8-1156-0000-000000000002,1030,3,FLOWERING_DAYS,Days to flowering,70.0,days,2024-08-16 16:00:00.000,WEIGHING,ACCEPTED,SYNTH_USER_02,SYNTHETIC — hackathon mock data,2024-08-06 07:00:00.000,2026-09-26 12:00:00.000,392FA979-80F4-BCA9-0000-00000000025D,FIELD_OBS_MOCK,TRUE
2DF9E057-8ECD-BD65-0000-00000000025E,515759EC-ECE3-E30C-0000-00000000001E,307DEFEB-9888-F474-0000-000000000043,128FB883-C2F8-1156-0000-000000000004,1031,1,YIELD_T_HA,Grain yield,11.61,t/ha,2026-06-22 12:00:00.000,WEIGHING,ACCEPTED,SYNTH_USER_01,SYNTHETIC — hackathon mock data,2026-07-08 14:00:00.000,2026-09-26 12:00:00.000,392FA979-80F4-BCA9-0000-00000000025E,FIELD_OBS_MOCK,TRUE
2DF9E057-8ECD-BD65-0000-00000000025F,515759EC-ECE3-E30C-0000-00000000001F,307DEFEB-9888-F474-0000-00000000004E,128FB883-C2F8-1156-0000-000000000005,1032,2,MOISTURE_PCT,Grain moisture,16.4,%,2026-08-24 10:00:00.000,WEIGHING,ACCEPTED,SYNTH_USER_04,SYNTHETIC — hackathon mock data,2026-07-22 09:00:00.000,2026-09-26 12:00:00.000,392FA979-80F4-BCA9-0000-00000000025F,FIELD_OBS_MOCK,TRUE
2DF9E057-8ECD-BD65-0000-000000000260,515759EC-ECE3-E30C-0000-000000000020,307DEFEB-9888-F474-0000-000000000059,128FB883-C2F8-1156-0000-000000000005,1033,3,PLANT_HEIGHT_CM,Plant height,193.6,cm,2025-06-19 09:00:00.000,WEIGHING,ACCEPTED,SYNTH_USER_04,SYNTHETIC — hackathon mock data,2025-06-05 16:00:00.000,2026-09-26 12:00:00.000,392FA979-80F4-BCA9-0000-000000000260,FIELD_OBS_MOCK,TRUE
2DF9E057-8ECD-BD65-0000-000000000261,515759EC-ECE3-E30C-0000-000000000021,307DEFEB-9888-F474-0000-000000000064,128FB883-C2F8-1156-0000-000000000003,1034,1,DISEASE_SCORE,Disease severity score,5.2,score,2025-08-13 10:00:00.000,FIELD_VISUAL,ACCEPTED,SYNTH_USER_03,SYNTHETIC — hackathon mock data,2025-08-19 14:00:00.000,2026-09-26 12:00:00.000,392FA979-80F4-BCA9-0000-000000000261,FIELD_OBS_MOCK,TRUE
2DF9E057-8ECD-BD65-0000-000000000262,515759EC-ECE3-E30C-0000-000000000022,307DEFEB-9888-F474-0000-00000000006F,128FB883-C2F8-1156-0000-000000000002,1035,2,FLOWERING_DAYS,Days to flowering,72.0,days,2024-06-10 09:00:00.000,FIELD_VISUAL,ACCEPTED,SYNTH_USER_03,SYNTHETIC — hackathon mock data,2024-07-09 17:00:00.000,2026-09-26 12:00:00.000,392FA979-80F4-BCA9-0000-000000000262,FIELD_OBS_MOCK,TRUE
2DF9E057-8ECD-BD65-0000-000000000263,515759EC-ECE3-E30C-0000-000000000023,307DEFEB-9888-F474-0000-00000000007A,128FB883-C2F8-1156-0000-000000000004,1036,3,YIELD_T_HA,Grain yield,11.16,t/ha,2024-08-05 17:00:00.000,INSTRUMENT,ACCEPTED,SYNTH_USER_02,SYNTHETIC — hackathon mock data,2024-05-08 10:00:00.000,2026-09-26 12:00:00.000,392FA979-80F4-BCA9-0000-000000000263,FIELD_OBS_MOCK,TRUE
2DF9E057-8ECD-BD65-0000-000000000264,515759EC-ECE3-E30C-0000-000000000024,307DEFEB-9888-F474-0000-000000000085,128FB883-C2F8-1156-0000-000000000003,1037,1,MOISTURE_PCT,Grain moisture,13.9,%,2024-06-14 07:00:00.000,WEIGHING,REVIEW,SYNTH_USER_02,SYNTHETIC — hackathon mock data,2024-05-23 09:00:00.000,2026-09-26 12:00:00.000,392FA979-80F4-BCA9-0000-000000000264,FIELD_OBS_MOCK,TRUE
2DF9E057-8ECD-BD65-0000-000000000265,515759EC-ECE3-E30C-0000-000000000025,307DEFEB-9888-F474-0000-000000000090,128FB883-C2F8-1156-0000-000000000005,1038,2,PLANT_HEIGHT_CM,Plant height,269.8,cm,2024-07-13 09:00:00.000,WEIGHING,ACCEPTED,SYNTH_USER_01,SYNTHETIC — hackathon mock data,2024-09-19 18:00:00.000,2026-09-26 12:00:00.000,392FA979-80F4-BCA9-0000-000000000265,FIELD_OBS_MOCK,TRUE
2DF9E057-8ECD-BD65-0000-000000000266,515759EC-ECE3-E30C-0000-000000000026,307DEFEB-9888-F474-0000-000000000005,128FB883-C2F8-1156-0000-000000000001,1039,3,DISEASE_SCORE,Disease severity score,3.7,score,2024-05-18 15:00:00.000,FIELD_VISUAL,REJECTED,SYNTH_USER_03,SYNTHETIC — hackathon mock data,2024-05-22 08:00:00.000,2026-09-26 12:00:00.000,392FA979-80F4-BCA9-0000-000000000266,FIELD_OBS_MOCK,TRUE
2DF9E057-8ECD-BD65-0000-000000000267,515759EC-ECE3-E30C-0000-000000000027,307DEFEB-9888-F474-0000-000000000010,128FB883-C2F8-1156-0000-000000000004,1040,1,FLOWERING_DAYS,Days to flowering,94.0,days,2026-08-13 11:00:00.000,WEIGHING,ACCEPTED,SYNTH_USER_01,SYNTHETIC — hackathon mock data,2026-06-23 16:00:00.000,2026-09-26 12:00:00.000,392FA979-80F4-BCA9-0000-000000000267,FIELD_OBS_MOCK,TRUE
2DF9E057-8ECD-BD65-0000-000000000268,515759EC-ECE3-E30C-0000-000000000028,307DEFEB-9888-F474-0000-00000000001B,128FB883-C2F8-1156-0000-000000000006,1041,2,YIELD_T_HA,Grain yield,11.11,t/ha,2025-05-11 08:00:00.000,WEIGHING,ACCEPTED,SYNTH_USER_02,SYNTHETIC — hackathon mock data,2025-09-26 15:00:00.000,2026-09-26 12:00:00.000,392FA979-80F4-BCA9-0000-000000000268,FIELD_OBS_MOCK,TRUE
2DF9E057-8ECD-BD65-0000-000000000269,515759EC-ECE3-E30C-0000-000000000029,307DEFEB-9888-F474-0000-000000000026,128FB883-C2F8-1156-0000-000000000001,1042,3,MOISTURE_PCT,Grain moisture,13.2,%,2025-09-08 17:00:00.000,INSTRUMENT,REVIEW,SYNTH_USER_02,SYNTHETIC — hackathon mock data,2025-09-02 14:00:00.000,2026-09-26 12:00:00.000,392FA979-80F4-BCA9-0000-000000000269,FIELD_OBS_MOCK,TRUE
2DF9E057-8ECD-BD65-0000-00000000026A,515759EC-ECE3-E30C-0000-00000000002A,307DEFEB-9888-F474-0000-000000000031,128FB883-C2F8-1156-0000-000000000004,1043,1,PLANT_HEIGHT_CM,Plant height,188.6,cm,2026-09-12 12:00:00.000,FIELD_VISUAL,ACCEPTED,SYNTH_USER_02,SYNTHETIC — hackathon mock data,2026-09-24 12:00:00.000,2026-09-26 12:00:00.000,392FA979-80F4-BCA9-0000-00000000026A,FIELD_OBS_MOCK,TRUE
2DF9E057-8ECD-BD65-0000-00000000026B,515759EC-ECE3-E30C-0000-00000000002B,307DEFEB-9888-F474-0000-00000000003C,128FB883-C2F8-1156-0000-000000000002,1044,2,DISEASE_SCORE,Disease severity score,7.5,score,2024-07-22 18:00:00.000,WEIGHING,ACCEPTED,SYNTH_USER_04,SYNTHETIC — hackathon mock data,2024-07-14 14:00:00.000,2026-09-26 12:00:00.000,392FA979-80F4-BCA9-0000-00000000026B,FIELD_OBS_MOCK,TRUE
2DF9E057-8ECD-BD65-0000-00000000026C,515759EC-ECE3-E30C-0000-00000000002C,307DEFEB-9888-F474-0000-000000000047,128FB883-C2F8-1156-0000-000000000005,1045,3,FLOWERING_DAYS,Days to flowering,76.0,days,2026-08-10 15:00:00.000,FIELD_VISUAL,ACCEPTED,SYNTH_USER_04,SYNTHETIC — hackathon mock data,2026-08-24 15:00:00.000,2026-09-26 12:00:00.000,392FA979-80F4-BCA9-0000-00000000026C,FIELD_OBS_MOCK,TRUE
2DF9E057-8ECD-BD65-0000-00000000026D,515759EC-ECE3-E30C-0000-00000000002D,307DEFEB-9888-F474-0000-000000000052,128FB883-C2F8-1156-0000-000000000003,1046,1,YIELD_T_HA,Grain yield,12.62,t/ha,2024-09-13 18:00:00.000,WEIGHING,ACCEPTED,SYNTH_USER_01,SYNTHETIC — hackathon mock data,2024-08-05 18:00:00.000,2026-09-26 12:00:00.000,392FA979-80F4-BCA9-0000-00000000026D,FIELD_OBS_MOCK,TRUE
2DF9E057-8ECD-BD65-0000-00000000026E,515759EC-ECE3-E30C-0000-00000000002E,307DEFEB-9888-F474-0000-00000000005D,128FB883-C2F8-1156-0000-000000000003,1047,2,MOISTURE_PCT,Grain moisture,15.8,%,2025-06-16 12:00:00.000,WEIGHING,ACCEPTED,SYNTH_USER_01,SYNTHETIC — hackathon mock data,2025-07-02 12:00:00.000,2026-09-26 12:00:00.000,392FA979-80F4-BCA9-0000-00000000026E,FIELD_OBS_MOCK,TRUE
2DF9E057-8ECD-BD65-0000-00000000026F,515759EC-ECE3-E30C-0000-00000000002F,307DEFEB-9888-F474-0000-000000000068,128FB883-C2F8-1156-0000-000000000004,1048,3,PLANT_HEIGHT_CM,Plant height,251.8,cm,2026-06-14 14:00:00.000,INSTRUMENT,REVIEW,SYNTH_USER_03,SYNTHETIC — hackathon mock data,2026-09-26 10:00:00.000,2026-09-26 12:00:00.000,392FA979-80F4-BCA9-0000-00000000026F,FIELD_OBS_MOCK,TRUE
2DF9E057-8ECD-BD65-0000-000000000270,515759EC-ECE3-E30C-0000-000000000030,307DEFEB-9888-F474-0000-000000000073,128FB883-C2F8-1156-0000-000000000003,1049,1,DISEASE_SCORE,Disease severity score,6.6,score,2025-05-01 07:00:00.000,FIELD_VISUAL,ACCEPTED,SYNTH_USER_04,SYNTHETIC — hackathon mock data,2025-09-23 16:00:00.000,2026-09-26 12:00:00.000,392FA979-80F4-BCA9-0000-000000000270,FIELD_OBS_MOCK,TRUE
2DF9E057-8ECD-BD65-0000-000000000271,515759EC-ECE3-E30C-0000-000000000031,307DEFEB-9888-F474-0000-00000000007E,128FB883-C2F8-1156-0000-000000000002,1050,2,FLOWERING_DAYS,Days to flowering,55.0,days,2024-09-27 17:00:00.000,WEIGHING,REVIEW,SYNTH_USER_02,SYNTHETIC — hackathon mock data,2024-06-05 18:00:00.000,2026-09-26 12:00:00.000,392FA979-80F4-BCA9-0000-000000000271,FIELD_OBS_MOCK,TRUE
2DF9E057-8ECD-BD65-0000-000000000272,515759EC-ECE3-E30C-0000-000000000032,307DEFEB-9888-F474-0000-000000000089,128FB883-C2F8-1156-0000-000000000003,1051,3,YIELD_T_HA,Grain yield,13.98,t/ha,2024-09-14 16:00:00.000,FIELD_VISUAL,ACCEPTED,SYNTH_USER_01,SYNTHETIC — hackathon mock data,2024-08-02 17:00:00.000,2026-09-26 12:00:00.000,392FA979-80F4-BCA9-0000-000000000272,FIELD_OBS_MOCK,TRUE
2DF9E057-8ECD-BD65-0000-000000000273,515759EC-ECE3-E30C-0000-000000000033,307DEFEB-9888-F474-0000-000000000094,128FB883-C2F8-1156-0000-000000000003,1052,1,MOISTURE_PCT,Grain moisture,21.9,%,2026-07-06 15:00:00.000,FIELD_VISUAL,ACCEPTED,SYNTH_USER_02,SYNTHETIC — hackathon mock data,2026-07-18 16:00:00.000,2026-09-26 12:00:00.000,392FA979-80F4-BCA9-0000-000000000273,FIELD_OBS_MOCK,TRUE
2DF9E057-8ECD-BD65-0000-000000000274,515759EC-ECE3-E30C-0000-000000000034,307DEFEB-9888-F474-0000-000000000009,128FB883-C2F8-1156-0000-000000000004,1053,2,PLANT_HEIGHT_CM,Plant height,147.5,cm,2026-05-27 10:00:00.000,WEIGHING,ACCEPTED,SYNTH_USER_04,SYNTHETIC — hackathon mock data,2026-06-26 08:00:00.000,2026-09-26 12:00:00.000,392FA979-80F4-BCA9-0000-000000000274,FIELD_OBS_MOCK,TRUE
2DF9E057-8ECD-BD65-0000-000000000275,515759EC-ECE3-E30C-0000-000000000035,307DEFEB-9888-F474-0000-000000000014,128FB883-C2F8-1156-0000-000000000002,1054,3,DISEASE_SCORE,Disease severity score,3.1,score,2024-08-18 11:00:00.000,INSTRUMENT,REVIEW,SYNTH_USER_03,SYNTHETIC — hackathon mock data,2024-06-21 14:00:00.000,2026-09-26 12:00:00.000,392FA979-80F4-BCA9-0000-000000000275,FIELD_OBS_MOCK,TRUE
2DF9E057-8ECD-BD65-0000-000000000276,515759EC-ECE3-E30C-0000-000000000036,307DEFEB-9888-F474-0000-00000000001F,128FB883-C2F8-1156-0000-000000000004,1055,1,FLOWERING_DAYS,Days to flowering,94.0,days,2024-06-19 13:00:00.000,FIELD_VISUAL,ACCEPTED,SYNTH_USER_04,SYNTHETIC — hackathon mock data,2024-06-08 11:00:00.000,2026-09-26 12:00:00.000,392FA979-80F4-BCA9-0000-000000000276,FIELD_OBS_MOCK,TRUE
2DF9E057-8ECD-BD65-0000-000000000277,515759EC-ECE3-E30C-0000-000000000037,307DEFEB-9888-F474-0000-00000000002A,128FB883-C2F8-1156-0000-000000000005,1056,2,YIELD_T_HA,Grain yield,11.14,t/ha,2025-07-21 17:00:00.000,WEIGHING,ACCEPTED,SYNTH_USER_02,SYNTHETIC — hackathon mock data,2025-09-20 11:00:00.000,2026-09-26 12:00:00.000,392FA979-80F4-BCA9-0000-000000000277,FIELD_OBS_MOCK,TRUE
2DF9E057-8ECD-BD65-0000-000000000278,515759EC-ECE3-E30C-0000-000000000038,307DEFEB-9888-F474-0000-000000000035,128FB883-C2F8-1156-0000-000000000005,1057,3,MOISTURE_PCT,Grain moisture,20.7,%,2026-05-26 15:00:00.000,FIELD_VISUAL,ACCEPTED,SYNTH_USER_01,SYNTHETIC — hackathon mock data,2026-07-21 14:00:00.000,2026-09-26 12:00:00.000,392FA979-80F4-BCA9-0000-000000000278,FIELD_OBS_MOCK,TRUE
2DF9E057-8ECD-BD65-0000-000000000279,515759EC-ECE3-E30C-0000-000000000039,307DEFEB-9888-F474-0000-000000000040,128FB883-C2F8-1156-0000-000000000002,1058,1,PLANT_HEIGHT_CM,Plant height,153.8,cm,2026-05-28 09:00:00.000,INSTRUMENT,ACCEPTED,SYNTH_USER_01,SYNTHETIC — hackathon mock data,2026-06-05 14:00:00.000,2026-09-26 12:00:00.000,392FA979-80F4-BCA9-0000-000000000279,FIELD_OBS_MOCK,TRUE
2DF9E057-8ECD-BD65-0000-00000000027A,515759EC-ECE3-E30C-0000-00000000003A,307DEFEB-9888-F474-0000-00000000004B,128FB883-C2F8-1156-0000-000000000006,1059,2,DISEASE_SCORE,Disease severity score,7.7,score,2024-07-13 07:00:00.000,WEIGHING,ACCEPTED,SYNTH_USER_04,SYNTHETIC — hackathon mock data,2024-09-19 17:00:00.000,2026-09-26 12:00:00.000,392FA979-80F4-BCA9-0000-00000000027A,FIELD_OBS_MOCK,TRUE
2DF9E057-8ECD-BD65-0000-00000000027B,515759EC-ECE3-E30C-0000-00000000003B,307DEFEB-9888-F474-0000-000000000056,128FB883-C2F8-1156-0000-000000000006,1060,3,FLOWERING_DAYS,Days to flowering,45.0,days,2024-05-27 14:00:00.000,FIELD_VISUAL,ACCEPTED,SYNTH_USER_03,SYNTHETIC — hackathon mock data,2024-08-28 08:00:00.000,2026-09-26 12:00:00.000,392FA979-80F4-BCA9-0000-00000000027B,FIELD_OBS_MOCK,TRUE
2DF9E057-8ECD-BD65-0000-00000000027C,515759EC-ECE3-E30C-0000-00000000003C,307DEFEB-9888-F474-0000-000000000061,128FB883-C2F8-1156-0000-000000000001,1061,1,YIELD_T_HA,Grain yield,14.05,t/ha,2025-07-03 09:00:00.000,WEIGHING,ACCEPTED,SYNTH_USER_02,SYNTHETIC — hackathon mock data,2025-07-04 13:00:00.000,2026-09-26 12:00:00.000,392FA979-80F4-BCA9-0000-00000000027C,FIELD_OBS_MOCK,TRUE
2DF9E057-8ECD-BD65-0000-00000000027D,515759EC-ECE3-E30C-0000-00000000003D,307DEFEB-9888-F474-0000-00000000006C,128FB883-C2F8-1156-0000-000000000002,1062,2,MOISTURE_PCT,Grain moisture,12.6,%,2024-09-22 10:00:00.000,WEIGHING,ACCEPTED,SYNTH_USER_04,SYNTHETIC — hackathon mock data,2024-08-17 17:00:00.000,2026-09-26 12:00:00.000,392FA979-80F4-BCA9-0000-00000000027D,FIELD_OBS_MOCK,TRUE
2DF9E057-8ECD-BD65-0000-00000000027E,515759EC-ECE3-E30C-0000-00000000003E,307DEFEB-9888-F474-0000-000000000077,128FB883-C2F8-1156-0000-000000000005,1063,3,PLANT_HEIGHT_CM,Plant height,278.0,cm,2025-05-15 14:00:00.000,INSTRUMENT,ACCEPTED,SYNTH_USER_01,SYNTHETIC — hackathon mock data,2025-07-02 18:00:00.000,2026-09-26 12:00:00.000,392FA979-80F4-BCA9-0000-00000000027E,FIELD_OBS_MOCK,TRUE
2DF9E057-8ECD-BD65-0000-00000000027F,515759EC-ECE3-E30C-0000-00000000003F,307DEFEB-9888-F474-0000-000000000082,128FB883-C2F8-1156-0000-000000000005,1064,1,DISEASE_SCORE,Disease severity score,1.3,score,2024-09-12 14:00:00.000,FIELD_VISUAL,ACCEPTED,SYNTH_USER_02,SYNTHETIC — hackathon mock data,2024-05-14 17:00:00.000,2026-09-26 12:00:00.000,392FA979-80F4-BCA9-0000-00000000027F,FIELD_OBS_MOCK,TRUE
2DF9E057-8ECD-BD65-0000-000000000280,515759EC-ECE3-E30C-0000-000000000040,307DEFEB-9888-F474-0000-00000000008D,128FB883-C2F8-1156-0000-000000000001,1065,2,FLOWERING_DAYS,Days to flowering,92.0,days,2024-08-20 14:00:00.000,WEIGHING,ACCEPTED,SYNTH_USER_01,SYNTHETIC — hackathon mock data,2024-08-01 09:00:00.000,2026-09-26 12:00:00.000,392FA979-80F4-BCA9-0000-000000000280,FIELD_OBS_MOCK,TRUE
2DF9E057-8ECD-BD65-0000-000000000281,515759EC-ECE3-E30C-0000-000000000041,307DEFEB-9888-F474-0000-000000000002,128FB883-C2F8-1156-0000-000000000005,1066,3,YIELD_T_HA,Grain yield,6.87,t/ha,2026-06-15 12:00:00.000,INSTRUMENT,REVIEW,SYNTH_USER_03,SYNTHETIC — hackathon mock data,2026-06-02 12:00:00.000,2026-09-26 12:00:00.000,392FA979-80F4-BCA9-0000-000000000281,FIELD_OBS_MOCK,TRUE
2DF9E057-8ECD-BD65-0000-000000000282,515759EC-ECE3-E30C-0000-000000000042,307DEFEB-9888-F474-0000-00000000000D,128FB883-C2F8-1156-0000-000000000005,1067,1,MOISTURE_PCT,Grain moisture,23.8,%,2024-06-11 10:00:00.000,FIELD_VISUAL,ACCEPTED,SYNTH_USER_01,SYNTHETIC — hackathon mock data,2024-09-07 10:00:00.000,2026-09-26 12:00:00.000,392FA979-80F4-BCA9-0000-000000000282,FIELD_OBS_MOCK,TRUE
2DF9E057-8ECD-BD65-0000-000000000283,515759EC-ECE3-E30C-0000-000000000043,307DEFEB-9888-F474-0000-000000000018,128FB883-C2F8-1156-0000-000000000001,1068,2,PLANT_HEIGHT_CM,Plant height,161.4,cm,2025-05-28 15:00:00.000,INSTRUMENT,ACCEPTED,SYNTH_USER_03,SYNTHETIC — hackathon mock data,2025-09-17 10:00:00.000,2026-09-26 12:00:00.000,392FA979-80F4-BCA9-0000-000000000283,FIELD_OBS_MOCK,TRUE
2DF9E057-8ECD-BD65-0000-000000000284,515759EC-ECE3-E30C-0000-000000000044,307DEFEB-9888-F474-0000-000000000023,128FB883-C2F8-1156-0000-000000000001,1069,3,DISEASE_SCORE,Disease severity score,4.7,score,2025-07-10 09:00:00.000,WEIGHING,ACCEPTED,SYNTH_USER_01,SYNTHETIC — hackathon mock data,2025-08-07 10:00:00.000,2026-09-26 12:00:00.000,392FA979-80F4-BCA9-0000-000000000284,FIELD_OBS_MOCK,TRUE
2DF9E057-8ECD-BD65-0000-000000000285,515759EC-ECE3-E30C-0000-000000000045,307DEFEB-9888-F474-0000-00000000002E,128FB883-C2F8-1156-0000-000000000006,1070,1,FLOWERING_DAYS,Days to flowering,93.0,days,2026-07-15 18:00:00.000,WEIGHING,ACCEPTED,SYNTH_USER_02,SYNTHETIC — hackathon mock data,2026-09-14 14:00:00.000,2026-09-26 12:00:00.000,392FA979-80F4-BCA9-0000-000000000285,FIELD_OBS_MOCK,TRUE
2DF9E057-8ECD-BD65-0000-000000000286,515759EC-ECE3-E30C-0000-000000000046,307DEFEB-9888-F474-0000-000000000039,128FB883-C2F8-1156-0000-000000000005,1071,2,YIELD_T_HA,Grain yield,13.69,t/ha,2024-08-26 18:00:00.000,FIELD_VISUAL,REVIEW,SYNTH_USER_03,SYNTHETIC — hackathon mock data,2024-09-26 17:00:00.000,2026-09-26 12:00:00.000,392FA979-80F4-BCA9-0000-000000000286,FIELD_OBS_MOCK,TRUE
2DF9E057-8ECD-BD65-0000-000000000287,515759EC-ECE3-E30C-0000-000000000047,307DEFEB-9888-F474-0000-000000000044,128FB883-C2F8-1156-0000-000000000003,1072,3,MOISTURE_PCT,Grain moisture,12.3,%,2024-08-27 09:00:00.000,FIELD_VISUAL,ACCEPTED,SYNTH_USER_03,SYNTHETIC — hackathon mock data,2024-07-01 17:00:00.000,2026-09-26 12:00:00.000,392FA979-80F4-BCA9-0000-000000000287,FIELD_OBS_MOCK,TRUE
2DF9E057-8ECD-BD65-0000-000000000288,515759EC-ECE3-E30C-0000-000000000048,307DEFEB-9888-F474-0000-00000000004F,128FB883-C2F8-1156-0000-000000000004,1073,1,PLANT_HEIGHT_CM,Plant height,181.7,cm,2025-05-04 09:00:00.000,INSTRUMENT,REVIEW,SYNTH_USER_03,SYNTHETIC — hackathon mock data,2025-06-07 08:00:00.000,2026-09-26 12:00:00.000,392FA979-80F4-BCA9-0000-000000000288,FIELD_OBS_MOCK,TRUE
2DF9E057-8ECD-BD65-0000-000000000289,515759EC-ECE3-E30C-0000-000000000001,307DEFEB-9888-F474-0000-00000000005A,128FB883-C2F8-1156-0000-000000000006,1074,2,DISEASE_SCORE,Disease severity score,6.9,score,2025-07-01 14:00:00.000,FIELD_VISUAL,ACCEPTED,SYNTH_USER_02,SYNTHETIC — hackathon mock data,2025-09-21 10:00:00.000,2026-09-26 12:00:00.000,392FA979-80F4-BCA9-0000-000000000289,FIELD_OBS_MOCK,TRUE
2DF9E057-8ECD-BD65-0000-00000000028A,515759EC-ECE3-E30C-0000-000000000002,307DEFEB-9888-F474-0000-000000000065,128FB883-C2F8-1156-0000-000000000004,1075,3,FLOWERING_DAYS,Days to flowering,48.0,days,2026-06-25 11:00:00.000,INSTRUMENT,ACCEPTED,SYNTH_USER_03,SYNTHETIC — hackathon mock data,2026-07-06 10:00:00.000,2026-09-26 12:00:00.000,392FA979-80F4-BCA9-0000-00000000028A,FIELD_OBS_MOCK,TRUE
2DF9E057-8ECD-BD65-0000-00000000028B,515759EC-ECE3-E30C-0000-000000000003,307DEFEB-9888-F474-0000-000000000070,128FB883-C2F8-1156-0000-000000000004,1076,1,YIELD_T_HA,Grain yield,12.12,t/ha,2024-06-21 16:00:00.000,WEIGHING,ACCEPTED,SYNTH_USER_03,SYNTHETIC — hackathon mock data,2024-07-10 15:00:00.000,2026-09-26 12:00:00.000,392FA979-80F4-BCA9-0000-00000000028B,FIELD_OBS_MOCK,TRUE
2DF9E057-8ECD-BD65-0000-00000000028C,515759EC-ECE3-E30C-0000-000000000004,307DEFEB-9888-F474-0000-00000000007B,128FB883-C2F8-1156-0000-000000000005,1077,2,MOISTURE_PCT,Grain moisture,26.4,%,2024-09-18 16:00:00.000,WEIGHING,ACCEPTED,SYNTH_USER_02,SYNTHETIC — hackathon mock data,2024-08-17 16:00:00.000,2026-09-26 12:00:00.000,392FA979-80F4-BCA9-0000-00000000028C,FIELD_OBS_MOCK,TRUE
2DF9E057-8ECD-BD65-0000-00000000028D,515759EC-ECE3-E30C-0000-000000000005,307DEFEB-9888-F474-0000-000000000086,128FB883-C2F8-1156-0000-000000000003,1078,3,PLANT_HEIGHT_CM,Plant height,158.3,cm,2025-07-09 15:00:00.000,FIELD_VISUAL,ACCEPTED,SYNTH_USER_04,SYNTHETIC — hackathon mock data,2025-07-04 10:00:00.000,2026-09-26 12:00:00.000,392FA979-80F4-BCA9-0000-00000000028D,FIELD_OBS_MOCK,TRUE
2DF9E057-8ECD-BD65-0000-00000000028E,515759EC-ECE3-E30C-0000-000000000006,307DEFEB-9888-F474-0000-000000000091,128FB883-C2F8-1156-0000-000000000005,1079,1,DISEASE_SCORE,Disease severity score,3.1,score,2024-09-07 10:00:00.000,FIELD_VISUAL,ACCEPTED,SYNTH_USER_02,SYNTHETIC — hackathon mock data,2024-06-07 13:00:00.000,2026-09-26 12:00:00.000,392FA979-80F4-BCA9-0000-00000000028E,FIELD_OBS_MOCK,TRUE
2DF9E057-8ECD-BD65-0000-00000000028F,515759EC-ECE3-E30C-0000-000000000007,307DEFEB-9888-F474-0000-000000000006,128FB883-C2F8-1156-0000-000000000002,1080,2,FLOWERING_DAYS,Days to flowering,75.0,days,2025-08-24 13:00:00.000,WEIGHING,ACCEPTED,SYNTH_USER_04,SYNTHETIC — hackathon mock data,2025-08-12 09:00:00.000,2026-09-26 12:00:00.000,392FA979-80F4-BCA9-0000-00000000028F,FIELD_OBS_MOCK,TRUE
2DF9E057-8ECD-BD65-0000-000000000290,515759EC-ECE3-E30C-0000-000000000008,307DEFEB-9888-F474-0000-000000000011,128FB883-C2F8-1156-0000-000000000001,1081,3,YIELD_T_HA,Grain yield,6.88,t/ha,2025-06-14 13:00:00.000,FIELD_VISUAL,ACCEPTED,SYNTH_USER_04,SYNTHETIC — hackathon mock data,2025-08-21 09:00:00.000,2026-09-26 12:00:00.000,392FA979-80F4-BCA9-0000-000000000290,FIELD_OBS_MOCK,TRUE
2DF9E057-8ECD-BD65-0000-000000000291,515759EC-ECE3-E30C-0000-000000000009,307DEFEB-9888-F474-0000-00000000001C,128FB883-C2F8-1156-0000-000000000004,1082,1,MOISTURE_PCT,Grain moisture,25.0,%,2026-05-12 08:00:00.000,WEIGHING,ACCEPTED,SYNTH_USER_03,SYNTHETIC — hackathon mock data,2026-05-19 15:00:00.000,2026-09-26 12:00:00.000,392FA979-80F4-BCA9-0000-000000000291,FIELD_OBS_MOCK,TRUE
2DF9E057-8ECD-BD65-0000-000000000292,515759EC-ECE3-E30C-0000-00000000000A,307DEFEB-9888-F474-0000-000000000027,128FB883-C2F8-1156-0000-000000000006,1083,2,PLANT_HEIGHT_CM,Plant height,161.0,cm,2026-09-14 11:00:00.000,FIELD_VISUAL,ACCEPTED,SYNTH_USER_03,SYNTHETIC — hackathon mock data,2026-07-19 11:00:00.000,2026-09-26 12:00:00.000,392FA979-80F4-BCA9-0000-000000000292,FIELD_OBS_MOCK,TRUE
2DF9E057-8ECD-BD65-0000-000000000293,515759EC-ECE3-E30C-0000-00000000000B,307DEFEB-9888-F474-0000-000000000032,128FB883-C2F8-1156-0000-000000000005,1084,3,DISEASE_SCORE,Disease severity score,7.5,score,2025-09-01 18:00:00.000,WEIGHING,ACCEPTED,SYNTH_USER_01,SYNTHETIC — hackathon mock data,2025-06-10 07:00:00.000,2026-09-26 12:00:00.000,392FA979-80F4-BCA9-0000-000000000293,FIELD_OBS_MOCK,TRUE
2DF9E057-8ECD-BD65-0000-000000000294,515759EC-ECE3-E30C-0000-00000000000C,307DEFEB-9888-F474-0000-00000000003D,128FB883-C2F8-1156-0000-000000000002,1085,1,FLOWERING_DAYS,Days to flowering,90.0,days,2024-05-25 09:00:00.000,INSTRUMENT,ACCEPTED,SYNTH_USER_01,SYNTHETIC — hackathon mock data,2024-09-16 12:00:00.000,2026-09-26 12:00:00.000,392FA979-80F4-BCA9-0000-000000000294,FIELD_OBS_MOCK,TRUE
2DF9E057-8ECD-BD65-0000-000000000295,515759EC-ECE3-E30C-0000-00000000000D,307DEFEB-9888-F474-0000-000000000048,128FB883-C2F8-1156-0000-000000000004,1086,2,YIELD_T_HA,Grain yield,5.4,t/ha,2026-09-09 14:00:00.000,INSTRUMENT,ACCEPTED,SYNTH_USER_03,SYNTHETIC — hackathon mock data,2026-09-07 08:00:00.000,2026-09-26 12:00:00.000,392FA979-80F4-BCA9-0000-000000000295,FIELD_OBS_MOCK,TRUE
2DF9E057-8ECD-BD65-0000-000000000296,515759EC-ECE3-E30C-0000-00000000000E,307DEFEB-9888-F474-0000-000000000053,128FB883-C2F8-1156-0000-000000000004,1087,3,MOISTURE_PCT,Grain moisture,15.0,%,2024-09-15 13:00:00.000,FIELD_VISUAL,ACCEPTED,SYNTH_USER_04,SYNTHETIC — hackathon mock data,2024-06-10 10:00:00.000,2026-09-26 12:00:00.000,392FA979-80F4-BCA9-0000-000000000296,FIELD_OBS_MOCK,TRUE
2DF9E057-8ECD-BD65-0000-000000000297,515759EC-ECE3-E30C-0000-00000000000F,307DEFEB-9888-F474-0000-00000000005E,128FB883-C2F8-1156-0000-000000000005,1088,1,PLANT_HEIGHT_CM,Plant height,147.9,cm,2024-07-09 07:00:00.000,INSTRUMENT,ACCEPTED,SYNTH_USER_04,SYNTHETIC — hackathon mock data,2024-06-18 09:00:00.000,2026-09-26 12:00:00.000,392FA979-80F4-BCA9-0000-000000000297,FIELD_OBS_MOCK,TRUE
2DF9E057-8ECD-BD65-0000-000000000298,515759EC-ECE3-E30C-0000-000000000010,307DEFEB-9888-F474-0000-000000000069,128FB883-C2F8-1156-0000-000000000001,1089,2,DISEASE_SCORE,Disease severity score,4.3,score,2026-06-27 11:00:00.000,FIELD_VISUAL,ACCEPTED,SYNTH_USER_02,SYNTHETIC — hackathon mock data,2026-08-05 17:00:00.000,2026-09-26 12:00:00.000,392FA979-80F4-BCA9-0000-000000000298,FIELD_OBS_MOCK,TRUE
2DF9E057-8ECD-BD65-0000-000000000299,515759EC-ECE3-E30C-0000-000000000011,307DEFEB-9888-F474-0000-000000000074,128FB883-C2F8-1156-0000-000000000001,1090,3,FLOWERING_DAYS,Days to flowering,61.0,days,2024-05-13 15:00:00.000,INSTRUMENT,ACCEPTED,SYNTH_USER_01,SYNTHETIC — hackathon mock data,2024-05-15 07:00:00.000,2026-09-26 12:00:00.000,392FA979-80F4-BCA9-0000-000000000299,FIELD_OBS_MOCK,TRUE
2DF9E057-8ECD-BD65-0000-00000000029A,515759EC-ECE3-E30C-0000-000000000012,307DEFEB-9888-F474-0000-00000000007F,128FB883-C2F8-1156-0000-000000000002,1091,1,YIELD_T_HA,Grain yield,8.82,t/ha,2025-06-11 18:00:00.000,INSTRUMENT,ACCEPTED,SYNTH_USER_04,SYNTHETIC — hackathon mock data,2025-09-18 13:00:00.000,2026-09-26 12:00:00.000,392FA979-80F4-BCA9-0000-00000000029A,FIELD_OBS_MOCK,TRUE
2DF9E057-8ECD-BD65-0000-00000000029B,515759EC-ECE3-E30C-0000-000000000013,307DEFEB-9888-F474-0000-00000000008A,128FB883-C2F8-1156-0000-000000000005,1092,2,MOISTURE_PCT,Grain moisture,22.9,%,2026-09-25 14:00:00.000,FIELD_VISUAL,ACCEPTED,SYNTH_USER_03,SYNTHETIC — hackathon mock data,2026-05-03 14:00:00.000,2026-09-26 12:00:00.000,392FA979-80F4-BCA9-0000-00000000029B,FIELD_OBS_MOCK,TRUE
2DF9E057-8ECD-BD65-0000-00000000029C,515759EC-ECE3-E30C-0000-000000000014,307DEFEB-9888-F474-0000-000000000095,128FB883-C2F8-1156-0000-000000000005,1093,3,PLANT_HEIGHT_CM,Plant height,171.4,cm,2026-06-20 11:00:00.000,INSTRUMENT,ACCEPTED,SYNTH_USER_01,SYNTHETIC — hackathon mock data,2026-05-25 17:00:00.000,2026-09-26 12:00:00.000,392FA979-80F4-BCA9-0000-00000000029C,FIELD_OBS_MOCK,TRUE
2DF9E057-8ECD-BD65-0000-00000000029D,515759EC-ECE3-E30C-0000-000000000015,307DEFEB-9888-F474-0000-00000000000A,128FB883-C2F8-1156-0000-000000000001,1094,1,DISEASE_SCORE,Disease severity score,1.1,score,2025-07-18 15:00:00.000,WEIGHING,ACCEPTED,SYNTH_USER_01,SYNTHETIC — hackathon mock data,2025-08-25 07:00:00.000,2026-09-26 12:00:00.000,392FA979-80F4-BCA9-0000-00000000029D,FIELD_OBS_MOCK,TRUE
2DF9E057-8ECD-BD65-0000-00000000029E,515759EC-ECE3-E30C-0000-000000000016,307DEFEB-9888-F474-0000-000000000015,128FB883-C2F8-1156-0000-000000000005,1095,2,FLOWERING_DAYS,Days to flowering,53.0,days,2024-06-02 12:00:00.000,INSTRUMENT,ACCEPTED,SYNTH_USER_03,SYNTHETIC — hackathon mock data,2024-09-24 08:00:00.000,2026-09-26 12:00:00.000,392FA979-80F4-BCA9-0000-00000000029E,FIELD_OBS_MOCK,TRUE
2DF9E057-8ECD-BD65-0000-00000000029F,515759EC-ECE3-E30C-0000-000000000017,307DEFEB-9888-F474-0000-000000000020,128FB883-C2F8-1156-0000-000000000006,1096,3,YIELD_T_HA,Grain yield,13.63,t/ha,2026-05-07 07:00:00.000,INSTRUMENT,ACCEPTED,SYNTH_USER_02,SYNTHETIC — hackathon mock data,2026-09-27 11:00:00.000,2026-09-26 12:00:00.000,392FA979-80F4-BCA9-0000-00000000029F,FIELD_OBS_MOCK,TRUE
2DF9E057-8ECD-BD65-0000-0000000002A0,515759EC-ECE3-E30C-0000-000000000018,307DEFEB-9888-F474-0000-00000000002B,128FB883-C2F8-1156-0000-000000000003,1001,1,MOISTURE_PCT,Grain moisture,15.1,%,2026-08-25 12:00:00.000,INSTRUMENT,ACCEPTED,SYNTH_USER_04,SYNTHETIC — hackathon mock data,2026-07-19 17:00:00.000,2026-09-26 12:00:00.000,392FA979-80F4-BCA9-0000-0000000002A0,FIELD_OBS_MOCK,TRUE
2DF9E057-8ECD-BD65-0000-0000000002A1,515759EC-ECE3-E30C-0000-000000000019,307DEFEB-9888-F474-0000-000000000036,128FB883-C2F8-1156-0000-000000000001,1002,2,PLANT_HEIGHT_CM,Plant height,259.0,cm,2026-07-03 14:00:00.000,FIELD_VISUAL,ACCEPTED,SYNTH_USER_03,SYNTHETIC — hackathon mock data,2026-05-05 14:00:00.000,2026-09-26 12:00:00.000,392FA979-80F4-BCA9-0000-0000000002A1,FIELD_OBS_MOCK,TRUE
2DF9E057-8ECD-BD65-0000-0000000002A2,515759EC-ECE3-E30C-0000-00000000001A,307DEFEB-9888-F474-0000-000000000041,128FB883-C2F8-1156-0000-000000000006,1003,3,DISEASE_SCORE,Disease severity score,3.7,score,2026-09-26 12:00:00.000,FIELD_VISUAL,REVIEW,SYNTH_USER_01,SYNTHETIC — hackathon mock data,2026-06-12 12:00:00.000,2026-09-26 12:00:00.000,392FA979-80F4-BCA9-0000-0000000002A2,FIELD_OBS_MOCK,TRUE
2DF9E057-8ECD-BD65-0000-0000000002A3,515759EC-ECE3-E30C-0000-00000000001B,307DEFEB-9888-F474-0000-00000000004C,128FB883-C2F8-1156-0000-000000000003,1004,1,FLOWERING_DAYS,Days to flowering,85.0,days,2024-08-11 16:00:00.000,FIELD_VISUAL,ACCEPTED,SYNTH_USER_01,SYNTHETIC — hackathon mock data,2024-05-28 08:00:00.000,2026-09-26 12:00:00.000,392FA979-80F4-BCA9-0000-0000000002A3,FIELD_OBS_MOCK,TRUE
2DF9E057-8ECD-BD65-0000-0000000002A4,515759EC-ECE3-E30C-0000-00000000001C,307DEFEB-9888-F474-0000-000000000057,128FB883-C2F8-1156-0000-000000000006,1005,2,YIELD_T_HA,Grain yield,4.94,t/ha,2025-08-06 10:00:00.000,WEIGHING,ACCEPTED,SYNTH_USER_04,SYNTHETIC — hackathon mock data,2025-05-20 17:00:00.000,2026-09-26 12:00:00.000,392FA979-80F4-BCA9-0000-0000000002A4,FIELD_OBS_MOCK,TRUE
2DF9E057-8ECD-BD65-0000-0000000002A5,515759EC-ECE3-E30C-0000-00000000001D,307DEFEB-9888-F474-0000-000000000062,128FB883-C2F8-1156-0000-000000000002,1006,3,MOISTURE_PCT,Grain moisture,16.2,%,2024-07-17 09:00:00.000,INSTRUMENT,REVIEW,SYNTH_USER_01,SYNTHETIC — hackathon mock data,2024-05-28 18:00:00.000,2026-09-26 12:00:00.000,392FA979-80F4-BCA9-0000-0000000002A5,FIELD_OBS_MOCK,TRUE
2DF9E057-8ECD-BD65-0000-0000000002A6,515759EC-ECE3-E30C-0000-00000000001E,307DEFEB-9888-F474-0000-00000000006D,128FB883-C2F8-1156-0000-000000000004,1007,1,PLANT_HEIGHT_CM,Plant height,285.4,cm,2026-05-03 14:00:00.000,WEIGHING,ACCEPTED,SYNTH_USER_04,SYNTHETIC — hackathon mock data,2026-09-08 15:00:00.000,2026-09-26 12:00:00.000,392FA979-80F4-BCA9-0000-0000000002A6,FIELD_OBS_MOCK,TRUE
2DF9E057-8ECD-BD65-0000-0000000002A7,515759EC-ECE3-E30C-0000-00000000001F,307DEFEB-9888-F474-0000-000000000078,128FB883-C2F8-1156-0000-000000000005,1008,2,DISEASE_SCORE,Disease severity score,6.2,score,2026-05-21 07:00:00.000,FIELD_VISUAL,ACCEPTED,SYNTH_USER_04,SYNTHETIC — hackathon mock data,2026-06-14 17:00:00.000,2026-09-26 12:00:00.000,392FA979-80F4-BCA9-0000-0000000002A7,FIELD_OBS_MOCK,TRUE
2DF9E057-8ECD-BD65-0000-0000000002A8,515759EC-ECE3-E30C-0000-000000000020,307DEFEB-9888-F474-0000-000000000083,128FB883-C2F8-1156-0000-000000000005,1009,3,FLOWERING_DAYS,Days to flowering,77.0,days,2025-09-07 16:00:00.000,INSTRUMENT,ACCEPTED,SYNTH_USER_04,SYNTHETIC — hackathon mock data,2025-07-06 09:00:00.000,2026-09-26 12:00:00.000,392FA979-80F4-BCA9-0000-0000000002A8,FIELD_OBS_MOCK,TRUE
2DF9E057-8ECD-BD65-0000-0000000002A9,515759EC-ECE3-E30C-0000-000000000021,307DEFEB-9888-F474-0000-00000000008E,128FB883-C2F8-1156-0000-000000000003,1010,1,YIELD_T_HA,Grain yield,9.84,t/ha,2025-06-02 09:00:00.000,FIELD_VISUAL,ACCEPTED,SYNTH_USER_01,SYNTHETIC — hackathon mock data,2025-09-23 12:00:00.000,2026-09-26 12:00:00.000,392FA979-80F4-BCA9-0000-0000000002A9,FIELD_OBS_MOCK,TRUE
2DF9E057-8ECD-BD65-0000-0000000002AA,515759EC-ECE3-E30C-0000-000000000022,307DEFEB-9888-F474-0000-000000000003,128FB883-C2F8-1156-0000-000000000002,1011,2,MOISTURE_PCT,Grain moisture,28.0,%,2024-05-22 11:00:00.000,WEIGHING,ACCEPTED,SYNTH_USER_02,SYNTHETIC — hackathon mock data,2024-07-05 13:00:00.000,2026-09-26 12:00:00.000,392FA979-80F4-BCA9-0000-0000000002AA,FIELD_OBS_MOCK,TRUE
2DF9E057-8ECD-BD65-0000-0000000002AB,515759EC-ECE3-E30C-0000-000000000023,307DEFEB-9888-F474-0000-00000000000E,128FB883-C2F8-1156-0000-000000000004,1012,3,PLANT_HEIGHT_CM,Plant height,193.4,cm,2024-06-03 07:00:00.000,INSTRUMENT,ACCEPTED,SYNTH_USER_03,SYNTHETIC — hackathon mock data,2024-05-06 11:00:00.000,2026-09-26 12:00:00.000,392FA979-80F4-BCA9-0000-0000000002AB,FIELD_OBS_MOCK,TRUE
2DF9E057-8ECD-BD65-0000-0000000002AC,515759EC-ECE3-E30C-0000-000000000024,307DEFEB-9888-F474-0000-000000000019,128FB883-C2F8-1156-0000-000000000003,1013,1,DISEASE_SCORE,Disease severity score,3.8,score,2024-08-03 07:00:00.000,FIELD_VISUAL,ACCEPTED,SYNTH_USER_04,SYNTHETIC — hackathon mock data,2024-05-05 10:00:00.000,2026-09-26 12:00:00.000,392FA979-80F4-BCA9-0000-0000000002AC,FIELD_OBS_MOCK,TRUE
2DF9E057-8ECD-BD65-0000-0000000002AD,515759EC-ECE3-E30C-0000-000000000025,307DEFEB-9888-F474-0000-000000000024,128FB883-C2F8-1156-0000-000000000005,1014,2,FLOWERING_DAYS,Days to flowering,92.0,days,2024-05-04 07:00:00.000,FIELD_VISUAL,REJECTED,SYNTH_USER_03,SYNTHETIC — hackathon mock data,2024-09-14 08:00:00.000,2026-09-26 12:00:00.000,392FA979-80F4-BCA9-0000-0000000002AD,FIELD_OBS_MOCK,TRUE
2DF9E057-8ECD-BD65-0000-0000000002AE,515759EC-ECE3-E30C-0000-000000000026,307DEFEB-9888-F474-0000-00000000002F,128FB883-C2F8-1156-0000-000000000001,1015,3,YIELD_T_HA,Grain yield,4.98,t/ha,2024-05-23 10:00:00.000,INSTRUMENT,REVIEW,SYNTH_USER_04,SYNTHETIC — hackathon mock data,2024-07-19 17:00:00.000,2026-09-26 12:00:00.000,392FA979-80F4-BCA9-0000-0000000002AE,FIELD_OBS_MOCK,TRUE
2DF9E057-8ECD-BD65-0000-0000000002AF,515759EC-ECE3-E30C-0000-000000000027,307DEFEB-9888-F474-0000-00000000003A,128FB883-C2F8-1156-0000-000000000004,1016,1,MOISTURE_PCT,Grain moisture,27.9,%,2026-07-03 16:00:00.000,INSTRUMENT,REJECTED,SYNTH_USER_01,SYNTHETIC — hackathon mock data,2026-08-25 13:00:00.000,2026-09-26 12:00:00.000,392FA979-80F4-BCA9-0000-0000000002AF,FIELD_OBS_MOCK,TRUE
2DF9E057-8ECD-BD65-0000-0000000002B0,515759EC-ECE3-E30C-0000-000000000028,307DEFEB-9888-F474-0000-000000000045,128FB883-C2F8-1156-0000-000000000006,1017,2,PLANT_HEIGHT_CM,Plant height,203.4,cm,2025-06-07 09:00:00.000,WEIGHING,ACCEPTED,SYNTH_USER_04,SYNTHETIC — hackathon mock data,2025-07-13 18:00:00.000,2026-09-26 12:00:00.000,392FA979-80F4-BCA9-0000-0000000002B0,FIELD_OBS_MOCK,TRUE
2DF9E057-8ECD-BD65-0000-0000000002B1,515759EC-ECE3-E30C-0000-000000000029,307DEFEB-9888-F474-0000-000000000050,128FB883-C2F8-1156-0000-000000000001,1018,3,DISEASE_SCORE,Disease severity score,6.1,score,2025-06-21 11:00:00.000,INSTRUMENT,ACCEPTED,SYNTH_USER_02,SYNTHETIC — hackathon mock data,2025-06-16 17:00:00.000,2026-09-26 12:00:00.000,392FA979-80F4-BCA9-0000-0000000002B1,FIELD_OBS_MOCK,TRUE
2DF9E057-8ECD-BD65-0000-0000000002B2,515759EC-ECE3-E30C-0000-00000000002A,307DEFEB-9888-F474-0000-00000000005B,128FB883-C2F8-1156-0000-000000000004,1019,1,FLOWERING_DAYS,Days to flowering,65.0,days,2026-05-05 15:00:00.000,INSTRUMENT,ACCEPTED,SYNTH_USER_03,SYNTHETIC — hackathon mock data,2026-09-09 08:00:00.000,2026-09-26 12:00:00.000,392FA979-80F4-BCA9-0000-0000000002B2,FIELD_OBS_MOCK,TRUE
2DF9E057-8ECD-BD65-0000-0000000002B3,515759EC-ECE3-E30C-0000-00000000002B,307DEFEB-9888-F474-0000-000000000066,128FB883-C2F8-1156-0000-000000000002,1020,2,YIELD_T_HA,Grain yield,6.33,t/ha,2024-06-03 17:00:00.000,WEIGHING,REVIEW,SYNTH_USER_01,SYNTHETIC — hackathon mock data,2024-08-05 07:00:00.000,2026-09-26 12:00:00.000,392FA979-80F4-BCA9-0000-0000000002B3,FIELD_OBS_MOCK,TRUE
2DF9E057-8ECD-BD65-0000-0000000002B4,515759EC-ECE3-E30C-0000-00000000002C,307DEFEB-9888-F474-0000-000000000071,128FB883-C2F8-1156-0000-000000000005,1021,3,MOISTURE_PCT,Grain moisture,16.5,%,2026-05-19 10:00:00.000,FIELD_VISUAL,ACCEPTED,SYNTH_USER_02,SYNTHETIC — hackathon mock data,2026-05-28 11:00:00.000,2026-09-26 12:00:00.000,392FA979-80F4-BCA9-0000-0000000002B4,FIELD_OBS_MOCK,TRUE
2DF9E057-8ECD-BD65-0000-0000000002B5,515759EC-ECE3-E30C-0000-00000000002D,307DEFEB-9888-F474-0000-00000000007C,128FB883-C2F8-1156-0000-000000000003,1022,1,PLANT_HEIGHT_CM,Plant height,306.9,cm,2024-06-22 11:00:00.000,INSTRUMENT,REJECTED,SYNTH_USER_02,SYNTHETIC — hackathon mock data,2024-06-20 12:00:00.000,2026-09-26 12:00:00.000,392FA979-80F4-BCA9-0000-0000000002B5,FIELD_OBS_MOCK,TRUE
2DF9E057-8ECD-BD65-0000-0000000002B6,515759EC-ECE3-E30C-0000-00000000002E,307DEFEB-9888-F474-0000-000000000087,128FB883-C2F8-1156-0000-000000000003,1023,2,DISEASE_SCORE,Disease severity score,3.1,score,2025-05-20 10:00:00.000,WEIGHING,ACCEPTED,SYNTH_USER_02,SYNTHETIC — hackathon mock data,2025-07-15 15:00:00.000,2026-09-26 12:00:00.000,392FA979-80F4-BCA9-0000-0000000002B6,FIELD_OBS_MOCK,TRUE
2DF9E057-8ECD-BD65-0000-0000000002B7,515759EC-ECE3-E30C-0000-00000000002F,307DEFEB-9888-F474-0000-000000000092,128FB883-C2F8-1156-0000-000000000004,1024,3,FLOWERING_DAYS,Days to flowering,54.0,days,2026-09-25 16:00:00.000,WEIGHING,ACCEPTED,SYNTH_USER_04,SYNTHETIC — hackathon mock data,2026-05-23 10:00:00.000,2026-09-26 12:00:00.000,392FA979-80F4-BCA9-0000-0000000002B7,FIELD_OBS_MOCK,TRUE
2DF9E057-8ECD-BD65-0000-0000000002B8,515759EC-ECE3-E30C-0000-000000000030,307DEFEB-9888-F474-0000-000000000007,128FB883-C2F8-1156-0000-000000000003,1025,1,YIELD_T_HA,Grain yield,13.16,t/ha,2025-09-27 11:00:00.000,WEIGHING,ACCEPTED,SYNTH_USER_02,SYNTHETIC — hackathon mock data,2025-06-16 14:00:00.000,2026-09-26 12:00:00.000,392FA979-80F4-BCA9-0000-0000000002B8,FIELD_OBS_MOCK,TRUE
2DF9E057-8ECD-BD65-0000-0000000002B9,515759EC-ECE3-E30C-0000-000000000031,307DEFEB-9888-F474-0000-000000000012,128FB883-C2F8-1156-0000-000000000002,1026,2,MOISTURE_PCT,Grain moisture,24.3,%,2024-08-14 10:00:00.000,INSTRUMENT,ACCEPTED,SYNTH_USER_01,SYNTHETIC — hackathon mock data,2024-09-16 18:00:00.000,2026-09-26 12:00:00.000,392FA979-80F4-BCA9-0000-0000000002B9,FIELD_OBS_MOCK,TRUE
2DF9E057-8ECD-BD65-0000-0000000002BA,515759EC-ECE3-E30C-0000-000000000032,307DEFEB-9888-F474-0000-00000000001D,128FB883-C2F8-1156-0000-000000000003,1027,3,PLANT_HEIGHT_CM,Plant height,240.8,cm,2024-05-09 12:00:00.000,WEIGHING,ACCEPTED,SYNTH_USER_02,SYNTHETIC — hackathon mock data,2024-05-09 17:00:00.000,2026-09-26 12:00:00.000,392FA979-80F4-BCA9-0000-0000000002BA,FIELD_OBS_MOCK,TRUE
2DF9E057-8ECD-BD65-0000-0000000002BB,515759EC-ECE3-E30C-0000-000000000033,307DEFEB-9888-F474-0000-000000000028,128FB883-C2F8-1156-0000-000000000003,1028,1,DISEASE_SCORE,Disease severity score,1.8,score,2026-08-05 11:00:00.000,WEIGHING,ACCEPTED,SYNTH_USER_03,SYNTHETIC — hackathon mock data,2026-07-26 13:00:00.000,2026-09-26 12:00:00.000,392FA979-80F4-BCA9-0000-0000000002BB,FIELD_OBS_MOCK,TRUE
2DF9E057-8ECD-BD65-0000-0000000002BC,515759EC-ECE3-E30C-0000-000000000034,307DEFEB-9888-F474-0000-000000000033,128FB883-C2F8-1156-0000-000000000004,1029,2,FLOWERING_DAYS,Days to flowering,74.0,days,2026-05-22 12:00:00.000,INSTRUMENT,ACCEPTED,SYNTH_USER_03,SYNTHETIC — hackathon mock data,2026-08-08 14:00:00.000,2026-09-26 12:00:00.000,392FA979-80F4-BCA9-0000-0000000002BC,FIELD_OBS_MOCK,TRUE
2DF9E057-8ECD-BD65-0000-0000000002BD,515759EC-ECE3-E30C-0000-000000000035,307DEFEB-9888-F474-0000-00000000003E,128FB883-C2F8-1156-0000-000000000002,1030,3,YIELD_T_HA,Grain yield,12.53,t/ha,2024-05-06 09:00:00.000,INSTRUMENT,ACCEPTED,SYNTH_USER_03,SYNTHETIC — hackathon mock data,2024-07-03 12:00:00.000,2026-09-26 12:00:00.000,392FA979-80F4-BCA9-0000-0000000002BD,FIELD_OBS_MOCK,TRUE
2DF9E057-8ECD-BD65-0000-0000000002BE,515759EC-ECE3-E30C-0000-000000000036,307DEFEB-9888-F474-0000-000000000049,128FB883-C2F8-1156-0000-000000000004,1031,1,MOISTURE_PCT,Grain moisture,12.0,%,2024-05-21 13:00:00.000,WEIGHING,ACCEPTED,SYNTH_USER_02,SYNTHETIC — hackathon mock data,2024-08-23 16:00:00.000,2026-09-26 12:00:00.000,392FA979-80F4-BCA9-0000-0000000002BE,FIELD_OBS_MOCK,TRUE
2DF9E057-8ECD-BD65-0000-0000000002BF,515759EC-ECE3-E30C-0000-000000000037,307DEFEB-9888-F474-0000-000000000054,128FB883-C2F8-1156-0000-000000000005,1032,2,PLANT_HEIGHT_CM,Plant height,266.2,cm,2025-07-23 15:00:00.000,INSTRUMENT,ACCEPTED,SYNTH_USER_02,SYNTHETIC — hackathon mock data,2025-09-12 07:00:00.000,2026-09-26 12:00:00.000,392FA979-80F4-BCA9-0000-0000000002BF,FIELD_OBS_MOCK,TRUE
2DF9E057-8ECD-BD65-0000-0000000002C0,515759EC-ECE3-E30C-0000-000000000038,307DEFEB-9888-F474-0000-00000000005F,128FB883-C2F8-1156-0000-000000000005,1033,3,DISEASE_SCORE,Disease severity score,8.9,score,2026-07-01 15:00:00.000,WEIGHING,ACCEPTED,SYNTH_USER_02,SYNTHETIC — hackathon mock data,2026-08-06 09:00:00.000,2026-09-26 12:00:00.000,392FA979-80F4-BCA9-0000-0000000002C0,FIELD_OBS_MOCK,TRUE
2DF9E057-8ECD-BD65-0000-0000000002C1,515759EC-ECE3-E30C-0000-000000000039,307DEFEB-9888-F474-0000-00000000006A,128FB883-C2F8-1156-0000-000000000002,1034,1,FLOWERING_DAYS,Days to flowering,89.0,days,2026-07-01 15:00:00.000,WEIGHING,ACCEPTED,SYNTH_USER_04,SYNTHETIC — hackathon mock data,2026-06-07 08:00:00.000,2026-09-26 12:00:00.000,392FA979-80F4-BCA9-0000-0000000002C1,FIELD_OBS_MOCK,TRUE
2DF9E057-8ECD-BD65-0000-0000000002C2,515759EC-ECE3-E30C-0000-00000000003A,307DEFEB-9888-F474-0000-000000000075,128FB883-C2F8-1156-0000-000000000006,1035,2,YIELD_T_HA,Grain yield,10.89,t/ha,2024-05-04 11:00:00.000,FIELD_VISUAL,ACCEPTED,SYNTH_USER_03,SYNTHETIC — hackathon mock data,2024-09-06 07:00:00.000,2026-09-26 12:00:00.000,392FA979-80F4-BCA9-0000-0000000002C2,FIELD_OBS_MOCK,TRUE
2DF9E057-8ECD-BD65-0000-0000000002C3,515759EC-ECE3-E30C-0000-00000000003B,307DEFEB-9888-F474-0000-000000000080,128FB883-C2F8-1156-0000-000000000006,1036,3,MOISTURE_PCT,Grain moisture,25.3,%,2024-09-16 18:00:00.000,INSTRUMENT,ACCEPTED,SYNTH_USER_02,SYNTHETIC — hackathon mock data,2024-07-23 16:00:00.000,2026-09-26 12:00:00.000,392FA979-80F4-BCA9-0000-0000000002C3,FIELD_OBS_MOCK,TRUE
2DF9E057-8ECD-BD65-0000-0000000002C4,515759EC-ECE3-E30C-0000-00000000003C,307DEFEB-9888-F474-0000-00000000008B,128FB883-C2F8-1156-0000-000000000001,1037,1,PLANT_HEIGHT_CM,Plant height,255.5,cm,2025-07-17 14:00:00.000,WEIGHING,ACCEPTED,SYNTH_USER_02,SYNTHETIC — hackathon mock data,2025-08-26 10:00:00.000,2026-09-26 12:00:00.000,392FA979-80F4-BCA9-0000-0000000002C4,FIELD_OBS_MOCK,TRUE
2DF9E057-8ECD-BD65-0000-0000000002C5,515759EC-ECE3-E30C-0000-00000000003D,307DEFEB-9888-F474-0000-000000000096,128FB883-C2F8-1156-0000-000000000002,1038,2,DISEASE_SCORE,Disease severity score,3.9,score,2024-09-20 15:00:00.000,FIELD_VISUAL,ACCEPTED,SYNTH_USER_01,SYNTHETIC — hackathon mock data,2024-08-18 13:00:00.000,2026-09-26 12:00:00.000,392FA979-80F4-BCA9-0000-0000000002C5,FIELD_OBS_MOCK,TRUE
2DF9E057-8ECD-BD65-0000-0000000002C6,515759EC-ECE3-E30C-0000-00000000003E,307DEFEB-9888-F474-0000-00000000000B,128FB883-C2F8-1156-0000-000000000005,1039,3,FLOWERING_DAYS,Days to flowering,83.0,days,2025-06-18 13:00:00.000,INSTRUMENT,ACCEPTED,SYNTH_USER_04,SYNTHETIC — hackathon mock data,2025-06-27 18:00:00.000,2026-09-26 12:00:00.000,392FA979-80F4-BCA9-0000-0000000002C6,FIELD_OBS_MOCK,TRUE
2DF9E057-8ECD-BD65-0000-0000000002C7,515759EC-ECE3-E30C-0000-00000000003F,307DEFEB-9888-F474-0000-000000000016,128FB883-C2F8-1156-0000-000000000005,1040,1,YIELD_T_HA,Grain yield,5.36,t/ha,2024-05-05 13:00:00.000,WEIGHING,ACCEPTED,SYNTH_USER_01,SYNTHETIC — hackathon mock data,2024-08-17 12:00:00.000,2026-09-26 12:00:00.000,392FA979-80F4-BCA9-0000-0000000002C7,FIELD_OBS_MOCK,TRUE
2DF9E057-8ECD-BD65-0000-0000000002C8,515759EC-ECE3-E30C-0000-000000000040,307DEFEB-9888-F474-0000-000000000021,128FB883-C2F8-1156-0000-000000000001,1041,2,MOISTURE_PCT,Grain moisture,11.4,%,2024-06-25 11:00:00.000,INSTRUMENT,ACCEPTED,SYNTH_USER_01,SYNTHETIC — hackathon mock data,2024-05-06 14:00:00.000,2026-09-26 12:00:00.000,392FA979-80F4-BCA9-0000-0000000002C8,FIELD_OBS_MOCK,TRUE
2DF9E057-8ECD-BD65-0000-0000000002C9,515759EC-ECE3-E30C-0000-000000000041,307DEFEB-9888-F474-0000-00000000002C,128FB883-C2F8-1156-0000-000000000005,1042,3,PLANT_HEIGHT_CM,Plant height,159.6,cm,2026-06-12 18:00:00.000,INSTRUMENT,ACCEPTED,SYNTH_USER_02,SYNTHETIC — hackathon mock data,2026-05-14 11:00:00.000,2026-09-26 12:00:00.000,392FA979-80F4-BCA9-0000-0000000002C9,FIELD_OBS_MOCK,TRUE
2DF9E057-8ECD-BD65-0000-0000000002CA,515759EC-ECE3-E30C-0000-000000000042,307DEFEB-9888-F474-0000-000000000037,128FB883-C2F8-1156-0000-000000000005,1043,1,DISEASE_SCORE,Disease severity score,7.0,score,2024-06-13 09:00:00.000,FIELD_VISUAL,ACCEPTED,SYNTH_USER_02,SYNTHETIC — hackathon mock data,2024-08-27 14:00:00.000,2026-09-26 12:00:00.000,392FA979-80F4-BCA9-0000-0000000002CA,FIELD_OBS_MOCK,TRUE
2DF9E057-8ECD-BD65-0000-0000000002CB,515759EC-ECE3-E30C-0000-000000000043,307DEFEB-9888-F474-0000-000000000042,128FB883-C2F8-1156-0000-000000000001,1044,2,FLOWERING_DAYS,Days to flowering,59.0,days,2025-07-05 13:00:00.000,WEIGHING,ACCEPTED,SYNTH_USER_02,SYNTHETIC — hackathon mock data,2025-08-21 08:00:00.000,2026-09-26 12:00:00.000,392FA979-80F4-BCA9-0000-0000000002CB,FIELD_OBS_MOCK,TRUE
2DF9E057-8ECD-BD65-0000-0000000002CC,515759EC-ECE3-E30C-0000-000000000044,307DEFEB-9888-F474-0000-00000000004D,128FB883-C2F8-1156-0000-000000000001,1045,3,YIELD_T_HA,Grain yield,7.81,t/ha,2025-09-19 07:00:00.000,INSTRUMENT,ACCEPTED,SYNTH_USER_02,SYNTHETIC — hackathon mock data,2025-05-06 16:00:00.000,2026-09-26 12:00:00.000,392FA979-80F4-BCA9-0000-0000000002CC,FIELD_OBS_MOCK,TRUE
2DF9E057-8ECD-BD65-0000-0000000002CD,515759EC-ECE3-E30C-0000-000000000045,307DEFEB-9888-F474-0000-000000000058,128FB883-C2F8-1156-0000-000000000006,1046,1,MOISTURE_PCT,Grain moisture,21.5,%,2026-09-18 11:00:00.000,WEIGHING,ACCEPTED,SYNTH_USER_02,SYNTHETIC — hackathon mock data,2026-07-02 10:00:00.000,2026-09-26 12:00:00.000,392FA979-80F4-BCA9-0000-0000000002CD,FIELD_OBS_MOCK,TRUE
2DF9E057-8ECD-BD65-0000-0000000002CE,515759EC-ECE3-E30C-0000-000000000046,307DEFEB-9888-F474-0000-000000000063,128FB883-C2F8-1156-0000-000000000005,1047,2,PLANT_HEIGHT_CM,Plant height,279.7,cm,2024-05-18 07:00:00.000,INSTRUMENT,ACCEPTED,SYNTH_USER_04,SYNTHETIC — hackathon mock data,2024-08-20 11:00:00.000,2026-09-26 12:00:00.000,392FA979-80F4-BCA9-0000-0000000002CE,FIELD_OBS_MOCK,TRUE
2DF9E057-8ECD-BD65-0000-0000000002CF,515759EC-ECE3-E30C-0000-000000000047,307DEFEB-9888-F474-0000-00000000006E,128FB883-C2F8-1156-0000-000000000003,1048,3,DISEASE_SCORE,Disease severity score,1.0,score,2024-07-13 14:00:00.000,INSTRUMENT,ACCEPTED,SYNTH_USER_04,SYNTHETIC — hackathon mock data,2024-08-26 17:00:00.000,2026-09-26 12:00:00.000,392FA979-80F4-BCA9-0000-0000000002CF,FIELD_OBS_MOCK,TRUE
2DF9E057-8ECD-BD65-0000-0000000002D0,515759EC-ECE3-E30C-0000-000000000048,307DEFEB-9888-F474-0000-000000000079,128FB883-C2F8-1156-0000-000000000004,1049,1,FLOWERING_DAYS,Days to flowering,91.0,days,2025-08-16 09:00:00.000,WEIGHING,ACCEPTED,SYNTH_USER_04,SYNTHETIC — hackathon mock data,2025-07-23 11:00:00.000,2026-09-26 12:00:00.000,392FA979-80F4-BCA9-0000-0000000002D0,FIELD_OBS_MOCK,TRUE
