PO Status,Run Order,Scheduled Finish Date,Priority,PO Number,Crop Year,SWCO/SWBS,Material Description,Dup Check,Lot Number,Size,Input Weight (KG),Excelis/GMO,Comments,Duplicate Formula,GM Finder
COMPLETE,,2024-03-05,,2400005507,2023,SWCO,SWCO REVISION CRT RDY ZZZ BK KG,0,ORT077085HKW,LR,2227,GMO,240 DENT,,TRUE
COMPLETE,,2024-03-05,,2400005508,2023,SWCO,SWCO GSS3951 CRS RDY ZZZ BK KG,,WAW077160,MFL,759,,Please rework for 6 cobs.,,
COMPLETE,,2024-03-05,,2400005467,2023,SWCO,SWCO GH6462S CRN RDY ZZZ BK KG,,WAC077062,LR,9695.5,,Please rework for 22 dent seed,,
COMPLETE,,2024-03-05,,300090399,2023,SWCO,SWCO GSS1170-R CRS RDF ZZZ BK KG,,ORW077022X2,MR,563.5,Fresh,1st failed AP,,
COMPLETE,,2024-03-05,,300090414,2023,SWCO,SWCO GSS3951 CRS CLX ZZZ BK KG,,ORW077140X1,MFH,1405,EXCELIS,Please rework for failed AP,,
COMPLETE,,2024-03-05,,300090415,2023,SWCO,SWCO GSS3951 CRS CLX ZZZ BK KG,,WAW077119X1J1,LR,655,EXCELIS,Please rework for failed AP,,
COMPLETE,,2024-03-05,,300090416,2023,SWCO,SWCO GSS3951 CRS CLX ZZZ BK KG,,WAW077119X1J1,LF,447.5,EXCELIS,Plesase rework for failed AP,,
COMPLETE,,2024-03-05,,300090417,2023,SWCO,SWCO GSS3951 CRS CLX ZZZ BK KG,,WAW077119X1J1,MR,513.5,EXCELIS,Please rework for failed AP,,
COMPLETE,,2024-03-05,,300090418,2023,SWCO,SWCO TYSON CRS CLX ZZZ BK KG,,ORW077116X1,LF,994.5,EXCELIS,Please rework for failed AP,,
COMPLETE,,2024-03-05,,300090419,2023,SWCO,SWCO TYSON CRS CLX ZZZ BK KG,,ORW077116X1,MR,900,EXCELIS,Please rework for failed AP,,
COMPLETE,,2024-03-05,,2400005506,2023,SWCO,SWCO GH6055 CRN CLX ZZZ BK KG,,WAC077061X1K,LR,2311,EXCELIS,Please rework for 3 dent,,
COMPLETE,,2024-03-05,,300090420,2023,SWCO,SWCO GH6055 CRN CLX ZZZ BK KG,,WAC077061X1,LR,5546,EXCELIS,Please rework for failed AP,,
COMPLETE,,2024-03-05,,300090421,2023,SWCO,SWCO GH6055 CRN CLX ZZZ BK KG,,WAC077061X1,MR,1771,EXCELIS,Please rework for failed AP,,
COMPLETE,,2024-03-05,,300090491,2023,SWCO,SWCO 7401 IMP CRS RDF ZZZ BK KG,,WAW077087X2,LF,6131.5,FRESH,1st failed AP,,
COMPLETE,,2024-03-05,,300090492,2023,SWCO,SWCO 7401 IMP CRS RDF ZZZ BK KG,,WAW077087X2,MR,2597,FRESH,1st failed AP,,
COMPLETE,,2024-03-05,,300090553,2023,SWCO,SWCO GSS3951 CRS CLX ZZZ BK KG,,WAW077119X1,MFH,8280,EXCELIS,Please rework for failed AP,,
COMPLETE,,2024-03-05,,300090554,2023,SWCO,SWCO GSS3951 CRS CLX ZZZ BK KG,,WAW077119X1,LF,10655,EXCELIS,Please rework for failed AP,,
COMPLETE,,2024-03-05,,300090555,2023,SWCO,SWCO TYSON CRS CLX ZZZ BK KG,,ORW077116X1,LR,4835.5,EXCELIS,Please rework for failed AP,,
COMPLETE,,2024-03-05,,300090494,2023,SWCO,SWCO TYSON CRS CLX ZZZ BK KG,,WAW077051X1,MR,8779,EXCELIS,Please rework for failed AP,,
COMPLETE,,2024-03-05,,300090495,2023,SWCO,SWCO TYSON CRS CLX ZZZ BK KG,,WAW077051X1P,MF,4479.5,EXCELIS,Please rework for failed AP,,
COMPLETE,,2024-03-05,,300090496,2023,SWCO,SWCO TYSON CRS CLX ZZZ BK KG,,WAW077051X1P,LR,5403,EXCELIS,Please rework for failed AP,,
COMPLETE,,2024-03-05,,2400005469,2023,SWCO,SWCO HONEY SELECT CRT RDY ZZZ BK KG,,WAT077079,LR,8118,,9 DENT,,
COMPLETE,,2024-03-05,,2400005470,2023,SWCO,SWCO HONEY SELECT CRT RDY ZZZ BK KG,,WAT077079,LF,3390.5,,16 DENT,,
COMPLETE,,2024-03-05,,2400005471,2023,SWCO,SWCO HONEY SELECT CRT RDY ZZZ BK KG,,WAT077079,MF,384.5,,.55% DISCOLORED AND .97% DAMAGED,,
COMPLETE,,2024-03-05,,2400005474,2023,SWCO,SWCO HONEY SELECT CRT RDY ZZZ BK KG,,INT077031,MR,1657,,40 DENT,,
COMPLETE,,2024-03-05,,2400005563,2023,SWCO,SWCO CABO CRS RDF ZZZ BK KG,,WAW077017X2,MFL,952,FRESH,2.53% DAMAGED,,
COMPLETE,,2024-03-05,,2400005418,2023,SWCO,SWCO CODE 646 CRS RDY ZZZ BK KG,,WAW077018,MF,1016.5,,3.2% Broken,,
COMPLETE,,2024-03-05,,300090678,2023,SWCO,SWCO MS1074Y CRS RDF ZZZ BK KG,,WAW077042X2,MR,3157.5,FRESH,Failed AP,,
COMPLETE,,2024-03-05,,2400005498,2023,SWCO,SWCO 7401 IMP CRS RDF ZZZ BK KG,,WAW077087X2,LR,8111.5,FRESH,1 COB,,
COMPLETE,,2024-03-05,,2400005496,2023,SWCO,SWCO BSS8021 CRS RDY ZZZ BK KG,,WAW077093X2,MF,1670,FRESH,4 COB,,
COMPLETE,,2024-03-05,,2400005604,2023,SWCO,SWCO BSS8021 CRS RDY ZZZ BK KG,,INW077044X2,MF,4549.5,FRESH,3 COB,,
COMPLETE,,2024-03-05,,2400005527,2023,SWCO,SWCO GSS1453-R CRS CLX ZZZ BK KG,,WAW077024X1,MF,34046,EXCELIS,Did not fail TARE - Please rework and split the MF into MFH and MFL,,
COMPLETE,,2024-03-05,,2400005528,2023,SWCO,SWCO GSS1453-R CRS CLX ZZZ BK KG,,WAW077024X1P,MF,4870,EXCELIS,Did not fail TARE - Please rework and split the MF into MFH and MFL,,
COMPLETE,,2024-03-05,,2400005535,2023,SWBS,SWBS AC199YST S CRS CLD ZZZ BK KG,,TVW23S7507,MR,414.5,,Please rework cutting 20% gravity cut an,,
COMPLETE,,2024-03-05,,2400005536,2023,SWBS,SWBS R00638 T CRS CLX ZZZ BK KG,,WAW23T7542X1,MF,1223,EXCELIS,Please rework taking 20% cut off gravity,,
COMPLETE,,2024-03-05,,2400005601,2023,SWCO,SWCO GH4927 CRN RDY ZZZ BK KG,,WAC077060,MF,1347.5,,Please rework for amaranthus seed,,
COMPLETE,,2024-03-05,,300090695,2023,SWCO,SWCO GH6055 CRN CLX ZZZ BK KG,,WAC077061X1K,LF,3097,EXCELIS,Please rework for failed AP.,,
COMPLETE,,2024-03-05,,300090775,2023,SWCO,SWCO GH6055 CRN CLX ZZZ BK KG,,WAC077061X1,MR,1505.5,EXCELIS,Please rework for failed AP.,,
COMPLETE,,2024-03-05,,300090776,2023,SWCO,SWCO TYSON CRS CLX ZZZ BK KG,,WAW077051X1P,MF,4442.5,EXCELIS,Please rework for failed AP.,,
COMPLETE,,2024-03-05,,300090865,2023,SWCO,SWCO TYSON CRS CLX ZZZ BK KG,,ORW077116X1,LF,940.5,EXCELIS,Please rework for failed AP.,,
COMPLETE,,2024-03-05,,300090893,2023,SWCO,SWCO GSS3951 CRS CLX ZZZ BK KG,,WAW077150X1,LR,4552.5,EXCELIS,Please rework for failed AP.,,
COMPLETE,,2024-03-05,,2400005640,2023,SWCO,SWCO SILVER KING CRN RDY ZZZ BK KG,,INC077139,LR,4228,,1 Amaranth,,
COMPLETE,,2024-03-05,,2400005685,2023,SWCO,SWCO SILVER QUEEN CRN RDY ZZZ BK KG,,COC077141,LR,3395,,55 Dent,,
COMPLETE,,2024-03-05,,2400005568,2023,SWCO,SWCO SILVER QUEEN CRN RDY ZZZ BK KG,,WAC077071,LR,8338,,9 Dent,,
COMPLETE,,2024-03-05,,2400005538,2023,SWCO,SWCO EA SUNGLOW CRN RDY ZZZ BK KG,,COC077128,MR,3417,,117 Dent,,
COMPLETE,,2024-03-05,,2400005537,2023,SWCO,SWCO EA SUNGLOW CRN RDY ZZZ BK KG,,COC077128,LR,3888,,87 Dent,,
COMPLETE,,2024-03-05,,300090915,2023,SWCO,SWCO TYSON CRS CLX ZZZ BK KG,,ORW077116X1,LR,4603.5,EXCELIS,Please rework for failed AP,,
COMPLETE,,2024-03-05,,300090787,2023,SWCO,SWCO BSS8021 CRS RDY ZZZ BK KG,,WAW077093X2,MR,2442.5,FRESH,1st Failed AP,,
COMPLETE,,2024-03-05,,2400005517,2023,SWCO,SWCO KANDY KORN CRN RDY ZZZ BK KG,,INC077136,LF,4677,,376 Dent,,
COMPLETE,,2024-03-05,,300090755,2023,SWCO,SWCO BSS1075-R CRS RDF ZZZ BK KG,,WAW077091X2,MF,5748,FRESH,1st failed AP,,
COMPLETE,,2024-03-05,,2400005624,2023,SWCO,SWCO BSS1075-R CRS RDF ZZZ BK KG,,ORW077089X2,LR,5588.5,FRESH,6 cob,,
COMPLETE,,2024-03-05,,300091187,2023,SWCO,SWCO OVERLAND-R CRS CLX ZZZ BK KG,,WAW077111X1,LF,8927,EXCELIS,Please rework for failed AP,,
COMPLETE,,2024-03-05,,300091188,2023,SWCO,SWCO OVERLAND-R CRS CLX ZZZ BK KG,,WAW077106X1P,MR,1462.5,EXCELIS,Please rework for failed AP,,
COMPLETE,,2024-03-05,,2400005684,2023,SWCO,SWCO MS1074Y CRS RDF ZZZ BK KG,,WAW077042X2,MF,8524,FRESH,0.57 % inert,,
COMPLETE,,2024-03-05,,300090812,2023,SWCO,SWCO GSS1477S CRS CLX ZZZ BK KG,,WAW077025X1P,LF,4134.5,EXCELIS,Failed AP,,
COMPLETE,,2024-03-05,,300091120,2023,SWCO,SWCO GSS1477S CRS CLX ZZZ BK KG,,WAW077025X1,LF,4696,EXCELIS,Failed AP,,
COMPLETE,,2024-03-05,,300091121,2023,SWCO,SWCO GSS1477S CRS CLX ZZZ BK KG,,WAW077025X1P,MR,2094.5,EXCELIS,Failed AP,,
COMPLETE,,2024-03-05,,300091267,2023,SWCO,SWCO TYSON CRS CLX ZZZ BK KG,,WAW077074X1,MF,7034.5,EXCELIS,Failed AP,,
COMPLETE,,2024-03-05,,300091265,2023,SWCO,SWCO TYSON CRS CLX ZZZ BK KG,,WAW077074X1,LF,3375,EXCELIS,Failed AP,,
COMPLETE,,2024-03-05,,300091266,2023,SWCO,SWCO TYSON CRS CLX ZZZ BK KG,,WAW077074X1,MR,2083.5,EXCELIS,Failed AP,,
COMPLETE,,2024-03-05,,2400005572,2023,SWCO,SWCO TYSON CRS CLX ZZZ BK KG,,INW077142X1,LF,1138.5,EXCELIS,59 DENT,,
COMPLETE,,2024-03-05,,300091268,2023,SWCO,SWCO TYSON CRS CLX ZZZ BK KG,,WAW077123X1,MR,1004,EXCELIS,Failed AP,,
COMPLETE,,2024-03-05,,300091183,2023,SWCO,SWCO TYSON CRS CLX ZZZ BK KG,,ORW077116X1,MR,818,EXCELIS,Failed AP,,
COMPLETE,,2024-03-05,,300091119,2023,SWCO,SWCO GSS5649 CRS CLX ZZZ BK KG,,WAW077035X1,LF,9470,EXCELIS,Failed AP,,
COMPLETE,,2024-03-05,,300090916,2023,SWCO,SWCO GSS3951 CRS CLX ZZZ BK KG,,WAW077119X1W,LF,1861.5,EXCELIS,Failed AP,,
COMPLETE,,2024-03-05,,300091130,2023,SWCO,SWCO GSS3951 CRS CLX ZZZ BK KG,,ORW077130X1,MR,3244,EXCELIS,Failed AP,,
COMPLETE,,2024-03-05,,300091129,2023,SWCO,SWCO GSS3951 CRS CLX ZZZ BK KG,,WAW077170X1,MR,17898,EXCELIS,Failed AP,,
COMPLETE,,2024-03-05,,2400005591,2023,SWCO,SWCO P&C MID CRN RDY ZZZ BK KG,,WAC077072,MR,9245,,38 Dent,,
COMPLETE,,2024-03-05,,2400005688,2023,SWCO,SWCO P&C MID CRN RDY ZZZ BK KG,,WAC077108,MR,2387.5,,70 Dent,,
COMPLETE,,2024-03-05,,300090811,2023,SWCO,SWCO GSS3071S CRS CLX ZZZ BK KG,,WAW077027X1,LR,25486,EXCELIS,Failed AP,,
COMPLETE,,2024-03-05,,300091271,2023,SWCO,SWCO GH4927 CRN RDY ZZZ BK KG,,WAC077060,LF,3703.5,,Failed AP,,
COMPLETE,,2024-03-05,,300091233,2023,SWCO,SWCO BSS1075-R CRS RDF ZZZ BK KG,,WAW077091X2,MFL,4064.5,FRESH,FAIL AP,,
COMPLETE,,2024-03-05,,300091301,2023,SWCO,SWCO BSS1075-R CRS RDF ZZZ BK KG,,WAW077007X2,MR,778,FRESH,FAIL AP,,
COMPLETE,,2024-03-05,,300091422,2023,SWCO,SWCO BSS1075-R CRS RDF ZZZ BK KG,,WAW077007X2,MF,435,FRESH,FAIL AP,,
COMPLETE,,2024-03-05,,300091423,2023,SWCO,SWCO BSS1075-R CRS RDF ZZZ BK KG,,WAW077091X2,MF,463.5,FRESH,FAIL AP,,
COMPLETE,,2024-03-05,,2400005726,2023,SWCO,SWCO BSS1075-R CRS RDF ZZZ BK KG,,WAW077007X2,MR,5703,FRESH,2 COB,,
COMPLETE,,2024-03-05,,2400005691,2023,SWCO,SWCO GH6462S CRN RDY ZZZ BK KG,,WAC077058W,MR,7015.5,,15 DENT,,
COMPLETE,,2024-03-05,,2400005664,2023,SWCO,SWCO GSS36599 CRS RDF ZZZ BK KG,,TVW077029X2,LR,10927,FRESH,3 DENT,,
COMPLETE,,2024-03-05,,300091346,2023,SWCO,SWCO TYSON CRS CLX ZZZ BK KG,,INW077142X1,MR,506.5,EXCELIS,FAIL AP,,
COMPLETE,,2024-03-05,,300091347,2023,SWCO,SWCO TYSON CRS CLX ZZZ BK KG,,INW077142X1,MF,3075.5,EXCELIS,FAIL AP,,
COMPLETE,,2024-03-05,,2400005519,2023,SWCO,SWCO KANDY KORN CRN RDY ZZZ BK KG,,INC077136,MF,775.5,,165 DENT,,
COMPLETE,,2024-03-05,,2400005736,2023,SWCO,SWCO P&C EARLY CRN RDY ZZZ BK KG,,COC077138,LF,2764,,110 DENT,,
COMPLETE,,2024-03-05,,2400005737,2023,SWCO,SWCO P&C EARLY CRN RDY ZZZ BK KG,,COC077138,MRH,660.5,,399 DENT,,
COMPLETE,,2024-03-05,,2400005738,2023,SWCO,SWCO P&C EARLY CRN RDY ZZZ BK KG,,COC077138,LRL,4121,,319 DENT,,
COMPLETE,,2024-03-05,,2400005739,2023,SWCO,SWCO P&C EARLY CRN RDY ZZZ BK KG,,COC077138,MRL,1662,,139 DENT,,
COMPLETE,,2024-03-05,,2400005635,2023,SWCO,SWCO BSS1075-R CRS RDF ZZZ BK KG,,WAW077091X2,MF,4009.5,FRESH,2 Cob,,
COMPLETE,,2024-03-05,,2400005636,2023,SWCO,SWCO BSS1075-R CRS RDF ZZZ BK KG,,WAW077007X2,MR,733.5,FRESH,14 Dent,,
COMPLETE,,2024-03-05,,2400005637,2023,SWCO,SWCO BSS1075-R CRS RDF ZZZ BK KG,,WAW077091X2,MF,395.5,FRESH,10 Dent,,
COMPLETE,,2024-03-05,,300090813,2023,SWCO,SWCO GSS8937 CRS CLX ZZZ BK KG,,TVW077118X1,MF,570.5,EXCELIS,Failed AP,,
COMPLETE,,2024-03-05,,300090814,2023,SWCO,SWCO GSS8937 CRS CLX ZZZ BK KG,,TVW077118X1,LF,4504.5,EXCELIS,Failed AP,,
COMPLETE,,2024-03-05,,300091184,2023,SWCO,SWCO GSS8937 CRS CLX ZZZ BK KG,,TVW077038X1,LR,687.5,EXCELIS,Failed AP,,
COMPLETE,,2024-03-05,,300091185,2023,SWCO,SWCO GSS8937 CRS CLX ZZZ BK KG,,TVW077038X1,LF,937,EXCELIS,Failed AP,,
COMPLETE,,2024-03-05,,300091186,2023,SWCO,SWCO GSS8937 CRS CLX ZZZ BK KG,,TVW077038X1,MR,279.5,EXCELIS,Failed AP,,
COMPLETE,,2024-03-05,,300091608,2023,SWCO,SWCO GSS36599 CRS RDF ZZZ BK KG,,TVW077029X2,LF,3389.5,FRESH,Failed AP,,
COMPLETE,,2024-03-05,,300091349,2023,SWCO,SWCO 007R CRS RDF ZZZ BK KG,,WAW077000X2,LR,3341,FRESH,FAILED AP,,
COMPLETE,,2024-03-05,,300091273,2023,SWCO,SWCO GH6055 CRN CLX ZZZ BK KG,,TVC077015X1,LF,2656.5,EXCELIS,Failed AP,,
COMPLETE,,2024-03-05,,300091274,2023,SWCO,SWCO GH6055 CRN CLX ZZZ BK KG,,TVC077181X1,LR,1220.5,EXCELIS,Failed AP,,
COMPLETE,,2024-03-05,,2400005704,2023,SWCO,SWCO GH6055 CRN CLX ZZZ BK KG,,TVC077181X1,LF,914.5,EXCELIS,7 Dent,,
COMPLETE,,2024-03-05,,300091464,2023,SWCO,SWCO BSS8021 CRS RDY ZZZ BK KG,,INW077044X2,LR,1090,Fresh,Failed AP,,
COMPLETE,,2024-03-05,,300091350,2023,SWCO,SWCO 3511R CRS RDF ZZZ BK KG,,WAW077003X2,LR,16217,FRESH,Failed AP,,
COMPLETE,,2024-03-05,,300091351,2023,SWCO,SWCO 3511R CRS RDF ZZZ BK KG,,WAW077003X2,LF,15709,FRESH,Failed AP,,
COMPLETE,,2024-03-05,,2400005667,2023,SWCO,SWCO GSS3951 CRS RDY ZZZ BK KG,,INW077133,LF,1439.5,,76 Dent,,
COMPLETE,,2024-03-05,,2400005786,2023,SWCO,SWCO GSS3951 CRS RDY ZZZ BK KG,,INW077133,MFH,3042,,26 Dent,,
COMPLETE,,2024-03-05,,2400005534,2023,SWBS,SWBS R20001 T CRS CLX ZZZ BK KG,,TVW23T7557X1,MF,267,EXCELIS,Please rework for 20% gravity cut,,
COMPLETE,,2024-03-05,,300091506,2023,SWBS,SWBS R298A T CRN CLX ZZZ BK KG,,TVC23T7562X1,LR,489.5,EXCELIS,FAILED AP,,
COMPLETE,,2024-03-05,,300091504,2023,SWBS,SWBS R441 T CRN CLD ZZZ BK KG,,TVC23T7573,LR,547.5,,FAILED AP,,
COMPLETE,,2024-03-05,,300091508,2023,SWBS,SWBS R584A T CRS CLX ZZZ BK KG,,TVW23T7580X1,LR,208.5,EXCELIS,FAILED AP,,
COMPLETE,,2024-03-05,,300091509,2023,SWBS,SWBS R584A T CRS CLX ZZZ BK KG,,TVW23T7580X1,LF,406,EXCELIS,FAILED AP,,
COMPLETE,,2024-03-05,,300091510,2023,SWBS,SWBS R584A T CRS CLX ZZZ BK KG,,TVW23T7580X1,MR,442.5,EXCELIS,FAILED AP,,
COMPLETE,,2024-03-05,,300091511,2023,SWBS,SWBS R584A T CRS CLX ZZZ BK KG,,TVW23T7580X1,MF,799,EXCELIS,FAILED AP,,
COMPLETE,,2024-03-05,,300090900,2023,SWBS,SWBS R584A U CRS CLX ZZZ BK KG,,TVW23U7581X1,L,468.5,EXCELIS,FAILED AP,,
COMPLETE,,2024-03-05,,300091747,2023,SWCO,SWCO GSS31004 CRS RDF ZZZ BK KG,,TVW077028X2,MF,505.5,FRESH,FAILED AP,,
COMPLETE,,2024-03-05,,300091606,2023,SWCO,SWCO TYSON CRS CLX ZZZ BK KG,,ORW077116X1,MF,259,EXCELIS,Please rework for failed AP,,
COMPLETE,,2024-03-05,,300091613,2023,SWCO,SWCO TYSON CRS CLX ZZZ BK KG,,INW077142X1,LF,1085,EXCELIS,Please rework for failed AP,,
COMPLETE,,2024-03-05,,2400005593,2023,SWCO,SWCO TYSON CRS CLX ZZZ BK KG,,INW077142X1,LR,245,EXCELIS,Please rework for 72 pieces of dent,,
COMPLETE,,2024-03-05,,2400005638,2023,SWCO,SWCO TYSON CRS CLX ZZZ BK KG,,INW077142X1,MR,381,EXCELIS,Please rework for 119 dent,,
COMPLETE,,2024-03-05,,2400005639,2023,SWCO,SWCO TYSON CRS CLX ZZZ BK KG,,INW077142X1,MF,2707,EXCELIS,Please rework for 62 dent,,
COMPLETE,,2024-03-05,,2400005909,2023,SWCO,SWCO CRAVE MAN CRS RDY ZZZ BK KG,,WAW066297X2,R,148,Fresh,,,
COMPLETE,,2024-03-05,,2400005564,2023,SWCO,SWCO CABO CRS RDF ZZZ BK KG,,WAW077094X2,MF,197,FRESH,"1.19 inert, 1.55 damaged, 1 other crop s",,
COMPLETE,,2024-03-05,,2400005850,2023,SWBS,SWBS 47BB3SH2RGI T CRS CLD ZZZ BK KG,,TVW23T7502,R,735.5,,"44 dent, 3 cob",,
COMPLETE,,2024-03-05,,2400005851,2023,SWBS,SWBS 47BB3SH2RGI T CRS CLD ZZZ BK KG,,TVW23T7502,F,318,,12 cob,,
COMPLETE,,2024-03-05,,2400005841,2023,SWBS,SWBS G0012 T CRN CLD ZZZ BK KG,,TVC23T7521,UN,307,,24 Dent,,
COMPLETE,,2024-03-05,,2400005808,2023,SWCO,SWCO 6800 CRS RDY ZZZ BK KG,,93315MF,MF,1719,,2 Cob,,
COMPLETE,,2024-03-05,,300091910,2023,SWCO,SWCO TYSON CRS CLX ZZZ BK KG,,WAW077074X1,LF,3214,EXCELIS,FAILED AP,,
COMPLETE,,2024-03-14,,2400005863,2023,SWBS,SWBS R00303 T CRN CLX ZZZ BK KG,,TVW23T7533X1,R,213.5,EXCELIS,1 dent,,
COMPLETE,,2024-03-15,,2400005852,2023,SWBS,SWBS R00378 T CRN CLX ZZZ BK KG,,TVC23T7535X1,R,638.5,EXCELIS,12 Dent,,
COMPLETE,,2024-03-15,,2400005872,2023,SWBS,SWBS R160DS T CRS CLD ZZZ BK KG,,TVW23T7555,R,266.5,,1 dent,,
COMPLETE,,2024-03-18,,2400005862,2023,SWBS,SWBS R320D U CRS CLD ZZZ BK KG,,TVW23U7563,F,299.5,,"33 cob,  0.86% inert",,
COMPLETE,,2024-03-19,,2400005900,2023,SWBS,SWBS R373A T CRN CLX ZZZ BK KG,,WAW23T7565X1,LR,2274,EXCELIS,1 dent,,
COMPLETE,,2024-03-20,,2400005859,2023,SWBS,SWBS R594 S CRS CLX ZZZ BK KG,,TVW23S7582X1,R,330,EXCELIS,28 cob,,
COMPLETE,,2024-03-20,,2400005860,2023,SWBS,SWBS R594 S CRS CLX ZZZ BK KG,,TVW23S7582X1,F,367,EXCELIS,21 cob,,
COMPLETE,,2024-03-20,,2400005657,2023,SWBS,SWBS W0195 T CRN CLD ZZZ BK KG,,TVC23T7594,F,411,,Please rework for 1 dent,,
COMPLETE,,2024-03-21,,300091876,2023,SWBS,SWBS W0234 S CRN CLD ZZZ BK KG,,TVC23S7595,LR,580.5,,1st failed AP,,
COMPLETE,,2024-03-21,,300091860,2023,SWCO,SWCO GSS31004 CRS RDF ZZZ BK KG,,TVW077028X2,LR,1450,FRESH,1st failed AP,,
COMPLETE,,2024-03-25,,300091909,2023,SWCO,SWCO GSS5649 CRS CLX ZZZ BK KG,,WAW077035X1,LF,8833,EXCELIS,Please rework for failed AP,,
COMPLETE,,2024-03-27,,2400005940,2023,SWCO,SWCO GSS36599 CRS RDF ZZZ BK KG,,TVW077029X2,LR,10178.5,Fresh,15 Dent,,
COMPLETE,,2024-03-27,,2400006101,2023,SWCO,SWCO MATRIARCH CRS RDY ZZZ BK KG,,WAW077041H,MR,2283,GMO,Nightshade observed by treat-pack during treatment for COM700 order,,TRUE
COMPLETE,,2024-03-27,,2400006091,2023,SWBS,SWBS G0012 T CRN CLD ZZZ BK KG,,TVC23T7521,UN,226,,8 Dent,,
COMPLETE,,2024-03-28,,300092408,2023,SWCO,SWCO BSS1075-R CRS RDF ZZZ BK KG,,WAW077007X2,MR,5692,Fresh,Failed AP,,
COMPLETE,,2024-03-28,,2400005804,2023,SWCO,SWCO REVISION CRT RDY ZZZ BK KG,,ORT077113H,MR,800.5,GMO,36 Dent,,TRUE
COMPLETE,,2024-04-01,,2400005805,2023,SWCO,SWCO REVISION CRT RDY ZZZ BK KG,,ORT077113HK1,MR,9497,GMO,15 Dent,,TRUE
COMPLETE,1,2024-04-03,,2400006098,2023,SWBS,SWBS R160DS T CRS CLD ZZZ BK KG,,TVW23T7555,R,244.5,,3 Cob,,
COMPLETE,2,2024-04-03,,300092655,2023,SWCO,SWCO TYSON CRS CLX ZZZ BK KG,,INW077142X1,LR,202,Excelis,Failed AP,,
COMPLETE,,2024-04-08,,300092656,2023,SWCO,SWCO TYSON CRS CLX ZZZ BK KG,,WAW077123X1,MR,943.5,Excelis,Failed AP,,
COMPLETE,4,2024-04-09,,300092657,2023,SWCO,SWCO TYSON CRS CLX ZZZ BK KG,,INW077142X1,MF,2424,Excelis,Failed AP,,
COMPLETE,5,2024-04-09,,2400006102,2023,SWCO,SWCO TYSON CRS CLX ZZZ BK KG,,ORW077116X1,MR,757.5,Excelis,19 Dent,,
COMPLETE,6,2024-04-10,,2400006103,2023,SWCO,SWCO TYSON CRS CLX ZZZ BK KG,,ORW077116X1,MF,227.5,Excelis,6 Dent,,
COMPLETE,7,2024-04-10,,2400006104,2023,SWCO,SWCO TYSON CRS CLX ZZZ BK KG,,INW077142X1,LF,1004,Excelis,90 Dent,,
COMPLETE,8,2024-04-11,,300092833,2023,SWCO,SWCO TYSON CRS CLX ZZZ BK KG,,WAW077074X1,MR,1800.5,Excelis,Failed AP,,
COMPLETE,SSV2A*1,2024-04-12,,2400005977,2023,SWCO,SWCO GH4927 CRN RDY ZZZ BK KG,,WAC077060,LF,3254,,Remove Camelina,,
COMPLETE,*1,2024-04-15,,300092885,2023,SWBS,SWBS R00660DM-SMS S CRS CLX ZZZ BK KG,,TVW23S7545X1,UN,49.5,Excelis,Failed AP,,
COMPLETE,9,2024-04-15,,300092653,2023,SWCO,SWCO GSS3951 CRS CLX ZZZ BK KG,,WAW077030X1,LR,4903,Excelis,Failed AP,,
COMPLETE,10,2024-04-16,,300092654,2023,SWCO,SWCO GSS3951 CRS CLX ZZZ BK KG,,WAW077101X1,LF,2745.5,Excelis,Failed AP,,
COMPLETE,11,2024-04-17,,300092660,2023,SWCO,SWCO GSS3951 CRS CLX ZZZ BK KG,,WAW077030X1,MR,6313,Excelis,Failed AP,,
COMPLETE,12,2024-04-19,,300092703,2023,SWCO,SWCO GSS3951 CRS CLX ZZZ BK KG,,WAW077030X1,MFH,7995,Excelis,Failed AP,,
COMPLETE,1,2024-04-22,,300092661,2023,SWCO,SWCO GH6055 CRN CLX ZZZ BK KG,,WAC077061X1,MR,1446.5,Excelis,Please rework for failed AP,,
COMPLETE,2,2024-04-22,,300092702,2023,SWCO,SWCO GH6055 CRN CLX ZZZ BK KG,,TVC077015X1,LF,2370.5,Excelis,Please rework for failed AP,,
COMPLETE,3,2024-04-23,,2400006037,2023,SWCO,SWCO GH6055 CRN CLX ZZZ BK KG,,TVC077181X1,LF,746,Excelis,2 Dent,,
COMPLETE,4,2024-04-23,,2400006039,2023,SWCO,SWCO GH6055 CRN CLX ZZZ BK KG,,TVC077181X1,LR,1027.5,Excelis,1 Dent,,
COMPLETE,5,2024-04-23,,300092658,2023,SWCO,SWCO GSS8937 CRS CLX ZZZ BK KG,,TVW077038X1,LF,815.5,Excelis,Failed AP,,
COMPLETE,6,2024-04-24,,2400006096,2023,SWBS,SWBS R373A T CRN CLX ZZZ BK KG,,WAW23T7565X1,LR,2183.5,Excelis,3 Dent,,
COMPLETE,7,2024-04-25,,300092886,2023,SWBS,SWBS R660D S CRS CLX ZZZ BK KG,,TVW23S7587X1,R,292,Excelis,Failed AP,,
COMPLETE,8,2024-04-26,,2400006097,2023,SWBS,SWBS R00660DM U CRS CLX ZZZ BK KG,,TVW23U7544X1,MR,725,Excelis,1 Dent,,
COMPLETE,9VMEK,2024-04-26,,2400006089,2023,SWBS,SWBS R441 T CRN CLD ZZZ BK KG,,TVC23T7573,LR,478,,6 Dent,,
COMPLETE,1,2024-04-30,,2400006111,2023,SWCO,SWCO P&C EARLY CRN RDY ZZZ BK KG,,COC077138,LF,2541,,24 Dent,,
COMPLETE,,2024-05-01,,2400005806,2023,SWCO,SWCO REVISION CRT RDY ZZZ BK KG,,ORT077085HK1W,MR,2900.5,GMO,17 Dent,,TRUE
COMPLETE,,2024-05-02,,2400005807,2023,SWCO,SWCO REVISION CRT RDY ZZZ BK KG,,ORT077085HK1W,MF,1032,GMO,24 Dent,,TRUE
COMPLETE,,2024-05-06,,2400005709,2023,SWCO,SWCO REVISION CRT RDY ZZZ BK KG,,ORT077113HK,LR,5354,GMO,18 Dent,,TRUE
COMPLETE,,2024-05-08,,2400005710,2023,SWCO,SWCO REVISION CRT RDY ZZZ BK KG,,ORT077113HK,LF,4447,GMO,56 Dent,,TRUE
COMPLETE,,2024-05-14,,2400006171,2023,SWCO,SWCO WH1428PR CRN RDY ZZZ BK KG,,WAW077032X2,LF,487,Fresh,14 Dent,,
COMPLETE,,2024-05-14,,300093203,2023,SWCO,SWCO GSS4479 CRS RDY ZZZ BK KG,,WAC077077,R,441.5,,Failed AP,,
COMPLETE,,2024-05-15,,2400006142,2023,SWCO,SWCO CRAVE MAN CRS RDF ZZZ BK KG,,WAW066224X2,MF,1266.5,Fresh,Increase Germ from 84% to ~90%,,
COMPLETE,,2024-05-16,,2400006137,2023,SWCO,SWCO P&C MID CRN RDY ZZZ BK KG,,WAC077108,MR,2349,,20 Dent,,
COMPLETE,1,2024-05-22,,2400006145,2023,SWBS,SWBS R373A T CRN CLX ZZZ BK KG,,WAW23T7565X1,LR,1931.5,Excelis,1 Dent,,
COMPLETE,2,2024-05-22,,2400006148,2023,SWBS,SWBS R00660DM U CRS CLX ZZZ BK KG,,TVW23U7544X1,MR,675.5,Excelis,1 Dent,,
COMPLETE,1,2024-06-19,,2400006149,2023,SWCO,SWCO P&C MID CRN RDY ZZZ BK KG,,WAC077108,MR,2173,,25 Dent,,
COMPLETE,1,2024-06-19,,300093365,2023,SWCO,SWCO TYSON CRS CLX ZZZ BK KG,,WAW077074X1,MR,1561.837,Excelis,Failed AP,,
COMPLETE,2,2024-06-19,,300093426,2023,SWBS,SWBS R00660DM U CRS CLX ZZZ BK KG,,TVW23U7544X1,MR,628,Excelis,Failed AP,,
COMPLETE,,2024-06-24,,2400006200,2024,SWBS,SWBS R30006 T CRN CLX ZZZ BK KG,,SYNG23501X1,LR,471.5,Excelis,2 Dent,,
COMPLETE,,2024-07-15,,300093532,2024,SWBS,SWBS AC265Y S CRS CLD ZZZ BK KG,,SYNG23504W,M,223.5,,Failed AP,,
COMPLETE,1,2024-09-30,,2400006303,2024,SWCO,SWCO P&C EARLY CRN RDY ZZZ BK KG,,WAC088547,LR,4836.5,,275 Dent,,
COMPLETE,2,2024-09-30,,2400006304,2024,SWCO,SWCO P&C EARLY CRN RDY ZZZ BK KG,,WAC088547,MR,752.5,,"45 dent, 1 cob",,
COMPLETE,3,2024-09-30,,2400006305,2024,SWCO,SWCO EA SUNGLOW CRN RDY ZZZ BK KG,,WAC088518,LR,11600,,12 Dent,,
COMPLETE,,2024-10-21,,2400006231,2024,SWCO,SWCO GSS8937 CRS CLX ZZZ BK KG,,TVW088581X1,LF,6489.5,Excelis,1 dent,,
COMPLETE,,2024-10-21,,2400006232,2024,SWBS,SWBS R20005 T CRS CLX ZZZ BK KG,,TVW24T8632X1,UN,198,Excelis,25 dent,,
COMPLETE,,2024-10-21,,2400006308,2024,SWBS,SWBS AC206Y T CRS CLD ZZZ BK KG,,TVW24T8606,UN,345.5,,7.65 offtypes,,
COMPLETE,,2024-10-22,,2400006254,2024,SWCO,SWCO BSS1075-R CRS RDF ZZZ BK KG,,WAW088580X2,MF,1469.5,Fresh,"1 cob, 1 dent, 1 smut",,
COMPLETE,,2024-10-22,,2400006255,2024,SWCO,SWCO BSS1075-R CRS RDF ZZZ BK KG,,WAW088569X2,LR,12941.5,Fresh,14 dent,,
COMPLETE,,2024-10-22,,2400006351,2024,SWBS,SWBS AC245Y T CRS CLD ZZZ BK KG,,TVW24T8607,MF,517.5,,6 cob,,
COMPLETE,,2024-10-22,,2400006408,2024,SWBS,SWBS AC245Y T CRS CLD ZZZ BK KG,,TVW24T8607,LF,765.5,,3 cob,,
COMPLETE,,2024-10-22,,2400006407,2024,SWCO,SWCO SILVER QUEEN CRN RDY ZZZ BK KG,,ORC088556,LF,2961,,39 Dent,,
COMPLETE,,2024-10-23,,2400006404,2024,SWCO,SWCO BSS1075-R CRS RDF ZZZ BK KG,,WAW088570X2,LR,1504,Fresh,7 dent,,
COMPLETE,,2024-10-23,,2400006405,2024,SWCO,SWCO BSS1075-R CRS RDF ZZZ BK KG,,WAW088580X2,MR,3947,Fresh,1 smut,,
COMPLETE,,2024-10-25,,2400006211,2024,SWBS,SWBS R00404X S CRN CLX ZZZ BK KG,,TVC24S8618X1P,UN,167,Excelis,3 dent,,
COMPLETE,,2024-10-25,,2400006234,2024,SWCO,SWCO GARRISON-R CRS CLX ZZZ BK KG,,TVW088589X1,MR,1306,Excelis,1 dent,,
COMPLETE,VMEK,2024-10-30,,300094434,2024,SWBS,SWBS R20005 U CRS CLX ZZZ BK KG,,TVW24U8633X1,MF,162,Excelis,1st failed AP,,
COMPLETE,,2024-10-31,,2400006409,2024,SWBS,SWBS AC206Y T CRS CLD ZZZ BK KG,,TVW24T8606,UN,275.5,,3 cob,,
COMPLETE,,2024-10-31,,2400006426,2024,SWCO,SWCO PLAYA CRS RDF ZZZ BK KG,,WAW088549X2,LR,2890.5,Fresh,SWCO RDY RDY SUP INT PPur,,
COMPLETE,,2024-11-01,,2400006388,2024,SWCO,SWCO BSS1075-R CRS RDF ZZZ BK KG,,TVW088543X2,MF,960,Fresh,41 dent,,
COMPLETE,,2024-11-01,,2400006217,2024,SWCO,SWCO BSS1075-R CRS RDF ZZZ BK KG,,TVW088543X2,LF,1506.5,Fresh,25 dent,,
COMPLETE,,2024-11-01,,2400006387,2024,SWCO,SWCO BSS1075-R CRS RDF ZZZ BK KG,,TVW088543X2,MR,1738.5,Fresh,360 dent,,
COMPLETE,,2024-11-01,,2400006386,2024,SWCO,SWCO BSS1075-R CRS RDF ZZZ BK KG,,TVW088543X2,LR,3676.5,Fresh,55 dent,,
COMPLETE,VMEK,2024-11-06,,2400006352,2024,SWBS,SWBS R20005 T CRS CLX ZZZ BK KG,,TVW24T8632X1,UN,147,Excelis,"11 cob, 0.91% inert",,
COMPLETE,,2024-11-06,,300094614,2024,SWCO,SWCO GSS8937 CRS CLX ZZZ BK KG,,WAW088540X1,MR,1104,Excelis,1st failed AP,,
COMPLETE,,2024-11-06,,2400006216,2024,SWCO,SWCO GSS5649 CRS CLX ZZZ BK KG,,WAW088538X1J,LF,4017.5,Excelis,3 cob,,
COMPLETE,,2024-11-06,,2400006215,2024,SWCO,SWCO GSS5649 CRS CLX ZZZ BK KG,,WAW088538X1J,LR,4898,Excelis,2 cob,,
COMPLETE,,2024-11-06,,2400006214,2024,SWCO,SWCO GSS5649 CRS CLX ZZZ BK KG,,WAW088538X1J,MF,6840.5,Excelis,1 smut,,
COMPLETE,,2024-11-15,,300094743,2024,SWCO,SWCO GSS4628 CRS CLX ZZZ BK KG,,WAW088536X1,LR,2338.5,Excelis,Please rework for failed AP,,
COMPLETE,,2024-11-16,,300094561,2024,SWCO,SWCO GSS3951 CRS CLX ZZZ BK KG,,WAW088534X1,LR,4607.5,Excelis,SWCO EX RPR SUP GMO INT,,
COMPLETE,VMEK,2024-11-22,,2400006442,2024,SWCO,SWCO GSS4479 CRS RDY ZZZ BK KG,,WAW088535X2,MF,159,Fresh,Please rework for 3 cob,,
COMPLETE,VMEK,2024-11-22,,2400006443,2024,SWCO,SWCO DESERT FROST CRS RDY ZZZ BK KG,,TVW088567X2,MF,159.5,Fresh,Please rework for 1 dent 10 cob,,
COMPLETE,,2024-11-22,,2400006440,2024,SWCO,SWCO CODE 646 CRS RDY ZZZ BK KG,,WAW088588,LF,1042.5,,Please rework for 3 smut,,
COMPLETE,,2024-11-22,,2400006414,2024,SWCO,SWCO GH7818 CRN RDY ZZZ BK KG,,WAC088524,MR,6186.5,,45 dent,,
COMPLETE,,2024-11-26,,2400006395,2024,SWCO,SWCO GSS2577 CRS RDY ZZZ BK KG,,PL41102404,18C,520.112,,Post- Fumigation,,
COMPLETE,,2024-12-02,,300094744,2024,SWCO,SWCO GSS4628 CRS CLX ZZZ BK KG,,WAW088536X1,LF,4622.5,Excelis,Please rework for failed AP,,
COMPLETE,,2024-12-02,,2400006441,2024,SWCO,SWCO 7210R CRS RDF ZZZ BK KG,,WAW088503X2,MF,730,Fresh,Please rework for sclerotia,,
COMPLETE,VMEK,2024-12-02,,2400006259,2024,SWCO,SWCO GH4927-C CRN RDY ZZZ BK KG,,WAC088522,UN,226,,Please rework for 28 dent,,
COMPLETE,VMEK,2024-12-02,,300094742,2024,SWCO,SWCO GSS8937 CRS CLX ZZZ BK KG,,WAW088604X1,MR,225.5,Excelis,Please rework for failed AP,,
COMPLETE,,2024-12-02,,2400006258,2024,SWCO,SWCO TYSON CRS CLX ZZZ BK KG,,WAW088585X1,MF,10840,Excelis,Please rework for failed TARE 4 Dent.,,
COMPLETE,,2024-12-02,,2400006431,2024,SWCO,SWCO OVERLAND-R CRS RDX ZZZ BK KG,,WAW07707X1,MF,22454.1,Excelis,Please rework for worms,,
COMPLETE,VMEK,2024-12-03,,2400006310,2024,SWBS,SWBS R5001H T CRS CLD ZZZ BK KG,,TVW24T8640H,UN,44,GMO,3 cob,,TRUE
COMPLETE,,2024-12-04,,2400006427,2024,SWBS,SWBS AC245Y T CRS CLD ZZZ BK KG,,TVW24T8607,MF,430.5,,"16 cob, 3 smut, 2.21 % inert",,
COMPLETE,,2024-12-05,,2400006428,2024,SWBS,SWBS AC245Y T CRS CLD ZZZ BK KG,,TVW24T8607,LF,713,,10 cob 1 smut,,
COMPLETE,,2024-12-06,,300094729,2024,SWCO,SWCO PLAYA CRS RDF ZZZ BK KG,,WAW088549X2,LF,1270,Fresh,1st failed AP,,
COMPLETE,VMEK,2024-12-07,,2400006410,2024,SWBS,SWBS R31001-CMS S CRN CLX ZZZ BK KG,,TVC24S8649X1,LF,297,Excelis,"2 dent, 1 cob",,
COMPLETE,,2024-12-08,,2400006411,2024,SWCO,SWCO SILVER QUEEN CRN RDY ZZZ BK KG,,ORC088605,LR,2828,,8 offtypes,,
COMPLETE,VMEK,2024-12-09,,2400006430,2024,SWBS,SWBS R11649 T CRS CLX ZZZ BK KG,,TVW24T8630X1,M,37,Excelis,"4 dent, 9 cob, 3 smut",,
COMPLETE,VMEK,2024-12-10,,2400006238,2024,SWBS,SWBS R11649 T CRS CLX ZZZ BK KG,,TVW24T8630X1,L,153.5,Excelis,"15 cob, 1 dent, 0.52 inert",,
COMPLETE,,2024-12-10,,300094822,2024,SWCO,SWCO GSS5649 CRS CLX ZZZ BK KG,,WAW088538X1,MR,4338.5,Excelis,Please rework for failed AP,,
COMPLETE,VMEK,2024-12-11,,2400006311,2024,SWBS,SWBS AC144Y S CRS CLD ZZZ BK KG,,TVW24S8602,L,129.5,,"15 smut, 1 cob, 1.5 damaged",,
COMPLETE,VMEK,2024-12-12,,2400006312,2024,SWBS,SWBS R20005 T CRS CLX ZZZ BK KG,,TVW24T8632X1,UN,136.5,Excelis,"7 cob, 0.58 inert",,
COMPLETE,VMEK,2024-12-13,,2400006236,2024,SWBS,SWBS R00610 T CRS CLX ZZZ BK KG,,TVW24T8621X1,F,175.5,Excelis,"3 cob, 1.11 % inert",,
COMPLETE,VMEK,2024-12-14,,2400006413,2024,SWCO,SWCO GSS3378 CRS RDF ZZZ BK KG,,WAW088568X2,LF,204,Fresh,6 cob,,
COMPLETE,VMEK,2024-12-15,,2400006412,2024,SWCO,SWCO GSS3378 CRS RDF ZZZ BK KG,,WAW088568X2,LR,278,Fresh,9 cob,,
COMPLETE,,2024-12-16,,2400006237,2024,SWBS,SWBS R00610 T CRS CLX ZZZ BK KG,,TVW24T8621X1,R,676,Excelis,"1 cob, 1 smut",,
COMPLETE,,2024-12-16,,2400006314,2024,SWBS,SWBS W0234 T CRN CLD ZZZ BK KG,,TVC24T8648,LF,610.5,,16 dent,,
COMPLETE,,2024-12-17,,2400006355,2024,SWCO,SWCO 7401 IMP CRS RDF ZZZ BK KG,,WAW088504X2,MR,1907,Fresh,2 smut,,
COMPLETE,,2024-12-17,,2400006317,2024,SWCO,SWCO BSS1075-R CRS RDF ZZZ BK KG,,TVW088543X2,MR,1452,Fresh,27 dent,,
COMPLETE,,2024-12-18,,2400006358,2023,SWCO,SWCO DESERT SNOW CRS RDF ZZZ BK KG,,TVW077020X2,LF,2804,Fresh,Run through gravity after fumigation,,
COMPLETE,,2024-12-19,,2400006429,2024,SWCO,SWCO GH7818 CRN RDY ZZZ BK KG,,WAC088524,LR,4379,,21 dent,,
COMPLETE,,2024-12-20,,2400006444,2024,SWCO,SWCO GH7818 CRN RDY ZZZ BK KG,,WAC088524,LF,12845.5,,20 dent,,
COMPLETE,VMEK,2024-12-21,,2400006356,2024,SWBS,SWBS W0234 T CRN CLD ZZZ BK KG,,TVC24T8648,LR,135.5,,161 dent,,
COMPLETE,VMEK,2024-12-22,,2400006415,2024,SWBS,SWBS W0234 T CRN CLD ZZZ BK KG,,TVC24T8648,MR,149,,232 dent,,
COMPLETE,VMEK,2024-12-23,,2400006392,2024,SWCO,SWCO 3552R CRS RDF ZZZ BK KG,,WAW088502X2K,MF,152.316,Fresh,18 COB,,
COMPLETE,VMEK,2024-12-24,,2400006391,2024,SWCO,SWCO BSS23648 CRS RDY ZZZ BK KG,,WAW088590X2,UN,177,Fresh,4 cob,,
COMPLETE,GRAV30,2024-12-26,,2400006315,2024,SWBS,SWBS W0234 T CRN CLD ZZZ BK KG,,TVC24T8648,MF,215,,36 dent,,
COMPLETE,VMEK,2024-12-31,,2400006316,2024,SWBS,SWBS R20015 S CRS CLX ZZZ BK KG,,TVW24S8634X1,MF,207,Excelis,16 cob,,
COMPLETE,GRAV30,2024-12-31,,2400006436,2024,SWCO,SWCO YETI CRS RDY ZZZ BK KG,,TVW088560X2,UN,201.5,Fresh,9 dent,,
COMPLETE,,2025-01-02,,300094864,2024,SWCO,SWCO GARRISON-R CRS CLX ZZZ BK KG,,WAW088572X1,MR,3911.291,Excelis,1st failed AP,,
COMPLETE,VMEK,2025-01-03,,300094700,2024,SWCO,SWCO BSS31212 CRS RDF ZZZ BK KG,,TVW088600X2,R,67,Fresh,1st failed AP,,
COMPLETE,VMEK,2025-01-04,,2400006432,2024,SWBS,SWBS R29153 S CRS CLX ZZZ BK KG,,TVW24S8652X1,UN,68,Excelis,"1 dent, 3 cob",,
COMPLETE,"VMEK; MARIO TOOK PO,RERUN",2025-01-05,,2400006471,2024,SWBS,SWBS R00610 T CRS CLX ZZZ BK KG,,TVW24T8621X1K,L,337,Excelis,"1 dent, 2 cob, 2 % Inert",,
COMPLETE,"GRAV30; NO GR, REY",2025-01-05,,2400006472,2024,SWBS,SWBS AC265Y T CRS CLD ZZZ BK KG,,TVW24T8647,L,114,,"2 dent, 2 cob, 0.99% inert",,
COMPLETE,,2025-01-06,,2400006473,2024,SWBS,SWBS R20015 S CRS CLX ZZZ BK KG,,TVW24S8634X1,LF,428,Excelis,4 cob,,
COMPLETE,VMEK,2025-01-06,,2400006470,2024,SWBS,SWBS R00610 T CRS CLX ZZZ BK KG,,TVW24T8621X1K,M,139,Excelis,6 cob,,
COMPLETE,,2025-01-07,,2400006445,2024,SWBS,SWBS R22153 T CRS CLX ZZZ BK KG,,TVW24T8636X1,M,434.5,Excelis,"4 cob, 0.8% inert",,
COMPLETE,VMEK,2025-01-07,,2400006474,2024,SWBS,SWBS R22153 T CRS CLX ZZZ BK KG,,TVW24T8636X1,L,151,Excelis,26 cob,,
COMPLETE,,2025-01-08,,2400006476,2024,SWBS,SWBS R39415 S CRN CLX ZZZ BK KG,,TVW24S8646X1,L,652,Excelis,3 cob,,
COMPLETE,VMEK,2025-01-08,,2400006475,2024,SWBS,SWBS R10233 T CRS CLX ZZZ BK KG,,TVW24T8628X1,L,152,Excelis,3 cob,,
COMPLETE,,2025-01-09,,300094983,2024,SWCO,SWCO BSS1075-R CRS RDF ZZZ BK KG,,WAW088580X2,MF,1308.5,Fresh,1st failed AP,,
COMPLETE,VMEK,2025-01-09,,2400006394,2024,SWCO,SWCO GLACIAL CRS RDF ZZZ BK KG,,WAW088593X2,MF,203.5,Fresh,"Please rework for failed TARE, 5 pieces",,
COMPLETE,,2025-01-10,,300094923,2024,SWCO,SWCO GARRISON-R CRS CLX ZZZ BK KG,,WAW088519X1W,MR,2045,Excelis,1st failed AP,,
COMPLETE,VMEK,2025-01-10,,2400006469,2024,SWBS,SWBS R20015 S CRS CLX ZZZ BK KG,,TVW24S8634X1,LR,233,Excelis,3 cob,,
COMPLETE,VMEK,2025-01-10,,2400006503,2024,SWCO,SWCO PATRON CRS RDY ZZZ BK KG,,WAW088557H,MR,305.5,GMO,"1 smut, 2.9% discolored, 2 cob",,TRUE
COMPLETE,VMEK,2025-01-10,,2400006502,2024,SWCO,SWCO PATRON CRS RDY ZZZ BK KG,,WAW088557H,LF,329.5,GMO,2 smut,,TRUE
COMPLETE,,2025-01-10,,2400006504,2024,SWCO,SWCO PATRON CRS RDY ZZZ BK KG,,WAW088557H,MF,874.5,GMO,2 smut,,TRUE
COMPLETE,,2025-01-11,,300094924,2024,SWCO,SWCO GARRISON-R CRS CLX ZZZ BK KG,,WAW088572X1,LF,2871,Excelis,1st Failed AP,,
COMPLETE,,2025-01-12,,2400006393,2024,SWCO,SWCO GSS5649 CRS CLX ZZZ BK KG,,WAW088538X1,MF,6744.5,Excelis,Please rework for 2 smut 1 cob,,
COMPLETE,,2025-01-13,,300094932,2024,SWCO,SWCO 7401 IMP CRS RDF ZZZ BK KG,,WAW088504X2,LF,4860,Fresh,1st failed AP,,
COMPLETE,,2025-01-14,,300095043,2024,SWCO,SWCO GSS3071S CRS CLX ZZZ BK KG,,WAW088531X1,MF,13821,Excelis,Please rework for failed AP,,
COMPLETE,VMEK,2025-01-14,,2400006478,2024,SWCO,SWCO GSS3378 CRS RDF ZZZ BK KG,,WAW088568X2,LF,193,Fresh,"3 cob, 0.71% inert",,
COMPLETE,VMEK,2025-01-14,,2400006508,2024,SWCO,SWCO GSS3378 CRS RDF ZZZ BK KG,,WAW088568X2,LR,262,Fresh,"7 dent, 1 cob",,
COMPLETE,VMEK,2025-01-15,,2400006433,2024,SWCO,SWCO GSS1198-R CRS RDY ZZZ BK KG,,TVW088594X2,MF,328.5,Fresh,5 cob,,
COMPLETE,,2025-01-16,,2400006309,2024,SWCO,SWCO GSS4628 CRS CLX ZZZ BK KG,,WAW088536X1,MR,3780,Excelis,SWCO EX RPR SUP PPUR INT,,
COMPLETE,,2025-01-17,,300094933,2024,SWCO,SWCO BSS1075-R CRS RDF ZZZ BK KG,,TVW088543X2,MF,913,Fresh,1st failed AP,,
COMPLETE,,2025-01-17,,300094960,2024,SWCO,SWCO GSS3071S CRS CLX ZZZ BK KG,,WAW088531X1,LR,24800.895,Excelis,Please rework for failed AP,,
COMPLETE,,2025-01-18,,300094930,2024,SWCO,SWCO GARRISON-R CRS CLX ZZZ BK KG,,TVW088589X1,MR,1235.5,Excelis,1st failed AP,,
COMPLETE,,2025-01-18,,2400006397,2024,SWCO,SWCO GH4927 CRN RDY ZZZ BK KG,,WAC088521,MR,2507.5,,73 dent,,
COMPLETE,,2025-01-19,,300094931,2024,SWCO,SWCO 7401 IMP CRS RDF ZZZ BK KG,,WAW088504X2,LR,3071.5,Fresh,1st failed AP,,
COMPLETE,,2025-01-20,,300095044,2024,SWCO,SWCO GSS4628 CRS CLX ZZZ BK KG,,WAW088536X1,MR,3557.5,Excelis,Please rework for failed AP,,
COMPLETE,VMEK,2025-01-21,,2400006524,2024,SWCO,SWCO PROTECTOR-R CRS RDY ZZZ BK KG,,WAW088577H,MR,164,GMO,8 cob,,TRUE
COMPLETE,VMEK,2025-01-22,,2400006437,2024,SWCO,SWCO PROTECTOR-R CRS RDY ZZZ BK KG,,WAW088577H,MF,179,GMO,35 cob.  0.46 inert,,TRUE
COMPLETE,,2025-01-23,,300094959,2024,SWCO,SWCO GSS5649 CRS CLX ZZZ BK KG,,WAW088538X1J,LR,4389.5,Excelis,Please rework for failed AP,,
COMPLETE,,2025-01-23,,2400006439,2024,SWCO,SWCO PROTECTOR-R CRS RDY ZZZ BK KG,,WAW088550H,LF,456,GMO,8 cob,,TRUE
COMPLETE,,2025-01-23,,2400006488,2024,SWCO,SWCO PATRON CRS RDY ZZZ BK KG,,WAW088557H,MF,820,GMO,"31 dent, 2 cob",,TRUE
COMPLETE,,2025-01-24,,2400006438,2024,SWCO,SWCO PROTECTOR-R CRS RDY ZZZ BK KG,,WAW088550H,LR,1552,GMO,6 cob,,TRUE
COMPLETE,CS,2025-01-25,,2400006500,2024,SWCO,SWCO ACCENTUATE CRS RDF ZZZ BK KG,,WAW088506X2J,MF,5200.5,Fresh,1 smut,,
COMPLETE,,2025-01-25,,2400006525,2024,SWCO,SWCO PROTECTOR-R CRS RDY ZZZ BK KG,,WAW088577H,LR,1587,GMO,9 cob,,TRUE
COMPLETE,,2025-01-26,,2400006540,2024,SWBS,SWBS W0234 T CRN CLD ZZZ BK KG,,TVC24T8648,LF,496,,2 dent,,
COMPLETE,,2025-01-27,,2400006398,2024,SWCO,SWCO 007R CRS RDF ZZZ BK KG,,WAW088500X2,LR,3328.5,Fresh,"11 dent, 1 cob",,
COMPLETE,,2025-02-15,,2400006485,2024,SWCO,SWCO 1760MR CRS RDF ZZZ BK KG,,WAW088501X2,MF,990.5,Fresh,14 Cob,,
COMPLETE,,2025-02-15,,2400006450,2024,SWCO,SWCO 1760MR CRS RDF ZZZ BK KG,,WAW088501X2,MR,1263.5,Fresh,1 cob.  7 other crop seed,,
COMPLETE,,2025-02-15,,2400006449,2024,SWCO,SWCO 1760MR CRS RDF ZZZ BK KG,,WAW088501X2,LF,5282.5,Fresh,16 cob,,
COMPLETE,,2025-02-15,,2400006448,2024,SWCO,SWCO 1760MR CRS RDF ZZZ BK KG,,WAW088501X2,LR,8060.5,Fresh,17 cob,,
COMPLETE,GRAV30,2025-01-29,,2400006419,2024,SWBS,SWBS R11649 T CRS CLX ZZZ BK KG,,TVW24T8630X1,L,128.5,Excelis,1 dent,,
COMPLETE,VMEK,2025-01-20,,2400006580,2024,SWCO,SWCO PROTECTOR-R CRS RDY ZZZ BK KG,,WAW088550H,MR,128,GMO,14 cob,,TRUE
COMPLETE,GRAV30,2025-01-13,,2400006543,2024,SWBS,SWBS W0234 T CRN CLD ZZZ BK KG,,TVC24T8648,LR,118,,10 dent,,
COMPLETE,,2025-01-16,,300095042,2024,SWCO,SWCO GSS3071S CRS CLX ZZZ BK KG,,WAW088531X1,MR,15405.5,Excelis,Please rework for failed AP,,
COMPLETE,,2025-01-15,,300094961,2024,SWCO,SWCO GSS3071S CRS CLX ZZZ BK KG,,WAW088531X1,LF,15123,Excelis,Please rework for failed AP,,
COMPLETE,VMEK,2025-01-30,,2400006479,2024,SWBS,SWBS R31001-CMS S CRN CLX ZZZ BK KG,,TVC24S8649X1,LF,269,Excelis,4 cob.  0.59% inert,,
COMPLETE,VMEK,2025-02-05,,300095280,2024,SWBS,SWBS R31001-CMS S CRN CLX ZZZ BK KG,,TVC24S8649X1,MR,163.356,Excelis,Failed AP,,
COMPLETE,VMEK,2025-02-08,,2400006521,2024,SWCO,SWCO GSS1198-R CRS RDY ZZZ BK KG,,TVW088594X2,MF,307.5,Fresh,"3 cob, 0.71% inert",,
COMPLETE,VMEK,2025-02-09,,2400006548,2024,SWCO,SWCO SILVER KING CRN RDY ZZZ BK KG,,ORC088508,F,344,,1.01% inert,,
COMPLETE,VMEK,2025-01-29,,2400006557,2024,SWCO,SWCO PROTECTOR-R CRS RDY ZZZ BK KG,,WAW088577H,MF,145.5,GMO,"14 cob, 0.51% inert",,TRUE
COMPLETE,VMEK,2025-02-15,,2400006550,2024,SWBS,SWBS W0234 T CRN CLD ZZZ BK KG,,TVC24T8648,MR,112.5,,40 Dent,,
COMPLETE,,2025-02-06,,300095138,2024,SWCO,SWCO TYSON CRS CLX ZZZ BK KG,,WAW088559X1,LR,10110,Excelis,Please rework for failed AP.,,
COMPLETE,1,2025-02-07,,300095137,2024,SWCO,SWCO 007R CRS RDF ZZZ BK KG,,WAW088500X2,LF,2771,Fresh,Please rework for failed AP.,,
COMPLETE,2VMEK,2025-02-10,,2400006511,2024,SWBS,SWBS G3003 T CRN CLX ZZZ BK KG,,TVC24T8613X1,UN,410,Excelis,1 dent,,
COMPLETE,3,2025-02-10,,2400006477,2024,SWBS,SWBS AC245Y T CRS CLD ZZZ BK KG,,TVW24T8607,LF,591.5,,6 cob,,
COMPLETE,4,2025-02-10,,2400006584,2024,SWCO,SWCO SS7403RY CRS RDF ZZZ BK KG,,INW088612X2,LR,461.5,Fresh,5 offtypes,,
COMPLETE,5,2025-02-11,,2400006457,2024,SWCO,SWCO PROTECTOR-R CRS RDY ZZZ BK KG,,WAW088577H,LR,1324.5,GMO,4 cob,,TRUE
COMPLETE,6,2025-02-11,,2400006583,2024,SWCO,SWCO PROTECTOR-R CRS RDY ZZZ BK KG,,WAW088550H,LR,1363,GMO,8 cob,,TRUE
COMPLETE,7,2025-02-12,,2400006520,2024,SWCO,SWCO SILVER KING CRN RDY ZZZ BK KG,,ORCV088579K,UN,432,,"21 dent, 0.93 inert",,
COMPLETE,1,2025-02-12,,2400006558,2024,SWBS,SWBS R584A S CRS CLX ZZZ BK KG,,TVW24S8641X1,R,626,Excelis,1 dent,,
COMPLETE,2,2025-02-12,,2400006523,2024,SWCO,SWCO CRAVE MAN CRS RDF ZZZ BK KG,,WAW088515X2,LR,489,Fresh,1 cob,,
COMPLETE,4,2025-02-17,,2400006560,2024,SWCO,SWCO GH7818 CRN RDY ZZZ BK KG,,WAC088524,LF,12051.5,,45 other crop seed,,
COMPLETE,5,2025-02-18,,2400006547,2024,SWBS,SWBS R22153 T CRS CLX ZZZ BK KG,,TVW24T8636X1,M,412.5,Excelis,"2 cob, 1.25% inert",,
COMPLETE,,2025-02-18,,2400006590,2024,SWCO,SWCO 007R CRS RDF ZZZ BK KG,,WAW088500X2,LF,2415,Fresh,SEED FAILED TARE DUE TO 2 PC DENT & 3 COB,,
COMPLETE,,2025-02-19,,2400006545,2024,SWCO,SWCO LUNA CRS RDF ZZZ BK KG,,TVW088561X2,MR,593.5,Fresh,"5 dent, 1 cob",,
COMPLETE,,2025-02-19,,2400006546,2024,SWCO,SWCO GH6462S CRN RDY ZZZ BK KG,,WAC088592,MR,997,,27 dent,,
COMPLETE,7,2025-02-18,,2400006509,2024,SWCO,SWCO GH6462S CRN RDY ZZZ BK KG,,WAC088592,LF,583,,26 Dent,,
COMPLETE,3,2025-02-24,,2400006522,2024,SWCO,SWCO BSS1075-R CRS RDF ZZZ BK KG,,TVW088543X2,MR,1212,Fresh,8 dent,,
COMPLETE,,2025-02-19,,2400006544,2024,SWCO,SWCO GLACIAL CRS RDF ZZZ BK KG,,TVW088561X2,MR,637.5,Fresh,1 smut,,
COMPLETE,6,2025-02-18,,300095278,2024,SWBS,SWBS R00610 T CRS CLX ZZZ BK KG,,TVW24T8621X1,R,541.5,Excelis,Failed AP,,
COMPLETE,,2025-02-20,,2400006562,2024,SWCO,SWCO GSS1198-R CRS RDF ZZZ BK KG,,WAW088529X2,MR,1001,Fresh,6 dent,,
COMPLETE,,2025-02-20,,2400006564,2024,SWCO,SWCO GSS3951 CRS CLX ZZZ BK KG,,WAW088603X1,MR,1120,Excelis,2 dent.  8 smut,,
COMPLETE,,2025-02-21,,300095279,2024,SWCO,SWCO PLAYA CRS RDF ZZZ BK KG,,WAW088549X2,LF,1147,Fresh,Failed AP,,
COMPLETE,,2025-02-25,,2400006563,2024,SWCO,SWCO GSS3951 CRS CLX ZZZ BK KG,,WAW088573X1,LF,13746,Excelis,3 dent.  7 other crop seed,,
COMPLETE,VMEK,2025-03-01,,2400006556,2024,SWBS,SWBS 34B1R1SH2 T CRS CLD ZZZ BK KG,,TVW24T8600,UN,317,,7 cob,,
COMPLETE,VMEK,2025-03-01,,300095110,2024,SWBS,SWBS R00610 T CRS CLX ZZZ BK KG,,TVW24T8621X1,F,161,Excelis,1st failed AP,,
COMPLETE,VMEK,2025-03-01,,2400006453,2024,SWBS,SWBS R00610 T CRS CLX ZZZ BK KG,,TVW24T8621X1K,L,302.5,Excelis,15 offtypes,,
COMPLETE,VMEK,2025-03-01,,300095720,2024,SWBS,SWBS R00610 T CRS CLX ZZZ BK KG,,TVW24T8621X1K,M,112,Excelis,1st failed AP,,
COMPLETE,VMEK,2025-03-01,,2400006454,2024,SWBS,SWBS R00638 T CRS CLX ZZZ BK KG,,TVW24T8623X1,MR,360,Excelis,3 offtypes,,
COMPLETE,VMEK,2025-03-01,,300095525,2024,SWBS,SWBS R00638 T CRS CLX ZZZ BK KG,,TVW24T8623X1,LR,232.5,Excelis,1st failed AP,,
COMPLETE,VMEK,2025-03-01,,2400006458,2024,SWBS,SWBS R00681A S CRS CLX ZZZ BK KG,,TVW24S8625X1P,F,329.5,Excelis,1 smut,,
COMPLETE,VMEK,2025-03-01,,2400006529,2024,SWBS,SWBS R00681A S CRS CLX ZZZ BK KG,,TVW24S8625X1P,R,164,Excelis,1 dent,,
COMPLETE,VMEK,2025-03-01,,2400006559,2024,SWBS,SWBS R00681A T CRS CLX ZZZ BK KG,,TVW24T8658X1,R,193,Excelis,1 dent,,
COMPLETE,VMEK,2025-03-01,,2400006554,2024,SWBS,SWBS R10037 S CRS CLX ZZZ BK KG,,TVW24S8655X1,UN,93,Excelis,6 dent,,
COMPLETE,VMEK,2025-03-01,,2400006581,2024,SWBS,SWBS R11649 T CRS CLX ZZZ BK KG,,TVW24T8630X1,L,116.5,Excelis,10 cob,,
COMPLETE,VMEK,2025-03-01,,2400006487,2024,SWBS,SWBS R20015 S CRS CLX ZZZ BK KG,,TVW24S8634X1,MF,196,Excelis,"10 cob, 0.53% inert",,
COMPLETE,VMEK,2025-03-01,,2400006601,2024,SWBS,SWBS R29153 S CRS CLX ZZZ BK KG,,TVW24S8652X1,UN,57.5,Excelis,9 cob,,
COMPLETE,VMEK,2025-03-01,,2400006585,2024,SWBS,SWBS R320E S CRS CLX ZZZ BK KG,,TVW24S8637X1,UN,52.5,Excelis,3 cob,,
COMPLETE,VMEK,2025-03-01,,2400006603,2024,SWBS,SWBS R398P T CRN CLX ZZZ BK KG,,TVC24T8638X1,R,367,Excelis,2 dent,,
COMPLETE,VMEK,2025-03-01,,2400006512,2024,SWBS,SWBS W0168 T CRN CLD ZZZ BK KG,,TVC24T8657,UN,93.5,,"3 dent, 1 cob, 0.56% inert",,
COMPLETE,VMEK,2025-03-01,,2400006452,2024,SWBS,SWBS W0234 T CRN CLD ZZZ BK KG,,TVC248648,MF,188.5,,12 Dent,,
COMPLETE,VMEK,2025-03-01,,2400006435,2024,SWCO,SWCO 3552R CRS RDF ZZZ BK KG,,WAW088502X2,MR,205.299,Fresh,Tarelab indicates that there is weed see,,
COMPLETE,VMEK,2025-03-01,,2400006553,2024,SWCO,SWCO 7401 IMP CRS RDF ZZZ BK KG,,INW088609X2,MF,52,Fresh,2.67% inert,,
COMPLETE,VMEK,2025-03-01,,2400006602,2024,SWCO,SWCO 7401 IMP CRS RDF ZZZ BK KG,,INW088609X2,MR,102,Fresh,2 cob,,
COMPLETE,VMEK,2025-03-01,,2400006455,2024,SWCO,SWCO BSS23648 CRS RDY ZZZ BK KG,,WAW088590X2,UN,156.5,Fresh,"5 dent, 17 cob",,
COMPLETE,VMEK,2025-03-01,,2400006451,2024,SWCO,SWCO CABO CRS RDF ZZZ BK KG,,WAW088514X2,MR,276,Fresh,4 other crop seed,,
COMPLETE,VMEK,2025-03-01,,2400006319,2024,SWCO,SWCO GSS2271 CRS RDY ZZZ BK KG,,TVW088595,F,85.5,,1 dent 2 cob,,
COMPLETE,,2025-02-26,,2400006447,2024,SWCO,SWCO SERENDIPITY CRT RDY ZZZ BK KG,,ORT088554,MF,1392,,32 Offtypes,,
COMPLETE,,2025-02-27,,2400006527,2024,SWCO,SWCO SERENDIPITY CRT RDY ZZZ BK KG,,ORT088554,LR,3676.5,,6 offtypes,,
COMPLETE,,2025-02-13,,2400006588,2024,SWBS,SWBS R10008 T CRS CLX ZZZ BK KG,,TVW24T8626X1,MR,231.5,Excelis,1 dent,,
COMPLETE,,2025-02-13,,2400006604,2024,SWBS,SWBS R20264 S CRS CLX ZZZ BK KG,,TVW24S8635X1P,R,254,Excelis,SWBS EX RPR Ppur INT,,
COMPLETE,,2025-02-26,,2400006510,2024,SWCO,SWCO SERENDIPITY CRT RDY ZZZ BK KG,,WAT088578,MR,2552,,87 dent,,
COMPLETE,,2025-02-27,,2400006600,2024,SWCO,SWCO SERENDIPITY CRT RDY ZZZ BK KG,,ORT088554,MR,2715.5,,41 offtypes,,
COMPLETE,,2025-02-28,,2400006486,2024,SWCO,SWCO SERENDIPITY CRT RDY ZZZ BK KG,,WAT088578,LF,4084,,25 Dent,,
COMPLETE,,2025-03-03,,2400006551,2024,SWCO,SWCO SERENDIPITY CRT RDY ZZZ BK KG,,ORT088554,LF,5628.5,,3 offtypes,,
COMPLETE,,2025-03-04,,2400006456,2024,SWCO,SWCO GARRISON-R CRS CLX ZZZ BK KG,,TVW088589X1,MR,1130.5,Excelis,5 dent,,
COMPLETE,,2025-03-05,,300095359,2024,SWCO,SWCO GSS1477S CRS CLX ZZZ BK KG,,WAW088530X1,LF,5914,Excelis,FAILED AP,,
COMPLETE,,2025-03-12,,2400006490,2024,SWBS,SWBS W0234 T CRN CLD ZZZ BK KG,,TVC24T8648,LF,445,,1 dent,,
COMPLETE,,2025-03-07,,300095358,2024,SWCO,SWCO GSS1477S CRS CLX ZZZ BK KG,,WAW088530X1,MR,18885,Excelis,FAILED AP,,
COMPLETE,,2025-03-10,,2400006528,2024,SWCO,SWCO SWEET G 90 CRN RDY ZZZ BK KG,,WAC088587,MR,1458,,16 Dent,,
COMPLETE,,2025-03-10,,2400006552,2024,SWCO,SWCO 7401 IMP CRS RDF ZZZ BK KG,,INW088609X2,LR,737.5,Fresh,2 cob,,
COMPLETE,,2025-03-10,,300095621,2024,SWCO,SWCO GSS7877 CRS RDF ZZZ BK KG,,WAW088539X2,MF,1356,Fresh,PLEASE REWORK FOR FAILED AP.,,
COMPLETE,,2025-03-18,,300096126,2024,SWCO,SWCO GH9335 CRN RDY ZZZ BK KG,,TVC077066,LR,638.5,,SWCO RDY RDY STD INT GMO,,
COMPLETE,,2025-03-18,,300096127,2024,SWCO,SWCO GH9335 CRN RDY ZZZ BK KG,,TVC088595,,422,,SWCO RDY RDY STD INT GMO,,
COMPLETE,,2025-03-10,,300096343,2024,SWCO,SWCO GSS2271 CRS RDY ZZZ BK KG,,TVC077066,,71.5,,1st failed AP,,
COMPLETE,VMEK,2025-03-17,,300096273,2024,SWBS,SWBS R20264 S CRS CLX ZZZ BK KG,,TVW24S8635X1P,F,422,Excelis,1st Failed AP,,
COMPLETE,,2025-03-11,,300095620,2024,SWCO,SWCO GSS7877 CRS RDF ZZZ BK KG,,WAW088539X2,LR,5855,Fresh,PLEASE REWORK FOR FAILED AP.,,
COMPLETE,,2025-03-12,,300095914,2024,SWCO,SWCO 7401 IMP CRS RDF ZZZ BK KG,,INW088609X2,LF,730.5,Fresh,1st failed AP,,
COMPLETE,,2025-03-12,,300095998,2024,SWCO,SWCO GH6055 CRN CLX ZZZ BK KG,,TVC077181X1,LF,620,Excelis,FAILED AP 1X.  THIS IS 2ND TRY.,,
COMPLETE,,2025-03-12,,300095999,2024,SWCO,SWCO GH6055 CRN CLX ZZZ BK KG,,TVC077181X1,LR,827,Excelis,AP FAIL 1X.  THIS IS THE 2ND TRY. 1 DENT,,
COMPLETE,,2025-03-20,,2400006697,2024,SWBS,SWBS AC206Y T CRS RDY ZZZ BK KG,,TVW24T8606,UN,264.5,,PLEASE SPLIT 50% HEAVY AND 50% LIGHT,,
COMPLETE,,2025-03-17,,2400006670,2024,SWCO,SWCO PROTECTOR-R CRS RDY ZZZ BK KG,,WAW088550H,LR,1127,GMO,2 cob,,TRUE
COMPLETE,,2025-03-17,,2400006506,2024,SWCO,SWCO P&C EARLY CRN RDY ZZZ BK KG,,WAC088547,LR,3303.5,,"69 Dent, RUN ON NORTHSTAR COLORSORT",,
COMPLETE,,2025-03-17,,2400006507,2024,SWCO,SWCO P&C EARLY CRN RDY ZZZ BK KG,,WAC088547,MR,523.5,,"15 Dent, RUN ON NORTHSTAR COLORSORT",,
COMPLETE,,2025-03-17,,300096270,2024,SWCO,SWCO GSS3071S CRS CLX ZZZ BK KG,,WAW088531X1,MR,14682.5,Excelis,SWCO EX RPR SUP GMO INT,,
COMPLETE,,2025-03-17,,300096213,2024,SWCO,SWCO GSS8937 CRS CLX ZZZ BK KG,,WAW088575X1,MR,956,Excelis,SWCO EX RPR SUP GMO INT,,
COMPLETE,,2025-03-17,,2400006671,2024,SWCO,SWCO GH9335 CRN RDY ZZZ BK KG,,WAC088525,LF,730,,SWCO RDY RDY STD INT PPur,,
COMPLETE,VMEK,2025-03-17,,300096217,2024,SWBS,SWBS R10016 T CRS CLX ZZZ BK KG,,TVW24T8627X1,F,611,Excelis,1st failed AP,,
COMPLETE,,2025-03-17,,300096272,2024,SWBS,SWBS R584A S CRS CLX ZZZ BK KG,,TVW24S8641X1,F,973,Excelis,1st failed AP,,
COMPLETE,,,,2400006689,2021,SWBS,SWBS R325A T CRN RDX ZZZ BK KG,,TVC21T5047X1,LR,1562,Excelis,Please take gravity cut consistent with AP rework,,
COMPLETE,,,,2400006690,2024,SWBS,SWBS R584A S CRS RDX ZZZ BK KG,,TVW24S8641X1,R,556.5,Excelis,Please take gravity cut consistent with AP rework,,
COMPLETE,,,,2400006695,2023,SWBS,SWBS R584A T CRS RDX ZZZ BK KG,,TVW23T7580X1,MF,649,Excelis,Please take gravity cut consistent with AP rework,,
COMPLETE,,,,2400006691,2019,SWBS,SWBS R584A T CRS RDX ZZZ BK KG,,TVW19T3026X1,LF,179.1,Excelis,,,
COMPLETE,,,,2400006692,2019,SWBS,SWBS R584A T CRS RDX ZZZ BK KG,,TVW19T3026X1,MR,247.5,Excelis,,,
COMPLETE,,,,2400006693,2020,SWBS,SWBS R584A T CRS RDX ZZZ BK KG,,TVW20T4033X1,LF,223.352,Excelis,,,
COMPLETE,,,,2400006694,2019,SWBS,SWBS R584A T CRS RDX ZZZ BK KG,,TVW19T3026X1,LR,98.292,Excelis,,,
COMPLETE,,,,2400006696,2023,SWBS,SWBS R584A U CRS RDX ZZZ BK KG,,TVW23U7581X1,L,161.5,Excelis,,,
COMPLETE,,2025-04-30,,2400006620,2024,SWBS,SWBS G9089 S CRS CLX ZZZ BK KG,,TVW24S8614X1P,F,334,Excelis,SWBS EX RPR Ppur INT,,
COMPLETE,VMEK,2025-03-25,,300096489,2024,SWBS,SWBS R00610 T CRS CLX ZZZ BK KG,,TVW24T8621X1K,L,264.5,Excelis,1st Failed AP,,
COMPLETE,VMEK,2025-03-25,,300096488,2024,SWBS,SWBS R00681A T CRS CLX ZZZ BK KG,,TVW24T8658X1,R,168.5,Excelis,1st failed AP,,
COMPLETE,VMEK,2025-03-25,,300096490,2024,SWBS,SWBS R20264 S CRS CLX ZZZ BK KG,,TVW24S8635X1P,R,241.5,Excelis,1st failed AP,,
COMPLETE,,2025-03-26,,300096430,2024,SWCO,SWCO GSS3951 CRS CLX ZZZ BK KG,,WAW088603X1,MR,1042.5,Excelis,SWCO EX RPR SUP GMO INT,,
COMPLETE,,2025-03-25,,2400006760,2024,SWBS,SWBS R584A S CRS RDX ZZZ BK KG,,TVW24S8641X1,R,501,Excelis,Please run through gravity table to split 50% into HR fraction & 50% into RL fraction,,
COMPLETE,Northstar,2025-03-14,,2400006570,2024,SWBS,SWBS R660D U CRS RDX ZZZ BK KG,,TVW23U7586X1,MF,9479.5,Excelis,SWBS EX RPR Ppur INT,,
COMPLETE,,2025-04-17,,300096952,2024,SWCO,SWCO GSS3951 CRS CLX ZZZ BK KG,,WAW088573X1,MR,14965.5,Excelis,SWCO EX RPR SUP GMO INT,,
COMPLETE,,2025-04-21,,300096953,2024,SWCO,SWCO GSS3951 CRS CLX ZZZ BK KG,,24-MZ2031X1,MF,14348.174,Excelis,SWCO EX RPR SUP GMO INT,,
COMPLETE,,2025-04-14,,300097030,2024,SWBS,SWBS R10016 T CRS CLX ZZZ BK KG,,TVW24T8627X1,F,598.5,Excelis,Please take hard gravity cut for AP re-w,,
COMPLETE,,2025-04-22,,300097164,2024,SWCO,SWCO GSS8937 CRS CLX ZZZ BK KG,,WAW088575X1,MR,851,Excelis,SWCO EX RPR SUP GMO INT,,
COMPLETE,VMEK,2025-04-22,,2400006783,2024,SWCO,SWCO R10016 T CRS CLX ZZZ BK KG,,TVW24T8627X1,F,434,Excelis,1 DENT,,
COMPLETE,VMEK,2025-05-02,,300097071,2024,SWBS,SWBS R10008 T CRS CLX ZZZ BK KG,,TVW24T8626X1,MR,217,Excelis,1st failed AP,,
COMPLETE,,2025-04-23,,300097118,2024,SWCO,SWCO GSS3951 CRS CLX ZZZ BK KG,,24-MZ2031X1,MF,12833.5,Excelis,SWCO EX RPR SUP GMO INT,,
COMPLETE,,2025-05-09,,2400006860,2024,SWCO,SWCO GSS1477S CRS RDX ZZZ BK KG,,WAW088530X1,LR,13000,Excelis,SWCO EX RPR SUP PPUR INT,,
COMPLETE,,2025-05-20,,300097823,,SWCO,SWCO GSS2577 CRS RDY ZZZ BK KG,,PL41102406,16C,3847.264,,SWCO RDY RDY SUP INT GMO,,
COMPLETE,1,2025-05-24,,300097715,2023,SWCO,SWCO BSS8021 CRS RDY ZZZ BK KG,,INW077044X2,MF,1815.5,Fresh,1st failed AP,,
COMPLETE,2,2025-05-31,,300097790,2023,SWCO,SWCO GH6055 CRN RDX ZZZ BK KG,,WAC077061X1K,LF,3000,Excelis,SWCO EX RPR STD GMO INT,,
COMPLETE,3,2025-06-09,,2400007020,,SWCO,SWCO GSS3951 CRS RDY ZZZ BK KG,,24-MZ2031X1,MR,14261.685,Excelis,Gravity to remove meal moth,,
COMPLETE,4,2025-06-09,,2400006963,2024,SWCO,SWCO SILVER KING CRN RDY ZZZ BK KG,,TVC088555,LR,8159,,Re-work to remove meal moth,,
COMPLETE,5,2025-06-11,,2400007000,2025,SWCO,SWCO GH6055 CRN CLX ZZZ BK KG,,CPW099056X1,MR,1403.5,Excelis,10 dent,,
COMPLETE,6,2025-06-11,,2400007001,2025,SWCO,SWCO GH6055 CRN CLX ZZZ BK KG,,CPW099056X1,LR,3197,Excelis,9 dent,,
COMPLETE,7,2025-06-11,,2400006902,2025,SWCO,SWCO GH6055 CRN CLX ZZZ BK KG,,CPW099056X1,LF,10585.5,Excelis,SWCO EX RPR STD PPUR INT,,
COMPLETE,,2025-06-27,,2400006924,2024,SWCO,SWCO GSS1477S CRS RDY ZZZ BK KG,,WAW088530X1,LF,18431,Excelis,Gravity for Indian Meal Moth,,
COMPLETE,,2025-06-27,,2400006923,2023,SWCO,SWCO GSS3951 CRS CLX ZZZ BK KG,,TVT077082,MF,26398,,Gravity for Indian Meal Moth,,
COMPLETE,,2025-06-27,,2400006925,,SWCO,SWCO PROVIDENCE CRT RDY ZZZ BK KG,,24-MZ2031X1,MR,7153,Excelis,Gravity for Indian Meal Moth,,
COMPLETE,,2025-06-24,,2400007060,2025,SWCO,SWCO GH6055 CRN CLX ZZZ BK KG,,CPW099056X1,MR,1283.5,Excelis,SWCO EX RPR STD PPUR INT,,
COMPLETE,,2025-07-01,,2400007066,2025,SWCO,SWCO GH6055 CRN CLX ZZZ BK KG,,CPW099056X1,MF,1583.407,Excelis,SWCO EX RPR STD PPUR INT,,
COMPLETE,,2025-06-27,,2400007080,2024,SWCO,SWCO EA SUNGLOW CRN RDY ZZZ BK KG,,WAC088518,LF,10301,,SWCO RDY RDY STD INT PPur,,
COMPLETE,,2025-06-27,,2400007081,2024,SWCO,SWCO GSS3951 CRS RDX ZZZ BK KG,,WAW088534X1,MFH,34976.5,Excelis,SWCO EX RPR SUP PPUR INT,,
COMPLETE,,2025-07-03,,2400007100,2025,SWCO,SWCO BSS1075-R CRS RDF ZZZ BK KG,,CPW0990553X2,MF,474.5,Fresh,"11 offtypes, 12 dent",,
COMPLETE,,2025-07-03,,2400007161,2025,SWCO,SWCO BSS1075-R CRS RDF ZZZ BK KG,,CPW0990553X2,LF,537.5,Fresh,"29 other crop seed, 5 cob,  10 dent",,
COMPLETE,,2025-07-03,,2400007120,2025,SWCO,SWCO BSS1075-R CRS RDF ZZZ BK KG,,CPW0990553X2,MR,1040.5,Fresh,"16 dent, 1 cob",,
COMPLETE,,2025-07-03,,2400007160,2025,SWCO,SWCO BSS1075-R CRS RDF ZZZ BK KG,,CPW0990553X2,LR,1636.5,Fresh,13 other crop seed,,
COMPLETE,,2025-07-07,,2400007140,2025,SWCO,SWCO BSS8021 CRS RDY ZZZ BK KG,,CPW099054X2,MF,421,Fresh,4 ottypes,,
COMPLETE,,2025-07-07,,2400007101,2025,SWCO,SWCO BSS8021 CRS RDY ZZZ BK KG,,CPW099054X2,LF,841,Fresh,4 offtypes,,
COMPLETE,,2025-07-07,,2400007141,2025,SWCO,SWCO BSS8021 CRS RDY ZZZ BK KG,,CPW099054X2,MR,1004.5,Fresh,3 offtypes,,
COMPLETE,,2025-07-07,,2400007082,2025,SWCO,SWCO BSS8021 CRS RDY ZZZ BK KG,,CPW099054X2,LR,2149.5,Fresh,4 offtypes,,
COMPLETE,,2025-08-28,1,2400007182,2025,SWCO,SWCO DESERT FROST CRS RDY ZZZ BK KG,,CTW099011K,UN,114,,1 other crop seed and 1 cob,,
COMPLETE,LINE 2,2025-08-28,1,2400007207,2025,SWCO,SWCO DESERT FROST CRS RDY ZZZ BK KG,,CTW099011,L,223.5,,1 other crop seed,,
COMPLETE,CS,2025-08-29,,300098153,,SWCO,SWCO BSS8021 CRS RDY ZZZ BK KG,,CPW099054X2,MR,524,Fresh,1st failed AP,,
COMPLETE,2,2025-08-21,1,2400007094,,SWBS,SWBS R565A T CRS CLX ZZZ BK KG,,CCW25T9010X1,LR,120,Excelis,SWBS EX RPR Ppur INT,,
COMPLETE,3,2025-08-29,,2400007095,,SWBS,SWBS R565A T CRS CLX ZZZ BK KG,,CCW25T9010X1,LF,250,Excelis,SWBS EX RPR Ppur INT,,
COMPLETE,4,2025-08-29,,2400007096,,SWBS,SWBS R565A T CRS CLX ZZZ BK KG,,CCW25T9010X1,MR,200,Excelis,SWBS EX RPR Ppur INT,,
COMPLETE,CS,2025-08-29,,2400007181,,SWBS,SWBS R565A T CRS CLX ZZZ BK KG,,CPW25T9020X1,M,46,Excelis,46 cob,,
COMPLETE,6,2025-09-01,,2400007183,,SWBS,SWBS R565A T CRS CLX ZZZ BK KG,,CPW25T9020X1,L,91,Excelis,"73 dent, 34 cob",,
COMPLETE,,2025-09-01,,2400007106,,SWBS,SWBS AC111Y T CRS CLD ZZZ BK KG,,CUW25T9023K,LR,110.5,,8 cob,,
COMPLETE,,2025-09-01,,2400007186,,SWBS,SWBS AC111Y T CRS CLD ZZZ BK KG,,CUW25T9023K,MR,151.5,,2 cob,,
COMPLETE,,2025-09-01,,2400007209,,SWBS,SWBS AC111Y T CRS CLD ZZZ BK KG,,CUW25T9023,UN,445,,"10 cob, 1 dent",,
COMPLETE,,2025-09-03,,2400007210,2023,SWCO,SWCO GSS3951 CRS RDX ZZZ BK KG,,WAW077150X1,MF,9448.5,Excelis,SWCO EX RPR SUP PPUR INT,,
COMPLETE,,2025-09-03,,2400007211,2024,SWCO,SWCO TYSON CRS RDX ZZZ BK KG,,WAW088559X1,LF,11399.555,Excelis,SWCO EX RPR SUP PPUR INT,,
COMPLETE,LINE 2,2025-09-22,,2400007215,2025,SWCO,SWCO BSS1075-R CRS RDF ZZZ BK KG,,CPW099053X2,LR,1419,Fresh,Meal moth,,
COMPLETE,1,2025-09-02,1,2400007132,2025,SWCO,SWCO BSS1075-R CRS RDF ZZZ BK KG,,CCW099037X2,MF,375,Fresh,REWORK FAILED TARE,,
COMPLETE,2,2025-09-04,,2400007134,2025,SWCO,SWCO GSS1170-R CRS RDF ZZZ BK KG,,CTW099013X2,MF,1128,Fresh,0.66 discolored,,
COMPLETE,3,2025-09-04,,2400007133,2025,SWCO,SWCO GSS1170-R CRS RDF ZZZ BK KG,,CTW099012X2,LR,1052,Fresh,3 cob,,
COMPLETE,4,2025-09-26,,2400007108,2024,SWCO,SWCO SILVER QUEEN CRN RDY ZZZ BK KG,,ORC088605,LR,1956,,Gravity for meal moth,,
COMPLETE,5,2025-09-22,,300098339,,SWBS,SWBS R594A T CRS CLD ZZZ BK KG,,CUW25T9021,LF,707.5,,1st failed AP,,
COMPLETE,6,2025-09-25,,2400007156,,SWBS,SWBS R565A T CRS CLX ZZZ BK KG,,CPW25T9020X1,L,70,Excelis,2 dent,,
COMPLETE,7,2025-09-25,,2400007245,,SWBS,SWBS R565A T CRS CLX ZZZ BK KG,,CPW25T9020X1,M,35.5,Excelis,"1 dent, 2 cob",,
COMPLETE,1,2025-09-30,,2400007232,,SWBS,SWBS R565A T CRS CLX ZZZ BK KG,,CCW25T9010X1,LR,105,Excelis,SWBS EX RPR Ppur INT,,
COMPLETE,,2025-10-01,,2400007251,,SWBS,SWBS AC206Y T CRS CLD ZZZ BK KG,,TVW25T9506,MF,117.5,,"Failed tare 24pc cob, 1.98% damaged seed & 1.27% discolored",,
COMPLETE,,2025-10-01,,2400007250,,SWBS,SWBS AC206Y T CRS CLD ZZZ BK KG,,TVW25T9506,MR,183.5,,"Failed tare 12pc cob, .03% damaged seed & .15% discolored",,
COMPLETE,,2025-10-01,,2400007249,,SWBS,SWBS AC206Y T CRS CLD ZZZ BK KG,,TVW25T9506,LF,569.5,,"Failed tare 27pc cob, 1.08% damaged seed & .81% discolored",,
COMPLETE,,2025-10-01,,2400007248,,SWBS,SWBS AC206Y T CRS CLD ZZZ BK KG,,TVW25T9506,LR,773.5,,"Failed tare 58pc cob, .17% damaged seed & .69% discolored",,
COMPLETE,RUSH,2025-10-06,,2400007173,,SWBS,SWBS AC206Y T CRS CLD ZZZ BK KG,,TVW25T9506,MF,102.5,,21 cob,,
COMPLETE,RUSH,2025-10-06,,2400007234,,SWBS,SWBS AC206Y T CRS CLD ZZZ BK KG,,TVW25T9506,MR,164.5,,"2 cob, 1.09 discolored,  1 dent",,
COMPLETE,RUSH,2025-10-06,,2400007174,,SWBS,SWBS AC206Y T CRS CLD ZZZ BK KG,,TVW25T9506,LF,534.5,,1 dent,,
COMPLETE,,2025-10-15,,2400007233,2024,SWCO,SWCO GSS4628 CRS RDX ZZZ BK KG,,WAW088536X1,MF,12090,Excelis,SWCO EX RPR SUP PPUR INT,,
COMPLETE,,2025-10-17,,2400007217,2024,SWCO,SWCO KANDY KORN CRN RDY ZZZ BK KG,,WAC088544,LF,6939,,Gravity to remove meal moth,,
COMPLETE,,2025-10-20,,2400007169,,SWBS,SWBS R565A T CRS CLX ZZZ BK KG,,CCW25T9010X1,LF,270,Excelis,SWBS EX RPR Ppur INT,,
COMPLETE,,2025-10-20,,2400007170,,SWBS,SWBS R565A T CRS CLX ZZZ BK KG,,CCW25T9010X1,MR,212,Excelis,SWBS EX RPR Ppur INT,,
COMPLETE,VMEK,2025-10-20,,2400007171,,SWBS,SWBS R681 T CRS CLX ZZZ BK KG,,CCW25T9003X1W,M,481,Excelis,SWBS EX RPR Ppur INT,,
COMPLETE,6,2025-10-23,,2400007254,2024,SWCO,SWCO GARRISON-R CRS RDX ZZZ BK KG,,TVW088589X1,MF,3192.5,Excelis,Gravity for meal moth,,
COMPLETE,,2025-10-23,,300098479,2025,SWCO,SWCO BSS1075-R CRS RDF ZZZ BK KG,,CCW099037X2,MR,800,Fresh,SWCO RDY RDY SUP INT Germ,,
COMPLETE,VMEK,2025-10-21,,300098665,,SWBS,SWBS AC111Y T CRS CLD ZZZ BK KG,,CUW25T9023,UN,427.5,,1st Failed AP,,
COMPLETE,7,2025-10-24,,2400007253,2024,SWCO,SWCO GLACIAL CRS RDF ZZZ BK KG,,WAW088526X2,MR,1087.5,Fresh,Gravity for Meal Moth,,
COMPLETE,VMEK,2025-10-22,,2400007077,,SWBS,SWBS R565A T CRS CLX ZZZ BK KG,,CPW25T9020X1,L,62,Excelis,10 dent,,
COMPLETE,VMEK,2025-10-23,,2400007175,,SWBS,SWBS R565A T CRS CLX ZZZ BK KG,,CCW25T9010X1,LR,119,Excelis,2 dent 23 cob,,
COMPLETE,8,2025-10-24,,2400007252,2024,SWCO,SWCO HONEY SELECT CRT RDY ZZZ BK KG,,ORT088608,MF,1196,,Gravity for meal moth,,
COMPLETE,,2025-10-25,,2400007236,,SWBS,SWBS AC206Y T CRS CLD ZZZ BK KG,,TVW25T9506,MF,94,,"0.53% inert, 1 cob",,
COMPLETE,VMEK,2025-10-28,,2400007261,2025,SWCO,SWCO BSS36922 CRS RDF ZZZ BK KG,,TVW099014X2,M,232,Fresh,"5 cob, 0.55 inert",,
COMPLETE,VMEK,2025-10-29,,2400007219,2025,SWCO,SWCO BSS36922 CRS RDF ZZZ BK KG,,TVW099014X2,L,595.5,Fresh,6 cob,,
COMPLETE,VMEK,2025-10-21,,2400007136,,SWBS,SWBS AC111Y T CRS CLD ZZZ BK KG,,CUW25T9023K,LR,97,,"3 dent, 3 cob",,
COMPLETE,VMEK,2025-10-21,,2400007157,,SWBS,SWBS AC111Y T CRS CLD ZZZ BK KG,,CUW25T9023K,MR,131.5,,"2 dent, 4 other crop seeds. 1 cob",,
COMPLETE,,2025-10-29,1,2400007282,,SWCO,SWCO OVERLAND-R CRS RDX ZZZ BK KG,,WAW077111X1,LR,3706,Excelis,SWCO EX RPR SUP PPUR INT,,
COMPLETE,,2025-10-31,1,2400007303,2025,SWCO,SWCO GSS5649 CRS CLX ZZZ BK KG,,WAW099064X1,LR,16701.5,Excelis,SWCO EX RPR SUP PPUR INT,,
COMPLETE,,2025-11-01,1,2400007284,2025,SWCO,SWCO GSS8937 CRS CLX ZZZ BK KG,,TVW099069X1,MF,1149.5,Excelis,"FAILED TARE FOR 4 PC SMUT, 2 PC COB, 1.1",,
COMPLETE,VMEK,2025-11-02,,2400007113,2025,SWCO,SWCO DESERT FROST CRS RDY ZZZ BK KG,,WAW099001X2,MF,210.5,Fresh,"2 cob, 14 offtype",,
COMPLETE,VMEK,2025-11-03,,2400007177,2025,SWCO,SWCO DESERT FROST CRS RDY ZZZ BK KG,,WAW099001X2,LR,588,Fresh,22 offtype,,
COMPLETE,VMEK,2025-11-04,,2400007114,,SWBS,SWBS R565A T CRS CLX ZZZ BK KG,,CCW25T9010X1,MR,213.5,Excelis,SWBS EX RPR Ppur INT,,
COMPLETE,VMEK,2025-11-05,,2400007237,,SWBS,SWBS R681 T CRS CLX ZZZ BK KG,,CCW25T9003X1W,M,475,Excelis,"4.97 % damaged, 0.17% discolored",,
COMPLETE,VMEK,2025-11-06,,2400007235,2024,SWCO,SWCO PATRON CRS RDY ZZZ BK KG,,WAW088557H,LF,296,GMO,20 Dent,,TRUE
COMPLETE,VMEK,2025-11-07,,2400007238,2025,SWBS,SWBS AC111Y T CRS CLD ZZZ BK KG,,CUW25T9023K,LR,90,,"1 cob, 3 dent",,
COMPLETE,VMEK,2025-11-07,,2400007305,2025,SWBS,SWBS AC111Y T CRS CLD ZZZ BK KG,,CUW25T9023K,MR,123,,"1 cob, 1 other crop seed",,
COMPLETE,VMEK,2025-11-08,,2400007326,2025,SWBS,SWBS AC111Y T CRS CLD ZZZ BK KG,,CUW25T9023,UN,396,,5 cob,,
COMPLETE,VMEK,2025-11-09,,2400007265,2025,SWBS,SWBS R565A T CRS CLX ZZZ BK KG,,CPW25T9020X1,M,28.5,Excelis,8 cob,,
COMPLETE,,2025-11-10,,2400007159,2025,SWCO,SWCO CABO CRS RDF ZZZ BK KG,,WAW099018X2,MF,1196.5,Fresh,"2.81 damaged,  1 weed",,
COMPLETE,VMEK,2025-11-13,,2400007280,2024,SWCO,SWCO HONEY SELECT CRT RDY ZZZ BK KG,,ORT088608,LF,899.5,,Gravity for meal moth,,
COMPLETE,,2025-11-11,,2400007262,2025,SWCO,SWCO CABO CRS RDF ZZZ BK KG,,WAW099017X2,MF,1317.5,Fresh,"3 cob, 0.51 % inert",,
COMPLETE,,2025-11-12,,2400007256,2025,SWCO,SWCO CABO CRS RDF ZZZ BK KG,,WAW099017X2,MR,2994.5,Fresh,2.02 % damaged,,
COMPLETE,VMEK,2025-11-17,,2400007115,2025,SWBS,SWBS AC206Y T CRS CLD ZZZ BK KG,,TVW25T9506,MF,82.5,,24 cob,,
COMPLETE,VMEK,2025-11-18,,2400007266,2025,SWBS,SWBS R565A T CRS CLX ZZZ BK KG,,CCW25T9010X1,LR,109.5,Excelis,NEEDS REWORKED FOR FAILE TARE DUE TO 2 P,,
COMPLETE,,2025-11-07,1,2400007322,2025,SWCO,SWCO GSS1477S CRS CLX ZZZ BK KG,,WAW099043X1W,MR,2061.5,Excelis,FAILED TARE FOR .08% DISCOLORED AND .62%,,
COMPLETE,VMEK,2025-12-02,,2400007340,2025,SWCO,SWCO BSS36922 CRS RDF ZZZ BK KG,,TVW099014X2,M,218.5,Fresh,"2 cob, 0.59%, 3.31% damaged",,
COMPLETE,,2025-11-07,1,2400007320,2025,SWCO,SWCO GSS1477S CRS CLX ZZZ BK KG,,WAW099043X1W,LR,1776.5,Excelis,FAILED TARE FOR .18% DAMAGED SEED AND .5,,
COMPLETE,,2025-11-07,1,2400007321,2025,SWCO,SWCO GSS1477S CRS CLX ZZZ BK KG,,WAW099043X1W,LF,2664.5,Excelis,"FAILED TARE FOR .19% DAMAGED SEED, 1.18%",,
COMPLETE,,2025-11-10,,2400007268,2025,SWCO,SWCO GSS1477S CRS CLX ZZZ BK KG,,WAW099043X1,LR,5499.5,Excelis,NEEDS REWORKED FOR FAILED TARE DUE TO .3,,
COMPLETE,,2025-11-08,1,2400007323,2025,SWCO,SWCO GSS1477S CRS CLX ZZZ BK KG,,WAW099043X1W,MF,6215,Excelis,FAILED TARE FOR .2% DAMAGED SEED AND .93,,
COMPLETE,,2025-11-11,1,2400007139,2025,SWCO,SWCO GSS3951 CRS CLX ZZZ BK KG,,WAW099054X1,LF,6359,Excelis,"FAILED TARE FOR 1 PC SMUT, ALSO HAS .15%",,
COMPLETE,,2025-11-12,1,2400007239,2025,SWCO,SWCO GSS6924 CRS CLX ZZZ BK KG,,WAW099066X1,LR,998.5,Excelis,FAILED TARE DUE TO 3 PC OTHER CROP SEEDS,,
COMPLETE,,2025-11-10,1,2400007259,2025,SWCO,SWCO GSS 8529 CRS CLX ZZZ BK KG,,WAW099094X1,LF,802,Excelis,NEEDS REWORKED FOR FAILED TARE DUE TO 2,,
COMPLETE,,2025-11-13,1,2400007267,2023,SWCO,SWCO OVERLAND-R CRS RDX ZZZ BK KG,,WAW077070X1,MF,7000,Excelis,GRAVITY TO REMOVE DEAD MEAL MOTH,,
COMPLETE,,2025-11-14,1,300099023,2025,SWCO,SWCO GSS1170-R CRS RDF ZZZ BK KG,,WAW099040X2,MR,3674.5,Fresh,1st failed AP,,
COMPLETE,,2025-11-15,1,2400007264,2025,SWCO,SWCO GSS1170-R CRS RDF ZZZ BK KG,,WAW099039X2,MF,9351,Fresh,2 cob,,
COMPLETE,,2025-11-16,1,2400007333,2025,SWCO,SWCO GSS3951 CRS RDY ZZZ BK KG,,WAW088598,LF,5825,,NEEDS REWORKED TO REMOVE THE DEAD MEAL M,,
COMPLETE,,2025-11-17,1,2400007334,2023,SWCO,SWCO GSS3951 CRS RDY ZZZ BK KG,,WAW077180,MF,1279.972,,NEEDS REWORKED TO REMOVE THE DEAD MEAL M,,
COMPLETE,,2025-11-18,1,2400007338,2024,SWCO,SWCO GSS3951 CRS RDX ZZZ BK KG,,WAW088597X1,LF,7525.5,Excelis,NEEDS REWORKED TO REMOVE THE DEAD MEAL M,,
COMPLETE,,2025-11-20,1,2400007335,2025,SWCO,SWCO GSS2577 CRS RDY ZZZ BK KG,,PL41102407,16,2757.848,,SWCO RDY RDY SUP INT PPur,,
COMPLETE,,2025-11-19,1,2400007337,2024,SWCO,SWCO GSS4628 CRS RDY ZZZ BK KG,,WAW088536X1,LF,2441.5,Excelis,NEEDS REWORKED TO REMOVE THE DEAD MEAL M,,
COMPLETE,,2025-11-21,1,2400007331,2024,SWCO,SWCO SWEET G 90 CRN RDY ZZZ BK KG,,WAC088587,LF,6660,,Gravity for meal moth,,
COMPLETE,,2025-11-22,1,2400007332,2024,SWCO,SWCO SWEET G 90 CRN RDY ZZZ BK KG,,WAC088587,LR,12963,,Gravity for meal moth,,
COMPLETE,1,2025-11-23,1,2400007400,2024,SWCO,SWCO GSS3951 CRS RDY ZZZ BK KG,,24-MZ2031X1,LF,2925.802,Excelis,NEEDS REWORKED TO REMOVE DEAD MEAL MOTH.,,
COMPLETE,2,2025-11-24,1,2400007401,2024,SWCO,SWCO GSS3951 CRS RDX ZZZ BK KG,,WAW088573X1,LF,12884.5,Excelis,NEEDS REWORKED TO REMOVE THE DEAD MEAL M,,
COMPLETE,4,2025-11-25,1,2400007380,2025,SWCO,SWCO GSS3071S CRS RDX ZZZ BK KG,,WAW088531X1,MF,8478.45,Excelis,NEEDS RAN OVER THE GRAVITY TO REMOVE THE,,
COMPLETE,3,2025-11-26,1,2400007361,2024,SWCO,SWCO GLACIAL CRS RDF ZZZ BK KG,,WAW088526X2,LF,1956.5,Fresh,Gravity for meal moth,,
COMPLETE,5,2025-12-01,1,2400007360,2025,SWCO,SWCO SILVER QUEEN CRN RDY ZZZ BK KG,,WAC088582W,LR,13917.5,,Rework for meal moth,,
COMPLETE,6,2025-12-02,1,2400007330,2025,SWCO,SWCO HONEY SELECT CRT RDY ZZZ BK KG,,ORT088542K,LR,1196,,Gravity for rework,,
COMPLETE,1,2025-12-02,,2400007272,2025,SWCO,SWCO HONEY SELECT CRT RDY ZZZ BK KG,,ORT088542,LF,4553,,Gravity for meal moth,,
COMPLETE,2,2025-12-02,,2400007368,2025,SWCO,SWCO HONEY SELECT CRT RDY ZZZ BK KG,,ORT088608,MR,306,,Gravity for meal moth.,,
COMPLETE,7,2025-12-03,1,2400007336,2025,SWCO,SWCO GH6462S CRN RDX ZZZ BK KG,,TVC066350X1,LR,754,Excelis,NEEDS REWORKED TO REMOVE DEAD MEAL MOTH.,,
COMPLETE,3,2025-12-04,1,2400007315,2025,SWCO,SWCO CODE 646 CRS RDY ZZZ BK KG,,WAW099091J,LF,947,,FAILED TARE FOR 5 PC COB AND .2% DAMAGED,,
COMPLETE,4,2025-12-05,1,2400007345,2025,SWCO,SWCO CODE 646 CRS RDY ZZZ BK KG,,WAW099091J,MF,81.5,,"FAILED TARE FOR 2 PC COB, 4.27% DAMAGED",,
COMPLETE,5,2025-12-06,1,2400007366,2025,SWCO,SWCO CODE 646 CRS RDY ZZZ BK KG,,WAW099091,LF,1136.5,,FAILED TARE FOR .26% DAMAGED SEED AND .8,,
COMPLETE,6,2025-12-07,1,2400007382,2025,SWCO,SWCO CODE 646 CRS RDY ZZZ BK KG,,WAW099093J,LF,1365,,"FAILED TARE FOR 1 PC COB, 1.01% DAMAGED",,
COMPLETE,7,2025-12-08,1,2400007384,2025,SWCO,SWCO CODE 646 CRS RDY ZZZ BK KG,,WAW099093,MF,315,,"FAILED TARE FOR 1 PC SMUT, 1.94% DAMAGED",,
COMPLETE,8,2025-12-09,1,2400007385,2025,SWCO,SWCO CODE 646 CRS RDY ZZZ BK KG,,WAW099093,LF,1972.5,,FAILED TARE FOR .5% DAMAGED SEED AND 1.9,,
COMPLETE,9,2025-12-10,1,2400007420,2025,SWCO,SWCO CODE 646 CRS RDY ZZZ BK KG,,WAW099093J,MR,300,,FAILED TARE FOR .62% DAMAGED SEED AND 1.,,
COMPLETE,1,2025-12-11,,2400007138,2025,SWCO,SWCO GARRISON-R CRS RDF ZZZ BK KG,,WAW099027X2,LF,3362,Fresh,2 cob,,
COMPLETE,,2025-12-05,,2400007278,2024,SWCO,SWCO 007R CRS RDF ZZZ BK KG,,WAW088500X2,LF,1709,Fresh,Gravity for meal moth,,
COMPLETE,,2025-12-04,,2400007339,2024,SWCO,SWCO GSS3951 CRS RDX ZZZ BK KG,,WAW088573X1,LR,5575.847,Excelis,SWCO EX RPR SUP PPUR INT,,
COMPLETE,,2025-12-05,,2400007367,2023,SWCO,SWCO GSS8937 CRS RDX ZZZ BK KG,,TVW077038X1,LR,558.5,Excelis,YEAR END SALES. REWORK TO REMOVE DEAD ME,,
COMPLETE,,2025-12-05,,2400007290,2025,SWCO,SWCO GSS8937 CRS CLX ZZZ BK KG,,TVW099069X1,MF,852.5,Excelis,2 smut,,
COMPLETE,2,2025-12-13,,300098945,2025,SWCO,SWCO GARRISON-R CRS RDF ZZZ BK KG,,WAW099026X2,LF,4332.5,Fresh,1st failed AP,,
COMPLETE,3,2025-12-14,,300098946,2025,SWCO,SWCO GARRISON-R CRS RDF ZZZ BK KG,,WAW099026X2,MR,7011,Fresh,1st failed AP,,
COMPLETE,4,2025-12-15,,300098947,2025,SWCO,SWCO GARRISON-R CRS RDF ZZZ BK KG,,WAW099026X2J,LR,1422.5,Fresh,1st failed AP,,
COMPLETE,5,2025-12-16,,300098953,2025,SWCO,SWCO GARRISON-R CRS RDF ZZZ BK KG,,WAW099026X2J,LF,1647,Fresh,1st failed AP,,
COMPLETE,6,2025-12-17,,300098929,2025,SWCO,SWCO GARRISON-R CRS RDF ZZZ BK KG,,WAW099026X2J,MR,2573,Fresh,1st Failed AP,,
COMPLETE,7,2025-12-18,,300098930,2025,SWCO,SWCO GARRISON-R CRS RDF ZZZ BK KG,,WAW099027X2,MR,3642,Fresh,First failed AP,,
COMPLETE,8,2025-12-19,,2400007387,2025,SWCO,SWCO GARRISON-R CRS RDF ZZZ BK KG,,TVW099024X2,LR,1185,Fresh,"3.42% damaged, 0.13% discolored",,
COMPLETE,1,2025-12-20,,2400007179,2025,SWCO,SWCO STARSHINE CRN CLX ZZZ BK KG,,WAC099085X1,MR,774.5,Excelis,"FAILED TARE FOR 10 PC DENT, ALSO HAS .45",,
COMPLETE,3,2025-12-22,,300098907,2025,SWCO,SWCO STARSHINE CRN CLX ZZZ BK KG,,WAC099085X1,LF,4075,Excelis,NEEDS REWORKED FOR FAILED AP.  THIS IS T,,
COMPLETE,1,2025-12-12,,2400007374,2024,SWCO,SWCO GSS3951 CRS RDX ZZZ BK KG,,WAW088573X1,MR,14483,Excelis,NEEDS REWORKED TO REMOVE DEAD MEAL MOTH,,
COMPLETE,2,2025-12-12,,2400007375,2024,SWCO,SWCO GSS3951 CRS RDY ZZZ BK KG,,WAW088598,MFH,10501.3,,SWCO RDY RDY SUP INT PPur,,
COMPLETE,2,2026-01-01,,2400007178,2025,SWCO,SWCO STARSHINE CRN CLX ZZZ BK KG,,WAC099085X1,LR,16763,Excelis,FAILED TARE FOR 2 PC DENT,,
COMPLETE,,2026-01-01,,2400007397,2025,SWCO,SWCO STARSHINE CRN CLX ZZZ BK KG,,WAC099085X1,MR,658.5,Excelis,SWCO EX RPR STD PPUR INT,,
COMPLETE,,2026-01-02,,300099100,2025,SWCO,SWCO GSS1477S CRS CLX ZZZ BK KG,,WAW099043X1,MR,6168.5,Excelis,NEEDS REWORKED FOR FAILED AP 1X.  TARE A,,
COMPLETE,,2026-01-03,,300099101,2025,SWCO,SWCO GSS1477S CRS CLX ZZZ BK KG,,WAW099043X1,MF,16646.5,Excelis,NEEDS REWORKED FOR FAILED AP 1X.  TARE A,,
COMPLETE,,2026-01-04,,300099545,2025,SWCO,SWCO GSS1477S CRS CLX ZZZ BK KG,,WAW099043X1W,LR,1575,Excelis,SWCO EX RPR SUP GMO INT,,
COMPLETE,VMEK,2026-01-06,,2400007298,2025,SWCO,SWCO CODE 646 CRS RDY ZZZ BK KG,,WAW099091J,MF,76.5,,SWCO RDY RDY SUP INT PPur,,
COMPLETE,VMEK,2026-01-06,,2400007395,2025,SWCO,SWCO CODE 646 CRS RDY ZZZ BK KG,,WAW099093,MF,275,,SWCO RDY RDY SUP INT PPur,,
COMPLETE,VMEK,2026-01-06,,300099594,2025,SWCO,SWCO CODE 646 CRS RDY ZZZ BK KG,,WAW099091,MR,221.74,,SWCO RDY RDY SUP INT GMO,,
COMPLETE,VMEK,2026-01-07,,2400007350,2025,SWCO,SWCO GSS3378 CRS RDF ZZZ BK KG,,WAW099052X2,LF,247,Fresh,3 cob,,
COMPLETE,VMEK,2026-01-07,,2400007393,2025,SWCO,SWCO GSS3378 CRS RDF ZZZ BK KG,,WAW099052X2,MR,253,Fresh,5 cob,,
COMPLETE,VMEK,2026-01-29,,2400007412,2025,SWCO,SWCO GSS39933 CRS RDY ZZZ BK KG,,WAW099059,MF,181.5,,3 cob,,
COMPLETE,VMEK,2026-01-10,,2400007276,2025,SWCO,SWCO GSS 8529 CRS CLX ZZZ BK KG,,WAW099038X1,LR,167.5,Excelis,1 smut,,
COMPLETE,,2026-01-05,,300099543,2025,SWCO,SWCO GSS5649 CRS CLX ZZZ BK KG,,WAW099064X1,LR,16458.5,Excelis,SWCO EX RPR SUP GMO INT,,
COMPLETE,,2026-01-06,,300099150,2025,SWCO,SWCO GSS5649 CRS CLX ZZZ BK KG,,TVW099063X1,MR,4836.5,Excelis,FAILED AP 1X.  NEEDS REWORKED.  TARE SHO,,
COMPLETE,,2026-01-06,,2400007428,2025,SWCO,SWCO CODE 646 CRS RDY ZZZ BK KG,,WAW099091,LF,1059.5,,SWCO RDY RDY SUP INT PPur,,
COMPLETE,,2026-01-06,,300099544,2025,SWCO,SWCO CODE 646 CRS RDY ZZZ BK KG,,WAW099093J,LR,3488,,SWCO RDY RDY SUP INT GMO,,
COMPLETE,,2026-01-06,,2400007418,2025,SWCO,SWCO CODE 646 CRS RDY ZZZ BK KG,,WAW099091J,LF,854.5,,SWCO RDY RDY SUP INT PPur,,
COMPLETE,,2026-02-02,1,2400007524,2025,SWBS,SWBS R584A T CRS RDX ZZZ BK KG,,TVW25T9549X1,MF,854.5,,GRAVITY CUT ENTIRE BATCH AT 10% OF HEAVY,,
COMPLETE,,2026-02-02,1,2400007525,2025,SWBS,SWBS R584A T CRS RDX ZZZ BK KG,,TVW25T9548X1,MF,778.5,,GRAVITY CUT ENTIRE BATCH AT 10% OF HEAVY,,
COMPLETE,,2026-01-06,,2400007365,2025,SWCO,SWCO GLACIAL CRS RDF ZZZ BK KG,,WAW099036X2,LF,4244,Fresh,"1.9% discolored, 0.69% damaged",,
COMPLETE,,2026-01-07,,2400007370,2025,SWCO,SWCO GSS3378 CRS RDF ZZZ BK KG,,WAW099052X2,LR,450,Fresh,2 cob,,
COMPLETE,,2026-01-07,,2400007460,2025,SWCO,SWCO GSS3378 CRS RDF ZZZ BK KG,,WAW099052X2,MF,673.5,Fresh,"3 cob, 0.67% discolored",,
COMPLETE,VMEK,2026-02-02,,2400007277,2025,SWCO,SWCO GH9335 CRN RDY ZZZ BK KG,,WAC099035,MF,62.5,,SWCO RDY RDY STD INT PPur,,
COMPLETE,VMEK,2026-02-02,,2400007404,2025,SWCO,SWCO GH9335 CRN RDY ZZZ BK KG,,WAC099035,LF,149,,SWCO RDY RDY STD INT PPur,,
COMPLETE,VMEK,2026-02-03,,2400007329,2025,SWBS,SWBS AC111Y T CRS CLD ZZZ BK KG,,CUW25T9023K,LR,77.5,,"4 cob, 2.01 damaged",,
COMPLETE,VMEK,2026-02-03,,2400007309,2025,SWBS,SWBS AC111Y T CRS CLD ZZZ BK KG,,CUW25T9023,UN,366.5,,"3 cob, 0.67% inert",,
COMPLETE,VMEK,2026-02-03,,2400007279,2025,SWBS,SWBS R565A T CRS CLX ZZZ BK KG,,CCW25T9010X1,MR,197.5,Excelis,8 cob,,
COMPLETE,VMEK,2026-02-03,,2400007317,2025,SWBS,SWBS AC157Y T CRS CLD ZZZ BK KG,,TVW25T9505,LF,265.5,,"3 dent, 1 cob",,
COMPLETE,VMEK,2026-02-03,,2400007386,2025,SWBS,SWBS AC157Y T CRS CLD ZZZ BK KG,,TVW25T9505,LR,154,,8 cob,,
COMPLETE,VMEK,2026-02-03,,2400007383,2025,SWBS,SWBS AC082Y T CRS CLD ZZZ BK KG,,TVW25T9500,UN,334.5,,11 cob,,
COMPLETE,VMEK,2026-02-03,,2400007388,2025,SWBS,SWBS R584A T CRS CLX ZZZ BK KG,,WAW25T9547X1,LR,169.5,Excelis,2 cob,,
COMPLETE,VMEK,2026-02-03,,2400007422,2025,SWBS,SWBS R584A T CRS CLX ZZZ BK KG,,TVW25T9549X1,LF,255,Excelis,2 cob,,
COMPLETE,VMEK,2026-02-03,,2400007443,2025,SWBS,SWBS R00681A T CRS CLX ZZZ BK KG,,TVW25T9518X1,MR,140.5,Excelis,"3 cob, 1.51% damaged, 2.03% discolored",,
COMPLETE,VMEK,2026-02-04,,2400007440,2025,SWBS,SWBS AC206Y T CRS CLD ZZZ BK KG,,TVW25T9506,MF,75.5,,"5 cob, 1.06% inert",,
COMPLETE,VMEK,2026-02-04,,2400007348,2025,SWBS,SWBS AC215Y S CRS CLD ZZZ BK KG,,TVW25S9507,LF,264.5,,1 dent,,
COMPLETE,VMEK,2026-02-04,,2400007449,2025,SWBS,SWBS R15309 S CRS CLX ZZZ BK KG,,TVW25S9527X1,U,52.5,Excelis,9 cob,,
COMPLETE,VMEK,2026-02-04,,2400007489,2025,SWBS,SWBS R5001H U CRS CLD ZZZ BK KG,,TVW25U9545H,UN,207.5,GMO,"13 cob, 1 smut, 1 dent",,TRUE
COMPLETE,VMEK,2026-02-04,,2400007354,2025,SWBS,SWBS R5001H U CRS CLD ZZZ BK KG,,TVW25U9544H,U,63,GMO,"27 cob, 1 smut, 4 dent",,TRUE
COMPLETE,VMEK,2026-02-04,,2400007415,2025,SWBS,SWBS R00153 T CRS CLX ZZZ BK KG,,TVW25T9515X1K,U,85,Excelis,14 cob,,
COMPLETE,VMEK,2026-02-04,,2400007432,2025,SWBS,SWBS R14759 S CRS CLX ZZZ BK KG,,TVW25S9526X1,U,118,Excelis,2 dent,,
COMPLETE,VMEK,2026-02-05,,2400007451,2025,SWBS,SWBS R28153 T CRS CLX ZZZ BK KG,,TVW25T9533X1,UN,204.5,Excelis,"38 cob, 2 offtypes",,
COMPLETE,VMEK,2026-02-05,,2400007417,2025,SWBS,SWBS R11965 S CRS CLX ZZZ BK KG,,TVW25S9525X1,L,226.5,Excelis,7 cob,,
COMPLETE,VMEK,2026-02-05,,2400007450,2025,SWBS,SWBS R00118 T CRS CLX ZZZ BK KG,,TVW25T9513X1,LF,249,Excelis,5 cob,,
COMPLETE,VMEK,2026-02-05,,2400007483,2025,SWBS,SWBS R00118 T CRS CLX ZZZ BK KG,,TVW25T9513X1,MR,282,Excelis,14 cob,,
COMPLETE,VMEK,2026-02-05,,2400007431,2025,SWBS,SWBS AC246Y S CRS CLD ZZZ BK KG,,TVW25S9508,LF,302.5,,11 cob,,
COMPLETE,,2026-01-09,,2400007396,2025,SWCO,SWCO GARRISON-R CRS RDF ZZZ BK KG,,WAW099026X2J,LR,1050.5,Fresh,2.58% damaged,,
COMPLETE,,2026-01-09,,2400007447,2025,SWCO,SWCO GARRISON-R CRS RDF ZZZ BK KG,,WAW099026X2J,LF,1394.5,Fresh,2.38 % damaged,,
COMPLETE,,2026-01-09,,2400007352,2025,SWCO,SWCO GARRISON-R CRS RDF ZZZ BK KG,,WAW099026X2,LF,3762,Fresh,2.52% damaged,,
COMPLETE,VMEK,2026-02-05,,2400007482,2025,SWBS,SWBS AC246Y S CRS CLD ZZZ BK KG,,TVW25S9508,LR,304,,34 cob,,
COMPLETE,VMEK,2026-01-26,,300100002,2025,SWCO,SWCO SS3778R CRS RDF ZZZ BK KG,,WAW099084X2,MR,347.5,Fresh,1st failed AP,,
COMPLETE,VMEK,2026-01-26,,2400007463,2024,SWCO,SWCO WSS33739 CRS RDY ZZZ BK KG,,TVW088565X2,UN,112.5,Fresh,Gravity for meal moth,,
COMPLETE,VMEK,2026-02-02,,2400007542,2025,SWBS,SWBS R565A T CRS CLX ZZZ BK KG,,CCW25T9010X1,MR,189,Excelis,1 dent and 2 cob,,
COMPLETE,VMEK,2026-02-04,,2400007495,2025,SWBS,SWBS R5001H U CRS CLD ZZZ BK KG,,TVW25U9544H,U,52.5,GMO,"4 cob, 12 dent",,TRUE
COMPLETE,VMEK,2026-02-04,,2400007492,2025,SWBS,SWBS AC206Y T CRS CLD ZZZ BK KG,,TVW25T9506,MF,64.5,,"14 cob, 0.72% inert",,
COMPLETE,RUN CS,2026-02-03,,2400007313,2025,SWCO,SWCO P&C EARLY CRN RDY ZZZ BK KG,,WAC099077,LR,13746,,44 dent,,
COMPLETE,,2026-02-04,,2400007373,2024,SWCO,SWCO GSS3951 CRS RDY ZZZ BK KG,,WAW088574,MR,1466,,NEEDS REWORKED TO REMOVE THE DEAD MEAL M,,
COMPLETE,VMEK,2026-02-04,,2400007493,2025,SWBS,SWBS AC157Y T CRS CLD ZZZ BK KG,,TVW25T9505,LF,236.5,,5 dent,,
COMPLETE,,2026-02-04,,2400007342,2025,SWCO,SWCO GSS3951 CRS CLX ZZZ BK KG,,WAW099055X1,LR,1086,Excelis,SWCO EX RPR SUP PPUR INT,,
COMPLETE,VMEK,2026-02-04,,2400007543,2025,SWBS,SWBS R00153 T CRS CLX ZZZ BK KG,,TVW25T9515X1K,U,72.5,Excelis,"1 cob, 1 smut",,
COMPLETE,VMEK,2026-02-04,,2400007464,2025,SWBS,SWBS R15309 S CRS CLX ZZZ BK KG,,TVW25S9527X1,U,37.5,Excelis,1 smut,,
COMPLETE,VMEK,2026-02-04,,2400007523,2025,SWBS,SWBS R14759 S CRS CLX ZZZ BK KG,,TVW25S9526X1,U,99.5,Excelis,2 dent,,
COMPLETE,VMEK,2026-02-04,,2400007494,2025,SWBS,SWBS AC082Y T CRS CLD ZZZ BK KG,,TVW25T9500,UN,312,,5 cob,,
COMPLETE,,2026-02-04,,2400007446,2025,SWCO,SWCO GSS3951 CRS CLX ZZZ BK KG,,WAW099057X1,MFL,12479.5,Excelis,SWCO EX RPR SUP PPUR INT,,
COMPLETE,,2026-02-05,,2400007116,2025,SWCO,SWCO GSS3951 CRS CLX ZZZ BK KG,,WAW099055X1,MF,12591.5,Excelis,SWCO EX RPR SUP PPUR INT,,
COMPLETE,,2026-02-10,,2400007362,2025,SWCO,SWCO GSS3951 CRS CLX ZZZ BK KG,,WAW099055X1,LF,2305,Excelis,SWCO EX RPR SUP PPUR INT,,
COMPLETE,GRAVITY BEFORE HAND PICK,2026-02-06,,2400007562,2024,SWBS,SWBS AC157Y T CRS RDY ZZZ BK KG,,TVW24T8604,F,454,,NEEDS RAN OVER THE GRAVITY TO REMOVE THE,,
COMPLETE,,2026-02-10,,2400007372,2025,SWCO,SWCO ACCESSION CRS RDF ZZZ BK KG,,WAW099004X2,LR,895.5,Fresh,2 cob,,
COMPLETE,,2026-02-10,,2400007316,2025,SWBS,SWBS AC157Y T CRS CLD ZZZ BK KG,,TVW25T9505,MF,554.5,,17 cob,,
COMPLETE,,2026-02-11,,2400007409,2025,SWCO,SWCO ACCESSION CRS RDF ZZZ BK KG,,WAW099004X2,MF,2882,Fresh,2 cob,,
COMPLETE,,2026-02-11,,2400007270,2025,SWCO,SWCO BSS1075-R CRS RDF ZZZ BK KG,,WAW099005X2J,MF,1978.5,Fresh,6 cob,,
COMPLETE,,2026-02-12,,2400007414,2025,SWCO,SWCO BSS31212 CRS RDF ZZZ BK KG,,TVW099011X2,MF,412.5,Fresh,5 cob,,
COMPLETE,,2026-02-12,,2400007405,2025,SWCO,SWCO GH9335 CRN RDY ZZZ BK KG,,WAC099035,LR,509,,SWCO RDY RDY STD INT PPur,,
COMPLETE,,2026-02-12,,2400007540,2025,SWCO,SWCO EA COGENT CRN RDY ZZZ BK KG,,ORC099021,MR,1956,,15 dent,,
COMPLETE,,2026-02-13,,2400007504,2023,PECO,PECO ROMAGO PEA RDY ZZZ BK KG,,1284 3 000160,,9055,,PECO RDY RDY PPur INT,,
COMPLETE,,2026-02-16,,300099797,2025,SWCO,SWCO GARRISON-R CRS RDF ZZZ BK KG,,TVW099025X2,MF,10861,Fresh,1st failed AP.,,
COMPLETE,,2026-02-17,,300099798,2025,SWCO,SWCO GARRISON-R CRS RDF ZZZ BK KG,,TVW099024X2,MR,3085.5,Fresh,1st failed AP,,
COMPLETE,,2026-02-17,,2400007503,2025,SWCO,SWCO FIJI CRS RDF ZZZ BK KG,,WAW099022X2,LR,405.5,Fresh,4 cob,,
COMPLETE,,2026-02-17,,2400007423,2025,SWBS,SWBS R325A S CRN CLX ZZZ BK KG,,TVC25S9539X1,LF,616,Excelis,5 dent,,
COMPLETE,,2026-02-17,,2400007484,2025,SWBS,SWBS R00118 T CRS CLX ZZZ BK KG,,TVW25T9513X1,MF,483,Excelis,"12 cob, 2 offtypes",,
COMPLETE,,2026-02-17,,300099944,2025,SWCO,SWCO GH6055 CRN CLX ZZZ BK KG,,ORC099032X1,LR,10139,Excelis,SWCO EX RPR STD GMO INT,,
COMPLETE,,2026-02-17,,300100369,2025,SWCO,SWCO GSS6924 CRS CLX ZZZ BK KG,,WAW099066X1,MR,2024.5,Excelis,SWCO EX RPR SUP GMO INT,,
COMPLETE,Priority VMEK,2026-02-17,,2400007552,2025,SWCO,SWCO CODE 646 CRS RDY ZZZ BK KG,,WAW099093J,MF,164,,"NEEDS REWORKED FOR 1 PC SMUT 16 PC COB,",,
COMPLETE,Priority,2026-02-17,,2400007560,2025,SWCO,SWCO CODE 646 CRS RDY ZZZ BK KG,,WAW099091J,LF,772,,SWCO RDY RDY SUP INT PPur,,
COMPLETE,,2026-02-20,,2400007476,2025,BECO,BECO HUNTINGTON RDY ZZZ BK KG,,WAG099009,L,26931.5,,BEAN RPR P-PUR INT,,
COMPLETE,,2026-02-18,,2400007454,2024,SWCO,SWCO SERENDIPITY CRT RDY ZZZ BK KG,,ORT088554,MR,2559.5,,Gravity for meal moth,,
COMPLETE,,2026-02-18,,2400007455,2024,SWCO,SWCO SERENDIPITY CRT RDY ZZZ BK KG,,ORT088554,LF,5245,,Gravity for meal moth,,
COMPLETE,,2026-02-18,,2400007456,2024,SWCO,SWCO SERENDIPITY CRT RDY ZZZ BK KG,,ORT088554,LR,3531.5,,Gravity for meal moth,,
COMPLETE,,2026-02-20,,2400007295,2025,SWCO,SWCO BSS1075-R CRS RDF ZZZ BK KG,,WAW099008X2,MF,853,Fresh,"2 cob, 0.83% discolored",,
COMPLETE,,2026-02-23,,2400007327,2025,SWCO,SWCO BSS1075-R CRS RDF ZZZ BK KG,,WAW099007X2J,MF,7405.5,Fresh,1 smut,,
COMPLETE,Priority for planning,2026-02-23,1,2400007721,2025,SWBS,SWBS R584A T CRS RDX ZZZ BK KG,,TVW25T9549X1,MF,769,Excelis,CUT 10% OFF HEAVY SIDE,,
COMPLETE,Priority for planning,2026-02-23,1,2400007722,2025,SWBS,SWBS R584A T CRS RDX ZZZ BK KG,,TVW25T9548X1,MF,699,Excelis,CUT 10% OFF HEAVY SIDE,,
COMPLETE,VMEK,2026-02-23,,2400007457,2025,SWBS,SWBS AC246Y S CRS CLD ZZZ BK KG,,TVW25S9508,LF,292,,6 cob,,
COMPLETE,VMEK,2026-02-23,,300100663,2025,SWCO,SWCO GH1662 CRN RDY ZZZ BK KG,,TVC099028,LR,134.5,,REWORK FOR FAILED TARE DUE TO 1 PC OFF-T,,
COMPLETE,VMEK,2026-02-23,,2400007508,2025,SWBS,SWBS AC157Y S CRS CLD ZZZ BK KG,,TVW25S9504,L,93.5,,6 cob,,
COMPLETE,,2026-02-25,,2400007506,,SWBS,SWBS R00118 T CRS CLX ZZZ BK KG,,TVW25T9513X1,LF,238,Excelis,"2 cob, 2 offtypes",,
COMPLETE,VMEK,2026-02-25,,2400007507,,SWBS,SWBS R00118 T CRS CLX ZZZ BK KG,,TVW25T9513X1,MR,273.5,Excelis,19 cob,,
COMPLETE,Planning rush,2026-02-25,,2400007680,2025,SWCO,SWCO GSS5524 CRS CLX ZZZ BK KG,,TVW099062X1,UN,445,Excelis,NEEDS REWORKED FOR FAIELD TARE DUE TO 2.,,
COMPLETE,,2026-02-26,,2400007319,,SWCO,SWCO ACCENTUATE CRS RDF ZZZ BK KG,,WAW099003X2,,4640,Fresh,"1.67% damaged, 1.19% discolored",,
COMPLETE,,2026-03-04,,2400007408,,SWCO,SWCO BSS3556 CRS RDF ZZZ BK KG,,TVW099013X2,,649,Fresh,"2.25 damanged, 0.91 discolored",,
COMPLETE,,2026-03-05,,300099295,2025,SWCO,SWCO BSS1075-R CRS RDF ZZZ BK KG,,WAW099008X2,MR,2146.5,Fresh,1st failed AP,,
COMPLETE,,2026-03-05,,300099562,2025,SWCO,SWCO BSS1075-R CRS RDF ZZZ BK KG,,WAW099006X2,LF,3595.5,Fresh,1st failed AP,,
COMPLETE,,2026-03-06,,300099564,2025,SWCO,SWCO BSS1075-R CRS RDF ZZZ BK KG,,WAW099006X2J,MR,4205,Fresh,1st failed AP,,
COMPLETE,,2026-02-23,,2400007566,2024,SWCO,SWCO HONEY SELECT CRT RDY ZZZ BK KG,,WAT088576,MF,3662,,Gravity for meal moth,,
COMPLETE,,2026-03-05,,300099563,2025,SWCO,SWCO BSS1075-R CRS RDF ZZZ BK KG,,WAW099006X2,MF,7752,Fresh,1st failed AP,,
COMPLETE,VMEK,2026-02-25,,2400007545,,SWBS,SWBS R11965 S CRS CLX ZZZ BK KG,,TVW25S9525X1,L,215.5,Excelis,"4 dent, 4 cob",,
COMPLETE,VMEK,2026-02-25,,300100756,2024,SWBS,SWBS AC144Y S CRS RDY ZZZ BK KG,,TVW24S8602W,L,18.44,,PARENT SEED PROJECT REWORK FOR DENT IN S,,
COMPLETE,,2026-02-24,,300100422,2025,SWCO,SWCO GSS31004 CRS RDF ZZZ BK KG,,WAW099049X2,LR,6217.703,Fresh,First failed AP,,
COMPLETE,,2026-02-24,,2400007584,2024,SWCO,SWCO OVERLAND CRS RDF ZZZ BK KG,,24-TUSY1507-X2,LR,4083.5,Fresh,SWCO RDY RDY SUP INT PPur,,
COMPLETE,,2026-02-26,,300099542,2025,SWCO,SWCO GSS2259P CRS CLX ZZZ BK KG,,WAW099046X1,LF,420,Excelis,SWCO EX RPR SUP GMO INT,,
COMPLETE,,2026-02-26,,300099593,2025,SWCO,SWCO GSS3951 CRS CLX ZZZ BK KG,,WAW099057X1,MR,7714,Excelis,FAILED AP 1X.  TARE HAS 1 PC COB.,,
COMPLETE,,2026-02-25,,2400007292,2025,SWCO,SWCO CABO CRS RDF ZZZ BK KG,,WAW099018X2,MF,1100,Fresh,3.29% damaged,,
COMPLETE,,2026-02-26,,300099361,2025,SWCO,SWCO GSS 8529 CRS CLX ZZZ BK KG,,WAW099094X1,LF,762.5,Excelis,SWCO EX RPR SUP GMO INT,,
COMPLETE,,2026-02-25,,300100684,2025,SWCO,SWCO GSS 8529 CRS CLX ZZZ BK KG,,WAW099037X1,LF,1629.5,Excelis,SEED FAILED AP 2X.  PLEASE CUT 30% HEAVY,,
COMPLETE,,2026-02-25,,300100685,2025,SWCO,SWCO GSS 8529 CRS CLX ZZZ BK KG,,WAW099037X1,MF,2808.5,Excelis,SEED FAILED AP 2X.  PLEASE CUT 30% HEAVY,,
COMPLETE,,2026-02-25,,300100686,2025,SWCO,SWCO GSS 8529 CRS CLX ZZZ BK KG,,WAW099094X1,LR,544,Excelis,SEED FAILED AP 2X.  PLEASE CUT 30% HEAVY,,
COMPLETE,,2026-03-02,,300100683,2025,SWCO,SWCO GSS 8529 CRS CLX ZZZ BK KG,,WAW099037X1,LR,756.5,Excelis,SEED FAILED AP 2X.  PLEASE CUT 30% HEAVY,,
COMPLETE,,2026-03-02,,300100615,2025,SWCO,SWCO GSS5649 CRS CLX ZZZ BK KG,,WAW099064X1,LR,16302,Excelis,SEED FAILED AP 2X.  PLEASE CUT 30% HEAVY,,
COMPLETE,,2026-03-03,,300100687,2025,SWCO,SWCO GSS6924 CRS CLX ZZZ BK KG,,WAW099067X1,LF,1887.5,Excelis,SEED FAILED AP 2X.  PLEASE CUT 30% HEAVY,,
COMPLETE,,2026-03-03,,300100688,2025,SWCO,SWCO GSS6924 CRS CLX ZZZ BK KG,,WAW099066X1,LF,1261,Excelis,SEED FAILED AP 2X.  PLEASE CUT 30% HEAVY,,
COMPLETE,,2026-03-03,,300100689,2025,SWCO,SWCO GSS6924 CRS CLX ZZZ BK KG,,WAW099065X1,LR,1898,Excelis,SEED FAILED AP 2X.  PLEASE CUT 30% HEAVY,,
COMPLETE,,2026-03-05,,2400007359,2025,SWCO,SWCO GH6055 CRN CLX ZZZ BK KG,,ORC099032X1,LRH,1126,Excelis,340 Dent,,
COMPLETE,,2026-03-05,,2400007434,2025,SWCO,SWCO GH6055 CRN CLX ZZZ BK KG,,ORC099032X1,LFH,2918.5,Excelis,41 dent,,
COMPLETE,,2026-03-06,,300100792,2025,SWCO,SWCO TYSON CRS CLX ZZZ BK KG,,WAW099086X1,LR,3824,Excelis,SEED FAILED AP 2X.  PLEASE CUT 30% HEAVY,,
COMPLETE,,2026-03-03,,2400007700,2025,SWCO,SWCO WSS2524 CRS RDF ZZZ BK KG,,WAW099088X2,M,429,Fresh,NEEDS REWORKED FOR FAILED TARE DUE TO 4,,
COMPLETE,,2026-03-04,,2400007118,2023,SWCO,SWCO GSS3951 CRS RDY ZZZ BK KG,,WAW077180,MF,1088,,FAILED TARE FOR .02% DAMAGED SEED AND .6,,
COMPLETE,,2026-03-05,,300100662,2025,SWCO,SWCO GSS3951 CRS RDY ZZZ BK KG,,WAW099056J,MR,2834.5,,SWCO RDY RDY SUP INT GMO,,
COMPLETE,,2026-03-05,,2400007760,2025,SWCO,SWCO ACCENTUATE CRS RDF ZZZ BK KG,,WAW099003X2,MF,3833,Fresh,2.65 % discolored,,
COMPLETE,,2026-03-06,,300100793,2025,SWCO,SWCO TYSON CRS CLX ZZZ BK KG,,WAW099086X1,LF,5674.5,Excelis,SEED FAILED AP 2X.  PLEASE CUT 30% HEAVY,,
COMPLETE,,2026-03-25,,2400007748,2025,SWCO,SWCO GSS 8529 CRS CLX ZZZ BK KG,,WAW099094X1,LF,735,Excelis,SWCO EX RPR SUP PPUR INT,,
COMPLETE,,2026-03-09,,300100471,2025,SWCO,SWCO GSS3951 CRS CLX ZZZ BK KG,,WAW099058X1,MR,9363,Excelis,NEEDS REWORKED FOR FAILED AP.  FAILED 1X,,
COMPLETE,,2026-03-09,,300100852,2025,SWCO,SWCO GSS9040 CRS CLX ZZZ BK KG,,TVW099070X1,MF,728.5,Excelis,1st failed AP,,
COMPLETE,,2026-03-10,,2400007344,2025,SWCO,SWCO GLACIAL CRS RDF ZZZ BK KG,,WAW099036X2,MF,1572,Fresh,"1.81%  discolored, 2.38 % damaged",,
COMPLETE,,2026-03-11,,2400007762,2025,SWBS,SWBS R28153 T CRS CLX ZZZ BK KG,,TVW25T9532X1,UN,39.5,Excelis,"1 smut, 5 cob",,
COMPLETE,,2026-03-12,,2400007768,2025,SWBS,SWBS R00153 T CRS CLX ZZZ BK KG,,TVW25T9515X1K,UN,36,Excelis,"1 dent, 1 smut",,
COMPLETE,,2026-03-13,,2400007772,2025,SWBS,SWBS R5001H U CRS CLD ZZZ BK KG,,TVW25U9544H,UN,33.5,GMO,"1 cob, 2 dent",,TRUE
COMPLETE,,2026-03-13,,300100880,2025,SWCO,SWCO ACCESSION CRS RDF ZZZ BK KG,,WAW099004X2,LR,722.5,Fresh,1st failed AP,,
COMPLETE,,2026-03-13,,300100881,2025,SWCO,SWCO BSS3556 CRS RDF ZZZ BK KG,,TVW099013X2,LF,696.5,Fresh,1st failed AP,,
COMPLETE,Hand Pick,2026-02-27,1,300100093,2025,SWBS,SWBS R594A S CRS RDX ZZZ BK KG,,TVW23S7583X1,LF,314.693,Excelis,SWBS EX RPR GMO INT,,
COMPLETE,Hand Pick,2026-02-27,2,300100163,2015,SWBS,SWBS R00681A T CRS RDY ZZZ BK KG,,TVW15T7507,MF,92,,SWBS Repair INT GMO,,
COMPLETE,Hand Pick,2026-02-27,2,300100164,2015,SWBS,SWBS R00681A T CRS RDY ZZZ BK KG,,TVW15T7507,LR,94,,SWBS Repair INT GMO,,
COMPLETE,Hand Pick,2026-02-27,2,300100165,2015,SWBS,SWBS R00681A T CRS RDY ZZZ BK KG,,TVW15T7507,MR,170.1,,SWBS Repair INT GMO,,
COMPLETE,Hand Pick,2026-02-27,2,300100166,2023,SWBS,SWBS W0069 T CRN RDY ZZZ BK KG,,TVC23T7592,F,276,,SWBS Repair INT GMO,,
COMPLETE,Hand Pick,2026-02-27,2,300100167,2023,SWBS,SWBS W0069 T CRN RDY ZZZ BK KG,,TVC23T7592,R,584,,SWBS Repair INT GMO,,
COMPLETE,Hand Pick,2026-02-27,2,300100162,2023,SWBS,SWBS W0195 T CRN RDY ZZZ BK KG,,TVC23T7594,F,58.5,,SWBS Repair INT GMO,,
COMPLETE,Hand Pick,2026-02-27,2,300100168,2023,SWBS,SWBS W0195 T CRN RDY ZZZ BK KG,,TVC23T7594,R,723,,SWBS Repair INT GMO,,
COMPLETE,Hand Pick,2026-02-27,2,300100134,2025,SWBS,SWBS R00681A T CRS CLX ZZZ BK KG,,TVW25T9518X1,LR,378,Excelis,SWBS EX RPR GMO INT,,
COMPLETE,Hand Pick,2026-02-27,2,300100135,2025,SWBS,SWBS R00681A T CRS CLX ZZZ BK KG,,TVW25T9518X1,LF,376,Excelis,SWBS EX RPR GMO INT,,
COMPLETE,Hand Pick,2026-02-27,2,300100136,2025,SWBS,SWBS AC144Y T CRS CLD ZZZ BK KG,,TVW25T9503,LF,300,,ONLY HAND-PICK 300 KGS OF THIS BATCH.  L,,
COMPLETE,Hand Pick,2026-02-27,2,300100137,2025,SWBS,SWBS AC157Y S CRS CLD ZZZ BK KG,,TVW25S9504,M,75,,ONLY HAND-PICK 75 KGS OF THIS BATCH.  LE,,
COMPLETE,Hand Pick,2026-02-27,1,300100221,2024,SWBS,SWBS R00638 T CRS RDX ZZZ BK KG,,TVW24T8623X1W,MF,150,Excelis,SWBS EX RPR GMO INT,,
COMPLETE,Hand Pick,2026-02-27,1,300100342,2025,SWBS,SWBS AC215Y S CRS RDY ZZZ BK KG,,TVW25S9507W,MF,200,,SWBS Repair INT GMO,,
COMPLETE,Hand Pick,2026-02-27,1,300100220,2024,SWBS,SWBS AC144Y S CRS RDY ZZZ BK KG,,TVW24S8602W,L,25,,SWBS Repair INT GMO,,
COMPLETE,Hand Pick,2026-02-27,1,300100424,2025,SWBS,SWBS R00681A T CRS CLX ZZZ BK KG,,TVW25T9518X1,LR,367,Excelis,HANDPICK FOR PARENT SEED PROJECT.,,
COMPLETE,Hand Pick,2026-02-27,1,300100219,2022,SWBS,SWBS AC215Y S CRS RDX ZZZ BK KG,,TVW22S6547X1W,R,50,Excelis,SWBS EX RPR GMO INT,,
COMPLETE,Hand Pick,2026-02-27,1,300100218,2022,SWBS,SWBS R11204 S CRS RDX ZZZ BK KG,,TVW22S6529X1W,LF,50,Excelis,SWBS EX RPR GMO INT,,
COMPLETE,Hand Pick,2026-02-28,1,300100545,2024,SWBS,SWBS R00681A S CRS RDX ZZZ BK KG,,TVW24S8625X1PW,R,50,Excelis,SWBS EX RPR GMO INT,,
COMPLETE,Hand Pick,2026-02-28,1,300100546,2025,SWBS,SWBS AC157Y T CRS RDY ZZZ BK KG,,TVW25T9505W,MR,350,,HAND PICK PROJECT,,
COMPLETE,Hand Pick,2026-02-27,3,300100139,2025,SWBS,SWBS AC247W T CRS CLD ZZZ BK KG,,TVW25T9509,LF,519.5,,SWBS Repair INT GMO,,
COMPLETE,Hand Pick,2026-02-27,3,300100138,2025,SWBS,SWBS AC247W T CRS CLD ZZZ BK KG,,TVW25T9509,LR,434.5,,HAND-PICK ALL,,
COMPLETE,Hand Pick,2026-02-27,3,300100140,2025,SWBS,SWBS AC247W T CRS CLD ZZZ BK KG,,TVW25T9509,MF,236.5,,HAND-PICK ALL,,
COMPLETE,Hand Pick,2026-02-28,1,300100547,2022,SWBS,SWBS G4075 T CRS RDX ZZZ BK KG,,WAW22T6560X1,LR,378.6,Excelis,HAND PICK PROJECT,,
COMPLETE,Hand Pick,2026-02-28,1,300100548,2023,SWBS,SWBS G4075 T CRS RDX ZZZ BK KG,,TVW23T7530X1,LF,245,Excelis,SWBS EX RPR GMO INT,,
COMPLETE,Hand Pick,2026-02-28,1,300100543,2023,SWBS,SWBS R00638 T CRS RDX ZZZ BK KG,,TVW23T7543X1W,LF,200,Excelis,HAND PICK PO PROJECT,,
COMPLETE,Hand Pick,2026-02-28,1,300100544,2023,SWBS,SWBS R594A S CRS RDX ZZZ BK KG,,TVW23S7583X1W,MF,270,Excelis,HAND PICK PROJECT,,
COMPLETE,Hand Pick,2026-03-16,1,300100851,2025,SWBS,SWBS AC215Y S CRS RDY ZZZ BK KG,,TVW25S9507W,MF,187,,THIS IS PART OF THE PARENT SEED HAND PIC,,
COMPLETE,Hand Pick,2026-03-16,2,300100848,2023,SWBS,SWBS R660D S CRS RDX ZZZ BK KG,,TVW23S7584X1W,F,140,Excelis,THIS IS PART OF THE PARENT SEED HAND PIC,,
COMPLETE,Hand Pick,2026-03-16,2,300100849,2023,SWBS,SWBS R660K S CRS RDX ZZZ BK KG,,TVW23S7591X1,F,300,Excelis,THIS IS PART OF THE PARENT SEED HAND PIC,,
COMPLETE,Hand Pick,2026-03-16,2,300100850,2023,SWBS,SWBS R660K T CRS RDX ZZZ BK KG,,TVW23T7589X1,MR,330,Excelis,THIS IS FOR THE PARENT SEED HAND PICK PR,,
COMPLETE,Hand  Pick,2026-03-11,,2400007752,2025,SWCO,SWCO WSS3949 CRS RDF ZZZ BK KG,,TVW099090X2,UN,25,Fresh,3 offypes-please use color sorter or hand pick,,
COMPLETE,Hand Pick,2026-03-12,,2400007766,2025,SWBS,SWBS R21807 S CRS CLX ZZZ BK KG,,TVW25S9531X1,UN,88.5,Excelis,"28 cob, 3 dent",,
COMPLETE,Hand Pick,2026-03-13,,2400007749,2025,SWBS,SWBS W0767 S CRN CLD ZZZ BK KG,,TVC25S9554,LR,112,,18 dent,,
COMPLETE,Hand Pick,2026-03-14,,2400007767,2025,SWBS,SWBS R00153 T CRS CLX ZZZ BK KG,,TVW25T9515X1,UN,110.5,Excelis,"2 dent, 23 cob, 5 smut",,
COMPLETE,,2026-03-15,,2400007802,2025,SWCO,SWCO WSS2524 CRS RDF ZZZ BK KG,,TVW099088X2,M,143,Fresh,NEEDS REWORKED FOR FAIELD TARE DUE TO 1,,
COMPLETE,,2026-03-16,,2400007803,2025,SWCO,SWCO GH9335 CRN RDY ZZZ BK KG,,WAC099035,MR,224,,SEED NEEDS REWORKED FOR FAILED TARE DUE,,
COMPLETE,,2026-03-18,,2400007781,2025,SWCO,SWCO GSS3951 CRS CLX ZZZ BK KG,,WAW099055X1J,MR,1671.5,Excelis,NEEDS REWORKED FOR FAILED TARE DUE TO 1,,
COMPLETE,LINE 2,2026-03-19,,2400007780,2025,SWCO,SWCO GH6055 CRN CLX ZZZ BK KG,,ORC099032X1,MR,3343,Excelis,NEEDS REWORKED FOR FAIELD TARE DUE TO 3,,
COMPLETE,LINE2,2026-03-19,,2400007823,2025,SWCO,SWCO GH6055 CRN CLX ZZZ BK KG,,ORC099032X1,LRH,825.5,Excelis,NEEDS REWORKED FOR FAILED TARE DUE TO 14,,
COMPLETE,,2026-03-19,,300098931,2025,SWCO,SWCO 7210R CRS RDF ZZZ BK KG,,ORW099002X2,MR,1427.5,Fresh,1st failed AP,,
COMPLETE,,2026-03-19,,300100659,2025,SWCO,SWCO GSS9040 CRS CLX ZZZ BK KG,,TVW099070X1,LF,450.14,Excelis,2nd Failed AP.,,
COMPLETE,,2026-03-19,,2400007782,2025,SWCO,SWCO GSS3951 CRS CLX ZZZ BK KG,,WAW099058X1,MFH,25411.5,Excelis,NEEDS REWORKED FOR FAILED TARE DUE TO 1,,
COMPLETE,,2026-03-19,,300100954,2025,SWCO,SWCO GARRISON-R CRS RDF ZZZ BK KG,,TVW099024X2,MF,11172.5,Fresh,1st failed AP,,
COMPLETE,,2026-03-24,,300100835,2025,SWCO,SWCO GH6055 CRN CLX ZZZ BK KG,,ORC099032X1,LFH,2643.5,Excelis,NEEDS REWORKED FOR FAIELD AP 1X.  THIS I,,
COMPLETE,,2026-03-24,,300100923,2025,SWCO,SWCO BSS1075-R CRS RDF ZZZ BK KG,,WAW099005X2,MR,3703,Fresh,1st failed AP,,
COMPLETE,VMEK,2026-03-24,,2400007756,2025,SWCO,SWCO GSS2272 CRS CLX ZZZ BK KG,,TVW099048X1,F,258.5,Excelis,7 cob,,
COMPLETE,Priority once fumigated,2026-03-26,,2400007831,2024,SWCO,SWCO GSS3951 CRS RDX ZZZ BK KG,,WAW088597X1,LR,4265.5,Excelis,SEED IS COMING FROM FUMIGATION FOR MEAL,,
COMPLETE,Priority once fumigated,2026-03-26,1,2400007832,2024,SWCO,SWCO GSS3071S CRS RDX ZZZ BK KG,,WAW088531X1,MR,1911,Excelis,NEEDS REWORKED TO REMOVE DEAD MEAL MOTH,,
COMPLETE,,2026-03-31,1,2400007711,2025,BECO,BECO HUNTINGTON RDY ZZZ BK KG,,WAG099009,HEAVY,10759.5,,BEAN RPR P-PUR INT,,
COMPLETE,,2026-04-01,,300100927,2025,SWCO,SWCO BSS8021 CRS RDY ZZZ BK KG,,TVW099000X2,MR,1863,Fresh,1st failed AP,,
COMPLETE,,2026-04-06,,300100928,2025,SWCO,SWCO BSS8021 CRS RDY ZZZ BK KG,,TVW099000X2,MF,8368.5,Fresh,1st failed AP,,
COMPLETE,,2026-04-06,,300101147,2025,SWCO,SWCO GSS6924 CRS CLX ZZZ BK KG,,WAW099067X1,MR,1879.92,Excelis,NEEDS REWORKE FOR FAILED AP 2X.  THIS IS,,
COMPLETE,,2026-04-07,,300101148,2025,SWCO,SWCO GSS9040 CRS CLX ZZZ BK KG,,TVW099070X1,MF,656.5,Excelis,NEEDS REWORKED FOR FAILED AP 2X.  THIS I,,
COMPLETE,LINE 2 COLOR SORTER,2026-04-14,,2400007713,2025,SWCO,SWCO WSS33739 CRS RDF ZZZ BK KG,,TVW099089X2,M,113.5,Fresh,2.23 damaged,,
COMPLETE,LINE 2 COLOR SORTER,2026-04-15,,2400007714,2025,SWCO,SWCO BSS36922 CRS RDF ZZZ BK KG,,TVW099014X2,M,179.5,Fresh,3.81 damaged,,
COMPLETE,LINE 2 COLOR SORTER,2026-04-13,,300101135,2025,SWCO,SWCO BSS31212 CRS RDF ZZZ BK KG,,TVW099011X2,MR,235.5,Fresh,1st Failed AP,,
COMPLETE,,2026-04-17,,2400007732,2025,SWCO,SWCO GSS1170-R CRS RDF ZZZ BK KG,,WAW099039X2,MF,9027.5,Fresh,Please take a gravity cut and split the,,
COMPLETE,LINE 2 COLOR SORTER,2026-04-22,,2400007733,2025,SWBS,SWBS AC082Y T CRS CLD ZZZ BK KG,,TVW25T9500,UN,206,,3 dent,,
COMPLETE,,2026-04-23,,300101307,2025,SWBS,SWBS R747 T CRS CLX ZZZ BK KG,,TVW25T9551X1,LF,689,Excelis,1st failed AP,,
COMPLETE,HAND PICK PROJECT,2026-04-15,1,300101010,2023,SWBS,SWBS R0662A U CRS RDX ZZZ BK KG,,SYNG22524X1,F,157,Excelis,VERSION 2 OF THE PARENT SEED HAND PICK P,,
COMPLETE,HAND PICK PROJECT,2026-04-15,1,300101011,2017,SWBS,SWBS W1471D T CRS RDX ZZZ BK KG,,TVW17T1332X1,MF,217,Excelis,VERSION 2 OF THE PARENT SEED HAND PICK P,,
COMPLETE,HAND PICK PROJECT,2026-04-15,1,300101014,2021,SWBS,SWBS R565A S CRS RDX ZZZ BK KG,,TVW21S5028X1,MF,264,Excelis,VERSION 2 OF THE PARENT SEED HAND PICK P,,
COMPLETE,HAND PICK PROJECT,2026-04-15,1,300101009,2021,SWBS,SWBS R00663 T CRS RDX ZZZ BK KG,,TVW21T5008X1,LR,100,Excelis,VERSION 2 OF THE PARENT SEED HAND PICK P,,
COMPLETE,HAND PICK PROJECT,2026-04-15,1,300101012,2024,SWBS,SWBS R00681A S CRS RDX ZZZ BK KG,,TVW24S8625X1P,R,103.5,Excelis,VERSION 2 OF THE PARENT SEED HAND PICK P,,
COMPLETE,HAND PICK PROJECT,2026-04-15,1,300101013,2024,SWBS,SWBS R00681A S CRS RDX ZZZ BK KG,,TVW24S8625X1P,F,104.29,Excelis,VERSION 2 OF THE PARENT SEED HAND PICK P,,
COMPLETE,HAND PICK PROJECT,2026-04-29,1,300101030,2025,SWBS,SWBS AC215Y S CRS RDY ZZZ BK KG,,TVW25S9507,LR,135.735,,THIS IS FOR ROUND 2 OF THE PARENT SEED H,,
COMPLETE,HAND PICK PROJECT,2026-04-29,1,300101033,2023,SWBS,SWBS R565A T CRS RDX ZZZ BK KG,,WAW23T7579X1W,MF,140,Excelis,PARENT SEED HAND PICK PROJECT 2.0 FOR US,,
COMPLETE,HAND PICK PROJECT,2026-04-29,1,300101034,2023,SWBS,SWBS R00447A T CRS RDX ZZZ BK KG,,TVW23T7536X1W,MF,350,Excelis,THIS IS FOR ROUND 2 OF THE PARENT SEED H,,
COMPLETE,HAND PICK PROJECT,2026-04-29,1,300101035,2023,SWBS,SWBS R00447A T CRS RDX ZZZ BK KG,,TVW23T7536X1,LF,350,Excelis,THIS IS FOR ROUND 2 OF THE PARENT SEED H,,
COMPLETE,HAND PICK PROJECT,2026-04-29,1,300101036,2023,SWBS,SWBS R00378 U CRN RDX ZZZ BK KG,,TVC23U7534X1,LF,100,Excelis,THIS IS FOR ROUND 2 OF THE PARENT SEED H,,
COMPLETE,HAND PICK PROJECT,2026-04-29,1,300101032,2025,SWBS,SWBS AC215Y S CRS RDY ZZZ BK KG,,TVW259507,MF,155,,THIS IS FOR ROUND 2 OF THE PARENT SEED H,,
COMPLETE,HAND PICK PROJECT,2026-04-29,1,300101031,2025,SWBS,SWBS AC215Y S CRS RDY ZZZ BK KG,,TVW25S9507,MR,227,,SWBS Repair INT GMO,,
COMPLETE,HAND PICK PROJECT,2026-04-14,1,300101143,2023,SWBS,SWBS AC215Y T CRS RDY ZZZ BK KG,,TVW23T7509P,MF,399,,THIS IS PART OF THE PARENT SEED HAND PIC,,
COMPLETE,HAND PICK PROJECT,2026-04-14,1,300101144,2023,SWBS,SWBS AC215Y T CRS RDY ZZZ BK KG,,TVW23T7509P,MR,185,,THIS IS PART OF THE PARENT SEED HAND PIC,,
COMPLETE,HAND PICK PROJECT,2026-04-14,1,300101145,2025,SWBS,SWBS AC215Y S CRS RDY ZZZ BK KG,,TVW25S9507,LR,127.5,,THIS IS PART OF THE PARENT SEED HAND PIC,,
COMPLETE,HAND PICK PROJECT,2026-04-21,2,300101264,2025,SWBS,SWBS R0662A S CRS CLX ZZZ BK KG,,TVW25S9522X1,UN,127,Excelis,1st failed AP,,
COMPLETE,HAND PICK PROJECT,2026-04-21,2,300101263,2025,SWBS,SWBS R10457 S CRS CLX ZZZ BK KG,,TVW25S9521X1,LR,140,Excelis,1st failed AP,,
COMPLETE,HAND PICK PROJECT,2026-04-21,2,300101160,2025,SWBS,SWBS R30343 S CRN CLX ZZZ BK KG,,TVC25S9537X1,LF,290,Excelis,1st failed AP,,
COMPLETE,HAND PICK PROJECT,2026-04-21,2,300101161,2025,SWBS,SWBS R30343 S CRN CLX ZZZ BK KG,,TVC25S9537X1,LR,262.5,Excelis,1st failed AP,,
COMPLETE,HAND PICK PROJECT,2026-04-21,2,300101262,2025,SWBS,SWBS R11965 S CRS CLX ZZZ BK KG,,TVW25S9525X1,L,177.5,Excelis,1st failed AP,,
COMPLETE,HAND PICK PROJECT,2026-04-27,2,300101201,2023,SWBS,SWBS R00378 U CRN RDX ZZZ BK KG,,TVC23U7534X1,LF,90,Excelis,THIS IS PART OF THE 2.0 PARENT SEED HAND,,
COMPLETE,HAND PICK PROJECT,2026-04-23,2,300101309,2025,SWBS,SWBS R747 T CRS CLX ZZZ BK KG,,TVW25T9551X1,MR,83.5,Excelis,1st failed AP,,
COMPLETE,HAND PICK PROJECT,2026-04-23,2,300101311,2025,SWBS,SWBS R11649 T CRS CLX ZZZ BK KG,,TVW25T9524X1,LF,276.5,Excelis,1st failed AP,,
COMPLETE,HAND PICK PROJECT,2026-04-23,2,300101308,2025,SWBS,SWBS R594A T CRS CLX ZZZ BK KG,,TVW25T9550X1,LR,459.165,Excelis,1st failed AP,,
COMPLETE,HAND PICK PROJECT,2026-04-23,2,300101310,2025,SWBS,SWBS R00153 T CRS CLX ZZZ BK KG,,TVW25T9515X1,UN,104.5,Excelis,1st failed AP,,
COMPLETE,HAND PICK PROJECT,2026-04-30,2,300101321,2025,SWBS,SWBS R11649 T CRS CLX ZZZ BK KG,,TVW25T9524X1,LR,130.618,Excelis,1st Failed AP,,
COMPLETE,HAND PICK PO,2026-07-09,,2400008100,2022,SWBS,SWBS AC228W S CRS RDX ZZZ BK KG,,TVW22S6552X1,LF,136.468,Excelis,Hand-Pick,,
COMPLETE,,2026-04-28,,2400007734,2023,SWCO,SWCO BSS8040 CRS RDY ZZZ BK KG,,WAW077016,MF,2358,,SEED WAS FOUND WITH LIVE MEAL MOTH AND W,,
COMPLETE,,2026-05-04,,2400007829,2025,SWCO,SWCO GSS3951 CRS CLX ZZZ BK KG,,WAW099058X1,MFH,23272,Excelis,FAILED TARE DUE TO 3 PC COB AND .51% DIS,,
COMPLETE,,2026-05-05,,300101462,2025,SWCO,SWCO 7210R CRS RDF ZZZ BK KG,,ORW099002X2,MF,1217.5,Fresh,1st failed AP,,
COMPLETE,,2026-05-06,,2400007499,2025,SWCO,SWCO GSS3951 CRS CLX ZZZ BK KG,,WAW099055X1J,MFL,3559.5,Excelis,FAILED TARE DUE TO 2 PC COB.  NOTHING EL,,
COMPLETE,,2026-05-06,,2400007737,2024,SWCO,SWCO GSS8937 CRS RDX ZZZ BK KG,,WAW088575X1,LR,6084,Excelis,SWCO EX RPR SUP PPUR INT,,
COMPLETE,,2026-05-11,,2400007736,2025,SWCO,SWCO GSS2259P CRS CLX ZZZ BK KG,,WAW099046X1,MF,1065,Excelis,NEEDS RAN OVER THE GRAVITY TO REMOVE THE,,
COMPLETE,,2026-05-11,,2400007735,2025,SWCO,SWCO GSS2259P CRS CLX ZZZ BK KG,,WAW099046X1,LR,226.5,Excelis,SWCO GSS2259P CRS CLX ZZZ BK KG,,
COMPLETE,,2026-05-11,,2400007900,2024,SWCO,SWCO GH7818 CRN RDY ZZZ BK KG,,WAC088524,MF,7069,,NEEDS RAN OVER THE GRAVITY TO REMOVE THE,,
COMPLETE,,2026-05-11,,2400007920,2024,SWCO,SWCO SWEET G 90 CRN RDY ZZZ BK KG,,WAC088587,LR,3043.5,,Gravity for meal moth,,
COMPLETE,LINE 2 COLOR SORT,2026-05-11,,2400007738,2022,SWCO,SWCO WSS7070 CRS RDY ZZZ BK KG,,WAW066325,LR,416,,SWCO RDY RDY SUP INT PPur,,
COMPLETE,LINE 2 COLOR SORT,2026-05-12,,2400007739,2022,SWCO,SWCO WSS7070 CRS RDY ZZZ BK KG,,WAW066332,MR,988,,NEEDS RAN OVER THE GRAVITY TO REMOVE THE,,
COMPLETE,,2026-05-12,,2400007778,2024,SWCO,SWCO SWEET G 90 CRN RDY ZZZ BK KG,,WAC088587,LF,6556,,Gravity for Meal Moth,,
COMPLETE,LINE 2 COLOR SORT,2026-05-13,,2400007922,2025,SWBS,SWBS R681 T CRS RDX ZZZ BK KG,,CCW25T9003X1W,M,452.5,Excelis,Gravity for meal moth,,
COMPLETE,LINE 2 COLOR SORT,2026-05-13,,2400007923,2025,SWBS,SWBS AC111Y T CRS CLD ZZZ BK KG,,CUW25T9023K,MR,105,,Gravity for meal moth,,
COMPLETE,,2026-05-18,,2400007921,2024,SWCO,SWCO SWEET G 90 CRN RDY ZZZ BK KG,,WAC088584,LR,31140,,Gravity for meal moth,,
COMPLETE,LINE 2 COLOR SORT,2026-05-21,,300101431,2025,SWCO,SWCO GH6055 CRN CLX ZZZ BK KG,,ORC099032X1,LRH,669,Excelis,FALED AP TESTING.  1X FAIL.  NOTHING FOU,,
COMPLETE,,2026-05-26,,2400007903,2024,SWCO,SWCO SWEET G 90 CRN RDY ZZZ BK KG,,WAC088584,LF,41915,,Gravity for meal moth,,
COMPLETE,LINE2 GRAVITY,2026-05-27,,2400007925,2023,SWCO,SWCO WSS7620 CRS RDY ZZZ BK KG,,WAW077056,MR,2692,,NEEDS REWORED TO REMOVE DEAD MEAL MOTH.,,
COMPLETE,LINE 2 HANDPICK,2026-06-01,,2400007884,2024,SWBS,SWBS AC206Y S CRS RDY ZZZ BK KG,,TVW24S8605,UN,31.58,,Gravity for meal moth,,
COMPLETE,,2026-06-02,,2400007924,2024,SWCO,SWCO GSS3951 CRS RDX ZZZ BK KG,,WAW088534X1,MFH,33309.5,Excelis,NEEDS REWORED TO REMOVE DEAD MEAL MOTH.,,
COMPLETE,LINE 2 GRAVITY FOR MEAL MOTH,2026-06-03,,2400007891,2024,SWCO,SWCO 8909MRW CRS RDF ZZZ BK KG,,TVW088505X2,LF,3184,Fresh,Gravity for meal moth,,
COMPLETE,LINE 2 GRAVITY FOR MEAL MOTH,2026-06-03,1,2400007892,2024,SWCO,SWCO 8909MRW CRS RDF ZZZ BK KG,,TVW088505X2,LR,8416,Fresh,Gravity for meal moth,,
COMPLETE,,2026-06-05,,2400007779,2021,SWCO,SWCO SS3006 CRS RDF ZZZ BK KG,,CBW055116X2,LR,5509.5,Fresh,Gravity for meal moth,,
COMPLETE,LINE 2 GRAVITY,2026-06-09,,2400008000,2025,SWBS,SWBS AC111Y T CRS RDY ZZZ BK KG,,CUW25T9023K,LR,66,,gravity for meal moth,,
COMPLETE,LINE 2 GRAVITY,2026-06-09,,2400007817,2025,SWBS,SWBS R584A T CRS RDX ZZZ BK KG,,WAW25T9547X1,LR,156,Excelis,gravity for meal moth,,
COMPLETE,LINE 2 GRAVITY FOR MEAL MOTH,2026-06-10,1,2400007894,2024,SWCO,SWCO LUNA CRS RDF ZZZ BK KG,,TVW088561X2,LR,680,Fresh,Gravity for meal moth,,
COMPLETE,LINE 2 GRAVITY,2026-06-10,,2400008005,2024,SWBS,SWBS R410G T CRN RDX ZZZ BK KG,,TVC24T8639X1,F,556,Excelis,Gravity for meal moth,,
COMPLETE,LINE 2 GRAVITY,2026-06-10,,2400007814,2023,SWBS,SWBS R00447A T CRS RDX ZZZ BK KG,,TVW23T7536X1W,MF,74.5,Excelis,gravity for meal moth,,
COMPLETE,LINE 2 GRAVITY,2026-06-11,,2400007811,2023,SWBS,SWBS G4075 T CRS RDX ZZZ BK KG,,WAW23T7528X1,LF,51,Excelis,Gravity for meal moth,,
COMPLETE,RUSH,2026-07-06,1,2400007697,2024,SWCO,SWCO LUNA CRS RDF ZZZ BK KG,,TVW088561X2,LF,527.5,Fresh,Gravity for meal moth,,
COMPLETE,RUSH,2026-07-06,1,2400007698,2024,SWCO,SWCO LUNA CRS RDF ZZZ BK KG,,TVW088561X2,MF,679,Fresh,Gravity for meal moth,,
COMPLETE,RUSH,2026-07-08,1,300101924,2025,SWCO,SWCO GSS2271 CRS RDY ZZZ BK KG,,TVW099047X2,MR,168.5,Fresh,2x AP Positive,,
COMPLETE,,2026-07-09,,2400007889,2024,SWCO,SWCO GSS1170-R CRS RDF ZZZ BK KG,,WAW088528X2,MF,5637,Fresh,Gravity for meal moth,,
COMPLETE,GRAVITY,2026-07-10,,300101738,2025,SWCO,SWCO TRADITION CRS RDF ZZZ BK KG,,TVW099010X2,LR,740,Fresh,1st failed AP,,
COMPLETE,,2026-07-10,,2400007777,2024,SWCO,SWCO HONEY SELECT CRT RDY ZZZ BK KG,,WAT088576,MR,2810,,Gravity for meal moth,,
COMPLETE,,2026-07-14,,2400008009,2025,SWCO,SWCO BSS1075-R CRS RDF ZZZ BK KG,,WAW099005X2J,LR,6259,Fresh,gravity for meal moth,,
COMPLETE,,2026-07-15,,2400008120,2023,SWCO,SWCO GOLDEN QUEEN CRN RDY ZZZ BK KG,,INC077132,LF,9950,,NEEDS RAN OVER THE GRAVITY TO REMOVE DEA,,
COMPLETE,LINE 2 GRAVITY FOR MEAL MOTH,2026-07-16,,2400007888,2024,SWCO,SWCO GLACIAL CRS RDF ZZZ BK KG,,WAW088526X2,MF,577,Fresh,Gravity for meal moth,,
COMPLETE,LINE 2,2026-07-16,,2400007890,2024,SWCO,SWCO SS7078Y CRS RDF ZZZ BK KG,,WAW088583X2,LF,2327,Fresh,Gravity for meal moth,,
COMPLETE,LINE 2 GRAVITY,2026-07-17,,2400007887,2024,SWBS,SWBS R20015 S CRS RDX ZZZ BK KG,,TVW24S8634X1,MF,172.5,Excelis,Gravity for meal moth,,
COMPLETE,LINE 2 GRAVITY,2026-07-17,,2400007885,2025,SWBS,SWBS AC144Y T CRS RDY ZZZ BK KG,,TVW25T9503,LR,388,,Gravity for meal moth,,
COMPLETE,LINE 2 GRAVITY,2026-07-17,,2400007818,2024,SWBS,SWBS R00638 T CRS RDX ZZZ BK KG,,TVW24T8623X1W,MF,91,Excelis,gravity for meal moth,,
COMPLETE,LINE 2 GRAVITY,2026-07-20,,2400007893,2024,SWBS,SWBS R22153 T CRS RDX ZZZ BK KG,,TVW24T8636X1,M,357.5,Excelis,Gravity for meal moth,,
COMPLETE,LINE 2 GRAVITY,2026-07-20,,2400007886,2025,SWBS,SWBS G01110 T CRS RDX ZZZ BK KG,,TVW25T9512X1,L,249,Excelis,Gravity for meal moth,,
COMPLETE,LINE 2 GRAVITY,2026-07-21,,2400007816,2019,SWBS,SWBS R584A T CRS RDX ZZZ BK KG,,TVW19T3026X1,MR,234,Excelis,gravity for meal moth,,
COMPLETE,LINE 2 GRAVITY,2026-07-22,,2400007819,2024,SWBS,SWBS R00610 T CRS RDX ZZZ BK KG,,TVW24T8621X1,F,140.5,Excelis,gravity for meal moth,,
COMPLETE,LINE 2 GRAVITY,2026-07-22,,2400008015,2024,SWBS,SWBS R00660DM-SMS T CRS RDY ZZZ BK KG,,TVW24T8624,R,308,,gravity for meal moth,,
COMPLETE,LINE 2 GRAVITY,2026-07-21,,2400008016,2024,SWBS,SWBS R00660DM-SMS T CRS RDY ZZZ BK KG,,TVW24T8624,F,282.5,,gravity for meal moth,,
COMPLETE,LINE 2 GRAVITY,2026-07-21,,2400007883,2025,SWBS,SWBS W0767 S CRN CLD ZZZ BK KG,,TVC25S9554,LF,348.5,,Gravity for meal moth,,
COMPLETE,LINE 2 GRAVITY,2026-07-21,,2400008006,2024,SWBS,SWBS R10008 T CRS CLX ZZZ BK KG,,TVW24T8626X1,MR,205.5,Excelis,Gravity for meal moth,,
COMPLETE,LINE 2 GRAVITY,2026-07-29,,2400008022,2025,SWBS,SWBS R21807 S CRS RDX ZZZ BK KG,,TVW25S9531X1,UN,58.5,Excelis,gravity for meal moth,,
COMPLETE,LINE 2 GRAVITY,2026-07-28,,2400008013,2024,SWBS,SWBS G0012 T CRN RDX ZZZ BK KG,,TVC24T8610X1,F,334.5,Excelis,Gravity for meal moth,,
COMPLETE,LINE 2 GRAVITY,2026-07-27,,2400008003,2023,SWBS,SWBS AC230W T CRS RDY ZZZ BK KG,,TVW23T7511,MR,188,,gravity for meal moth,,
COMPLETE,LINE 2 GRAVITY,2026-07-24,,2400007810,2017,SWBS,SWBS W1471D T CRS RDX ZZZ BK KG,,TVW17T1332X1,MF,50.5,Excelis,Gravity for meal moth,,
COMPLETE,LINE 2 GRAVITY,2026-07-24,,2400007812,2025,SWBS,SWBS R594A T CRS RDX ZZZ BK KG,,TVW25T9550X1,LF,237.5,Excelis,Gravity for meal moth,,
COMPLETE,LINE 2 GRAVITY,2026-07-24,,2400007813,2024,SWBS,SWBS R398P T CRN RDX ZZZ BK KG,,TVC24T8638X1,R,353.5,Excelis,gravity for meal moth,,
COMPLETE,LINE 2 GRAVITY,2026-07-24,,2400007815,2025,SWBS,SWBS R747 T CRS RDX ZZZ BK KG,,TVW25T9551X1,MR,73,Excelis,gravity for meal moth,,
COMPLETE,LINE 2 GRAVITY,2026-07-27,,2400008001,2025,SWBS,SWBS AC157Y T CRS RDY ZZZ BK KG,,TVW25T9505,MF,454.5,,Gravity for meal moth,,
COMPLETE,LINE 2 GRAVITY,2026-07-27,,2400008004,2025,SWBS,SWBS AC247W T CRS RDY ZZZ BK KG,,TVW25T9509,LR,343.5,,Gravity for meal moth,,
COMPLETE,LINE 2 GRAVITY,2026-07-28,,2400008014,2024,SWBS,SWBS R00660DM-SMS S CRS RDX ZZZ BK KG,,TVW24S8659X1,M,296.041,Excelis,Gravity for meal moth,,
COMPLETE,LINE 2 GRAVITY,2026-07-28,,2400008017,2024,SWBS,SWBS G3003 T CRN RDX ZZZ BK KG,,TVC24T8613X1,UN,382.5,Excelis,Gravity for meal moth,,
COMPLETE,LINE 2 GRAVITY,2026-07-28,,2400008018,2024,SWBS,SWBS R31001-CMS S CRN RDX ZZZ BK KG,,TVC24S8649X1,LF,75.5,Excelis,gravity for meal moth,,
COMPLETE,LINE 2 GRAVITY,2026-07-28,,2400008021,2025,SWBS,SWBS R15468 S CRS RDX ZZZ BK KG,,TVW25S9528X1,L,72,Excelis,gravity for meal moth,,
COMPLETE,LINE 2 GRAVITY,2026-07-27,,2400008007,2024,SWBS,SWBS R20005 S CRS RDX ZZZ BK KG,,TVW24S8631X1,MF,61,Excelis,Gravity for meal moth,,
COMPLETE,LINE 2 GRAVITY,2026-07-27,,2400008002,2024,SWBS,SWBS AC157Y T CRS RDY ZZZ BK KG,,TVW24T8604,F,77,,gravity on meal moth,,
COMPLETE,LINE 2 GRAVITY,2026-07-28,,2400008020,2025,SWBS,SWBS R10785 S CRS RDX ZZZ BK KG,,TVW25S9523X1,U,55.5,Excelis,Gravity for meal moth,,
COMPLETE,RUSH,2026-07-27,,300102205,2024,SWCO,SWCO LUNA CRS RDF ZZZ BK KG,,TVW088561X2,LF,198,Fresh,1st Failed AP,,
COMPLETE,,2026-08-03,,2400008010,2025,SWCO,SWCO BSS1075-R CRS RDF ZZZ BK KG,,WAW099007X2J,LF,5950.5,Fresh,Gravity for meal moth,,
COMPLETE,Priority,2026-09-21,1,2400007904,2025,SWCO,SWCO GSS1453-R CRS RDX ZZZ BK KG,,WAW099041X1,MF,12415.452,Excelis,SEED NEEDS TO BE REWORKED TO BRING DOWN,,
COMPLETE,,2026-08-13,,120000882,2025,SWTO,SWTO TOLLING SWEETCORN BY RDY ZZZ BK KG,,105218275,LR,760.55,,Failed AP testing,,
COMPLETE,RUSH PRIORITY,2026-08-11,,2400008182,2026,SWCO,SWCO PROTECTOR-R CRS RDY ZZZ BK KG,,ARP101072H,MR,1323,GMO,11 cob,,TRUE
COMPLETE,RUSH PRIORITY,2026-08-11,,2400008113,2026,SWCO,SWCO PROTECTOR-R CRS RDY ZZZ BK KG,,ARP101072H,LR,645,GMO,9 cob,,TRUE
COMPLETE,LINE 2,2026-08-18,,2400008114,2026,SWCO,SWCO PROTECTOR-R CRS RDY ZZZ BK KG,,ARP101072H,MR,1247,GMO,"3 cob, 19 dent, 5.58% damaged, 0.69% dis",,TRUE
COMPLETE,Parent seed project,2026-08-19,,300102280,2023,SWBS,SWBS G4075 T CRS RDX ZZZ BK KG,,WAW23T7528X1,MR,476,Excelis,3 cob,,
COMPLETE,RUSH REQUESTED,2026-08-26,,2400008082,2024,SWCO,SWCO SS7403RY CRS RDF ZZZ BK KG,,INW088612X2,LR,428.5,Fresh,Gravity for meal moth,,
COMPLETE,RUSH,2026-09-02,,2400008072,2023,SWBS,SWBS AC128Y T CRS RDY ZZZ BK KG,,WAW23T7500,MF,807.5,,AP+ take 15% of high side and 10% off li,,
COMPLETE,Priority,2026-08-27,,2400008083,2025,SWCO,SWCO GSS3951 CRS RDX ZZZ BK KG,,WAW099054X1,MF,20426,Excelis,NEEDS REWORKED TO REMOVE DEAD MEAL MOTH,,
COMPLETE,Priority,2026-09-02,,300102202,2025,SWCO,SWCO GSS1477S CRS CLX ZZZ BK KG,,WAW099043X1,MF,8000,Excelis,"SEED COUNT IS 4,469 SEEDS/LB. AND THE VI",,
COMPLETE,Priority,2026-09-04,,2400008124,2024,SWCO,SWCO OVERLAND CRS RDF ZZZ BK KG,,24-TUSY1507-X2,LR,3480.5,Fresh,REWORK TO REMOVE THE DEAD MEAL MOTH.,,
COMPLETE,Priority,2026-09-04,,300102176,2024,SWCO,SWCO LUNA CRS RDF ZZZ BK KG,,TVW088561X2,LF,173,Fresh,AP+,,
COMPLETE,Priority,2026-09-04,,2400008127,2018,SWBS,SWBS R565A T CRS RDX ZZZ BK KG,,TVW18T2043X1K,MR,335,Excelis,RUSH.  RUN OVER THE GRAIVTY TABLE PER DA,,
COMPLETE,Priority,2026-09-08,,2400008118,2024,SWCO,SWCO OVERLAND CRS RDF ZZZ BK KG,,24-TUSY1507-X2,LF,4305,Fresh,NEEDS REWORKED TO REMOVE THE DEAD MEAL M,,
COMPLETE,Priority before hand pick,2026-09-16,,2400008280,2026,SWBS,SWBS R565A T CRS RDX ZZZ BK KG,,NNW25U99038,MF,244.5,,PS HAND PICK PROJECT FOR CHILE - ANZ 26-,,
COMPLETE,Priority,2026-09-10,,2400008207,2026,SWBS,SWBS G4075 U CRS CLD ZZZ BK KG,,NNW25U99038,LF,514.5,,6 cob,,
COMPLETE,RUSH HIGH Priority,2026-09-10,,2400008117,2023,SWCO,SWCO OVERLAND-R CRS RDX ZZZ BK KG,,WAW077111X1,LR,2622,Excelis,NEEDS REWORKED TO REMOVE DEAD MEAL MOTH.,,
COMPLETE,Priority,2026-09-10,,2400008208,2026,SWBS,SWBS G4075 U CRS CLD ZZZ BK KG,,NNW25U99038,MF,1273,,6 cob,,
COMPLETE,FUMIGATED priority,2026-09-11,,2400007941,2024,SWCO,SWCO GSS3951 CRS CLX ZZZ BK KG,,WAW088597X1,MFH,10409.15,Excelis,NEEDS REWOKRED TO REMOVE DEAD MEAL MOTH.,,
COMPLETE,Priority,2026-09-14,1,2400008259,2025,SWCO,SWCO GSS3228 CRS RDF ZZZ BK KG,,TVW099051X2,L,207,Fresh,Gravity for meal moth,,
COMPLETE,Priority,2026-09-14,1,2400008225,2026,PECO,PECO SL3123 SNP RDY ZZZ BK KG,,ORS101290,,4672,,PECO RDY RDY PPur INT,,
COMPLETE,,2026-09-15,,300101741,2025,SWCO,SWCO TRADITION CRS RDF ZZZ BK KG,,TVW099010X2,MF,66,Fresh,1st failed AP,,
COMPLETE,Priority need for encrustment,2026-09-16,1,2400008209,2025,SWCO,SWCO GSS3951 CRS RDX ZZZ BK KG,,WAW099054X1J,MFH,16208,Excelis,RUN OVER THE GRAVITY TO REMOVE DEAD MEAL,,
COMPLETE,Priority,2026-09-16,1,2400008063,2024,SWCO,SWCO GH4927 CRN RDY ZZZ BK KG,,WAC088521,LF,5149.5,,NEEDS REWORKED FOR FAILED TARE DUE TO .6,,
COMPLETE,,2026-09-23,2,2400008092,2023,PECO,PECO SUPER SUG SN SNP RDY ZZZ BK KG,,TVS077041,,11609.5,,PECO RDY RDY PPur INT,,
COMPLETE,RUSH,2026-09-22,,2400008210,2023,SWBS,SWBS R660D T CRS RDX ZZZ BK KG,,TVW23U7586X1,MFH,8397.5,Excelis,Rush - gravity 10% heavy cut,,
COMPLETE,RUSH,2026-09-22,,2400008095,2023,SWBS,SWBS R660D T CRS RDX ZZZ BK KG,,TVW23U7585X1,MF,6047,,Gravity 10% high cut,,
COMPLETE,RUSH,2026-09-23,,2400008134,2024,SWCO,SWCO GSS7877 CRS RDF ZZZ BK KG,,WAW088539X2,LF,1310,Fresh,SEED NEEDS REWORKED TO REMOVE THE DEAD M,,
COMPLETE,,2026-09-28,,2400008097,2023,SWBS,SWBS AC128Y T CRS RDY ZZZ BK KG,,WAW23T7500,MR,464,,CUT 10% OFF THE HIGH SIDE.  NO COLOR SOR,,
COMPLETE,,2026-09-28,,2400008098,2023,SWBS,SWBS AC128Y T CRS RDY ZZZ BK KG,,WAW23T7500,MF,612,,CUT 10% OFF THE HIGH SIDE.  NO COLOR SOR,,
COMPLETE,RUSH - needs fumigated,2026-09-25,,2400008075,2023,SWCO,SWCO OVERLAND-R CRS RDX ZZZ BK KG,,WAW077111X1,LR,2475,Excelis,RUSH.  RUN OVER THE GRAVITY TO REMOVE DE,,
ONLINE,,2026-09-25,2,2400008091,2023,PECO,PECO KUDO PEA RDY ZZZ BK KG,,TVP23U7292,,12159,,PECO RDY RDY PPur INT,,
NEW,,2026-09-28,,2400008076,,SWCO,SWCO TYSON CRS RDX ZZZ BK KG,,,,4694,,REWORK TO REMOVE THE DEAD MEAL MOTH.,,
STAGED,CLN-2 ON HOLD,2026-09-29,1,2400008125,2024,SWCO,SWCO GSS3951 CRS CLX ZZZ BK KG,,WAW088603X1,MFH,3994,Excelis,REWORKING TO REMOVE SMALL SEED.  SCREEN,,
RELEASED,,2026-09-28,2,2400008011,2024,SWCO,SWCO GSS39933 CRS RDF ZZZ BK KG,,24-TUSY401-X2,MF,403.25,Fresh,gravity for meal moth,,
RELEASED,,2026-09-28,2,2400008012,2024,SWCO,SWCO SS7078Y CRS RDF ZZZ BK KG,,WAW088583X2,MF,477.452,Fresh,Gravity for meal moth,,
RELEASED,,2026-09-29,2,2400008019,2025,SWCO,SWCO BSS3556 CRS RDF ZZZ BK KG,,TVW099013X2,MF,93,Fresh,Gravity for meal moth,,
RELEASED,,2026-09-29,2,2400007696,2024,SWCO,SWCO 1760MR CRS RDF ZZZ BK KG,,WAW088501X2,MF,766.5,Fresh,Gravity for meal moth,,
RELEASED,,2026-09-29,3,2400007882,2021,SWCO,SWCO GSS2259P CRS RDX ZZZ BK KG,,CBW055139X1K,LF,486,Excelis,Gravity for meal moth,,
RELEASED,,2026-09-29,3,2400008151,2024,SWBS,SWBS G3003 T CRN RDX ZZZ BK KG,,TVC24T8631X1,UN,347.5,Excelis,47 Offtypes,,
NEW,,2026-09-30,3,300102065,,SWCO,SWCO DESERT FROST CRS RDY ZZZ BK KG,,,,4202.735,Excelis,1st failed AP,,
NEW,,2026-09-30,3,300102044,,SWCO,SWCO GSS2259P CRS CLX ZZZ BK KG,,,,1035,Excelis,SEEDS NEEDS REWORKED FOR AP+ 2 X.  THIS,,
NEW,,2026-10-01,3,300102084,,SWCO,SWCO GH6055 CRN CLX ZZZ BK KG,,,,564.5,Excelis,NEEDS REWORKED FOR FAILED TARE X 2.  THI,,
NEW,,2026-10-01,3,300102029,,SWCO,SWCO YETI CRS RDY ZZZ BK KG,,,,184.5,Excelis,FAILED AP 1X.  PLEASE REWORK. NOTHING IN,,
COMPLETE,HAND PICK PO,2026-08-31,,300102030,2025,SWBS,SWBS R00153 T CRS RDX ZZZ BK KG,,TVW25T9514X1,L,79.14,Excelis,PS HAND PICK PROJECT FOR CHILE - ANZ 26-,,
COMPLETE,HAND PICK PO,2026-07-20,,300102086,2024,SWBS,SWBS R00638 T CRS RDX ZZZ BK KG,,TVW24T8623X1,MF,250,Excelis,HAND PICK PARENT SEED REQUEST,,
COMPLETE,HAND PICK PO,2026-07-20,,2400008081,2024,SWBS,SWBS AC144Y S CRS CLD ZZZ BK KG,,TVW24S8602,M,19.77,,Handpick to remove dent/cob,,
COMPLETE,HAND PICK PO,2026-08-31,,300102032,2021,SWBS,SWBS R20264 T CRS RDX ZZZ BK KG,,TVW21T5043X1,MR,37.5,Excelis,PS HAND PICK PROJECT FOR CHILE - ANZ 26-,,
COMPLETE,HAND PICK PO,2026-08-31,,300102033,2025,SWBS,SWBS R00153 T CRS RDX ZZZ BK KG,,TVW25T9515X1K,U,32.678,Excelis,PS HAND PICK PROJECT FOR CHILE - ANZ 26-,,
COMPLETE,HAND PICK PO,2026-08-31,,300102031,2024,SWBS,SWBS R10016 T CRS RDX ZZZ BK KG,,TVW24T8627X1,R,16.03,Excelis,PS HAND PICK PROJECT FOR CHILE - ANZ 26-,,
COMPLETE,HAND PICK PO,2026-08-31,,300102183,2025,SWBS,SWBS AC111Y T CRS RDY ZZZ BK KG,,CUW25T9023K,LF,80,,PS HAND PICK PROJECT FOR CHILE - ANZ 26-,,
COMPLETE,HAND PICK PO,2026-08-31,,300102184,2020,SWBS,SWBS AC250Y U CRS RDX ZZZ BK KG,,TVW20U4004X1,MF,20,Excelis,PS HAND PICK PROJECT FOR CHILE - ANZ 26-,,
COMPLETE,HAND PICK PO,2026-08-31,,300102185,2024,SWBS,SWBS R10016 T CRS RDX ZZZ BK KG,,TVW24T8627X1,F,10,Excelis,PS HAND PICK PROJECT FOR CHILE - ANZ 26-,,
COMPLETE,HAND PICK PO,2026-08-31,,300102015,2021,SWBS,SWBS R605 S CRS RDX ZZZ BK KG,,TVW21S5007X1,F,20,Excelis,PS HAND PICK PROJECT FOR CHILE - ANZ 26-,,
COMPLETE,HAND PICK PO,2026-08-31,,300102014,2025,SWBS,SWBS R10233 T CRS RDX ZZZ BK KG,,TVW25T9520X1,L,60,Excelis,PS HAND PICK PROJECT FOR CHILE - ANZ 26-,,
COMPLETE,HAND PICK PO - LOW PRIORITY,2026-08-31,,300102140,2024,SWBS,SWBS R20005 S CRS RDX ZZZ BK KG,,TVW24S8631X1,LR,50,Excelis,PS HAND PICK PROJECT FOR CHILE - ANZ 26-,,
COMPLETE,HAND PICK PO,2026-08-31,,300102224,2024,SWBS,SWBS G9089 S CRS RDX ZZZ BK KG,,TVW24S8614X1P,F,30,Excelis,HAND PICK - SWBS EX RPR GMO INT,,
COMPLETE,HAND PICK PO,2026-08-31,,300102223,2025,SWBS,SWBS R11649 T CRS RDX ZZZ BK KG,,TVW25T9524X1,MR,10,Excelis,PS HAND PICK PROJECT FOR CHILE - ANZ 26-,,
COMPLETE,HAND PICK PO,2026-08-31,,300102193,2022,SWBS,SWBS G0024 T CRS RDX ZZZ BK KG,,TVW22T6538X1,R,40,Excelis,PS HAND PICK PROJECT FOR CHILE - ANZ 26-,,
COMPLETE,HAND PICK PO,2026-08-31,,300102187,2023,SWBS,SWBS AC199YST S CRS RDY ZZZ BK KG,,TVW23S7507,LF,10,,PS HAND PICK PROJECT FOR CHILE - ANZ 26-,,
COMPLETE,HAND PICK PO,2026-08-31,,300102189,2025,SWBS,SWBS AC092YIMP S CRS RDY ZZZ BK KG,,TVW25S9501,MR,50,,PS HAND PICK PROJECT FOR CHILE - ANZ 26-,,
COMPLETE,HAND PICK PO,2026-08-31,,300102190,2021,SWBS,SWBS AC096Y T CRS RDX ZZZ BK KG,,TVW21T5036X1,LF,50,Excelis,PS HAND PICK PROJECT FOR CHILE - ANZ 26-,,
COMPLETE,HAND PICK PO,2026-08-31,,300102191,2023,SWBS,SWBS AC128Y T CRS RDY ZZZ BK KG,,WAW23T7500,MR,50,,PS HAND PICK PROJECT FOR CHILE - ANZ 26-,,
COMPLETE,HAND PICK PO,2026-08-31,,300102192,2023,SWBS,SWBS AC208W T CRS RDY ZZZ BK KG,,TVW23T7508,L,170,,PS HAND PICK PROJECT FOR CHILE - ANZ 26-,,
COMPLETE,HAND PICK PO,2026-08-31,1,300102188,2023,SWBS,SWBS R660D U CRS RDX ZZZ BK KG,,TVW23U7585X1,MR,1640,Excelis,PS HAND PICK PROJECT FOR CHILE - ANZ 26-,,
COMPLETE,HAND PICK PO,2026-08-31,,300102195,2023,SWBS,SWBS R10795 S CRS RDX ZZZ BK KG,,TVW23S7553X1,M,40,Excelis,PS HAND PICK PROJECT FOR CHILE - ANZ 26-,,
COMPLETE,HAND PICK PO,2026-08-31,,300102194,2019,SWBS,SWBS R10002 S CRS RDX ZZZ BK KG,,19-TUSI301X1,F,20,Excelis,PS HAND PICK PROJECT FOR CHILE - ANZ 26-,,
COMPLETE,HAND PICK PO,2026-08-31,,300102221,2024,SWBS,SWBS R20264 S CRS RDX ZZZ BK KG,,TVW24S8635X1,U,59.5,Excelis,PS HAND PICK PROJECT FOR CHILE - ANZ 26-,,
COMPLETE,HAND PICK PO,2026-08-31,2,300102285,2023,SWBS,SWBS R00660DM U CRS RDX ZZZ BK KG,,TVW23U7544X1,LR,20,Excelis,PS HAND PICK PROJECT FOR CHILE - ANZ 26-,,
COMPLETE,HAND PICK PO,2026-09-08,,300102336,2023,SWBS,SWBS AC128Y T CRS RDY ZZZ BK KG,,WAW23T7500,MF,633,,Hand Pick,,
COMPLETE,HAND PICK PO,2026-09-14,,2400008227,2025,BEBS,BEBS SERENGETI S RDY ZZZ BK KG,,TVG25T9544,,907.5,,Handpick PO,,
COMPLETE,HAND PICK PO,2026-09-17,,300101922,2025,SWCO,SWCO TRADITION CRS RDF ZZZ BK KG,,TVW099010X2,MR,119.5,Fresh,1st failed AP,,
COMPLETE,HAND PICK PO,2026-09-18,,300102448,2026,SWBS,SWBS G4075 U CRS CLD ZZZ BK KG,,NNW25U99038,MR,189.474,,PS HAND PICK PROJECT FOR CHILE - ANZ 26-,,
COMPLETE,HAND PICK PO,2026-09-21,,300102377,2025,SWPB,SWPB R00153 CRS RDX ZZZ BK KG,,TVW25T9515X1,UN,97.5,Excelis,HAND PICK ASKED FOR BY JON STOCKER.,,
COMPLETE,HAND PICK PO,2026-09-23,,300102380,2024,SWPB,SWPB R20264 CRS RDX ZZZ BK KG,,TVW24S8635X1P,R,20,Excelis,HAND PICK ASKED FOR BY JON STOCKER.,,
COMPLETE,HAND PICK PO,2026-09-24,,300102376,2024,SWPB,SWPB G9089 CRS RDX ZZZ BK KG,,TVW24S8614X1P,R,20,Excelis,HAND PICK ASKED FOR BY JON STOCKER.,,
ONLINE,HAND PICK PO,2026-09-25,,300102379,2025,SWPB,SWPB R10233 CRS RDX ZZZ BK KG,,TVW25T9520X1,L,25,Excelis,HAND PICK ASKED FOR BY JON STOCKER.,,
RELEASED,HAND PICK PO,2026-09-28,,2400008094,2025,SWBS,SWBS R10233 T CRS RDX ZZZ BK KG,,TVW25T9520X1,L,67.5,Excelis,SWBS EX RPR Ppur INT,,
RELEASED,HAND PICK PO,2026-09-29,,300102378,2022,SWPB,SWPB R10016 CRS RDX ZZZ BK KG,,TVW22S6534X1,R,67.5,Excelis,HAND PICK ASKED FOR BY JON STOCKER.,,
RELEASED,HAND PICK PO,2026-09-30,,300102375,2021,SWPB,SWPB G4075 CRS RDX ZZZ BK KG,,TVW21S5029X1,F,36,Excelis,HAND PICK ASKED FOR BY JON STOCKER.,,
