Run Order,PO Status,Priority,PO Number,Species,Material Description,Lot Number,Input Quantity,UoM,Scheduled Finish Date,Comments,PO Finished?,Original Scheduled  Finish Date,Delay in Days
8,COMPLETE,,1002002893,WACO,WACO VIRTUE SDL RDY ZZZ BK KS,150638606D,34,KG,2024-07-08,#8 of 10 WACO Virtue Conditioning Orders,Complete,,
9,COMPLETE,,1002002894,WACO,WACO VIRTUE SDL RDY ZZZ BK KS,150638606E,34,KG,2024-07-08,#9 of 10 WACO Virtue Conditioning Orders,Complete,,
10,COMPLETE,,1002002895,WACO,WACO VIRTUE SDL RDY ZZZ BK KS,150638606A,29,KG,2024-07-08,#10 of 10 WACO Virtue Conditioning Order,Complete,,
1,COMPLETE,1,1002010737,WACO,WACO JAVELIN SDL RDY ZZZ BK KS,150638717,43,KG,2024-07-08,High Priority!,Complete,,
2,COMPLETE,1,1002010738,WACO,WACO JAVELIN SDL RDY ZZZ BK KS,150638717A,38,KG,2024-07-08,High Priority!,Complete,,
3,COMPLETE,1,1002010739,WACO,WACO JAVELIN SDL RDY ZZZ BK KS,150638717D,27,KG,2024-07-08,High Priority!,Complete,,
4,COMPLETE,1,1002010740,WACO,WACO JAVELIN SDL RDY ZZZ BK KS,150638717B,26,KG,2024-07-08,High Priority!,Complete,,
5,COMPLETE,1,1002010741,WACO,WACO JAVELIN SDL RDY ZZZ BK KS,150638717E,24,KG,2024-07-08,High Priority!,Complete,,
6,COMPLETE,1,1002010742,WACO,WACO JAVELIN SDL RDY ZZZ BK KS,150638717F,23,KG,2024-07-08,High Priority!,Complete,,
7,COMPLETE,1,1002010743,WACO,WACO JAVELIN SDL RDY ZZZ BK KS,150638717G,22,KG,2024-07-08,High Priority!,Complete,,
8,COMPLETE,1,1002010744,WACO,WACO JAVELIN SDL RDY ZZZ BK KS,150638717C,20,KG,2024-07-08,High Priority!,Complete,,
1,COMPLETE,2,1002007363,WACO,WACO CAPTIVATION SDL RDY ZZZ BK KS,150638608Q,29,KG,2024-07-08,#1 of 5 WACO Captivation Conditioning Pr,Complete,,
2,COMPLETE,2,1002007364,WACO,WACO CAPTIVATION SDL RDY ZZZ BK KS,150638608P,26,KG,2024-07-08,#2 of 5 WACO Captivation Conditioning Pr,Complete,,
3,COMPLETE,2,1002007365,WACO,WACO CAPTIVATION SDL RDY ZZZ BK KS,150638608N,24,KG,2024-07-08,#3 of 5 WACO Captivation Conditioning Pr,Complete,,
4,COMPLETE,2,1002007506,WACO,WACO CAPTIVATION SDL RDY ZZZ BK KS,150638608O,22,KG,2024-07-08,#4 of 5 WACO Captivation Conditioning Pr,Complete,,
5,COMPLETE,2,1002007507,WACO,WACO CAPTIVATION SDL RDY ZZZ BK KS,150638608R,15,KG,2024-07-08,#5 of 5 WACO Captivation Conditioning Pr,Complete,,
11,COMPLETE,,1002002896,WACO,WACO GUARDSMAN SDL RDY ZZZ BK KS,150638718,38,KG,2024-07-09,#1 of 5 WACO Guardsman Conditioning Orde,Complete,,
12,COMPLETE,,1002002897,WACO,WACO GUARDSMAN SDL RDY ZZZ BK KS,150638718A,36,KG,2024-07-09,#2 of 5 WACO Guardsman Conditioning Orde,Complete,,
13,COMPLETE,,1002002900,WACO,WACO GUARDSMAN SDL RDY ZZZ BK KS,150638718B,29,KG,2024-07-09,#3 of 5 WACO Guardsman Conditioning Orde,Complete,,
14,COMPLETE,,1002002901,WACO,WACO GUARDSMAN SDL RDY ZZZ BK KS,150638718D,22,KG,2024-07-09,#4 of 5 WACO Guardsman Conditioning Orde,Complete,,
15,COMPLETE,,1002002902,WACO,WACO GUARDSMAN SDL RDY ZZZ BK KS,150638718C,16,KG,2024-07-09,#5 of 5 WACO Guardsman Conditioning Orde,Complete,,
6,COMPLETE,3,1002007470,WACO,WACO SUGAR RED SDL RDY ZZZ BK KS,150638614E,59,KG,2024-07-09,#1 of 8 WACO Sugar Red Conditioning Proc,Complete,,
7,COMPLETE,3,1002007471,WACO,WACO SUGAR RED SDL RDY ZZZ BK KS,150638614B,59,KG,2024-07-09,#2 of 8 WACO Sugar Red Conditioning Proc,Complete,,
8,COMPLETE,3,1002007472,WACO,WACO SUGAR RED SDL RDY ZZZ BK KS,150638614C,52,KG,2024-07-09,#3 of 8 WACO Sugar Red Conditioning Proc,Complete,,
9,COMPLETE,3,1002007473,WACO,WACO SUGAR RED SDL RDY ZZZ BK KS,150638614D,48,KG,2024-07-09,#4 of 8 WACO Sugar Red Conditioning Proc,Complete,,
10,COMPLETE,3,1002007474,WACO,WACO SUGAR RED SDL RDY ZZZ BK KS,150638614,42,KG,2024-07-09,#5 of 8 WACO Sugar Red Conditioning Proc,Complete,,
11,COMPLETE,3,1002007475,WACO,WACO SUGAR RED SDL RDY ZZZ BK KS,150638614F,39,KG,2024-07-09,#6 of 8 WACO Sugar Red Conditioning Proc,Complete,,
12,COMPLETE,3,1002007477,WACO,WACO SUGAR RED SDL RDY ZZZ BK KS,150638614A,32,KG,2024-07-09,#7 of 8 WACO Sugar Red Conditioning Proc,Complete,,
13,COMPLETE,3,1002007478,WACO,WACO SUGAR RED SDL RDY ZZZ BK KS,150638614G,26,KG,2024-07-09,#8 of 8 WACO Sugar Red Conditioning Proc,Complete,,
1,COMPLETE,4,1002007479,WACO,WACO RED RYDER SDL RDY ZZZ BK KS,150673315D,59,KG,2024-07-09,#1 of 6 WACO Red Ryder Conditioning Orde,Complete,,
2,COMPLETE,4,1002007480,WACO,WACO RED RYDER SDL RDY ZZZ BK KS,150673315A,55,KG,2024-07-09,#2 of 6 WACO Red Ryder Conditioning Orde,Complete,,
3,COMPLETE,4,1002007481,WACO,WACO RED RYDER SDL RDY ZZZ BK KS,150673315E,45,KG,2024-07-09,#3 of 6 WACO Red Ryder Conditioning Orde,Complete,,
4,COMPLETE,4,1002007482,WACO,WACO RED RYDER SDL RDY ZZZ BK KS,150673315B,43,KG,2024-07-09,#4 of 6 WACO Red Ryder Conditioning Orde,Complete,,
5,COMPLETE,4,1002007483,WACO,WACO RED RYDER SDL RDY ZZZ BK KS,150673315C,38,KG,2024-07-09,#5 of 6 WACO Red Ryder Conditioning Orde,Complete,,
6,COMPLETE,4,1002007484,WACO,WACO RED RYDER SDL RDY ZZZ BK KS,150673315,35,KG,2024-07-09,#6 of 6 WACO Red Ryder Conditioning Orde,Complete,,
7,COMPLETE,5,1002007508,WACO,WACO EXCURSION SDL RDY ZZZ BK KS,150638613C,33,KG,2024-07-11,#1 of 7 WACO Excursion Conditioning Proc,Complete,,
8,COMPLETE,5,1002007509,WACO,WACO EXCURSION SDL RDY ZZZ BK KS,150638613D,33,KG,2024-07-11,#2 of 7 WACO Excursion Conditioning Proc,Complete,,
9,COMPLETE,5,1002007510,WACO,WACO EXCURSION SDL RDY ZZZ BK KS,150638613A,29,KG,2024-07-11,#3 of 7 WACO Excursion Conditioning Proc,Complete,,
10,COMPLETE,5,1002007511,WACO,WACO EXCURSION SDL RDY ZZZ BK KS,150638613E,26,KG,2024-07-11,#4 of 7 WACO Excursion Conditioning Proc,Complete,,
11,COMPLETE,5,1002007512,WACO,WACO EXCURSION SDL RDY ZZZ BK KS,150638613B,25,KG,2024-07-11,#5 of 7 WACO Excursion Conditioning Proc,Complete,,
12,COMPLETE,5,1002007513,WACO,WACO EXCURSION SDL RDY ZZZ BK KS,150638613F,25,KG,2024-07-11,#6 of 7 WACO Excursion Conditioning Proc,Complete,,
13,COMPLETE,5,1002007514,WACO,WACO EXCURSION SDL RDY ZZZ BK KS,150638613,21,KG,2024-07-11,#7 of 7 WACO Excursion Conditioning Proc,Complete,,
14,COMPLETE,6,1002007515,WACO,WACO PRINCESS PETITE SDL RDY ZZZ BK KS,150623934,65,KG,2024-07-12,#1 of 2 WACO Princess Petite Conditionin,Complete,,
15,COMPLETE,6,1002007516,WACO,WACO PRINCESS PETITE SDL RDY ZZZ BK KS,150623934A,52,KG,2024-07-12,#2 of 2 WACO Princess Petite Conditionin,Complete,,
9,COMPLETE,1,1002003286,WABS,WABS 1W594 SDD RDY ZZZ BK KS,150624958A,40,KG,2024-07-15,WABS  RAW RDY INT,Complete,,
16,COMPLETE,7,1002007517,WACO,WACO PETITE PER SDL RDY ZZZ BK KS,150623056A,62,KG,2024-07-15,#1 of 2 WACO Petite Perfection Condition,Complete,,
17,COMPLETE,7,1002007518,WACO,WACO PETITE PER SDL RDY ZZZ BK KS,150623056,40,KG,2024-07-15,#2 of 2 WACO Petite Perfection Condition,Complete,,
18,COMPLETE,8,1002007519,WACO,WACO PRESTIGE SDL RDY ZZZ BK KS,150623933B,82,KG,2024-07-15,#1 of 3 WACO Prestige Conditioning Proce,Complete,,
19,COMPLETE,8,1002007520,WACO,WACO PRESTIGE SDL RDY ZZZ BK KS,150623933A,78,KG,2024-07-15,#2 of 3 WACO Prestige Conditioning Proce,Complete,,
20,COMPLETE,8,1002007521,WACO,WACO PRESTIGE SDL RDY ZZZ BK KS,150623933,41,KG,2024-07-15,#3 of 3 WACO Prestige Conditioning Proce,Complete,,
5,COMPLETE,11,1002010864,WACO,WACO SUGAR RED SDL RDY ZZZ BK KS,150638614L,63,KG,2024-07-15,#1 of 7 WACO Sugar Red Conditioning Orde,Complete,,
6,COMPLETE,11,1002010865,WACO,WACO SUGAR RED SDL RDY ZZZ BK KS,150638614M,62,KG,2024-07-15,#2 of 7 WACO Sugar Red Conditioning Orde,Complete,,
7,COMPLETE,11,1002011286,WACO,WACO SUGAR RED SDL RDY ZZZ BK KS,150638614K,60,KG,2024-07-15,#3 of 7 WACO Sugar Red Conditioning Orde,Complete,,
8,COMPLETE,11,1002011287,WACO,WACO SUGAR RED SDL RDY ZZZ BK KS,150638614I,58,KG,2024-07-15,#4 of 7 WACO Sugar Red Conditioning Orde,Complete,,
9,COMPLETE,11,1002011290,WACO,WACO SUGAR RED SDL RDY ZZZ BK KS,150638614N,55,KG,2024-07-15,#5 of 7 WACO Sugar Red Conditioning Orde,Complete,,
10,COMPLETE,11,1002011291,WACO,WACO SUGAR RED SDL RDY ZZZ BK KS,150638614J,54,KG,2024-07-15,#6 of 7 WACO Sugar Red Conditioning Orde,Complete,,
11,COMPLETE,11,1002011292,WACO,WACO SUGAR RED SDL RDY ZZZ BK KS,150638614H,30,KG,2024-07-15,#7 of 7 WACO Sugar Red Conditioning Orde,Complete,,
*9,COMPLETE,1,1002011777,WABS,WABS 1W594 SDD RDY ZZZ BK KS,150624958,45,KG,2024-07-16,WABS  RAW RDY INT,Complete,,
11,COMPLETE,,1002003243,WABS,WABS W5A29 SDD RDY ZZZ BK KS,150661932,7,KG,2024-07-16,WABS  RAW RDY INT,Complete,,
1,COMPLETE,9,1002007522,WACO,WACO CYGNUS SDL RDY ZZZ BK KS,150623931,28,KG,2024-07-16,#1 of 2 WACO Cygnus Conditioning Process,Complete,,
2,COMPLETE,9,1002007523,WACO,WACO CYGNUS SDL RDY ZZZ BK KS,150678262,14,KG,2024-07-16,#2 of 2 WACO Cygnus Conditioning Process,Complete,,
10,COMPLETE,,1002003288,WABS,WABS W5A31 SDD RDY ZZZ BK KS,150661933,8,KG,2024-07-17,WABS  RAW RDY INT,Complete,,
3,COMPLETE,10,1002007524,WACO,WACO KRUNCHY PETITE SDL RDY ZZZ BK KS,150623932,44,KG,2024-07-17,#1 of 1 WACO Krunchy Petite Conditioning,Complete,,
4,COMPLETE,10,1002007525,WACO,WACO FASCINATION SDL RDY ZZZ BK KS,150610591A,41,KG,2024-07-17,#1 of 1 WACO Fascination Conditioning Pr,Complete,,
1,COMPLETE,12,1002011293,WACO,WACO SIBARITA SDL RDY ZZZ BK KS,150638604A,41,KG,2024-07-17,#1 of 3 WACO Sibarita Conditioning Order,Complete,,
2,COMPLETE,12,1002011294,WACO,WACO SIBARITA SDL RDY ZZZ BK KS,150638604,38,KG,2024-07-17,#2 of 3 WACO Sibarita Conditioning Order,Complete,,
3,COMPLETE,12,1002011295,WACO,WACO SIBARITA SDL RDY ZZZ BK KS,150638604B,30,KG,2024-07-17,#3 of 3 WACO Sibarita Conditioning Order,Complete,,
12,COMPLETE,,1002003244,WABS,WABS W5A30 SDD RDY ZZZ BK KS,150661934,6,KG,2024-07-18,WABS  RAW RDY INT,Complete,,
4,COMPLETE,13,1002011296,WACO,WACO RED RYDER SDL RDY ZZZ BK KS,150673315I,55,KG,2024-07-18,#1 of 4 WACO Red Ryder Conditioning Orde,Complete,,
5,COMPLETE,13,1002011297,WACO,WACO RED RYDER SDL RDY ZZZ BK KS,150673315H,42,KG,2024-07-18,#2 of 4 WACO Red Ryder Conditioning Orde,Complete,,
6,COMPLETE,13,1002011298,WACO,WACO RED RYDER SDL RDY ZZZ BK KS,150673315G,38,KG,2024-07-18,#3 of 4 WACO Red Ryder Conditioning Orde,Complete,,
7,COMPLETE,13,1002011299,WACO,WACO RED RYDER SDL RDY ZZZ BK KS,150673315F,37,KG,2024-07-18,#4 of 4 WACO Red Ryder Conditioning Orde,Complete,,
8,COMPLETE,14,1002011300,WACO,WACO SWEET DAWN SDL RDY ZZZ BK KS,150638615,57,KG,2024-07-19,#1 of 3 WACO Sweet Dawn Conditioning Ord,Complete,,
9,COMPLETE,14,1002011301,WACO,WACO SWEET DAWN SDL RDY ZZZ BK KS,150638615A,43,KG,2024-07-19,#2 of 3 WACO Sweet Dawn Conditioning Ord,Complete,,
10,COMPLETE,14,1002011302,WACO,WACO SWEET DAWN SDL RDY ZZZ BK KS,150638615B,21,KG,2024-07-19,#3 of 3 WACO Sweet Dawn Conditioning Ord,Complete,,
13,COMPLETE,,1002003245,WABS,WABS W5A32 SDD RDY ZZZ BK KS,150661935,6,KG,2024-07-22,WABS  RAW RDY INT,Complete,,
11,COMPLETE,15,1002011303,WACO,WACO EXCURSION SDL RDY ZZZ BK KS,150638613J,64,KG,2024-07-22,#1 of 5 WACO Excursion conditioning orde,Complete,,
12,COMPLETE,15,1002011304,WACO,WACO EXCURSION SDL RDY ZZZ BK KS,150638613G,48,KG,2024-07-22,#2 of 5 WACO Excursion conditioning orde,Complete,,
13,COMPLETE,15,1002011305,WACO,WACO EXCURSION SDL RDY ZZZ BK KS,150638613I,47,KG,2024-07-22,#3 of 5 WACO Excursion conditioning orde,Complete,,
14,COMPLETE,15,1002011306,WACO,WACO EXCURSION SDL RDY ZZZ BK KS,150638613H,45,KG,2024-07-22,#4 of 5 WACO Excursion conditioning orde,Complete,,
15,COMPLETE,15,1002011307,WACO,WACO EXCURSION SDL RDY ZZZ BK KS,RBR/10699,2,KG,2024-07-22,#5 of 5 WACO Excursion conditioning orde,Complete,,
14,COMPLETE,,1002003486,WABS,WABS W5A14 SDD RDY ZZZ BK KS,150661931,7,KG,2024-07-23,WABS  RAW RDY INT,Complete,,
1,COMPLETE,16,1002011308,WACO,WACO SUGAR COAT SDL RDY ZZZ BK KS,150638605C,24,KG,2024-07-29,#1 of 4 WACO Sugar Coat conditioning ord,Complete,,
2,COMPLETE,16,1002011309,WACO,WACO SUGAR COAT SDL RDY ZZZ BK KS,150638605B,22,KG,2024-07-29,#2 of 4 WACO Sugar Coat conditioning ord,Complete,,
3,COMPLETE,16,1002011310,WACO,WACO SUGAR COAT SDL RDY ZZZ BK KS,150638605,21,KG,2024-07-30,#3 of 4 WACO Sugar Coat conditioning ord,Complete,,
4,COMPLETE,16,1002011311,WACO,WACO SUGAR COAT SDL RDY ZZZ BK KS,150638605A,15,KG,2024-07-30,#4 of 4 WACO Sugar Coat conditioning ord,Complete,,
5,COMPLETE,17,1002011312,WACO,WACO CAPTIVATION SDL RDY ZZZ BK KS,150638608W,50,KG,2024-07-30,#1 of 6 WACO Captivation conditioning or,Complete,,
6,COMPLETE,17,1002011313,WACO,WACO CAPTIVATION SDL RDY ZZZ BK KS,150638608S,44,KG,2024-07-30,#2 of 6 WACO Captivation conditioning or,Complete,,
7,COMPLETE,17,1002011314,WACO,WACO CAPTIVATION SDL RDY ZZZ BK KS,150638608V,41,KG,2024-07-30,#3 of 6 WACO Captivation conditioning or,Complete,,
8,COMPLETE,17,1002011315,WACO,WACO CAPTIVATION SDL RDY ZZZ BK KS,150638608U,39,KG,2024-07-31,#4 of 6 WACO Captivation conditioning or,Complete,,
9,COMPLETE,17,1002011316,WACO,WACO CAPTIVATION SDL RDY ZZZ BK KS,150638608T,39,KG,2024-07-31,#5 of 6 WACO Captivation conditioning or,Complete,,
18,COMPLETE,17,1002013708,WACO,WACO CAPTIVATION SDL RDY ZZZ BK KS,RBR/8906,3,KG,2024-07-31,#1 of 1 WACO Captivation Conditioning Or,Complete,,
10,COMPLETE,18,1002011317,WACO,WACO DARK KNIGHT SDL RDY ZZZ BK KS,150638610,33,KG,2024-07-31,#1 of 3 WACO Dark Knight conditioning or,Complete,,
11,COMPLETE,18,1002011318,WACO,WACO DARK KNIGHT SDL RDY ZZZ BK KS,150638610B,30,KG,2024-07-31,#2 of 3 WACO Dark Knight conditioning or,Complete,,
12,COMPLETE,18,1002011319,WACO,WACO DARK KNIGHT SDL RDY ZZZ BK KS,150638610A,26,KG,2024-07-31,#3 of 3 WACO Dark Knight conditioning or,Complete,,
13,COMPLETE,,1002011778,WABS,WABS W5A42 SDD RDY ZZZ BK KS,150664536,6,KG,2024-08-01,WABS  RAW RDY INT,Complete,,
14,COMPLETE,,1002013484,WACO,WACO SUGAR RED SDL RDY ZZZ BK KS,150641507,4,KG,2024-08-01,#1 of 2 Small WACO Sugar Red Conditionin,Complete,,
15,COMPLETE,,1002013485,WACO,WACO SUGAR RED SDL RDY ZZZ BK KS,150641507A,0.8,KG,2024-08-01,#2 of 2 Small WACO Sugar Red Conditionin,Complete,,
16,COMPLETE,,1002013706,WACO,WACO SERPENS SDL RDY ZZZ BK KS,150678263,62,KG,2024-08-01,#1 of 1 WACO Serpens Conditioning Order,Complete,,
17,COMPLETE,,1002013707,WACO,WACO PRESTIGE SDL RDY ZZZ BK KS,150623933C,76,KG,2024-08-02,#1 of 1 WACO Prestige Conditioning Order,Complete,,
19,COMPLETE,,1002013709,WACO,WACO SANGRIA SDD RDY ZZZ BK KS,RBR/10686,43,KG,2024-08-02,#1 of 1 WACO Sangria Conditioning Order,Complete,,
20,COMPLETE,,1002013712,WACO,WACO ESCARLETT SDD RDY ZZZ BK KS,RBR/8904,25,KG,2024-08-02,#1 of 1 WACO Escarlett Conditioning Orde,Complete,,
21,COMPLETE,,1002013541,WACO,WACO ESTRELLA SDD RDY ZZZ BK KS,RBR/10679,56,KG,2024-08-02,#1 of 2 WACO Estrella Conditioning Order,Complete,,
22,COMPLETE,,1002013542,WACO,WACO ESTRELLA SDD RDY ZZZ BK KS,RBR/14254,15,KG,2024-08-05,#2 of 2 WACO Estrella Conditioning Order,Complete,,
23,COMPLETE,,1002013543,WACO,WACO PETITE PER SDL RDY ZZZ BK KS,150624056C,65,KG,2024-08-05,#1 of 2 WACO Petite Perfection Condition,Complete,,
24,COMPLETE,,1002013544,WACO,WACO PETITE PER SDL RDY ZZZ BK KS,150624056B,47,KG,2024-08-05,#2 of 2 WACO Petite Perfection Condition,Complete,,
1,COMPLETE,,1002013545,WACO,WACO KRUNCHY PETITE SDL RDY ZZZ BK KS,150623932A,45,KG,2024-08-06,#1 of 2 WACO Krunchy Petite Conditioning,Complete,,
2,COMPLETE,,1002013726,WACO,WACO KRUNCHY PETITE SDL RDY ZZZ BK KS,150623932B,43,KG,2024-08-06,#2 of 2 WACO Krunchy Petite Conditioning,Complete,,
3,COMPLETE,,1002013133,WABS,WABS W5A26 SDD RDY ZZZ BK KS,150661930,4.5,KG,2024-08-06,WABS  RAW RDY INT,Complete,,
4,COMPLETE,,1002013134,WABS,WABS W5A27 SDD RDY ZZZ BK KS,150661929,16.5,KG,2024-08-06,WABS  RAW RDY INT,Complete,,
5,COMPLETE,,1002013135,WABS,WABS W5A28 SDD RDY ZZZ BK KS,150661927,12.5,KG,2024-08-06,WABS  RAW RDY INT,Complete,,
6,COMPLETE,,1002013136,WABS,WABS W5A13 SDD RDY ZZZ BK KS,150661928,15,KG,2024-08-06,WABS  RAW RDY INT,Complete,,
7,COMPLETE,LINE 6,1002019007,WABS,WABS WA999 SDD RDY ZZZ BK KS,150624916,96.87,KG,2024-08-06,WABS  RAW RDY INT,Complete,,
8,COMPLETE,LINE 6,1002017990,WACO,WACO BAHAMA SDL RDY ZZZ BK KS,150638720F,50,KG,2024-08-07,#1 of 9 WACO Bahama Conditioning Orders,Complete,,
9,COMPLETE,LINE 6,1002017991,WACO,WACO BAHAMA SDL RDY ZZZ BK KS,150638720D,48,KG,2024-08-07,#2 of 9 WACO Bahama Conditioning Orders,Complete,,
10,COMPLETE,,1002017992,WACO,WACO BAHAMA SDL RDY ZZZ BK KS,150638720B,47,KG,2024-08-07,#3 of 9 WACO Bahama Conditioning Orders,Complete,,
11,COMPLETE,,1002017993,WACO,WACO BAHAMA SDL RDY ZZZ BK KS,150638720G,44,KG,2024-08-08,#4 of 9 WACO Bahama Conditioning Orders,Complete,,
12,COMPLETE,,1002017994,WACO,WACO BAHAMA SDL RDY ZZZ BK KS,150638720A,35,KG,2024-08-08,#5 of 9 WACO Bahama Conditioning Orders,Complete,,
13,COMPLETE,,1002017995,WACO,WACO BAHAMA SDL RDY ZZZ BK KS,150638720E,32,KG,2024-08-08,#6 of 9 WACO Bahama Conditioning Orders,Complete,,
14,COMPLETE,,1002017996,WACO,WACO BAHAMA SDL RDY ZZZ BK KS,150638720C,30,KG,2024-08-08,#7 of 9 WACO Bahama Conditioning Orders,Complete,,
15,COMPLETE,,1002017997,WACO,WACO BAHAMA SDL RDY ZZZ BK KS,150638720,30,KG,2024-08-08,#8 of 9 WACO Bahama Conditioning Orders,Complete,,
16,COMPLETE,,1002017998,WACO,WACO BAHAMA SDL RDY ZZZ BK KS,150638720H,27,KG,2024-08-12,#9 of 9 WACO Bahama Conditioning Orders,Complete,,
17,COMPLETE,,1002017999,WACO,WACO EXCLAMATION SDL RDY ZZZ BK KS,150638612A,29,KG,2024-08-12,#1 of 2 WACO Exclamation Conditioning Or,Complete,,
18,COMPLETE,,1002018000,WACO,WACO EXCLAMATION SDL RDY ZZZ BK KS,150638612,29,KG,2024-08-12,#2 of 2 WACO Exclamation Conditioning Or,Complete,,
19,COMPLETE,,1002018001,WACO,WACO MELODY SDL RDY ZZZ BK KS,150638719B,46,KG,2024-08-12,#1 of 4 WACO Melody Conditioning Orders,Complete,,
20,COMPLETE,,1002018002,WACO,WACO MELODY SDL RDY ZZZ BK KS,150638719C,45,KG,2024-08-12,#2 of 4 WACO Melody Conditioning Orders,Complete,,
21,COMPLETE,,1002018003,WACO,WACO MELODY SDL RDY ZZZ BK KS,150638719,42,KG,2024-08-13,#3 of 4 WACO Melody Conditioning Orders,Complete,,
22,COMPLETE,,1002018004,WACO,WACO MELODY SDL RDY ZZZ BK KS,150638719A,31,KG,2024-08-13,#4 of 4 WACO Melody Conditioning Orders,Complete,,
23,COMPLETE,,1002018005,WACO,WACO SWEET GEM SDL RDY ZZZ BK KS,150638716A,36,KG,2024-08-13,#1 of 4 WACO Sweet Gem Conditioning Orde,Complete,,
24,COMPLETE,,1002018046,WACO,WACO SWEET GEM SDL RDY ZZZ BK KS,150638716B,35,KG,2024-08-13,#2 of 4 WACO Sweet Gem Conditioning Orde,Complete,,
25,COMPLETE,,1002018047,WACO,WACO SWEET GEM SDL RDY ZZZ BK KS,150638716,32,KG,2024-08-13,#3 of 4 WACO Sweet Gem Conditioning Orde,Complete,,
1,COMPLETE,,300093869,CACO,CACO GROUPER SWE RDH ZZZ BK KS,150596844,985,KS,2024-08-13,Perform Germ Repair to elevate current 8,Complete,,
2,COMPLETE,,300093870,CACO,CACO GROUPER SWE RDH ZZZ BK KS,150596844C,540,KS,2024-08-13,Perform germ repair to elevate current 7,Complete,,
3,COMPLETE,,300093871,CACO,CACO GROUPER SWE RDH ZZZ BK KS,150596844A,420,KS,2024-08-13,Perform germ repair to elevate current 8,Complete,,
4,COMPLETE,,300093872,CACO,CACO GROUPER SWE RDH ZZZ BK KS,150596844B,300,KS,2024-08-13,Perform germ repair to elevate current 7,Complete,,
5,COMPLETE,,300093873,CACO,CACO GROUPER SWE RDH ZZZ BK KS,LNR 23-24524,225,KS,2024-08-13,Perform germ repair to elevate current 8,Complete,,
6,COMPLETE,,300093897,CACO,CACO GROUPER SWE RDH ZZZ BK KS,150596844D,1060,KS,2024-08-13,Perform Germ repair to elevate current 8,Complete,,
26,COMPLETE,,1002018048,WACO,WACO SWEET GEM SDL RDY ZZZ BK KS,150638716C,29,KG,2024-08-14,#4 of 4 WACO Sweet Gem Conditioning Orde,Complete,,
7,COMPLETE,,1002018055,WACO,WACO EXCURSION SDL RDY ZZZ BK KS,150638613J,44,KG,2024-08-16,#7 of 9 WACO Excursion Conditioning Orde,Complete,,
,COMPLETE,,1002011321,SQBS,SQBS SQ279 RDY ZZZ BK KS,150641513,40,KG,2024-08-16,SQBS RAW RDY INT,Complete,,
,COMPLETE,,1002011324,SQBS,SQBS PP404 RDY ZZZ BK KS,150638964,16,KG,2024-08-16,SQBS RAW RDY INT,Complete,,
,COMPLETE,,1002018784,SQBS,SQBS SQ212 RDY ZZZ BK KS,150639225,28.275,KG,2024-08-16,SQBS RAW RDY INT,Complete,,
8,COMPLETE,,1002018056,WACO,WACO EXCURSION SDL RDY ZZZ BK KS,150638613I,37,KG,2024-08-19,#8 of 9 WACO Excursion Conditioning Orde,Complete,,
9,COMPLETE,,1002018057,WACO,WACO EXCURSION SDL RDY ZZZ BK KS,150638613N,34,KG,2024-08-19,#9 of 9 WACO Excursion Conditioning Orde,Complete,,
1,COMPLETE,,1002020658,WACO,WACO SERPENS SDL RDY ZZZ BK KS,150678263A,33,KG,2024-08-19,#1 of 1 WACO Serpens Conditioning Orders,Complete,,
2,COMPLETE,,1002021446,WACO,WACO PETITE PER SDL RDY ZZZ BK KS,150624056E,49,KG,2024-08-19,#1 of 2 WACO Petite Perfection Condition,Complete,,
11,COMPLETE,,1002018783,WABS,WABS 1W594 SDD RDY ZZZ BK KS,150624958B,34,KG,2024-08-20,WABS  RAW RDY INT,Complete,,
3,COMPLETE,,1002021447,WACO,WACO PETITE PER SDL RDY ZZZ BK KS,150624056D,41,KG,2024-08-20,#2 of 2 WACO Petite Perfection Condition,Complete,,
,COMPLETE,,1002018781,SQBS,SQBS PP677 RDY ZZZ BK KS,150639220,23.739,KG,2024-08-20,SQBS RAW RDY INT,Complete,,
,COMPLETE,,1002020159,SQBS,SQBS 1S058 RDY ZZZ BK KS,150641508,17.7,KG,2024-08-21,SQBS RAW RDY INT,Complete,,
,COMPLETE,,1002018785,SQBS,SQBS SQ279 RDY ZZZ BK KS,150642698,27.27,KG,2024-08-21,SQBS RAW RDY INT,Complete,,
,COMPLETE,,1002019006,SQBS,SQBS SQ470 RDY ZZZ BK KS,150642700,8.56,KG,2024-08-21,SQBS RAW RDY INT,Complete,,
,COMPLETE,,1002019008,SQBS,SQBS SQ475 RDY ZZZ BK KS,150639427,11.668,KG,2024-08-21,SQBS RAW RDY INT,Complete,,
4,COMPLETE,,300093898,CACO,CACO ARUBA SWE RDH ZZZ BK KS,LNR 23-24517,2500,KS,2024-08-22,Perform Genetic Purity Repair to elevate,Complete,,
5,COMPLETE,,300093899,CACO,CACO GROUPER SWE RDH ZZZ BK KS,LNR-23-24593,2450,KS,2024-08-22,Perform Genetic Purity Repair to elevate,Complete,,
3,COMPLETE,,300094004,CACO,CACO ARUBA SWE RDH ZZZ BK KS,LNR-23-24599,1050,KS,2024-08-22,Perform Genetic Purity Repair to elevate,Complete,,
4,COMPLETE,,300094005,CACO,CACO ARUBA SWE RDH ZZZ BK KS,LNR-23-25486,675,KS,2024-08-22,Perform Genetic Purity Repair to elevate,Complete,,
6,COMPLETE,,1002020590,CFCO,CFCO GUIDELINE RDY ZZZ BK KS,150609574,21,KG,2024-08-23,CFCO RAW RDY Ln2A INT,Complete,,
7,COMPLETE,,1002020559,BRCO,BRCO SAMBUCO RDY ZZZ BK KS,150588406,2.8,KG,2024-08-23,BRCO RAW RDY Ln2A INT,Complete,,
8,COMPLETE,,1002020591,BRCO,BRCO SECEDA RDY ZZZ BK KS,150610041,22,KG,2024-08-23,BRCO RAW RDY Ln2A INT,Complete,,
1,COMPLETE,,1002011122,CUCO,CUCO RANDALL LNG RDY ZZZ BK KS,150641168,4,KG,2024-08-26,CUCO RAW RDY INT Ln3,Complete,,
2,COMPLETE,,1002011123,CUCO,CUCO CELESTINO LNG RDY ZZZ BK KS,150633679,30,KG,2024-08-26,CUCO RAW RDY INT Ln3,Complete,,
5,COMPLETE,,1002011124,CUCO,CUCO FRESCURA LNG RDY ZZZ BK KS,150633680,35,KG,2024-08-26,CUCO RAW RDY INT Ln3,Complete,,
6,COMPLETE,,1002016039,CFBS,CFBS 3C232 RDY ZZZ BK KS,150603144,387.5,KS,2024-08-27,CFBS RAW RDY INT-NON CMS,Complete,,
7,COMPLETE,,1002016040,CFBS,CFBS 3C097 RDY ZZZ BK KS,150602690,1774.245,KS,2024-08-27,CFBS RAW RDY INT-NON CMS,Complete,,
8,COMPLETE,,1002025184,CFCO,CFCO LECANU RDY ZZZ BK KS,150640794,35,KG,2024-08-27,CFCO RAW RDY Ln2A INT,Complete,,
*1,COMPLETE,,1002026697,TOCO,TOCO CAROLINA GLD DET RDH ZZZ BK KS,LNR 23-24/24054,13,KG,2024-08-27,#1 of 1 TOCO Carolina Gold Seed Health/C,Complete,,
*2,COMPLETE,,1002026848,TOCO,TOCO BETTER BUSH DET RDH ZZZ BK KS,LNR 23-24/24066,12,KG,2024-08-27,#1 of 2 TOCO Better Bush Seed Health/Con,Complete,,
*3,COMPLETE,,1002026849,TOCO,TOCO BETTER BUSH DET RDH ZZZ BK KS,LNR 23-24/24069,12,KG,2024-08-27,#2 of 2 TOCO Better Bush Seed Health/Con,Complete,,
*4,COMPLETE,,1002026850,TOCO,TOCO BQ400 PRC RDH ZZZ BK KS,DLR-23-26181,15.75,KG,2024-08-28,#1 of 1 TOCO BQ400 Seed Health/Condition,Complete,,
9,COMPLETE,,1002027928,WACO,WACO WDL9433 SDL RDY ZZZ BK KS,150661926,5,KG,2024-08-31,#1 of 1 WACO WDL9433 Conditioning order,Complete,,
,COMPLETE,,1002028091,SQBS,SQBS PP477 RDY ZZZ BK KS,150700061,72,KG,2024-08-31,Priority,Complete,,
10,COMPLETE,,1002025359,MEBS,MEBS 1M747 RDY ZZZ BK KS,150664622,12.84,KG,2024-09-03,MEBS RAW RDY INT,Complete,,
11,COMPLETE,Release please,1002025638,SQBS,SQBS PP565 RDY ZZZ BK KS,150638965,28.3,KG,2024-09-03,SQBS RAW RDY INT,Complete,,
1,COMPLETE,,1002025640,SQBS,SQBS PP611 RDY ZZZ BK KS,150638967,4.698,KG,2024-09-03,SQBS RAW RDY INT,Complete,,
2,COMPLETE,,1002025639,SQBS,SQBS PP640 RDY ZZZ BK KS,150638971,24.25,KG,2024-09-04,SQBS RAW RDY INT,Complete,,
3,COMPLETE,,1002025641,MEBS,MEBS ME508 RDY ZZZ BK KS,150673113,5.547,KG,2024-09-04,MEBS RAW RDY INT,Complete,,
6,COMPLETE,,1002029235,WACO,WACO WDL9454 SDL RDY ZZZ BK KS,150529718,16,KG,2024-09-05,#1 of 1 WACO WDL9454 Conditioning Orders,Complete,,
4,COMPLETE,,1002025358,MECO,MECO MS0528 RDY ZZZ BK KS,150664629,14.32,KG,2024-09-09,MECO RAW RDY Ln2A INT,Complete,,
7,COMPLETE,,1002028883,SQBS,SQBS PP566 RDY ZZZ BK KS,150700063,32.5,KG,2024-09-12,SQBS RAW RDY INT,Complete,,
8,COMPLETE,,1002028884,SQBS,SQBS 1S134 RDY ZZZ BK KS,150700059,25.525,KG,2024-09-13,SQBS RAW RDY INT,Complete,,
*1,COMPLETE,,1002037012,SPCO,SPCO EL KUDURO RDY ZZZ BK KS,150683530,14.75,KG,2024-09-13,SPCO RAW RDY INT,Complete,,
*2,COMPLETE,,1002033251,SPCO,SPCO EL CAPOEIRA RDY ZZZ BK KS,150676467,15,KG,2024-09-13,SPCO RAW RDY INT,Complete,,
*3,COMPLETE,,1002035873,SPCO,SPCO EL BOLERO RDY ZZZ BK KS,150685731,14.75,KG,2024-09-13,SPCO RAW RDY INT,Complete,,
*4,COMPLETE,,1002033253,SPCO,SPCO EL MAJESTIC RDY ZZZ BK KS,150676466,14.75,KG,2024-09-13,SPCO RAW RDY INT,Complete,,
,COMPLETE,,1002031983,TOCO,TOCO LAYBACK DET RDH ZZZ BK KS,DLR-23-14833,1,KG,2024-09-13,#1 of 1 TOCO Layback Seed Health/Conditi,Complete,,
,COMPLETE,,1002032266,TOCO,TOCO BETTER BUSH DET RDH ZZZ BK KS,LNR 23-24/24092,6,KG,2024-09-13,#3 of 3 TOCO Better Bush Seed Health/Con,Complete,,
,COMPLETE,,1002031985,TOCO,TOCO BETTER BUSH DET RDH ZZZ BK KS,LNR 23-24/24067,6.8,KG,2024-09-13,#2 of 3 TOCO Better Bush Seed Health/Con,Complete,,
,COMPLETE,,1002031984,TOCO,TOCO BETTER BUSH DET RDH ZZZ BK KS,LNR 23-24/24089,20,KG,2024-09-13,#1 of 3 TOCO Better Bush Seed Health/Con,Complete,,
,COMPLETE,,1002032123,CACO,CACO ARUBA SWE RDH ZZZ BK KS,DLR-23-23287,6.8,KG,2024-09-14,#1 of 1 CACO Aruba Seed Health/Condition,Complete,,
,COMPLETE,,1002032999,CACO,CACO NATHALIE SWE RDH ZZZ BK KS,150580391,51,KG,2024-09-14,#2 of 2 CACO Nathalie Seed Health/Condit,Complete,,
9,COMPLETE,,1002028927,SQBS,SQBS SQ281 RDY ZZZ BK KS,150700096,49,KG,2024-09-21,SQBS RAW RDY INT,Complete,,
5,COMPLETE,,1002025448,MECO,MECO MS22-1112 RDY ZZZ BK KS,150664630,7.19,KG,2024-09-23,MECO RAW RDY Ln2A INT,Complete,,
10,COMPLETE,,1002028929,SQBS,SQBS SQ325 RDY ZZZ BK KS,150700098A,11.57,KG,2024-09-23,SQBS RAW RDY INT,Complete,,
11,COMPLETE,,1002028930,SQBS,SQBS SQ272 RDY ZZZ BK KS,150700074,22.038,KG,2024-09-23,SQBS RAW RDY INT,Complete,,
12,COMPLETE,,1002029460,BRBS,BRBS 2B184 RDY ZZZ BK KS,150602689,0.367,KG,2024-09-24,BRBS RAW RDY INT-NON CMS,Complete,,
13,COMPLETE,,1002029458,BRBS,BRBS BB112 RDY ZZZ BK KS,150603142,5.74,KG,2024-09-24,BRBS RAW RDY INT-NON CMS,Complete,,
14,COMPLETE,,1002029656,SQCO,SQCO ENTERPRISE RDY ZZZ BK KS,150656476-A,9.81,KG,2024-09-24,SQCO RAW RDY Ln2a INT,Complete,,
*,COMPLETE,,300094257,WACO,WACO MELODY SDL RDY ZZZ BK KS,150638719C,730,KS,2024-09-25,Perform Genetic Purity Repair to elevate,Complete,,
1,COMPLETE,,1002035790,CFBS,CFBS 3C142 RDY ZZZ BK KS,150602691,17.083,KG,2024-10-01,CFBS RAW RDY INT-NON CMS,Complete,,
2,COMPLETE,,1002035792,CFBS,CFBS BK998 RDY ZZZ BK KS,150603143,10.489,KG,2024-10-01,CFBS RAW RDY INT-NON CMS,Complete,,
3,COMPLETE,,1002035794,SQBS,SQBS PP781 RDY ZZZ BK KS,150700069,13.275,KG,2024-10-01,SQBS RAW RDY INT,Complete,,
4,COMPLETE,,1002037492,WACO,WACO CAPTIVATION SDL RDY ZZZ BK KS,DLR-23-24451,7.5,KG,2024-10-02,#1 of 1 WACO Captivation Conditioning Or,Complete,,
5,COMPLETE,,1002037493,WACO,WACO EXCURSION SDL RDY ZZZ BK KS,NDN-23-27581,5.5,KG,2024-10-02,#1 of 1 WACO Excursion conditioning orde,Complete,,
,COMPLETE,,1002036255,SQCO,SQCO SCAE21-1048 RDY ZZZ BK KS,150700951,22.16,KG,2024-10-03,SQCO RAW RDY Ln3 INT,Complete,,
12,COMPLETE,21 grams,1002035869,CFBS,CFBS CF605 RDY ZZZ BK KS,150603148,0.96,KG,2024-10-03,CFBS RAW RDY INT-NON CMS,Complete,,
9,COMPLETE,100 grams,1002035805,BRBS,BRBS BB111 RDY ZZZ BK KS,150603140,2.284,KG,2024-10-03,BRBS RAW RDY INT-NON CMS,Complete,,
6,COMPLETE,,1002035798,SQBS,SQBS SQ280 RDY ZZZ BK KS,150700075,4.675,KG,2024-10-04,SQBS RAW RDY INT,Complete,,
8,COMPLETE,,1002035802,CFBS,CFBS CF320 RDY ZZZ BK KS,150603146,11.96,KG,2024-10-04,CFBS RAW RDY INT-NON CMS,Complete,,
NO GR,COMPLETE,3.7 grams,1002035800,CFBS,CFBS CF283 RDY ZZZ BK KS,150603145,0.89,KG,2024-10-04,CFBS RAW RDY INT-NON CMS,Complete,,
10,COMPLETE,,1002035867,BRBS,BRBS BB149 RDY ZZZ BK KS,150603141,19.585,KG,2024-10-04,BRBS RAW RDY INT-NON CMS,Complete,,
11,COMPLETE,,1002035868,CFBS,CFBS CF514 RDY ZZZ BK KS,150603147,12.344,KG,2024-10-04,CFBS RAW RDY INT-NON CMS,Complete,,
13,COMPLETE,,1002036455,SQBS,SQBS SQ204 RDY ZZZ BK KS,150700071A,26.01,KG,2024-10-04,SQBS RAW RDY INT,Complete,,
*1,COMPLETE,1,1002040211,SQBS,SQBS 1S088 RDY ZZZ BK KS,150700058,18.82,KG,2024-10-04,SQBS RAW RDY INT,Complete,,
*2,COMPLETE,1,1002040212,SQBS,SQBS SQ260 RDY ZZZ BK KS,150700073,23.266,KG,2024-10-04,SQBS RAW RDY INT,Complete,,
*3,COMPLETE,1,1002040676,MEBS,MEBS 1M106 RDY ZZZ BK KS,150701837,9.188,KG,2024-10-04,MEBS RAW RDY INT,Complete,,
*4,COMPLETE,1,1002040677,MEBS,MEBS ME755 RDY ZZZ BK KS,105701124,10.162,KG,2024-10-04,MEBS RAW RDY INT,Complete,,
*5,COMPLETE,1,1002040678,MEBS,MEBS ME297 RDY ZZZ BK KS,150701842,13.288,KG,2024-10-05,MEBS RAW RDY INT,Complete,,
14,COMPLETE,,1002037494,WACO,WACO ESCARLETT SDD RDY ZZZ BK KS,DLR-23-24412,20,KG,2024-10-06,#1 of 1 WACO Escarlett conditioning orde,Complete,,
15,COMPLETE,,300094349,WACO,WACO SWEET GEM SDL RDY ZZZ BK KS,150638716C,480,KS,2024-10-06,Perform Genetic Purity Repair to elevate,Complete,,
16,COMPLETE,,300094350,WACO,WACO CAPTIVATION SDL RDY ZZZ BK KS,150638608F,590,KS,2024-10-06,Perform Genetic Purity Repair to elevate,Complete,,
17,COMPLETE,,300094351,WACO,WACO SWEET GEM SDL RDY ZZZ BK KS,150638716A,600,KS,2024-10-07,Perform Genetic Purity Repair to elevate,Complete,,
18,COMPLETE,,300094352,WACO,WACO SWEET GEM SDL RDY ZZZ BK KS,150618988C,245,KS,2024-10-07,Perform Genetic Purity Repair to elevate,Complete,,
2,COMPLETE,,1002037545,WABS,WABS W0A20 SDD RDY ZZZ BK KS,150701113,23.252,KG,2024-10-09,WABS RAW RDY INT,Complete,,
3,COMPLETE,,1002037535,MEBS,MEBS 1M063 RDY ZZZ BK KS,150700953,13.578,KG,2024-10-09,MEBS RAW RDY INT,Complete,,
4,COMPLETE,,1002037536,WABS,WABS 1W213 SDD RDY ZZZ BK KS,150701109,4.372,KG,2024-10-09,WABS RAW RDY INT,Complete,,
5,COMPLETE,,1002037537,WABS,WABS 1W182 SDD RDY ZZZ BK KS,150702505,7.75,KG,2024-10-10,WABS RAW RDY INT,Complete,,
6,COMPLETE,,1002037538,MEBS,MEBS 1M290 RDY ZZZ BK KS,150701838,9.956,KG,2024-10-11,MEBS RAW RDY INT,Complete,,
7,COMPLETE,,1002037539,MEBS,MEBS 1M291 RDY ZZZ BK KS,150701839,7.8,KG,2024-10-11,MEBS RAW RDY INT,Complete,,
8,COMPLETE,,1002037540,WABS,WABS 1W162 SDD RDY ZZZ BK KS,150702503,6.084,KG,2024-10-11,WABS RAW RDY INT,Complete,,
9,COMPLETE,,1002037541,WABS,WABS 1W180 SDD RDY ZZZ BK KS,150702504,10.937,KG,2024-10-12,WABS RAW RDY INT,Complete,,
10,COMPLETE,,1002037542,WABS,WABS WM614 SDD RDY ZZZ BK KS,150702498,6.674,KG,2024-10-12,WABS RAW RDY INT,Complete,,
11,COMPLETE,,1002037646,MEBS,MEBS ME773 RDY ZZZ BK KS,150761393,5.216,KG,2024-10-12,MEBS RAW RDY INT,Complete,,
13,COMPLETE,,1002039826,WACO,WACO POWERHOUSE SDL RDY ZZZ BK KS,150694720,24,KG,2024-10-14,#1 of 1 WACO Powerhouse Conditioning Ord,Complete,,
12,COMPLETE,,1002037647,MEBS,MEBS ME775 RDY ZZZ BK KS,150749896,1.731,KG,2024-10-14,MEBS RAW RDY INT,Complete,,
14,COMPLETE,,1002040274,CFCO,CFCO LECANU RDY ZZZ BK KS,150667337C,30,KG,2024-10-15,CFCO RAW RDY Ln2A INT,Complete,,
15,COMPLETE,,1002040424,CFCO,CFCO LECANU RDY ZZZ BK KS,150610038,10,KG,2024-10-15,CFCO RAW RDY Ln2A INT,Complete,,
16,COMPLETE,,300094424,WACO,WACO JAVELIN SDL PMD ZZZ BK KS,150638717A,460,KS,2024-10-16,Perform Post-Prime Air-Separation and Gr,Complete,,
8,COMPLETE,,1002040683,SQBS,SQBS PP640 RDY ZZZ BK KS,150700064,17.87,KG,2024-10-16,SQBS RAW RDY INT,Complete,,
,COMPLETE,Error Posting,1002043229,MEBS,MEBS 1M747 RDY ZZZ BK KS,150701840,1.948,KG,2024-10-16,MEBS RAW RDY INT,Complete,,
17,COMPLETE,germ 11/5/rey,300094425,WACO,WACO JAVELIN SDL PMD ZZZ BK KS,150638717D,350,KS,2024-10-16,Perform Post-Prime Air-Separation and Gr,Complete,,
18,COMPLETE,germ 11/5/rey,300094426,WACO,WACO JAVELIN SDL PMD ZZZ BK KS,150638717G,250,KS,2024-10-16,Perform Post-Prime Air-Separation and Gr,Complete,,
19,COMPLETE,germ 11/5/rey,300094423,WACO,WACO JAVELIN SDL PMD ZZZ BK KS,150638717,500,KS,2024-10-16,Perform Post-Prime Air-Separation and Gr,Complete,,
1,COMPLETE,,1002040275,WCCO,WCCO TEKILA-R RDY ZZZ BK KS,150602531,30,KG,2024-10-17,WCCO RAW-RDY INT L2A,Complete,,
2,COMPLETE,,1002040276,BRCO,BRCO BBRO21-50042 RDY ZZZ BK KS,150614722,11,KG,2024-10-17,BRCO RAW RDY Ln2A INT,Complete,,
3,COMPLETE,,1002040917,BRCO,BRCO SGD1076 RDY ZZZ BK KS,150590887,8,KG,2024-10-18,BRCO RAW RDY Ln2A INT,Complete,,
6,COMPLETE,,1002040680,SQBS,SQBS 1S047 RDY ZZZ BK KS,150700056,8.058,KG,2024-10-19,SQBS RAW RDY INT,Complete,,
9,COMPLETE,,1002040684,SQBS,SQBS PP640 RDY ZZZ BK KS,150700065,45.022,KG,2024-10-19,SQBS RAW RDY INT,Complete,,
4,COMPLETE,,1002040918,BRCO,BRCO SGD0104 RDY ZZZ BK KS,150590888,8,KG,2024-10-19,BRCO RAW RDY Ln2A INT,Complete,,
10,COMPLETE,,1002040766,SQBS,SQBS PP727 RDY ZZZ BK KS,150700068,39.22,KG,2024-10-21,SQBS RAW RDY INT,Complete,,
11,COMPLETE,,1002040767,SQBS,SQBS SQ320 RDY ZZZ BK KS,150700097,9.835,KG,2024-10-21,SQBS RAW RDY INT,Complete,,
12,COMPLETE,,1002040768,WABS,WABS WA009 SDD RDY ZZZ BK KS,150701110,25.748,KG,2024-10-21,WABS RAW RDY INT,Complete,,
13,COMPLETE,,1002040769,WABS,WABS WA437 SDD RDY ZZZ BK KS,150702499,42.136,KG,2024-10-22,WABS RAW RDY INT,Complete,,
14,COMPLETE,,1002040770,WABS,WABS WM802 SDD RDY ZZZ BK KS,150702497,14.788,KG,2024-10-22,WABS RAW RDY INT,Complete,,
15,COMPLETE,,1002043368,WABS,WABS 1W386 SDD RDY ZZZ BK KS,150702496,28.972,KG,2024-10-23,WABS RAW RDY INT,Complete,,
1,COMPLETE,,1002043370,CABS,CABS 4P080 SWE RDY ZZZ BK KS,150685771,1.158,KG,2024-10-23,CABS  RAW RDY INT,Complete,,
2,COMPLETE,,1002043371,CABS,CABS 4P081 SWE RDY ZZZ BK KS,150686238,2.398,KG,2024-10-23,CABS  RAW RDY INT,Complete,,
3,COMPLETE,,1002043372,CABS,CABS 5P045 SWE RDY ZZZ BK KS,150685772,2.198,KG,2024-10-23,CABS  RAW RDY INT,Complete,,
4,COMPLETE,,1002043373,MEBS,MEBS ME305 RDY ZZZ BK KS,150701121,8.158,KG,2024-10-24,MEBS RAW RDY INT,Complete,,
5,COMPLETE,,1002043375,CABS,CABS P01M2 SWE RDY ZZZ BK KS,150685769,1.064,KG,2024-10-24,CABS  RAW RDY INT,Complete,,
6,COMPLETE,,1002043376,CABS,CABS P01M3 SWE RDY ZZZ BK KS,150685770,0.964,KG,2024-10-24,CABS  RAW RDY INT,Complete,,
5,COMPLETE,,1002040679,MEBS,MEBS 1M042 RDY ZZZ BK KS,150700952,17.33,KG,2024-10-25,MEBS RAW RDY INT,Complete,,
7,COMPLETE,,1002040682,MEBS,MEBS ME774 RDY ZZZ BK KS,150748634,5.94,KG,2024-10-25,MEBS RAW RDY INT,Complete,,
,COMPLETE,,300094502,TOCO,TOCO BETTER BUSH DET RDH ZZZ BK KS,LNR 23-24/24069,2750,KS,2024-10-25,Perform Genetic Purity to elevate curren,Complete,,
,COMPLETE,,300094503,TOCO,TOCO BETTER BUSH DET RDH ZZZ BK KS,LNR 23-24/24066,2600,KS,2024-10-25,Perform Genetic Purity repair to elevate,Complete,,
,COMPLETE,,300094505,CACO,CACO ARUBA SWE RDH ZZZ BK KS,DLR-23-23205,1200,KS,2024-10-25,Perform Genetic Purity Repair to elevate,Complete,,
,COMPLETE,,300094506,CACO,CACO ARUBA SWE RDH ZZZ BK KS,LNR-23-24642,240,KS,2024-10-25,Perform Genetic Purity Repair to elevate,Complete,,
,COMPLETE,,300094507,CACO,CACO GROUPER SWE RDH ZZZ BK KS,DLR-23-14538,2800,KS,2024-10-26,Perform minimum 20% cut to elevate curre,Complete,,
,COMPLETE,,300094508,CACO,CACO GROUPER SWE RDH ZZZ BK KS,LNR-23-25493,1000,KS,2024-10-26,Perform minimum 20% cut to elevate curre,Complete,,
,COMPLETE,,1002040685,SQBS,SQBS PP651 RDY ZZZ BK KS,150700066,29.016,KG,2024-10-30,SQBS RAW RDY INT,Complete,,
,COMPLETE,,1002047748,SQBS,SQBS 1S181 RDY ZZZ BK KS,150700099,23.7,KG,2024-10-31,SQBS RAW RDY INT,Complete,,
2,COMPLETE,,1002048889,CUBS,CUBS CL289 LNG RDY ZZZ BK KS,150700042,0.116,KG,2024-10-31,CUBS RAW RDY INT,Complete,,
3,COMPLETE,,1002048890,CUBS,CUBS CL317 LNG RDY ZZZ BK KS,150700043,0.116,KG,2024-10-31,CUBS RAW RDY INT,Complete,,
4,COMPLETE,,1002048872,CUBS,CUBS CU213 SHT RDY ZZZ BK KS,150700045,2.17,KG,2024-11-01,CUBS RAW RDY INT,Complete,,
5,COMPLETE,,1002048870,CABS,CABS 5P058 SWE RDY ZZZ BK KS,150685773,2.27,KG,2024-11-01,CABS  RAW RDY INT,Complete,,
7,COMPLETE,,1002048888,WABS,WABS WA801 SDD RDY ZZZ BK KS,150702501,3.99,KG,2024-11-01,WABS RAW RDY INT,Complete,,
8,COMPLETE,,1002048871,WABS,WABS WA149 SDD RDY ZZZ BK KS,150701111,10.23,KG,2024-11-01,WABS RAW RDY INT,Complete,,
9,COMPLETE,,1002048873,WABS,WABS WA013 SDD RDY ZZZ BK KS,150701112,15.57,KG,2024-11-04,WABS RAW RDY INT,Complete,,
10,COMPLETE,,1002048891,WABS,WABS W2A55 SDD RDY ZZZ BK KS,150702500,21.4,KG,2024-11-04,WABS RAW RDY INT,Complete,,
,COMPLETE,,1002048230,MEBS,MEBS ME462 RDY ZZZ BK KS,150701123,66,KS,2024-11-05,MEBS RAW RDY INT,Complete,,
**,COMPLETE,,1002051189,MEBS,MEBS ME701 RDY ZZZ BK KS,150694679C,6.82,KG,2024-11-05,MEBS RAW RDY INT,Complete,,
1,COMPLETE,,1002049884,MECO,MECO HEIDI RDY ZZZ BK KS,150673324,8.67,KG,2024-11-06,MECO RAW RDY Ln2A INT,Complete,,
2,COMPLETE,,1002049885,MECO,MECO NOVIRA RDY ZZZ BK KS,150673323,24.44,KG,2024-11-06,MECO RAW RDY Ln2B INT,Complete,,
4,COMPLETE,,1002050536,CUCO,CUCO SKYLUKS SHT RDY ZZZ BK KS,150702651,2.27,KG,2024-11-07,CUCO RAW RDY INT L2B,Complete,,
3,COMPLETE,,1002050836,MECO,MECO OVATION RDY ZZZ BK KS,150673316-B,49,KG,2024-11-07,MECO OVATION RDY ZZZ BK KS,Complete,,
1,COMPLETE,,1002052290,MEBS,MEBS ME696 RDY ZZZ BK KS,150756368,7,KG,2024-11-09,MEBS RAW RDY INT,Complete,,
4,COMPLETE,,1002052695,MEBS,MEBS ME759 RDY ZZZ BK KS,150718607,6.7,KG,2024-11-22,MEBS RAW RDY INT,Complete,,
7,COMPLETE,,1002052696,MEBS,MEBS ME762 RDY ZZZ BK KS,150718608,5.42,KG,2024-11-22,MEBS RAW RDY INT,Complete,,
5,COMPLETE,,1002052697,MEBS,MEBS ME763 RDY ZZZ BK KS,150718609,5.74,KG,2024-11-25,MEBS RAW RDY INT,Complete,,
6,COMPLETE,,1002052698,MEBS,MEBS ME772 RDY ZZZ BK KS,150748632,5.654,KG,2024-11-25,MEBS RAW RDY INT,Complete,,
1,COMPLETE,,1002052699,SQBS,SQBS PP565 RDY ZZZ BK KS,150700062A,49.934,KG,2024-11-27,SQBS RAW RDY INT,Complete,,
2,COMPLETE,,1002053233,WABS,WABS WA437 SDD RDY ZZZ BK KS,150761394,12.78,KG,2024-11-27,WABS RAW RDY INT,Complete,,
3,COMPLETE,,1002053231,MEBS,MEBS ME413 RDY ZZZ BK KS,150701122,9.592,KG,2024-11-27,MEBS RAW RDY INT,Complete,,
8,COMPLETE,,1002053234,WABS,WABS WA437 SDD RDY ZZZ BK KS,150761394A,4.864,KG,2024-11-27,WABS RAW RDY INT,Complete,,
,COMPLETE,,1002055521,MECO,MECO APHRODITE RDY ZZZ BK KS,150705613,43,KG,2024-12-02,MECO RAW RDY Ln3 INT,Complete,,
1,COMPLETE,,300094996,WACO,WACO RED RYDER SDL PMD ZZZ BK KS,150673315H,490,KS,2024-12-09,Perform post-prime Germ/Vigor repair to,Complete,,
2,COMPLETE,,300094997,WACO,WACO RED RYDER SDL PMD ZZZ BK KS,150673315,400,KS,2024-12-09,Perform post-prime Germ/Vigor repair to,Complete,,
,COMPLETE,,300095088,WACO,WACO MELODY SDL RDY ZZZ BK KS,150638719B,650,KS,2024-12-09,Perform Genetic Purity Repair to elevate,Complete,,
,COMPLETE,,300095143,WACO,WACO MELODY SDL RDY ZZZ BK KS,150638719,600,KS,2024-12-09,Perform Genetic Purity Repair to elevate,Complete,,
4,COMPLETE,,300094999,WACO,WACO VIRTUE SDL RDY ZZZ BK KS,150638606A,390,KS,2024-12-09,Perform Germ/Vigor repair to elevate cur,Complete,,
3,COMPLETE,,300094998,WACO,WACO VIRTUE SDL RDY ZZZ BK KS,150618978B,775,KS,2024-12-09,Perform Vigor repair to elevate current,Complete,,
6,COMPLETE,,300095001,WACO,WACO DARK KNIGHT SDL RDY ZZZ BK KS,150638610A,347,KS,2024-12-09,Perform Vigor repair to elevate below cu,Complete,,
9,COMPLETE,,300095167,WACO,WACO BAHAMA SDL RDY ZZZ BK KS,150694680,2000,KS,2024-12-09,Perform Germ/Vigor repair to elevate the,Complete,,
,COMPLETE,,300095142,WACO,WACO MELODY SDL RDY ZZZ BK KS,150638719C,650,KS,2024-12-09,Perform Germ/Vigor Repair to elevate cur,Complete,,
,COMPLETE,Standby,300095144,WACO,WACO CAROLINA STGBK SDD RDY ZZZ BK KS,150694679A,2750,KS,2024-12-09,#1 of 3 Carolina Strongback Heavy Germ R,Complete,,
,COMPLETE,Standby,300095145,WACO,WACO CAROLINA STGBK SDD RDY ZZZ BK KS,150694679,2850,KS,2024-12-09,#2 of 3 Carolina Strongback Heavy Germ R,Complete,,
,COMPLETE,Standby,300095146,WACO,WACO CAROLINA STGBK SDD RDY ZZZ BK KS,150694679B,6600,KS,2024-12-09,#3 of 3 Carolina Strongback Heavy Germ R,Complete,,
5,COMPLETE,Standby,300095000,WACO,WACO DARK KNIGHT SDL RDY ZZZ BK KS,150638610B,411,KS,2024-12-09,Perform Genetic Purity repair to elevate,Complete,,
2,COMPLETE,,1002057957,MEBS,MEBS ME749 RDY ZZZ BK KS,150718604,6.94,KG,2024-12-10,MEBS RAW RDY INT,Complete,,
3,COMPLETE,,1002057956,MEBS,MEBS ME758 RDY ZZZ BK KS,150718606,6.7,KG,2024-12-10,MEBS RAW RDY INT,Complete,,
1,COMPLETE,Vanessa,1002048874,CUBS,CUBS CL247 LNG RDY ZZZ BK KS,150699956,0.051,KG,2024-12-10,CUBS RAW RDY INT,Complete,,
20867225,COMPLETE,Vanessa,1002048143,CFCO,CFCO SGC2892 RDY ZZZ BK KS,150618964,3.4,KG,2024-12-10,CFCO RAW RDY Ln2A INT,Complete,,
1,COMPLETE,,300094897,MECO,MECO NOVIRA RDY ZZZ BK KS,150673323,23.6,KG,2024-12-16,Germ Repair 82% to above 90%,Complete,,
,COMPLETE,LINE 6,1002066037,SQBS,SQBS SQ391 RDY ZZZ BK KS,150718520,30.1,KG,2024-12-16,,Complete,,
1,COMPLETE,,1002066971,MEBS,MEBS 1M698 RDY ZZZ BK KS,150718521,14.62,KG,2024-12-26,MEBS RAW RDY INT,Complete,,
2,COMPLETE,,1002066972,MEBS,MEBS ME295 RDY ZZZ BK KS,150718523,13.7,KG,2024-12-26,MEBS RAW RDY INT,Complete,,
3,COMPLETE,,1002066974,MEBS,MEBS ME747 RDY ZZZ BK KS,150718603,2.68,KG,2024-12-27,MEBS RAW RDY INT,Complete,,
4,COMPLETE,,1002066973,MEBS,MEBS ME757 RDY ZZZ BK KS,150718605,6.99,KG,2024-12-27,MEBS RAW RDY INT,Complete,,
5,COMPLETE,,1002066970,SQBS,SQBS PP790 RDY ZZZ BK KS,150718519,13.5,KG,2024-12-27,SQBS RAW RDY INT,Complete,,
7,COMPLETE,,1002067716,SQBS,SQBS SQ593 RDY ZZZ BK KS,150718611,14.71,KG,2024-12-30,SQBS RAW RDY INT,Complete,,
8,COMPLETE,,1002067715,WABS,WABS W4A59 SDD RDY ZZZ BK KS,150708258,11.75,KG,2024-12-30,WABS RAW RDY INT,Complete,,
9,COMPLETE,,1002067714,WABS,WABS WA303 SDD RDY ZZZ BK KS,150708257,16.01,KG,2024-12-30,WABS RAW RDY INT,Complete,,
,COMPLETE,Seed Health,1002033644,CACO,CACO NATHALIE SWE RDH ZZZ BK KS,LNR-23-24467,12,KG,2024-12-31,#15 of 26 CACO Nathalie Seed Health/Cond,Complete,,
,COMPLETE,polished,1002032270,TOCO,TOCO BQ400 PRC RDH ZZZ BK KS,DLR-23-26188,8.6,KG,2024-12-31,#4 of 4 TOCO BQ400 Seed Health/Condition,Complete,,
,COMPLETE,polished,1002032269,TOCO,TOCO BQ400 PRC RDH ZZZ BK KS,DLR-23-26311,11,KG,2024-12-31,#3 of 4 TOCO BQ400 Seed Health/Condition,Complete,,
,COMPLETE,polished,1002032274,TOCO,TOCO BQ273 PRC RDH ZZZ BK KS,LNR-23-25379,8.75,KG,2024-12-31,#4 of 7 TOCO BQ273 Seed Health/Condition,Complete,,
,COMPLETE,polished,1002032267,TOCO,TOCO BQ400 PRC RDH ZZZ BK KS,DLR-23-26185,28.4,KG,2024-12-31,#1 of 4 TOCO BQ400 Seed Health/Condition,Complete,,
,COMPLETE,polished,1002032273,TOCO,TOCO BQ273 PRC RDH ZZZ BK KS,LNR-23-25340,8.75,KG,2024-12-31,#3 of 7 TOCO BQ273 Seed Health/Condition,Complete,,
7,COMPLETE,,1002064216,SQBS,SQBS SQ243 RDY ZZZ BK KS,150749898,28.9,KG,2024-12-31,SQBS RAW RDY INT,Complete,,
8,COMPLETE,,1002064217,WABS,WABS W4A25 SDD RDY ZZZ BK KS,150707334,42.38,KG,2025-01-02,WABS RAW RDY INT,Complete,,
,COMPLETE,SNP Test,300095260,TOCO,TOCO QUALI T 99 DET RDH ZZZ BK KS,LNR-23-25353,925,KS,2025-01-02,Perform Genetic Purity Repair to elevate,Complete,,
,COMPLETE,SNP Test,300095259,TOCO,TOCO QUALI T 99 DET RDH ZZZ BK KS,LNR-23-25316,2350,KS,2025-01-02,Perform Genetic Purity and Germ Repair t,Complete,,
,COMPLETE,polished,1002032277,TOCO,TOCO BQ273 PRC RDH ZZZ BK KS,LNR-23-26537,5.3,KG,2025-01-15,#7 of 7 TOCO BQ273 Seed Health/Condition,Complete,,
,COMPLETE,polished,1002032276,TOCO,TOCO BQ273 PRC RDH ZZZ BK KS,LNR-23-26565,6,KG,2025-01-15,#6 of 7 TOCO BQ273 Seed Health/Condition,Complete,,
,COMPLETE,polished,1002032275,TOCO,TOCO BQ273 PRC RDH ZZZ BK KS,LNR-23-25334,8,KG,2025-01-15,#5 of 7 TOCO BQ273 Seed Health/Condition,Complete,,
,COMPLETE,polished,1002032272,TOCO,TOCO BQ273 PRC RDH ZZZ BK KS,LNR-23-25369,10.8,KG,2025-01-15,#2 of 7 TOCO BQ273 Seed Health/Condition,Complete,,
,COMPLETE,polished,1002032271,TOCO,TOCO BQ273 PRC RDH ZZZ BK KS,LNR-23-25335,11.4,KG,2025-01-15,#1 of 7 TOCO BQ273 Seed Health/Condition,Complete,,
,COMPLETE,polished,1002032268,TOCO,TOCO BQ400 PRC RDH ZZZ BK KS,DLR-23-26314,22.5,KG,2025-01-15,#2 of 4 TOCO BQ400 Seed Health/Condition,Complete,,
,COMPLETE,,1002032278,TOCO,TOCO CAROLINA GLD DET RDH ZZZ BK KS,LNR-23-25359,20.8,KG,2025-01-15,#1 of 1 TOCO Carolina Gold Seed Health/C,Complete,,
,COMPLETE,,1002079516,WACO,WACO SANGRIA SDD RDY ZZZ BK KS,RBR/13966,23,KG,2025-01-16,#1 of 1 WACO Sangria Conditioning proces,Complete,,
,COMPLETE,,1002079515,TOCO,TOCO RFT819064 DET RDH ZZZ BK KS,150801612,3,KG,2025-01-21,#1 of 1 TOCO RFT819064 Conditioning/Seed,Complete,,
,COMPLETE,,1002083794,SQBS,SQBS SQ458 RDY ZZZ BK KS,150718610,8.96,KG,2025-01-24,SQBS RAW RDY INT,Complete,,
,COMPLETE,,1002087328,WABS,WABS WA805 SDD RDY ZZZ BK KS,150708261,27.51,KG,2025-02-08,WABS RAW RDY INT,Complete,,
,COMPLETE,,1002087245,SQBS,SQBS PP566 RDY ZZZ BK KS,150718518,14.64,KG,2025-02-08,SQBS RAW RDY INT,Complete,,
,COMPLETE,,1002087327,SQBS,SQBS SQ281 RDY ZZZ BK KS,150642699,35.4,KG,2025-02-08,SQBS RAW RDY INT,Complete,,
,COMPLETE,,1002087326,WABS,WABS 1W332 SDD RDY ZZZ BK KS,150708260,32.51,KG,2025-02-10,WABS RAW RDY INT,Complete,,
1,COMPLETE,,1002091178,SQBS,SQBS PP799 RDY ZZZ BK KS,150749897,15.2,KG,2025-02-13,SQBS RAW RDY INT,Complete,,
2,COMPLETE,,1002091180,SQBS,SQBS SQ602 RDY ZZZ BK KS,150718614,15.33,KG,2025-02-13,SQBS RAW RDY INT,Complete,,
3,COMPLETE,,1002091179,WABS,WABS W4A36 SDD RDY ZZZ BK KS,150723156,15.77,KG,2025-02-13,WABS RAW RDY INT,Complete,,
,COMPLETE,,1002087330,WABS,WABS WS755 SDD RDY ZZZ BK KS,150707335,6.41,KG,2025-02-14,WABS RAW RDY INT,Complete,,
,COMPLETE,,1002087329,MEBS,MEBS ME569 RDY ZZZ BK KS,150718599,18.27,KG,2025-02-14,MEBS RAW RDY INT,Complete,,
,COMPLETE,,1002091288,WACO,WACO CRISP DELIGHT SDL RDY ZZZ BK KS,150701115,5.02,KG,2025-02-19,#1 of 1 Urgent WACO Crisp Delight Conditioning Orders WACO RDY Ln3 SDL INT,Complete,,
,COMPLETE,,1002102606,CUCO,CUCO FRESCURA LNG RDY ZZZ BK KS,150685049,4,KG,2025-02-28,CUCO RAW RDY INT Ln1,Complete,,
,COMPLETE,,1002106275,SQBS,SQBS PP763 RDY ZZZ BK KS,150748537,3.2,KG,2025-03-10,SQBS RAW RDY INT,Complete,,
,COMPLETE,,1002100100,SQBS,SQBS SQ598 RDY ZZZ BK KS,150718612,47.31,KG,2025-03-12,,Complete,,
,COMPLETE,,1002100097,CUBS,CUBS CL324 LNG RDY ZZZ BK KS,150685052,0.045,KG,2025-03-12,CUBS RAW RDY INT,Complete,,
,COMPLETE,,1002100096,CUBS,CUBS CL287 LNG RDY ZZZ BK KS,150685051,0.075,KG,2025-03-12,CUBS RAW RDY INT,Complete,,
,COMPLETE,,1002100099,SQBS,SQBS SQ579 RDY ZZZ BK KS,150638202,5,KG,2025-03-12,SQBS RAW RDY INT,Complete,,
,COMPLETE,,1002100098,WABS,WABS WA806 SDD RDY ZZZ BK KS,150707332,7.54,KG,2025-03-12,WABS RAW RDY INT,Complete,,
,COMPLETE,,1002100101,SQBS,SQBS SQ599 RDY ZZZ BK KS,150718613,51.64,KG,2025-03-12,SQBS RAW RDY INT,Complete,,
,COMPLETE,,1002108346,WACO,WACO SERPENS SDL RDY ZZZ BK KS,150702556,20,KG,2025-03-18,WACO RDY LN3 SDL INT,Complete,,
,COMPLETE,,1002108120,WABS,WABS 1W081 SDD RDY ZZZ BK KS,150708259,3.24,KG,2025-03-20,WABS RAW RDY INT,Complete,,
,COMPLETE,,1002108121,WABS,WABS 1W399 SDD RDY ZZZ BK KS,150708256,9.65,KG,2025-03-20,WABS RAW RDY INT,Complete,,
1,COMPLETE,,1002110328,WACO,WACO SUGAR RED SDL RDY ZZZ BK KS,150689069,3,KG,2025-03-21,WACO RDY LN3 SDL INT,Complete,,
2,COMPLETE,,120000667,SQTO,SQTO TOLLING SQUASH HS RDY ZZZ BK KS,23417,42,KG,2025-03-21,23417 - Mustang F1,Complete,,
3,COMPLETE,,120000668,SQTO,SQTO TOLLING SQUASH HS RDY ZZZ BK KS,23427,21,KG,2025-03-22,23427 - Early Prince F1,Complete,,
4,COMPLETE,,1002110053,CUCO,CUCO FRESCURA LNG RDY ZZZ BK KS,150685050,31,KG,2025-03-24,CUCO RAW RDY INT Ln1,Complete,,
5,COMPLETE,,1002112730,WACO,WACO CRISP DELIGHT SDL RDY ZZZ BK KS,150767553,42,KG,2025-03-26,WACO RDY LN3 SDL INT,Complete,,
*1,COMPLETE,HN,1002113845,WACO,WACO BLACK JACK SDL RDY ZZZ BK KS,150765729,19,KG,2025-03-26,WACO RDY LN3 SDL INT,Complete,,
*2,COMPLETE,HN,1002113866,WACO,WACO BLACK JACK SDL RDY ZZZ BK KS,150765729A,26,KG,2025-03-26,WACO RDY LN3 SDL INT,Complete,,
*3,COMPLETE,HN,1002113867,WACO,WACO BLACK JACK SDL RDY ZZZ BK KS,150765729B,35,KG,2025-03-26,WACO RDY LN3 SDL INT,Complete,,
,COMPLETE,HN,1002113840,WACO,WACO MELODY SDL RDY ZZZ BK KS,150767547,30,KG,2025-03-26,WACO RDY LN3 SDL INT,Complete,,
6,COMPLETE,,1002112731,WACO,WACO CRISP DELIGHT SDL RDY ZZZ BK KS,150767553A,19,KG,2025-03-27,WACO RDY LN3 SDL INT,Complete,,
7,COMPLETE,HN,1002113841,WACO,WACO MELODY SDL RDY ZZZ BK KS,150767547A,26,KG,2025-03-27,WACO RDY LN3 SDL INT,Complete,,
8,COMPLETE,HN,1002113842,WACO,WACO MELODY SDL RDY ZZZ BK KS,150767547B,16,KG,2025-03-27,WACO RDY LN3 SDL INT,Complete,,
7,COMPLETE,,1002111791,WACO,WACO BARAKA SDD RDY ZZZ BK KS,150694716A,3,KG,2025-03-28,WACO RDY Ln1 SDD INT,Complete,,
8,COMPLETE,,1002111790,WACO,WACO BARAKA SDD RDY ZZZ BK KS,150694716,8.5,KG,2025-03-28,WACO RDY Ln1 SDD INT,Complete,,
1,COMPLETE,,1002113252,WACO,WACO DELICIOSA SDL RDY ZZZ BK KS,150767541,38,KG,2025-03-28,WACO RDY LN3 SDL INT,Complete,,
3,COMPLETE,HN,1002113254,WACO,WACO DELICIOSA SDL RDY ZZZ BK KS,150767541B,29,KG,2025-03-28,WACO RDY LN3 SDL INT,Complete,,
9,COMPLETE,HN,1002113843,WACO,WACO MELODY SDL RDY ZZZ BK KS,150767547C,30,KG,2025-03-28,WACO RDY LN3 SDL INT,Complete,,
10,COMPLETE,HN,1002113844,WACO,WACO MELODY SDL RDY ZZZ BK KS,150767547D,32,KG,2025-03-28,WACO RDY LN3 SDL INT,Complete,,
2,COMPLETE,HN,1002113253,WACO,WACO DELICIOSA SDL RDY ZZZ BK KS,150767541A,30,KG,2025-03-31,WACO RDY LN3 SDL INT,Complete,,
4,COMPLETE,HN,1002113255,WACO,WACO DELICIOSA SDL RDY ZZZ BK KS,150767541C,35,KG,2025-03-31,WACO RDY LN3 SDL INT,Complete,,
4,COMPLETE,HN,1002113868,WACO,WACO ENDLESS SUMMER SDL RDY ZZZ BK KS,150767542,20,KG,2025-03-31,WACO RDY LN3 SDL INT,Complete,,
5,COMPLETE,HN,1002113869,WACO,WACO ENDLESS SUMMER SDL RDY ZZZ BK KS,150767542A,29,KG,2025-03-31,WACO RDY LN3 SDL INT,Complete,,
5,COMPLETE,PE,1002113251,WACO,WACO WDL20484 SDL RDY ZZZ BK KS,150701114,1,KG,2025-04-01,WACO RDY LN3 SDL INT,Complete,,
6,COMPLETE,HN,1002113870,WACO,WACO ENDLESS SUMMER SDL RDY ZZZ BK KS,150767542B,28,KG,2025-04-01,WACO RDY LN3 SDL INT,Complete,,
7,COMPLETE,HN,1002113871,WACO,WACO SIBARITA SDL RDY ZZZ BK KS,150767548,48,KG,2025-04-01,WACO RDY LN3 SDL INT,Complete,,
,COMPLETE,HN,1002119259,WACO,WACO GUARDSMAN SDL RDY ZZZ BK KS,150767545,20,KG,2025-04-01,WACO RDY LN3 SDL INT,Complete,,
,COMPLETE,HN,1002119260,WACO,WACO GUARDSMAN SDL RDY ZZZ BK KS,150767545A,43,KG,2025-04-01,WACO RDY LN3 SDL INT,Complete,,
,COMPLETE,HN,1002119708,WACO,WACO CAPTIVATION SDL RDY ZZZ BK KS,150767540B,32.5,KG,2025-04-01,WACO RDY LN3 SDL INT,Complete,,
,COMPLETE,HN,1002119709,WACO,WACO CAPTIVATION SDL RDY ZZZ BK KS,150767540C,27.5,KG,2025-04-01,WACO RDY LN3 SDL INT,Complete,,
8,COMPLETE,HN,1002113872,WACO,WACO SIBARITA SDL RDY ZZZ BK KS,150767548A,28,KG,2025-04-02,WACO RDY LN3 SDL INT,Complete,,
9,COMPLETE,HN,1002113873,WACO,WACO SIBARITA SDL RDY ZZZ BK KS,150767548B,31,KG,2025-04-02,WACO RDY LN3 SDL INT,Complete,,
,COMPLETE,HN,1002119711,WACO,WACO CAPTIVATION SDL RDY ZZZ BK KS,150767540E,20.5,KG,2025-04-02,WACO RDY LN3 SDL INT,Complete,,
,COMPLETE,HN,1002119712,WACO,WACO CAPTIVATION SDL RDY ZZZ BK KS,150767540F,12,KG,2025-04-02,WACO RDY LN3 SDL INT,Complete,,
1,COMPLETE,,1002120322,WACO,WACO JAVELIN SDL RDY ZZZ BK KS,HNWA25002,16.2,KG,2025-04-02,,Complete,,
2,COMPLETE,,1002120323,WACO,WACO JAVELIN SDL RDY ZZZ BK KS,HNWA25002A,37.6,KG,2025-04-02,,Complete,,
,COMPLETE,,120000682,SQTO,SQTO TOLLING SQUASH HS RDY ZZZ BK KS,23409,45,KG,2025-04-03,23409 - One Ball F1,Complete,,
3,COMPLETE,,1002120324,WACO,WACO JAVELIN SDL RDY ZZZ BK KS,HNWA25002B,16.8,KG,2025-04-03,,Complete,,
4,COMPLETE,,1002120325,WACO,WACO JAVELIN SDL RDY ZZZ BK KS,HNWA25002C,23.3,KG,2025-04-03,,Complete,,
,COMPLETE,,120000702,SQTO,SQTO TOLLING SQUASH HS RDY ZZZ BK KS,23408,33.5,KG,2025-04-03,23408 - HSR 4859 F1,Complete,,
5,COMPLETE,,1002121726,WACO,WACO JAVELIN SDL RDY ZZZ BK KS,HNWA25002D,20.5,KG,2025-04-04,,Complete,,
6,COMPLETE,,1002121727,WACO,WACO JAVELIN SDL RDY ZZZ BK KS,HNWA25002E,29.6,KG,2025-04-04,,Complete,,
1,COMPLETE,,1002122548,WACO,WACO POWERHOUSE SDL RDY ZZZ BK KS,HNWA25006A,9,KG,2025-04-07,WACO RDY LN3 SDL INT,Complete,,
2,COMPLETE,,1002122547,WACO,WACO POWERHOUSE SDL RDY ZZZ BK KS,HNWA25006,14,KG,2025-04-07,WACO RDY LN3 SDL INT,Complete,,
3,COMPLETE,,1002122008,WACO,WACO CRISP DELIGHT SDL RDY ZZZ BK KS,CLWA25000,17.5,KG,2025-04-07,WACO RDY LN3 SDL INT,Complete,,
4,COMPLETE,,1002122009,WACO,WACO CRISP DELIGHT SDL RDY ZZZ BK KS,CLWA25000C,29,KG,2025-04-07,WACO RDY LN3 SDL INT,Complete,,
5,COMPLETE,,1002122550,WACO,WACO SWEET DAWN SDL RDY ZZZ BK KS,HNWA25004,19,KG,2025-04-08,WACO RDY LN3 SDL INT,Complete,,
6,COMPLETE,,1002122551,WACO,WACO SWEET DAWN SDL RDY ZZZ BK KS,HNWA25004A,31,KG,2025-04-08,WACO RDY LN3 SDL INT,Complete,,
7,COMPLETE,,1002122552,WACO,WACO SWEET DAWN SDL RDY ZZZ BK KS,HNWA25004B,28,KG,2025-04-09,WACO RDY LN3 SDL INT,Complete,,
8,COMPLETE,,1002122553,WACO,WACO SWEET DAWN SDL RDY ZZZ BK KS,HNWA25004C,30,KG,2025-04-09,WACO RDY LN3 SDL INT,Complete,,
10,COMPLETE,HN,1002113874,WACO,WACO RED RYDER SDL RDY ZZZ BK KS,150767552,47,KG,2025-04-10,WACO RDY LN3 SDL INT,Complete,,
11,COMPLETE,HN,1002113875,WACO,WACO RED RYDER SDL RDY ZZZ BK KS,150767552A,37,KG,2025-04-10,WACO RDY LN3 SDL INT,Complete,,
9,COMPLETE,,1002122555,WACO,WACO SUGAR RED SDL RDY ZZZ BK KS,HNWA25003,24,KG,2025-04-10,WACO RDY LN3 SDL INT,Complete,,
10,COMPLETE,,1002122556,WACO,WACO SUGAR RED SDL RDY ZZZ BK KS,HNWA25003A,28,KG,2025-04-10,WACO RDY LN3 SDL INT,Complete,,
12,COMPLETE,HN,1002113876,WACO,WACO RED RYDER SDL RDY ZZZ BK KS,150767552B,35,KG,2025-04-11,WACO RDY LN3 SDL INT,Complete,,
13,COMPLETE,HN,1002113877,WACO,WACO RED RYDER SDL RDY ZZZ BK KS,150767552C,38,KG,2025-04-11,WACO RDY LN3 SDL INT,Complete,,
,COMPLETE,HN,1002119706,WACO,WACO CAPTIVATION SDL RDY ZZZ BK KS,150767540,40,KG,2025-04-11,WACO RDY LN3 SDL INT,Complete,,
,COMPLETE,HN,1002119707,WACO,WACO CAPTIVATION SDL RDY ZZZ BK KS,150767540A,16.5,KG,2025-04-11,WACO RDY LN3 SDL INT,Complete,,
11,COMPLETE,,1002122557,WACO,WACO SUGAR RED SDL RDY ZZZ BK KS,HNWA25003B,22,KG,2025-04-11,WACO RDY LN3 SDL INT,Complete,,
13,COMPLETE,,1002122558,WACO,WACO SWEET GEM SDL RDY ZZZ BK KS,HNWA25000,37,KG,2025-04-11,WACO RDY LN3 SDL INT,Complete,,
12,COMPLETE,,120000722,SQTO,SQTO TOLLING SQUASH HS RDY ZZZ BK KS,23411,34,KG,2025-04-11,23411 - Corvette F1,Complete,,
14,COMPLETE,HN,1002113878,WACO,WACO RED RYDER SDL RDY ZZZ BK KS,150767552D,48,KG,2025-04-12,WACO RDY LN3 SDL INT,Complete,,
,COMPLETE,PE,1002117273,WABS,WABS W0A20 SDD RDY ZZZ BK KS,150707333,6.14,KG,2025-04-12,WABS RAW RDY INT,Complete,,
,COMPLETE,PE,1002117274,WABS,WABS W0A20 SDD RDY ZZZ BK KS,150707333A,16.5,KG,2025-04-12,WABS RAW RDY INT,Complete,,
14,COMPLETE,,1002122559,WACO,WACO SWEET GEM SDL RDY ZZZ BK KS,HNWA25000A,35,KG,2025-04-14,WACO RDY LN3 SDL INT,Complete,,
15,COMPLETE,,1002122560,WACO,WACO SWEET GEM SDL RDY ZZZ BK KS,HNWA25000B,42,KG,2025-04-14,WACO RDY LN3 SDL INT,Complete,,
,COMPLETE,HN,1002119926,WACO,WACO CAPTIVATION SDL RDY ZZZ BK KS,150767540D,20,KG,2025-04-15,WACO RDY LN3 SDL INT,Complete,,
16,COMPLETE,,1002122626,WACO,WACO EXCLAMATION SDL RDY ZZZ BK KS,HNWA25001,28,KG,2025-04-15,WACO RDY LN3 SDL INT,Complete,,
17,COMPLETE,,1002122627,WACO,WACO EXCLAMATION SDL RDY ZZZ BK KS,HNWA25001A,33,KG,2025-04-15,WACO RDY LN3 SDL INT,Complete,,
18,COMPLETE,,1002122628,WACO,WACO EXCLAMATION SDL RDY ZZZ BK KS,HNWA25001B,25,KG,2025-04-16,WACO RDY LN3 SDL INT,Complete,,
19,COMPLETE,,1002122629,WACO,WACO EXCLAMATION SDL RDY ZZZ BK KS,HNWA25001C,27,KG,2025-04-16,WACO RDY LN3 SDL INT,Complete,,
1,COMPLETE,,1002123000,WACO,WACO EXCURSION SDL RDY ZZZ BK KS,HNWA25005,15,KG,2025-04-17,WACO RDY LN3 SDL INT,Complete,,
2,COMPLETE,,1002123001,WACO,WACO EXCURSION SDL RDY ZZZ BK KS,HNWA25005A,23,KG,2025-04-17,WACO RDY LN3 SDL INT,Complete,,
,COMPLETE,,300097108,TOCO,TOCO CAROLINA GLD DET RDH ZZZ BK KS,LNR-23-25359,7800,KS,2025-04-18,TOCO RDY RPR GPUR INT,Complete,,
3,COMPLETE,,1002123002,WACO,WACO EXCURSION SDL RDY ZZZ BK KS,HNWA25005B,20,KG,2025-04-21,WACO RDY LN3 SDL INT,Complete,,
4,COMPLETE,,1002123003,WACO,WACO EXCURSION SDL RDY ZZZ BK KS,HNWA25005C,39,KG,2025-04-21,WACO RDY LN3 SDL INT,Complete,,
5,COMPLETE,,1002124001,WACO,WACO EXCURSION SDL RDY ZZZ BK KS,HNWA25005D,39,KG,2025-04-22,WACO RDY LN3 SDL INT,Complete,,
6,COMPLETE,,1002124002,WACO,WACO EXCURSION SDL RDY ZZZ BK KS,HNWA25005E,26,KG,2025-04-22,WACO RDY LN3 SDL INT,Complete,,
1,COMPLETE,,1002127625,CFBS,CFBS CF230 RDY ZZZ BK KS,AZCF25004,43.5,KG,2025-04-22,CFBS RAW RDY INT,Complete,,
7,COMPLETE,,1002124003,WACO,WACO EXCURSION SDL RDY ZZZ BK KS,HNWA25005F,30,KG,2025-04-23,WACO RDY LN3 SDL INT,Complete,,
8,COMPLETE,,1002124004,WACO,WACO EXCURSION SDL RDY ZZZ BK KS,HNWA25005G,30,KG,2025-04-23,WACO RDY LN3 SDL INT,Complete,,
3,COMPLETE,,1002127767,CFBS,CFBS CF405 RDY ZZZ BK KS,AZCF25002,8.17,KG,2025-04-23,CFBS RAW RDY INT,Complete,,
2,COMPLETE,,1002127766,CFBS,CFBS CF405 RDY ZZZ BK KS,AZCF25002A,8.1,KG,2025-04-23,CFBS RAW RDY INT,Complete,,
9,COMPLETE,,1002124005,WACO,WACO EXCURSION SDL RDY ZZZ BK KS,HNWA25005H,37,KG,2025-04-24,WACO RDY LN3 SDL INT,Complete,,
10,COMPLETE,,1002124026,WACO,WACO EXCURSION SDL RDY ZZZ BK KS,HNWA25005J,31,KG,2025-04-24,WACO RDY LN3 SDL INT,Complete,,
11,COMPLETE,,1002124027,WACO,WACO EXCURSION SDL RDY ZZZ BK KS,HNWA25005K,13,KG,2025-04-25,WACO RDY LN3 SDL INT,Complete,,
12,COMPLETE,,1002124028,WACO,WACO EXCURSION SDL RDY ZZZ BK KS,HNWA25005L,17,KG,2025-04-25,WACO RDY LN3 SDL INT,Complete,,
13,COMPLETE,,1002124029,WACO,WACO EXCURSION SDL RDY ZZZ BK KS,HNWA25005M,14,KG,2025-04-28,WACO RDY LN3 SDL INT,Complete,,
1,COMPLETE,,1002124935,WACO,WACO RED RYDER SDL RDY ZZZ BK KS,HNWA25007,47,KG,2025-04-28,WACO RDY LN3 SDL INT,Complete,,
2,COMPLETE,,1002124936,WACO,WACO RED RYDER SDL RDY ZZZ BK KS,HNWA25007A,36,KG,2025-04-29,WACO RDY LN3 SDL INT,Complete,,
3,COMPLETE,,1002124937,WACO,WACO RED RYDER SDL RDY ZZZ BK KS,HNWA25007B,35,KG,2025-04-29,WACO RDY LN3 SDL INT,Complete,,
4,COMPLETE,,1002124938,WACO,WACO RED RYDER SDL RDY ZZZ BK KS,HNWA25007C,29,KG,2025-04-30,WACO RDY LN3 SDL INT,Complete,,
5,COMPLETE,,1002124939,WACO,WACO RED RYDER SDL RDY ZZZ BK KS,HNWA25007D,50,KG,2025-04-30,WACO RDY LN3 SDL INT,Complete,,
6,COMPLETE,,1002124940,WACO,WACO RED RYDER SDL RDY ZZZ BK KS,HNWA25007E,57,KG,2025-05-01,WACO RDY LN3 SDL INT,Complete,,
7,COMPLETE,,1002124941,WACO,WACO RED RYDER SDL RDY ZZZ BK KS,HNWA25007F,41,KG,2025-05-01,WACO RDY LN3 SDL INT,Complete,,
8,COMPLETE,,1002124942,WACO,WACO RED RYDER SDL RDY ZZZ BK KS,HNWA25007G,49,KG,2025-05-02,WACO RDY LN3 SDL INT,Complete,,
4,COMPLETE,,120000743,SQTO,SQTO TOLLING SQUASH HS RDY ZZZ BK KS,23421,62,KG,2025-05-05,23421 - Jack of All Trades F1,Complete,,
5,COMPLETE,,120000744,SQTO,SQTO TOLLING SQUASH HS RDY ZZZ BK KS,23419,48,KG,2025-05-07,23419 - Moon Beam F1,Complete,,
1,COMPLETE,Discuss Results,300097370,WACO,WACO RED RYDER SDL RDY ZZZ BK KS,150767552C,425,KS,2025-05-07,WACO RPR GERM INT Line 3,Complete,,
3,COMPLETE,Retest SNP,300097365,WACO,WACO VIRTUE SDL PMD ZZZ BK KS,150520756A,450,KS,2025-05-08,WACO RPR GERM INT Line 3,Complete,,
3,COMPLETE,ok,300097364,WACO,WACO VIRTUE SDL PMD ZZZ BK KS,150638606H,600,KS,2025-05-09,WACO RPR GERM INT Line 3,Complete,,
8,COMPLETE,,1002129496,SQBS,SQBS SQ540 RDY ZZZ BK KS,CLSQ25001,84,KG,2025-05-10,SQBS RAW RDY INT,Complete,,
9,COMPLETE,,1002129497,SQBS,SQBS SQ610 RDY ZZZ BK KS,CLSQ25002,34,KG,2025-05-10,SQBS RAW RDY INT,Complete,,
10,COMPLETE,,1002129495,SQBS,SQBS 1S071 RDY ZZZ BK KS,CLSQ25000,79,KG,2025-05-12,SQBS RAW RDY INT,Complete,,
1,COMPLETE,LINE 6,1002132908,WACO,WACO SANGRIA SDD RDY ZZZ BK KS,KA-DS-24-14431,50,KG,2025-05-12,WACO RDY Ln1 SDD INT,Complete,,
2,COMPLETE,LINE 6,1002132909,WACO,WACO SANGRIA SDD RDY ZZZ BK KS,KA-DS-24-14223,70,KG,2025-05-12,WACO RDY Ln1 SDD INT,Complete,,
4,COMPLETE,Retest SNP,300097366,WACO,WACO VIRTUE SDL PMD ZZZ BK KS,150638606F,800,KS,2025-05-12,WACO RPR GERM INT Line 3,Complete,,
1,COMPLETE,,1002132910,WACO,WACO SERPENS SDL RDY ZZZ BK KS,150702556A,43,KG,2025-05-13,WACO RDY LN3 SDL INT,Complete,,
5,COMPLETE,Retest SNP,300097367,WACO,WACO VIRTUE SDL PMD ZZZ BK KS,150638606I,650,KS,2025-05-13,WACO RPR GERM INT Line 3,Complete,,
6,COMPLETE,ok,300097368,WACO,WACO VIRTUE SDL PMD ZZZ BK KS,150520756B,625,KS,2025-05-14,WACO RPR GERM INT Line 3,Complete,,
7,COMPLETE,ok,300097369,WACO,WACO VIRTUE SDL PMD ZZZ BK KS,150638606D,400,KS,2025-05-15,WACO RPR GERM INT Line 3,Complete,,
,COMPLETE,,1002133671,WABS,WABS WA805 SDD RDY ZZZ BK KS,150769814,45,KG,2025-05-16,WABS RAW RDY INT,Complete,,
,COMPLETE,,1002132443,SQBS,SQBS SQ626 RDY ZZZ BK KS,PESQ25002,25.55,KG,2025-05-17,SQBS RAW RDY INT,Complete,,
1,COMPLETE,,1002135118,WACO,WACO CRISP DELIGHT SDL RDY ZZZ BK KS,CLWA25000A,49.3,KG,2025-05-19,WACO RDY SDL INT LN5,Complete,,
2,COMPLETE,,1002135119,WACO,WACO CRISP DELIGHT SDL RDY ZZZ BK KS,CLWA25000D,24.3,KG,2025-05-19,WACO RDY SDL INT LN5,Complete,,
1,COMPLETE,,1002135992,WACO,WACO JAVELIN SDL RDY ZZZ BK KS,HNWA25009,38.44,KG,2025-05-20,WACO RDY SDL INT LN5,Complete,,
2,COMPLETE,,1002135993,WACO,WACO JAVELIN SDL RDY ZZZ BK KS,HNWA25009A,42.53,KG,2025-05-20,WACO RDY SDL INT LN5,Complete,,
3,COMPLETE,,1002135994,WACO,WACO JAVELIN SDL RDY ZZZ BK KS,HNWA25009B,44.1,KG,2025-05-21,WACO RDY SDL INT LN5,Complete,,
4,COMPLETE,,1002135995,WACO,WACO JAVELIN SDL RDY ZZZ BK KS,HNWA25009C,47.21,KG,2025-05-21,WACO RDY SDL INT LN5,Complete,,
,COMPLETE,LINE 6,1002135602,CFBS,CFBS 3C210 RDY ZZZ BK KS,AZCF25001,135,KG,2025-05-21,CFBS RAW RDY INT-NON CMS,Complete,,
,COMPLETE,,1002135605,CFBS,CFBS 3C232 RDY ZZZ BK KS,AZCF25003,28,KG,2025-05-21,CFBS RAW RDY INT-NON CMS,Complete,,
5,COMPLETE,,1002135996,WACO,WACO JAVELIN SDL RDY ZZZ BK KS,HNWA25009D,43.49,KG,2025-05-22,WACO RDY SDL INT LN5,Complete,,
6,COMPLETE,,1002136000,WACO,WACO DELICIOSA SDL RDY ZZZ BK KS,HNWA25016,35.62,KG,2025-05-23,WACO RDY SDL INT LN5,Complete,,
7,COMPLETE,,1002136001,WACO,WACO DELICIOSA SDL RDY ZZZ BK KS,HNWA25016A,33.41,KG,2025-05-23,WACO RDY SDL INT LN5,Complete,,
8,COMPLETE,,1002136002,WACO,WACO DELICIOSA SDL RDY ZZZ BK KS,HNWA25016B,37,KG,2025-05-27,WACO RDY LN3 SDL INT,Complete,,
9,COMPLETE,,1002136003,WACO,WACO DELICIOSA SDL RDY ZZZ BK KS,HNWA25016C,20,KG,2025-05-27,WACO RDY LN3 SDL INT,Complete,,
10,COMPLETE,,1002135208,WABS,WABS WA149 SDD RDY ZZZ BK KS,150769815,36.7,KG,2025-05-29,WABS RAW RDY INT,Complete,,
,COMPLETE,,1002137075,CUCO,CUCO DRETOS LNG RDY ZZZ BK KS,CLCU25006,3.59,KG,2025-05-30,CUCO RAW RDY INT Ln1,Complete,,
,COMPLETE,,1002137076,CUCO,CUCO SC201212 SHT RDY ZZZ BK KS,CLCU25010,7.17,KG,2025-05-30,CUCO RAW RDY INT Ln1,Complete,,
,COMPLETE,,1002137077,CUCO,CUCO AIOLOS LNG RDY ZZZ BK KS,CLCU25004,2.39,KG,2025-06-02,CUCO RAW RDY INT Ln1,Complete,,
,COMPLETE,,1002137078,CUCO,CUCO ERICO LNG RDY ZZZ BK KS,CLCU25002,9.79,KG,2025-06-02,CUCO RAW RDY INT Ln1,Complete,,
,COMPLETE,,1002137541,CUCO,CUCO DACNIS SHT RDY ZZZ BK KS,CLCU25008,4.5,KG,2025-06-03,CUCO RAW RDY INT Ln1,Complete,,
,COMPLETE,,1002137542,CUCO,CUCO SKYLUKS SHT RDY ZZZ BK KS,CLCU25009,2.98,KG,2025-06-03,CUCO RAW RDY INT Ln1,Complete,,
,COMPLETE,Priority lot for Juhi,1002138701,SQBS,SQBS SQ578 RDY ZZZ BK KS,CLSQ25003,35.8,KG,2025-06-03,SQBS RAW RDY INT,Complete,,
2,COMPLETE,,1002132911,WACO,WACO EXCURSION SDL RDY ZZZ BK KS,150787129A,11,KG,2025-06-04,WACO RDY LN3 SDL INT,Complete,,
3,COMPLETE,,1002132912,WACO,WACO EXCURSION SDL RDY ZZZ BK KS,150787129B,22,KG,2025-06-04,WACO RDY LN3 SDL INT,Complete,,
1,COMPLETE,,1002138585,CUCO,CUCO SOLTANE SHT RDY ZZZ BK KS,CLCU25007,7.78,KG,2025-06-04,CUCO RAW RDY INT Ln1,Complete,,
2,COMPLETE,,1002138584,CUCO,CUCO ESBEN LNG RDY ZZZ BK KS,CLCU25001,17.27,KG,2025-06-04,CUCO RAW RDY INT Ln1,Complete,,
4,COMPLETE,,1002132913,WACO,WACO EXCURSION SDL RDY ZZZ BK KS,150787129C,42,KG,2025-06-05,WACO RDY LN3 SDL INT,Complete,,
5,COMPLETE,,1002132914,WACO,WACO EXCURSION SDL RDY ZZZ BK KS,150787129D,24,KG,2025-06-05,WACO RDY LN3 SDL INT,Complete,,
3,COMPLETE,,1002138626,CUCO,CUCO RANDALL LNG RDY ZZZ BK KS,CLCU25000,9.25,KG,2025-06-05,CUCO RAW RDY INT Ln1,Complete,,
6,COMPLETE,,1002132915,WACO,WACO CAPTIVATION SDL RDY ZZZ BK KS,150787128A,22,KG,2025-06-06,WACO RDY LN3 SDL INT,Complete,,
7,COMPLETE,,1002132916,WACO,WACO CAPTIVATION SDL RDY ZZZ BK KS,150787128B,48,KG,2025-06-06,WACO RDY LN3 SDL INT,Complete,,
,COMPLETE,,1002137543,MECO,MECO ACCOLADE RDY ZZZ BK KS,KA-DS-24-13558,53,KG,2025-06-06,MECO RAW RDY Ln1 INT,Complete,,
8,COMPLETE,,1002132917,WACO,WACO CAPTIVATION SDL RDY ZZZ BK KS,150787128C,30,KG,2025-06-09,WACO RDY LN3 SDL INT,Complete,,
9,COMPLETE,,1002132918,WACO,WACO CAPTIVATION SDL RDY ZZZ BK KS,150787128D,24,KG,2025-06-09,WACO RDY LN3 SDL INT,Complete,,
1,COMPLETE,Priority,1002140365,WACO,WACO JAVELIN SDL RDY ZZZ BK KS,HNWA25009E,42,KG,2025-06-09,WACO RDY LN3 SDL INT,Complete,,
2,COMPLETE,Priority,1002140406,WACO,WACO JAVELIN SDL RDY ZZZ BK KS,HNWA25009F,53,KG,2025-06-09,WACO RDY LN3 SDL INT,Complete,,
10,COMPLETE,,1002132919,WACO,WACO CAPTIVATION SDL RDY ZZZ BK KS,150787128E,18,KG,2025-06-10,WACO RDY LN3 SDL INT,Complete,,
11,COMPLETE,,1002132920,WACO,WACO CAPTIVATION SDL RDY ZZZ BK KS,150787128F,21,KG,2025-06-10,WACO RDY LN3 SDL INT,Complete,,
,COMPLETE,,1002140423,WABS,WABS WA013 SDD RDY ZZZ BK KS,,50.7,KG,2025-06-10,WABS RAW RDY INT,Complete,,
8,COMPLETE,Line6,1002140415,WACO,WACO CRISP DELIGHT SDL RDY ZZZ BK KS,HNWA25015A,45,KG,2025-06-10,WACO RDY LN3 SDL INT,Complete,,
9,COMPLETE,Line 6,1002140414,WACO,WACO CRISP DELIGHT SDL RDY ZZZ BK KS,HNWA25015,53,KG,2025-06-10,WACO RDY LN3 SDL INT,Complete,,
12,COMPLETE,,1002132921,WACO,WACO CAPTIVATION SDL RDY ZZZ BK KS,150787128G,36,KG,2025-06-11,WACO RDY LN3 SDL INT,Complete,,
13,COMPLETE,,1002132922,WACO,WACO CAPTIVATION SDL RDY ZZZ BK KS,150787128H,28,KG,2025-06-11,WACO RDY LN3 SDL INT,Complete,,
10,COMPLETE,Line 6,1002140416,WACO,WACO CRISP DELIGHT SDL RDY ZZZ BK KS,HNWA25015B,40,KG,2025-06-11,WACO RDY LN3 SDL INT,Complete,,
11,COMPLETE,Line 6,1002140419,WACO,WACO DELICIOSA SDL RDY ZZZ BK KS,HNWA25016D,21,KG,2025-06-11,WACO RDY LN3 SDL INT,Complete,,
12,COMPLETE,Line 6,1002140420,WACO,WACO DELICIOSA SDL RDY ZZZ BK KS,HNWA25016E,15,KG,2025-06-12,WACO RDY LN3 SDL INT,Complete,,
13,COMPLETE,Line 6,1002140421,WACO,WACO DELICIOSA SDL RDY ZZZ BK KS,HNWA25016F,21,KG,2025-06-12,WACO RDY LN3 SDL INT,Complete,,
14,COMPLETE,Line 6,1002140422,WACO,WACO DELICIOSA SDL RDY ZZZ BK KS,HNWA25016G,19,KG,2025-06-13,WACO RDY LN3 SDL INT,Complete,,
1,COMPLETE,,1002140371,WACO,WACO BLACK JACK SDL RDY ZZZ BK KS,HNWA25008,19,KG,2025-06-13,WACO RDY LN3 SDL INT,Complete,,
3,COMPLETE,Priority,300097721,CACO,CACO MEXICA HOT RDH ZZZ BK KS,LNR-24-7355,1000,KS,2025-06-13,CACO RDY RPR GPUR INT,Complete,,
4,COMPLETE,Priority,300097720,CACO,CACO TLAPANECO HOT RDH ZZZ BK KS,DLR-24-8925,1800,KS,2025-06-13,CACO RDY RPR GPUR INT,Complete,,
5,COMPLETE,Priority,1002140642,MEBS,MEBS ME650 RDY ZZZ BK KS,PEME25022,2.99,KG,2025-06-13,,Complete,,
6,COMPLETE,Priority,1002140643,MEBS,MEBS ME724 RDY ZZZ BK KS,PEME25020,7.7,KG,2025-06-13,,Complete,,
7,COMPLETE,Priority,1002140644,MEBS,MEBS ME726 RDY ZZZ BK KS,PEME25021,7,KG,2025-06-13,,Complete,,
,COMPLETE,Priority,1002141758,CUCO,CUCO SIRIANA LNG RDY ZZZ BK KS,CLCU25005,17.37,KG,2025-06-13,CUCO RAW RDY INT Ln1,Complete,,
4,COMPLETE,,1002138656,WABS,WABS WA437 SDD RDY ZZZ BK KS,150769839,5.25,KG,2025-06-14,WABS RAW RDY INT,Complete,,
5,COMPLETE,,1002138655,WABS,WABS WA516 SDD RDY ZZZ BK KS,150798172,9.61,KG,2025-06-14,WABS RAW RDY INT,Complete,,
6,COMPLETE,,1002138657,WABS,WABS WA437 SDD RDY ZZZ BK KS,15069839A,27.57,KG,2025-06-14,WABS RAW RDY INT,Complete,,
7,COMPLETE,LINE 6,1002138658,WABS,WABS WA560 SDD RDY ZZZ BK KS,150798175,99.88,KG,2025-06-14,WABS RAW RDY INT,Complete,,
8,COMPLETE,,1002138654,WABS,WABS 1W328 SDD RDY ZZZ BK KS,150798174,19.495,KG,2025-06-16,WABS RAW RDY INT,Complete,,
2,COMPLETE,,1002140373,WACO,WACO BLACK JACK SDL RDY ZZZ BK KS,HNWA25008B,24,KG,2025-06-16,WACO RDY LN3 SDL INT,Complete,,
3,COMPLETE,,1002140372,WACO,WACO BLACK JACK SDL RDY ZZZ BK KS,HNWA25008A,34,KG,2025-06-16,WACO RDY LN3 SDL INT,Complete,,
4,COMPLETE,,1002140374,WACO,WACO BLACK JACK SDL RDY ZZZ BK KS,HNWA25008C,37,KG,2025-06-17,WACO RDY LN3 SDL INT,Complete,,
5,COMPLETE,Line 6,1002140375,WACO,WACO MELODY SDL RDY ZZZ BK KS,HNWA25017,41,KG,2025-06-17,WACO RDY LN3 SDL INT,Complete,,
6,COMPLETE,Line 6,1002140376,WACO,WACO MELODY SDL RDY ZZZ BK KS,HNWA25017A,25,KG,2025-06-18,WACO RDY LN3 SDL INT,Complete,,
7,COMPLETE,Line 6,1002140377,WACO,WACO MELODY SDL RDY ZZZ BK KS,HNWA25017B,47,KG,2025-06-18,WACO RDY LN3 SDL INT,Complete,,
9,COMPLETE,,1002138660,SQBS,SQBS SQ623 RDY ZZZ BK KS,PESQ25000,17.23,KG,2025-06-19,SQBS RAW RDY INT,Complete,,
10,COMPLETE,,1002138661,SQBS,SQBS SQ624 RDY ZZZ BK KS,PESQ25001,19.225,KG,2025-06-19,SQBS RAW RDY INT,Complete,,
11,COMPLETE,,1002138659,SQBS,SQBS SQ578 RDY ZZZ BK KS,PESQ25003,33.58,KG,2025-06-19,SQBS RAW RDY INT,Complete,,
8,COMPLETE,Line 6,1002140378,WACO,WACO MELODY SDL RDY ZZZ BK KS,HNWA25017C,34,KG,2025-06-19,WACO RDY LN3 SDL INT,Complete,,
9,COMPLETE,,1002140806,WABS,WABS WM814 SDD RDY ZZZ BK KS,150769840,30,KG,2025-06-19,WABS RAW RDY INT,Complete,,
,COMPLETE,Priority,1002142487,WABS,WABS 1W594 SDD RDY ZZZ BK KS,150798171,25.09,KG,2025-06-20,WABS RAW RDY INT,Complete,,
,COMPLETE,Priority,1002142488,WABS,WABS 1W594 SDD RDY ZZZ BK KS,150798171A,20.95,KG,2025-06-20,WABS RAW RDY INT,Complete,,
,COMPLETE,Priority,1002142489,WABS,WABS 1W594 SDD RDY ZZZ BK KS,150798171B,22.4,KG,2025-06-20,WABS RAW RDY INT,Complete,,
,COMPLETE,,1002142490,MEBS,MEBS ME417 RDY ZZZ BK KS,CLME25000,5.03,KG,2025-06-20,MEBS RAW RDY INT,Complete,,
,COMPLETE,,1002142935,WACO,WACO CAPTIVATION SDL RDY ZZZ BK KS,HNWA25020,25,KG,2025-06-23,WACO RDY LN3 SDL INT,Complete,,
,COMPLETE,,1002142936,WACO,WACO CAPTIVATION SDL RDY ZZZ BK KS,HNWA25020A,25,KG,2025-06-24,WACO RDY LN3 SDL INT,Complete,,
,COMPLETE,,1002142937,WACO,WACO CAPTIVATION SDL RDY ZZZ BK KS,HNWA25020B,38,KG,2025-06-24,WACO RDY LN3 SDL INT,Complete,,
,COMPLETE,LINE 6,1002144469,WACO,WACO SERPENS SDL RDY ZZZ BK KS,PEWA25024,73,KG,2025-06-24,WACO RDY LN3 SDL INT,Complete,,
,COMPLETE,,1002141625,SQBS,SQBS PP565 RDY ZZZ BK KS,CLSQ25005,24.4,KG,2025-06-25,SQBS RAW RDY INT,Complete,,
,COMPLETE,,1002142938,WACO,WACO SIBARITA SDL RDY ZZZ BK KS,HNWA25018,45,KG,2025-06-25,WACO RDY LN3 SDL INT,Complete,,
,COMPLETE,LINE 6,1002144470,WACO,WACO SERPENS SDL RDY ZZZ BK KS,PEWA25024A,73,KG,2025-06-25,WACO RDY LN3 SDL INT,Complete,,
,COMPLETE,LINE 6,1002144471,WACO,WACO SERPENS SDL RDY ZZZ BK KS,PEWA25024B,75,KG,2025-06-25,WACO RDY LN3 SDL INT,Complete,,
,COMPLETE,LINE 6,1002144472,WACO,WACO SERPENS SDL RDY ZZZ BK KS,PEWA25024D,33,KG,2025-06-26,WACO RDY LN3 SDL INT,Complete,,
1,COMPLETE,,1002144474,WACO,WACO DELICIOSA SDL RDY ZZZ BK KS,HNWA25016H,20,KG,2025-06-26,WACO RDY LN3 SDL INT,Complete,,
2,COMPLETE,,1002144473,WACO,WACO JAVELIN SDL RDY ZZZ BK KS,HNWA25009G,60,KG,2025-06-26,WACO RDY LN3 SDL INT,Complete,,
3,COMPLETE,,1002144476,WACO,WACO DELICIOSA SDL RDY ZZZ BK KS,HNWA25016K,19,KG,2025-06-27,WACO RDY LN3 SDL INT,Complete,,
4,COMPLETE,,1002144475,WACO,WACO DELICIOSA SDL RDY ZZZ BK KS,HNWA25016,20,KG,2025-06-27,WACO RDY LN3 SDL INT,Complete,,
5,COMPLETE,,1002144477,WACO,WACO DELICIOSA SDL RDY ZZZ BK KS,HNWA25016,26,KG,2025-06-27,WACO RDY LN3 SDL INT,Complete,,
,COMPLETE,,1002141946,MECO,MECO MS0528 RDY ZZZ BK KS,PEME25027,38,KG,2025-06-30,MECO RAW RDY Ln1 INT,Complete,,
6,COMPLETE,,1002144152,MECO,MECO ASTOUND RDY ZZZ BK KS,150791559,46,KG,2025-07-01,MECO RAW RDY Ln1 INT,Complete,,
7,COMPLETE,,1002146083,CFBS,CFBS 3C387 RDY ZZZ BK KS,CRCF25001,18.26,KG,2025-07-01,CFBS RAW RDY INT-NON CMS,Complete,,
8,COMPLETE,,1002146300,WACO,WACO CATO SDL RDY ZZZ BK KS,HNWA25013A,14,KG,2025-07-02,WACO RDY LN3 SDL INT,Complete,,
9,COMPLETE,,1002146299,WACO,WACO CATO SDL RDY ZZZ BK KS,HNWA25013,15,KG,2025-07-02,WACO RDY LN3 SDL INT,Complete,,
10,COMPLETE,,1002146301,WACO,WACO CATO SDL RDY ZZZ BK KS,HNWA25013B,15,KG,2025-07-02,WACO RDY LN3 SDL INT,Complete,,
,COMPLETE,Priority,0300097772,WACO,WACO JAVELIN SDL RDY ZZZ BK KS,HNWA25009,666.969,KS,2025-07-03,WACO RPR GERM INT Line 3,Complete,,
,COMPLETE,Priority,0300097773,WACO,WACO JAVELIN SDL RDY ZZZ BK KS,HNWA25009A,755.717,KS,2025-07-03,WACO RPR GERM INT Line 3,Complete,,
11,COMPLETE,,1002146303,WACO,WACO ESCARLETT SDD RDY ZZZ BK KS,150797630,25,KG,2025-07-03,WACO RDY Ln1 SDD INT,Complete,,
12,COMPLETE,,1002146304,WACO,WACO ESCARLETT SDD RDY ZZZ BK KS,150797630-A,35,KG,2025-07-03,WACO RDY Ln1 SDD INT,Complete,,
13,COMPLETE,,1002146302,WACO,WACO SANGRIA SDD RDY ZZZ BK KS,150796460,40,KG,2025-07-03,WACO RDY Ln1 SDD INT,Complete,,
14,COMPLETE,,300098050,WACO,WACO SERPENS SDL PMD ZZZ BK KS,150702556,440,KS,2025-07-03,Physical purity repair,Complete,,
15,COMPLETE,,300098049,WACO,WACO SERPENS SDL PMD ZZZ BK KS,150702556A,1050,KS,2025-07-03,Physical purity repair,Complete,,
,COMPLETE,,1002143098,WABS,WABS WA012 SDD RDY ZZZ BK KS,FLWA25000,9.3,KG,2025-07-08,WABS RAW RDY INT,Complete,,
,COMPLETE,,1002143097,SQBS,SQBS PP419 RDY ZZZ BK KS,FLSQ25000,22.21,KG,2025-07-08,SQBS RAW RDY INT,Complete,,
,COMPLETE,,1002142940,WACO,WACO RED RYDER SDL RDY ZZZ BK KS,HNWA25012A,27,KG,2025-07-18,WACO RDY LN3 SDL INT,Complete,,
,COMPLETE,,1002142939,WACO,WACO RED RYDER SDL RDY ZZZ BK KS,HNWA25012,29,KG,2025-07-18,WACO RDY LN3 SDL INT,Complete,,
,COMPLETE,,1002142942,WACO,WACO RED RYDER SDL RDY ZZZ BK KS,HNWA25012C,33,KG,2025-07-21,WACO RDY LN3 SDL INT,Complete,,
,COMPLETE,,1002142941,WACO,WACO RED RYDER SDL RDY ZZZ BK KS,HNWA25012B,35,KG,2025-07-21,WACO RDY LN3 SDL INT,Complete,,
,COMPLETE,,1002142944,WACO,WACO GUARDSMAN SDL RDY ZZZ BK KS,HNWA25019,20,KG,2025-07-22,WACO RDY LN3 SDL INT,Complete,,
,COMPLETE,,1002142943,WACO,WACO RED RYDER SDL RDY ZZZ BK KS,HNWA25012D,40,KG,2025-07-22,WACO RDY LN3 SDL INT,Complete,,
,COMPLETE,,1002142945,WACO,WACO GUARDSMAN SDL RDY ZZZ BK KS,HNWA25019A,49,KG,2025-07-23,WACO RDY LN3 SDL INT,Complete,,
,COMPLETE,,1002143746,WACO,WACO ESCARLETT SDD RDY ZZZ BK KS,150797764,59,KG,2025-07-23,WACO RDY Ln1 SDD INT,Complete,,
,COMPLETE,,1002143747,WACO,WACO ESCARLETT SDD RDY ZZZ BK KS,150797764-A,23,KG,2025-07-24,WACO RDY Ln1 SDD INT,Complete,,
17,COMPLETE,,1002144585,MECO,MECO ACCOLADE RDY ZZZ BK KS,1462,32.59,KG,2025-07-28,MECO RAW RDY Ln1 INT,Complete,,
,COMPLETE,,1002147872,MECO,MECO ACCOLADE RDY ZZZ BK KS,,10.08,KG,2025-07-29,MECO RAW RDY Ln1 INT,Complete,,
,COMPLETE,,1002147871,MECO,MECO MAMUT RDY ZZZ BK KS,,53.66,KG,2025-07-30,MECO RAW RDY Ln1 INT,Complete,,
,COMPLETE,,1002149669,MEBS,MEBS ME776 RDY ZZZ BK KS,PEME25019,9.6,KG,2025-07-14,MEBS RAW RDY INT,Complete,,
,COMPLETE,,1002149670,SQBS,SQBS SQ619 RDY ZZZ BK KS,CLSQ25010,15,KG,2025-07-14,SQBS RAW RDY INT,Complete,,
16,COMPLETE,,2400007121,WACO,WACO CRISP DELIGHT SDL RDY ZZZ BK KS,HNWA25015B,1335,KS,2025-07-08,WACO RDY RPR PPUR INT,Complete,,
,COMPLETE,,1002137313,TOCO,TOCO BQ400 PRC RDH ZZZ BK KS,PETO25000,9.98,KG,2025-06-03,TOCO RAW RDH Bac INT,Complete,,
,COMPLETE,TEST SNP,300097736,WACO,WACO EXCURSION SDL PMD ZZZ BK KS,150638613,200,KS,2025-07-11,WACO RPR GERM INT Line 3,Complete,,
12,COMPLETE,TEST SNP,300097799,WACO,WACO RED RYDER SDL RDY ZZZ BK KS,150767552,300,KS,2025-06-27,WACO RPR GERM INT Line 3,Complete,,
,COMPLETE,TEST SNP,300097735,WACO,WACO EXCURSION SDL PMD ZZZ BK KS,150638613P,800,KS,2025-07-11,WACO RPR GERM INT Line 3,Complete,,
,COMPLETE,TEST SNP,300097984,WACO,WACO CAPTIVATION SDL RDY ZZZ BK KS,150638608T,550,KS,2025-07-25,WACO RPR GERM INT Line 3,Complete,,
,COMPLETE,,1002149871,WACO,WACO MELODY SDL RDY ZZZ BK KS,HNWA25017F,18,KG,2025-07-11,WACO RDY LN3 SDL INT,Complete,,
,COMPLETE,,1002149870,WACO,WACO MELODY SDL RDY ZZZ BK KS,HNWA25017E,23,KG,2025-07-11,WACO RDY LN3 SDL INT,Complete,,
,COMPLETE,,1002149869,WACO,WACO MELODY SDL RDY ZZZ BK KS,HNWA25017D,30,KG,2025-07-11,WACO RDY LN3 SDL INT,Complete,,
,COMPLETE,,1002149873,WACO,WACO VIRTUE SDL RDY ZZZ BK KS,HNWA25011A,46,KG,2025-07-14,WACO RDY LN3 SDL INT,Complete,,
,COMPLETE,,1002149872,WACO,WACO VIRTUE SDL RDY ZZZ BK KS,HNWA25011,50,KG,2025-07-14,WACO RDY LN3 SDL INT,Complete,,
,COMPLETE,,1002150618,WACO,WACO JAVELIN SDL RDY ZZZ BK KS,HNWA25009J,48,KG,2025-07-16,WACO RDY LN3 SDL INT,Complete,,
,COMPLETE,,1002150617,WACO,WACO JAVELIN SDL RDY ZZZ BK KS,HNWA25009H,50,KG,2025-07-16,WACO RDY LN3 SDL INT,Complete,,
,COMPLETE,,1002149674,MEBS,MEBS ME229 RDY ZZZ BK KS,PEME258015,3.87,KG,2025-07-17,MEBS RAW RDY INT,Complete,,
,COMPLETE,,1002150421,SQBS,SQBS 1S088 RDY ZZZ BK KS,CLSQ25004,79,KG,2025-07-25,SQBS RAW RDY INT,Complete,,
,COMPLETE,,1002137314,TOCO,TOCO BQ400 PRC RDH ZZZ BK KS,PETO25000A,4.32,KG,2025-06-03,,Complete,,
,COMPLETE,,1002151001,WACO,WACO JAVELIN SDL RDY ZZZ BK KS,HNWA25009K,39,KG,2025-07-17,WACO RDY LN3 SDL INT,Complete,,
,COMPLETE,,1002151003,WACO,WACO JAVELIN SDL RDY ZZZ BK KS,HNWA25009L,40,KG,2025-07-17,WACO RDY LN3 SDL INT,Complete,,
,COMPLETE,,1002151004,WACO,WACO JAVELIN SDL RDY ZZZ BK KS,HNWA25009M,39,KG,2025-07-18,WACO RDY LN3 SDL INT,Complete,,
,COMPLETE,,1002151005,WACO,WACO JAVELIN SDL RDY ZZZ BK KS,HNWA25009N,42,KG,2025-07-18,WACO RDY LN3 SDL INT,Complete,,
,COMPLETE,,1002151026,WACO,WACO JAVELIN SDL RDY ZZZ BK KS,HNWA25009P,30,KG,2025-07-21,WACO RDY LN3 SDL INT,Complete,,
,COMPLETE,,1002151027,WACO,WACO JAVELIN SDL RDY ZZZ BK KS,HNWA25009Q,42,KG,2025-07-21,WACO RDY LN3 SDL INT,Complete,,
,COMPLETE,,1002151029,WACO,WACO JAVELIN SDL RDY ZZZ BK KS,HNWA25009R,37,KG,2025-07-22,WACO RDY LN3 SDL INT,Complete,,
,COMPLETE,,1002151028,WACO,WACO JAVELIN SDL RDY ZZZ BK KS,HNWA25009S,59,KG,2025-07-22,WACO RDY LN3 SDL INT,Complete,,
,COMPLETE,,1002151031,WACO,WACO JAVELIN SDL RDY ZZZ BK KS,HNWA25009U,45,KG,2025-07-23,WACO RDY LN3 SDL INT,Complete,,
,COMPLETE,,1002151030,WACO,WACO JAVELIN SDL RDY ZZZ BK KS,HNWA25009T,46,KG,2025-07-23,WACO RDY LN3 SDL INT,Complete,,
,COMPLETE,,1002152614,MEBS,MEBS ME697 RDY ZZZ BK KS,PEME25016,7.13,KG,2025-07-24,MEBS RAW RDY INT,Complete,,
,COMPLETE,,1002151033,WACO,WACO JAVELIN SDL RDY ZZZ BK KS,HNWA25009W,35,KG,2025-07-24,WACO RDY LN3 SDL INT,Complete,,
,COMPLETE,,1002151032,WACO,WACO JAVELIN SDL RDY ZZZ BK KS,HNWA25009V,40,KG,2025-07-24,WACO RDY LN3 SDL INT,Complete,,
,COMPLETE,,1002151034,WACO,WACO JAVELIN SDL RDY ZZZ BK KS,HNWA25009X,32,KG,2025-07-25,WACO RDY LN3 SDL INT,Complete,,
,COMPLETE,,1002152616,SQBS,SQBS SQ604 RDY ZZZ BK KS,CLSQ25014A,35.8,KG,2025-07-25,SQBS RAW RDY INT,Complete,,
,COMPLETE,,1002151035,WACO,WACO JAVELIN SDL RDY ZZZ BK KS,HNWA25009Y,40,KG,2025-07-25,WACO RDY LN3 SDL INT,Complete,,
,COMPLETE,,1002152615,SQBS,SQBS SQ604 RDY ZZZ BK KS,CLSQ25014,49.8,KG,2025-07-25,SQBS RAW RDY INT,Complete,,
,COMPLETE,,1002152617,MEBS,MEBS ME760 RDY ZZZ BK KS,PEME25018,1.8,KG,2025-07-28,MEBS RAW RDY INT,Complete,,
,COMPLETE,,1002151037,WACO,WACO JAVELIN SDL RDY ZZZ BK KS,HNWA25009AA,33,KG,2025-07-28,WACO RDY LN3 SDL INT,Complete,,
,COMPLETE,,1002151036,WACO,WACO JAVELIN SDL RDY ZZZ BK KS,HNWA25009Z,40,KG,2025-07-28,WACO RDY LN3 SDL INT,Complete,,
,COMPLETE,,1002151038,WACO,WACO CRISP DELIGHT SDL RDY ZZZ BK KS,HNWA25015C,35,KG,2025-07-29,WACO RDY LN3 SDL INT,Complete,,
,COMPLETE,,1002152472,CUCO,CUCO VIGGO LNG RDY ZZZ BK KS,CLCU25003,11.73,KG,2025-08-04,CUCO RAW RDY INT Ln1,Complete,,
,COMPLETE,,1002152618,SQBS,SQBS SQ624 RDY ZZZ BK KS,CLSQ25012,30,KG,2025-08-01,SQBS RAW RDY INT,Complete,,
,COMPLETE,,1002152455,MECO,MECO ACCOLADE RDY ZZZ BK KS,150796830-A,26.62,KG,2025-08-01,MECO RAW RDY Ln1 INT,Complete,,
,COMPLETE,,1002154960,MEBS,MEBS ME698 RDY ZZZ BK KS,PEME25017,3.39,KG,2025-08-01,MEBS RAW RDY INT,Complete,,
,COMPLETE,Jesse,1002149675,SQBS,SQBS SQ623 RDY ZZZ BK KS,CLSQ25011,30,KG,2025-08-01,SQBS RAW RDY INT,Complete,,
,COMPLETE,TEST SNP,300097855,WACO,WACO CAPTIVATION SDL PMD ZZZ BK KS,150638608M,450,KS,2025-08-01,WACO RPR GERM INT Line 3,Complete,,
,COMPLETE,TEST SNP,300098009,WACO,WACO BLACK JACK SDL RDY ZZZ BK KS,HNWA25008,200,KS,2025-08-01,WACO RPR GERM INT Line 3,Complete,,
,COMPLETE,,1002154740,CFCO,CFCO ARAGONITE RDY ZZZ BK KS,CRCF25003,50,KG,2025-08-05,CFCO RAW RDY Ln2A INT,Complete,,
,COMPLETE,,1002156665,CFCO,CFCO ARAGONITE RDY ZZZ BK KS,CRCF25003B,8,KG,2025-08-05,CFCO RAW RDY Ln2A INT,Complete,,
,COMPLETE,,1002156664,CFCO,CFCO ARAGONITE RDY ZZZ BK KS,CRCF25003A,65,KG,2025-08-06,CFCO RAW RDY Ln2A INT,Complete,,
,COMPLETE,,1002156101,CFCO,CFCO NABOO RDY ZZZ BK KS,CRCF25002B,7,KG,2025-08-07,CFCO RAW RDY Ln2A INT,Complete,,
,COMPLETE,,1002156100,CFCO,CFCO NABOO RDY ZZZ BK KS,CRCF25002A,21,KG,2025-08-07,CFCO RAW RDY Ln2A INT,Complete,,
,COMPLETE,,1002156099,CFCO,CFCO NABOO RDY ZZZ BK KS,CRCF25002,22,KG,2025-08-07,CFCO RAW RDY Ln2A INT,Complete,,
,COMPLETE,,1002156024,BRBS,BRBS EK476 RDY ZZZ BK KS,CRBR25002,0.6,KG,2025-08-08,BRBS RAW RDY INT-NON CMS,Complete,,
,COMPLETE,,1002157221,BRBS,BRBS 2B184 RDY ZZZ BK KS,CRBR25001A,5.87,KG,2025-08-08,High priority due to moisture,Complete,,
,COMPLETE,,1002157220,BRBS,BRBS 2B184 RDY ZZZ BK KS,CRBR25001,11.19,KG,2025-08-08,High priority due to moisture,Complete,,
,COMPLETE,,1002156025,BRBS,BRBS BB147 RDY ZZZ BK KS,CRBR25003,13.34,KG,2025-08-08,BRBS RAW RDY INT-NON CMS,Complete,,
,COMPLETE,,1002156186,BRBS,BRBS BB175 RDY ZZZ BK KS,CRBR25004,30.68,KG,2025-08-08,BRBS RAW RDY INT-NON CMS,Complete,,
,COMPLETE,,1002156103,WACO,WACO SUGAR RED SDL RDY ZZZ BK KS,GTWA25000A,1.4,KG,2025-08-11,WACO RDY LN3 SDL INT,Complete,,
,COMPLETE,,1002156102,WACO,WACO SUGAR RED SDL RDY ZZZ BK KS,GTWA25000,1.5,KG,2025-08-11,WACO RDY LN3 SDL INT,Complete,,
,COMPLETE,Jesse Germ,300098282,WACO,WACO BLACK JACK SDL RDY ZZZ BK KS,HNWA25008C,350,KS,2025-08-11,WACO RPR GERM INT Line 3,Complete,,
,COMPLETE,Jesse Germ,300098283,WACO,WACO RED RYDER SDL RDY ZZZ BK KS,150767552,300,KS,2025-08-11,WACO RPR GERM INT Line 3,Complete,,
,COMPLETE,,1002156105,WACO,WACO SWEET GEM SDL RDY ZZZ BK KS,HNWA25014,20,KG,2025-08-12,WACO RDY LN3 SDL INT,Complete,,
,COMPLETE,,1002156104,WACO,WACO SWEET GEM SDL RDY ZZZ BK KS,HNWA25014A,21,KG,2025-08-18,WACO RDY LN3 SDL INT,Complete,,
,COMPLETE,Jesse Germ,300098284,WACO,WACO RED RYDER SDL RDY ZZZ BK KS,150767552A,300,KS,2025-08-18,WACO RPR GERM INT Line 3,Complete,,
,COMPLETE,Jesse Germ,300098285,WACO,WACO RED RYDER SDL RDY ZZZ BK KS,150767552D,450,KS,2025-08-18,WACO RPR GERM INT Line 3,Complete,,
,COMPLETE,,1002156167,WACO,WACO SWEET GEM SDL RDY ZZZ BK KS,HNWA25014C,25,KG,2025-08-19,WACO RDY LN3 SDL INT,Complete,,
,COMPLETE,,1002156166,WACO,WACO SWEET GEM SDL RDY ZZZ BK KS,HNWA25014B,27,KG,2025-08-19,WACO RDY LN3 SDL INT,Complete,,
,COMPLETE,,1002156169,WACO,WACO SWEET GEM SDL RDY ZZZ BK KS,HNWA25014E,20,KG,2025-08-20,WACO RDY LN3 SDL INT,Complete,,
,COMPLETE,,1002156168,WACO,WACO SWEET GEM SDL RDY ZZZ BK KS,HNWA25014D,28,KG,2025-08-20,WACO RDY LN3 SDL INT,Complete,,
,COMPLETE,,1002156170,WACO,WACO SWEET GEM SDL RDY ZZZ BK KS,HNWA25014F,23,KG,2025-08-21,WACO RDY LN3 SDL INT,Complete,,
,COMPLETE,,1002156171,WACO,WACO SWEET GEM SDL RDY ZZZ BK KS,HNWA25014G,25,KG,2025-08-21,WACO RDY LN3 SDL INT,Complete,,
,COMPLETE,,1002156172,WACO,WACO SWEET GEM SDL RDY ZZZ BK KS,HNWA25014H,21,KG,2025-08-22,WACO RDY LN3 SDL INT,Complete,,
,COMPLETE,,1002156173,WACO,WACO SWEET GEM SDL RDY ZZZ BK KS,HNWA25014J,27,KG,2025-08-22,WACO RDY LN3 SDL INT,Complete,,
,COMPLETE,,1002156174,WACO,WACO SWEET GEM SDL RDY ZZZ BK KS,HNWA25014K,27,KG,2025-08-25,WACO RDY LN3 SDL INT,Complete,,
,COMPLETE,,1002156175,WACO,WACO SWEET GEM SDL RDY ZZZ BK KS,HNWA25014AL,28,KG,2025-08-25,WACO RDY LN3 SDL INT,Complete,,
,COMPLETE,,1002156659,WACO,WACO FASCINATION SDL RDY ZZZ BK KS,HNWA25010A,25,KG,2025-08-26,WACO RDY LN3 SDL INT,Complete,,
,COMPLETE,,1002156658,WACO,WACO FASCINATION SDL RDY ZZZ BK KS,HNWA25010,35,KG,2025-08-26,WACO RDY LN3 SDL INT,Complete,,
,COMPLETE,,1002156660,WACO,WACO FASCINATION SDL RDY ZZZ BK KS,HNWA25010B,35,KG,2025-08-27,WACO RDY LN3 SDL INT,Complete,,
,COMPLETE,,1002156661,WACO,WACO BAHAMA SDL RDY ZZZ BK KS,HNWA25021,49,KG,2025-08-27,WACO RDY LN3 SDL INT,Complete,,
,COMPLETE,,1002156663,WACO,WACO BAHAMA SDL RDY ZZZ BK KS,HNWA25021B,40,KG,2025-08-28,WACO RDY LN3 SDL INT,Complete,,
,COMPLETE,,1002156662,WACO,WACO BAHAMA SDL RDY ZZZ BK KS,HNWA25021A,45,KG,2025-08-28,WACO RDY LN3 SDL INT,Complete,,
,COMPLETE,Jesse Germ,300098021,WACO,WACO MELODY SDL RDY ZZZ BK KS,HNWA25017B,650,KS,2025-08-29,WACO RPR GERM INT Line 3,Complete,,
,COMPLETE,,1002157222,WABS,WABS W0A20 SDD RDY ZZZ BK KS,150798173,42.59,KG,2025-08-07,High priority for HN production,Complete,,
,COMPLETE,,1002157224,WABS,WABS 1W594 SDD RDY ZZZ BK KS,150798171D,7.3,KG,2025-08-08,High priority for HN production,Complete,,
,COMPLETE,,1002157223,WABS,WABS 1W594 SDD RDY ZZZ BK KS,150798171C,27,KG,2025-08-08,High priority for HN production,Complete,,
,COMPLETE,,1002160011,WACO,WACO SERPENS SDL RDY ZZZ BK KS,PEWA25024F,37,KG,2025-09-02,WACO RDY LN3 SDL INT,Complete,,
,COMPLETE,,1002160010,WACO,WACO SERPENS SDL RDY ZZZ BK KS,PEWA25024E,40,KG,2025-09-02,WACO RDY LN3 SDL INT,Complete,,
,COMPLETE,,1002160012,WACO,WACO SERPENS SDL RDY ZZZ BK KS,PEWA25024G,42,KG,2025-09-03,WACO RDY LN3 SDL INT,Complete,,
,COMPLETE,Jesse Germ,300098324,WACO,WACO VIRTUE SDL RDY ZZZ BK KS,HNWA25011,700,KS,2025-09-03,Please repair germ from 86.5 to above 90,Complete,,
,COMPLETE,Jesse Germ,300098325,WACO,WACO RED RYDER SDL RDY ZZZ BK KS,150767552B,300,KS,2025-09-03,Please repair germ from 72.75% to above,Complete,,
,COMPLETE,Jesse Germ,300098326,WACO,WACO MELODY SDL RDY ZZZ BK KS,HNWA25017E,350,KS,2025-09-03,Please repair germ from 87.25% to above,Complete,,
,COMPLETE,,1002160014,WACO,WACO SERPENS SDL RDY ZZZ BK KS,PEWA25024J,15,KG,2025-09-04,WACO RDY LN3 SDL INT,Complete,,
,COMPLETE,,1002160013,WACO,WACO SERPENS SDL RDY ZZZ BK KS,,59,KG,2025-09-03,WACO RDY LN3 SDL INT,Complete,,
,COMPLETE,,1002161666,MECO,MECO OVATION RDY ZZZ BK KS,HNME25000,26.03,KG,2025-09-11,MECO RAW RDY Ln1 INT,Complete,,
,COMPLETE,,1002156488,SPCO,SPCO LE CAPOEIRA RDY ZZZ  BK KS,WASP25002,20,KG,2025-08-29,SPCO RAW RDY INT,Complete,,
,COMPLETE,,2400007165,WACO,WACO CRISP DELIGHT SDL RDY ZZZ BK KS,HNWA25015C,1200,KS,2025-09-03,Please repair to above standard:  Yellow,Complete,,
,COMPLETE,Jesse Germ 10/07,300098258,WACO,WACO BLACK JACK SDL PMD ZZZ BK KS,HNWA25008B,250,KS,2025-09-19,Please repair germ from 84.5 to at least,Complete,,
,COMPLETE,Jesse Germ 10/07,300098257,WACO,WACO BLACK JACK SDL PMD ZZZ BK KS,HNWA25008A,400,KS,2025-09-19,Please repair germ from 80.25 to at leas,Complete,,
,COMPLETE,Jesse Germ 10/07,300098256,WACO,WACO MELODY SDL PMD ZZZ BK KS,HNWA25017C,475,KS,2025-09-19,Please repair germ from 84 to at least 9,Complete,,
,COMPLETE,,300098255,WACO,WACO MELODY SDL RDY ZZZ BK KS,HNWA25017,550,KS,2025-09-19,Please repair germ from 82.25 to at leas,Complete,,
,COMPLETE,,300098259,WACO,WACO JAVELIN SDL RDY ZZZ BK KS,HNWA25009S,600,KS,2025-09-19,Please repair germ from 85.25 to above 9,Complete,,
,COMPLETE,,1002156486,SPCO,SPCO EL MAJESTIC RDY ZZZ BK KS,WASP25001,19.79,KG,2025-09-04,SPCO RAW RDY INT,Complete,,
,COMPLETE,,300098489,WACO,WACO JAVELIN SDL RDY ZZZ BK KS,HNWA25009M,,KS,2025-09-26,Please repair germ from 87 to above 90%.,Complete,,
,COMPLETE,,1002168212,WABS,WABS 1W328 SDD RDY ZZZ BK KS,SV25013A,8.2,KG,2025-09-11,WABS  RAW RDY INT,Complete,,
,COMPLETE,,1002168213,SQBS,SQBS 1S133 RDY ZZZ BK KS,SVSQ25000,41.61,KG,2025-09-11,SQBS RAW RDY INT,Complete,,
,COMPLETE,,1002168214,WABS,WABS W0A20 SDD RDY ZZZ BK KS,SVWA25017,45.67,KG,2025-09-11,WABS  RAW RDY INT,Complete,,
,COMPLETE,,1002168266,MECO,MECO MAMUT RDY ZZZ BK KS,PEME25024,33.905,KG,2025-09-29,MECO RAW RDY Ln1 INT,Complete,,
,COMPLETE,,1002156487,SPCO,SPCO KUDURO RDY,WASP25000,20,KG,2025-09-19,SPCO RAW RDY INT,Complete,,
,COMPLETE,,2400007068,CFCO,CFCO CAUC7132 RDY ZZZ BK KS,,2100,KS,2025-08-22,Failed Tare for high inert.  Please repa,Complete,,
,COMPLETE,,1002170384,WACO,WACO SUGAR RED SDL RDY ZZZ BK KS,GTWA25000B,3,KG,2025-09-26,WACO RDY LN3 SDL INT,Complete,,
,COMPLETE,,1002170084,WABS,WABS WA013 SDD RDY ZZZ BK KS,SVWA25019A,2.78,KG,2025-09-30,WABS RAW RDY INT,Complete,,
,COMPLETE,,1002170085,WABS,WABS WM779 SDD RDY ZZZ BK KS,,7.258,KG,2025-09-30,WABS RAW RDY INT,Complete,,
,COMPLETE,,1002172158,WABS,WABS WA013 SDD RDY ZZZ BK KS,SVWA25019,44.41,KG,2025-09-25,WABS RAW RDY INT,Complete,,
,COMPLETE,,1002172238,SQCO,SQCO GOLDEN GLORY RDY ZZZ BK KS,150834023-C,48,KG,2025-09-30,SQCO RAW RDY Ln1 INT,Complete,,
,COMPLETE,,1002170757,SQBS,SQBS PP781 RDY ZZZ BK KS,SVSQ25013,20.39,KG,2025-10-04,SQBS RAW RDY INT,Complete,,
,COMPLETE,,1002170758,SQBS,SQBS PP678 RDY ZZZ BK KS,SVSQ25009,27.15,KG,2025-10-01,SQBS RAW RDY INT,Complete,,
,COMPLETE,,1002170760,SQBS,SQBS 1S235 RDY ZZZ BK KS,SVSQ25001,6.98,KG,2025-10-01,SQBS RAW RDY INT,Complete,,
,COMPLETE,,1002170759,SQBS,SQBS PP763 RDY ZZZ BK KS,SVSQ25012,14.962,KG,2025-10-02,SQBS RAW RDY INT,Complete,,
,COMPLETE,,1002170755,WABS,WABS 1W164 SDD RDY ZZZ BK KS,SVWA25021,15.83,KG,2025-10-02,WABS RAW RDY INT,Complete,,
,COMPLETE,,1002170756,WABS,WABS WM561 SDD RDY ZZZ BK KS,SVWA25014,17.02,KG,2025-10-02,WABS RAW RDY INT,Complete,,
,COMPLETE,Priority 1,1002174929,WABS,WABS 1W030 SDD RDY ZZZ BK KS,SVWA25018,29.84,KG,2025-10-03,WABS RAW RDY INT,Complete,,
,COMPLETE,,2400007247,WABS,WABS 1W594 SDD RDY ZZZ BK KS,150798171C,348.747,KS,2025-10-03,WABS RDY RPR PPUR INT,Complete,,
,COMPLETE,,1002172163,WABS,WABS 1W420 SDD RDY ZZZ BK KS,SVWA25025,26.66,KG,2025-10-03,WABS RAW RDY INT,Complete,,
,COMPLETE,,1002172159,WABS,WABS 1W029 SDD RDY ZZZ BK KS,SVWA25024,28.19,KG,2025-10-06,WABS RAW RDY INT,Complete,,
,COMPLETE,,1002174935,WABS,WABS WA437 SDD RDY ZZZ BK KS,SVWA25023,34.7,KG,2025-10-06,WABS RAW RDY INT,Complete,,
,COMPLETE,,1002174934,WABS,WABS 1W030 SDD RDY ZZZ BK KS,SVWA25018A,5.88,KG,2025-10-06,WABS RAW RDY INT,Complete,,
,COMPLETE,,1002174933,WABS,WABS 1W162 SDD RDY ZZZ BK KS,SVWA25020,9.6,KG,2025-10-07,WABS RAW RDY INT,Complete,,
,COMPLETE,,1002170763,CUBS,CUBS CL255 LNG RDY ZZZ BK KS,SVCU25001,0.394,KG,2025-10-07,CUBS RAW RDY INT,Complete,,
,COMPLETE,,1002174937,CUBS,CUBS CL334 LNG RDY ZZZ BK KS,SVCU25003,4.16,KG,2025-10-07,CUBS RAW RDY INT,Complete,,
,COMPLETE,,1002174938,CUBS,CUBS CL355 LNG RDY ZZZ BK KS,SVCU25004,4.728,KG,2025-10-07,CUBS RAW RDY INT,Complete,,
,COMPLETE,,1002172165,SQBS,SQBS SQ575 RDY ZZZ BK KS,SVSQ25021,149.5,KG,2025-10-10,SQBS RAW RDY INT,Complete,,
,COMPLETE,,1002177785,SQBS,SQBS SQ672 RDY ZZZ BK KS,SVSQ25028,8.39,KG,2025-10-31,SQBS RAW RDY INT,Complete,,
,COMPLETE,,1002179006,SQBS,SQBS SQ667 RDY ZZZ BK KS,SVSQ25025,9.62,KG,2025-11-05,SQBS RAW RDY INT,Complete,,
,COMPLETE,,1002179008,SQBS,SQBS SQ673 RDY ZZZ BK KS,SVSQ25029,16.95,KG,2025-11-05,SQBS RAW RDY INT,Complete,,
,COMPLETE,,1002170761,SQBS,SQBS 1S133 RDY ZZZ BK KS,SVSQ25000A,60.01,KG,2025-10-09,SQBS RAW RDY INT,Complete,,
,COMPLETE,,1002172162,SQBS,SQBS PP068 RDY ZZZ BK KS,SVSQ25002,10.16,KG,2025-10-08,SQBS RAW RDY INT,Complete,,
,COMPLETE,,1002172164,SQBS,SQBS SQ540 RDY ZZZ BK KS,SVSQ25020,37.87,KG,2025-10-08,SQBS RAW RDY INT,Complete,,
,COMPLETE,,1002172161,SQBS,SQBS PP439 RDY ZZZ BK KS,SVSQ25004,53.75,KG,2025-10-08,SQBS RAW RDY INT,Complete,,
,COMPLETE,,1002170762,SQBS,SQBS SQ241 RDY ZZZ BK KS,SVSQ25015,20.12,KG,2025-10-09,SQBS RAW RDY INT,,,
,COMPLETE,,1002174932,SQBS,SQBS PP614 RDY ZZZ BK KS,SVSQ20006,33.19,KG,2025-10-09,SQBS RAW RDY INT,Complete,,
,COMPLETE,,1002174936,SQBS,SQBS SQ458 RDY ZZZ BK KS,SVSQ20022,40.04,KG,2025-10-10,SQBS RAW RDY INT,Complete,,
,COMPLETE,,300098669,MECO,MECO MAMUT RDY ZZZ BK KS,PEME25024,1101.1,KS,2025-10-11,Please repair for 86% germ to above 90%,Complete,,
,COMPLETE,Rush,300098620,CACO,CACO SYCAMORE SWE RDH ZZZ BK KS,LNR-24-12581,1207,KS,2025-10-15,CACO RDY RPR GPUR INT,Complete,,
,COMPLETE,Rush,300098621,CACO,CACO PALADIN SWE RDH ZZZ BK KS,150685766,642,KS,2025-10-15,CACO RPR GERM INT,Complete,,
,COMPLETE,,1002174931,SQBS,SQBS PP758 RDY ZZZ BK KS,SVSQ25033,30.05,KG,2025-10-10,SQBS RAW RDY INT,Complete,,
2,COMPLETE,,1002177780,WABS,WABS 1W332 SDD RDY ZZZ BK KS,SVWA25026,6.02,KG,2025-10-31,WABS RAW RDY INT,Complete,,
3,COMPLETE,,1002177784,SQBS,SQBS SQ668 RDY ZZZ BK KS,SVSQ25026,19.31,KG,2025-10-31,SQBS RAW RDY INT,Complete,,
4,COMPLETE,,1002177783,SQBS,SQBS SQ470 RDY ZZZ BK KS,SVSQ25032,24.15,KG,2025-10-31,SQBS RAW RDY INT,Complete,,
1,COMPLETE,Line 6,2400007302,MECO,MECO MS1031 RDY ZZZ BK KS,150706117,3281.102,KS,2025-10-21,Re-work for splits/light seed found in t,Complete,,
5,COMPLETE,,1002177778,SQBS,SQBS PP699 RDY ZZZ BK KS,SVSQ25010,30.91,KG,2025-10-31,SQBS RAW RDY INT,Complete,,
6,COMPLETE,,1002177781,SQBS,SQBS PP790 RDY ZZZ BK KS,SVSQ25014,33.88,KG,2025-10-31,SQBS RAW RDY INT,Complete,,
7,COMPLETE,,1002177779,SQBS,SQBS PP602 RDY ZZZ BK KS,SVSQ25005,42.54,KG,2025-10-31,SQBS RAW RDY INT,Complete,,
8,COMPLETE,,1002177782,SQBS,SQBS SQ260 RDY ZZZ BK KS,SVSQ25016,42.63,KG,2025-10-31,SQBS RAW RDY INT,Complete,,
,COMPLETE,,1002179568,WACO,WACO SUGAR RED SDL RDY ZZZ BK KS,GTWA25001,4.9,KG,2025-11-03,WACO RDY LN3 SDL INT,Complete,,
,COMPLETE,,1002178881,SQBS,SQBS PP762 RDY ZZZ BK KS,SVSQ25011,12.97,KG,2025-11-05,SQBS RAW RDY INT,Complete,,
,COMPLETE,,1002179007,SQBS,SQBS SQ669 RDY ZZZ BK KS,SVSQ25027,18.85,KG,2025-11-05,SQBS RAW RDY INT,Complete,,
,COMPLETE,,1002178882,MEBS,MEBS 1M698 RDY ZZZ BK KS,SVME25002,21.55,KG,2025-11-05,MEBS RAW RDY INT,Complete,,
,COMPLETE,,1002178883,SQBS,SQBS SQ325 RDY ZZZ BK KS,SVSQ25018,29.55,KG,2025-11-05,SQBS RAW RDY INT,Complete,,
,COMPLETE,,1002178885,SQBS,SQBS SQ320 RDY ZZZ BK KS,SVSQ25017,40.15,KG,2025-11-05,SQBS RAW RDY INT,Complete,,
,COMPLETE,,1002178884,SQBS,SQBS SQ326 RDY ZZZ BK KS,SVSQ25019,44.85,KG,2025-11-05,SQBS RAW RDY INT,0,,
,COMPLETE,,1002180025,SQBS,SQBS SQ667 RDY ZZZ BK KS,SVSQ25025A,8.73,KG,2025-11-05,SQBS RAW RDY INT,Complete,,
,COMPLETE,,1002186031,MEBS,MEBS ME701 RDY ZZZ BK KS,SVME25010,10.55,KG,2025-11-08,MEBS RAW RDY INT,Complete,,
,COMPLETE,,1002174930,SQBS,SQBS PP619 RDY ZZZ BK KS,SVSQ25007,75,KG,2025-10-18,SQBS RAW RDY INT,Complete,,
,COMPLETE,,1002186457,MEBS,MEBS 1M692 RDY ZZZ BK KS,SVME25001,7.81,KG,2025-11-26,MEBS RAW RDY INT,Complete,,
,COMPLETE,Jesse Germ,300098369,WACO,WACO MELODY SDL RDY ZZZ BK KS,HNWA25017F,230,KS,2025-10-15,Please repair germ from 86% to above 90.,Complete,,
,COMPLETE,Jesse Germ,300098626,WACO,WACO FASCINATION SDL RDY ZZZ BK KS,HNWA5010A,1000,KS,2025-10-15,Please repair germ from 79.75% to above,Complete,,
,COMPLETE,,0300098954,TOCO,TOCO GRAN SENDERO DET RDH ZZZ BK KS,DLR-24-5941,444.183,KS,2025-11-13,TOCO RDY RPR GPURITY INT LN5,Complete,,
,COMPLETE,Jesse Germ 01/29,300098814,WACO,WACO FASCINATION SDL RDY ZZZ BK KS,150432062BA,950,KS,2025-12-31,Please repair germ from 85.5% to above 9,Complete,,
,COMPLETE,,1002186463,MEBS,MEBS ME694 RDY ZZZ BK KS,SVME25009,3.24,KG,2025-11-27,MEBS RAW RDY INT,Complete,,
,COMPLETE,,1002186461,MEBS,MEBS ME454 RDY ZZZ BK KS,SVME25006,4.89,KG,2025-11-27,MEBS RAW RDY INT,Complete,,
,COMPLETE,,1002186459,MEBS,MEBS ME417 RDY ZZZ BK KS,SVME25004,5.98,KG,2025-11-27,MEBS RAW RDY INT,Complete,,
,COMPLETE,,300098954,TOCO,TOCO GRAN SENDERO DET RDH ZZZ BK KS,,440,KS,2025-11-13,TOCO RDY RPR GPUR INT,Complete,,
,COMPLETE,,300099024,WACO,WACO BLACK JACK SDL RDY ZZZ BK KS,,950,KS,2025-11-27,Please repair germ from 87.75 to above 9,Complete,,
,COMPLETE,,1002186462,MEBS,MEBS ME462 RDY ZZZ BK KS,SVME25007,5.99,KG,2025-11-27,MEBS RAW RDY INT,Complete,,
,COMPLETE,,1002186458,MEBS,MEBS 1M281 RDY ZZZ BK KS,SVME25000,16.53,KG,2025-11-27,MEBS RAW RDY INT,Complete,,
,COMPLETE,,1002187003,MECO,MECO ME23-3885 RDY ZZZ BK KS,PEME25007,16.46,KG,2025-11-19,MECO RAW RDY Ln1 INT,Complete,,
,COMPLETE,,1002187004,MECO,MECO ME23-3887 RDY ZZZ BK KS,PEME25008,5.04,KG,2025-11-19,MECO RAW RDY Ln1 INT,Complete,,
,COMPLETE,,1002187005,MECO,MECO MS23-3665 RDY ZZZ BK KS,PEME25010,16.31,KG,2025-11-20,MECO RAW RDY Ln1 INT,Complete,,
,COMPLETE,,1002187106,MECO,MECO MS23-3709 RDY ZZZ BK KS,PEME25009,16.03,KG,2025-11-20,MECO RAW RDY Ln1 INT,Complete,,
,COMPLETE,Line 6,1002187277,EGCO,EGCO SANTANA RDY ZZZ BK KS,150855616,58,KG,2025-11-21,EGCO RAW RDY Ln3 INT,Complete,,
,COMPLETE,,1002187547,WABS,WABS W5A81 SDD RDY ZZZ BK KS,PEWA25019,5.22,KG,2025-11-24,WABS RAW RDY INT,Complete,,
,COMPLETE,,1002187279,WABS,WABS W3A24 SDD RDY ZZZ BK KS,PEWA25017,6.14,KG,2025-11-24,WABS RAW RDY INT,Complete,,
,COMPLETE,,1002187546,WABS,WABS W5A80 SDD RDY ZZZ BK KS,PEWA25018,6.69,KG,2025-11-24,WABS RAW RDY INT,Complete,,
,COMPLETE,,1002187283,WABS,WABS W5A77 SDD RDY ZZZ BK KS,PEWA25015,7.67,KG,2025-11-24,WABS RAW RDY INT,Complete,,
,COMPLETE,,1002187282,WABS,WABS W5A74 SDD RDY ZZZ BK KS,PEWA25021,8.19,KG,2025-11-25,WABS RAW RDY INT,Complete,,
,COMPLETE,,1002187278,WABS,WABS WA791 SDD RDY ZZZ BK KS,PEWA25010,10.27,KG,2025-11-25,WABS RAW RDY INT,Complete,,
,COMPLETE,,1002187284,WABS,WABS W5A78 SDD RDY ZZZ BK KS,PEWA25011,13.45,KG,2025-11-25,WABS RAW RDY INT,Complete,,
,COMPLETE,,1002187280,WABS,WABS W5A72 SDD RDY ZZZ BK KS,PEWA25013,14,KG,2025-11-25,WABS RAW RDY INT,Complete,,
,COMPLETE,,1002187281,WABS,WABS W5A73 SDD RDY ZZZ BK KS,PEWA25016,14,KG,2025-11-26,WABS RAW RDY INT,Complete,,
,COMPLETE,,1002187285,WABS,WABS W5A79 SDD RDY ZZZ BK KS,PEWA25012,21.24,KG,2025-11-26,WABS RAW RDY INT,Complete,,
,COMPLETE,,1002187108,MECO,MECO MS0528 RDY ZZZ BK KS,PEME25004,29.72,KG,2025-12-01,MECO RAW RDY Ln1 INT,Complete,,
,COMPLETE,,1002189227,MECO,MECO T REX RDY ZZZ BK KS,PEME25001,28.17,KG,2025-12-01,MECO RAW RDY Ln1 INT,Complete,,
,COMPLETE,,1002189228,MECO,MECO MB19707 RDY ZZZ BK KS,PEME25011,14.53,KG,2025-12-02,MECO RAW RDY Ln1 INT,Complete,,
,COMPLETE,Jesse Germ 01/29,300099025,WACO,WACO PETITE PER SDL RDY ZZZ BK KS,150409637,900,KS,2025-12-31,Please repair germ from 85 to above 90%.,Complete,,
,COMPLETE,Jesse Germ,300099119,WACO,WACO BAHAMA SDL PMD ZZZ BK KS,150638720H,350,KS,2026-01-30,Please repair germ from 87 to above 90%.,Complete,,
,COMPLETE,Hand  Sort,300099115,WACO,WACO SWEET GEM SDL RDY ZZZ BK KS,HNWA25014H,300,KS,2025-12-31,Please repair genetic purity,Complete,,
,COMPLETE,,1002198608,WABS,WABS W5A76 SDD RDY ZZZ BK KS,PEWA25020,3.18,KG,2025-12-23,WABS RAW RDY INT,Complete,,
,COMPLETE,,1002198606,WABS,WABS WS347 SDD RDY ZZZ BK KS,PEWA25026,4.1,KG,2025-12-23,WABS RAW RDY INT,Complete,,
,COMPLETE,,1002198607,WABS,WABS W5A75 SDD RDY ZZZ BK KS,PEWA25014,6.21,KG,2025-12-23,WABS RAW RDY INT,Complete,,
,COMPLETE,,1002186460,MEBS,MEBS ME421 RDY ZZZ BK KS,SVME25005,12.53,KG,2025-12-05,MEBS RAW RDY INT,Complete,,
,COMPLETE,,1002198405,WABS,WABS 1W376 SDD RDY ZZZ BK KS,SVWA25022,54.5,KG,2025-12-23,WABS RAW RDY INT,Complete,,
,COMPLETE,,300099375,WABS,WABS 1W030 SDD RDY ZZZ BK KS,150200747,498,KS,2025-12-30,WABS RDY RPR GERM INT,Complete,,
,COMPLETE,,1002202101,WABS,WABS WS813 SDD RDY ZZZ BK KS,PEWA25027,6.87,KG,2025-12-31,WABS RAW RDY INT,Complete,,
,COMPLETE,,1002202249,MECO,MECO OVATION RDY ZZZ BK KS,150864859,21.62,KG,2026-01-05,MECO RAW RDY Ln1 INT,Complete,,
,COMPLETE,,1002202250,MECO,MECO OVATION RDY ZZZ BK KS,150864859-A,22.76,KG,2026-01-05,MECO RAW RDY Ln1 INT,Complete,,
,COMPLETE,Jesse Germ,300098810,WACO,WACO SUGAR COAT SDL RDY ZZZ BK KS,150638605C,350,KS,2025-12-23,Please repair germ from 88 to above 90%.,Complete,,
,COMPLETE,Jesse Germ,300098811,WACO,WACO SUGAR COAT SDL RDY ZZZ BK KS,150638605B,325,KS,2025-12-23,Please repair germ from 84% to above 90,Complete,,
,COMPLETE,Jesse Germ,300098812,WACO,WACO FASCINATION SDL RDY ZZZ BK KS,150431891Y,900,KS,2025-12-23,Please repair germ from 86% to above 90.,Complete,,
,COMPLETE,Jesse Germ,300098813,WACO,WACO FASCINATION SDL RDY ZZZ BK KS,150431891O,1100,KS,2026-01-07,WACO RPR GERM INT Line 3,Complete,,
,COMPLETE,Jesse Germ,300099118,WACO,WACO FASCINATION SDL RDY ZZZ BK KS,HNWA25010,1000,KS,2026-01-07,Please repair germ from 86 to above 90%.,Complete,,
,COMPLETE,Jesse Germ,300099163,WACO,WACO FASCINATION SDL PMD ZZZ BK KS,150309236U,550,KS,2026-01-07,Please repair germ from 87 to above 90%,Complete,,
,COMPLETE,Jesse Germ,300099117,WACO,WACO SWEET GEM SDL RDY ZZZ BK KS,HNWA25014K,350,KS,2026-01-07,Please repair germ from 84.25 to above 9,Complete,,
,COMPLETE,Hand Sorting,300099429,WACO,WACO BAHAMA SDL RDY ZZZ BK KS,HNWA5021A,716.919,KS,2026-01-16,Please repair genetic purity,Complete,,
,COMPLETE,,1002205054,MEBS,MEBS 1M063 RDY ZZZ BK KS,180894512,15.07,KG,2026-01-20,MEBS RAW RDY INT,Complete,,
,COMPLETE,,1002204976,MECO,MECO MS23-3648 RDY ZZZ BK KS,150895713,15.7,KG,2026-01-20,MECO RAW RDY Ln1 INT,Complete,,
,COMPLETE,,300099506,WABS,WABS WA792 SDD RDY ZZZ BK KS,SVWA25027,1100,KS,2026-01-21,WABS RDY RPR GERM INT,Complete,,
,COMPLETE,,300099507,WABS,WABS W5A79 SDD RDY ZZZ BK KS,PEWA25012,430,KS,2026-01-22,WABS RDY RPR GERM INT,Complete,,
,COMPLETE,,1002214533,WABS,WABS WS797 SDD RDY ZZZ BK KS,150894513,7.3,KG,2026-01-22,WABS RAW RDY INT,Complete,,
,COMPLETE,,1002214532,WABS,WABS WA013 SDD RDY ZZZ BK KS,PEWA25009,78.12,KG,2026-01-27,WABS RAW RDY INT,Complete,,
,COMPLETE,,1002222066,MECO,MECO MS23-3733 RDY ZZZ BK KS,150895714,13.11,KG,2026-01-29,MECO RAW RDY Ln1 INT,Complete,,
,COMPLETE,,1002222097,WACO,WACO PRESTIGE SDL RDY ZZZ BK KS,PEWA25025,42,KG,2026-01-30,WACO RDY LN3 SDL INT,Complete,,
,COMPLETE,RUSH,1002227758,WACO,WACO GOLDEN CRISP SDL RDY ZZZ BK KS,PEWA25008,28.88,KG,2026-02-06,WACO RDY LN3 SDL INT,Complete,,
,COMPLETE,,1002227965,WACO,WACO WDL20484 SDL RDY ZZZ BK KS,PEWA25007,8,KG,2026-02-13,Please rush!,Complete,,
,COMPLETE,Jesse Germ 01/29,300099349,WACO,WACO FASCINATION SDL RDY ZZZ BK KS,HNWA5010B,800,KS,2026-01-07,Please repair germ from 83.25 to above 9,Complete,,
,COMPLETE,,1002227305,CFCO,CFCO SGC2203 RDY ZZZ BK KS,150869362,19.75,KG,2026-02-09,CFCO RAW RDY Ln2A INT,Complete,,
,COMPLETE,,1002228107,WACO,WACO SIRIUS SDL RDY ZZZ BK KS,PEWA25026,18,KG,2026-02-10,WACO RDY LN3 SDL INT,Complete,,
,COMPLETE,,1002228106,WACO,WACO PRESTIGE SDL RDY ZZZ BK KS,PEWA25006,48,KG,2026-02-11,WACO RDY LN3 SDL INT,Complete,,
,COMPLETE,,1002228265,WABS,WABS WA805 SDD RDY ZZZ BK KS,,29.7,KG,2026-02-12,WABS RAW RDY INT,Complete,,
,COMPLETE,,300100229,CACO,CACO SYCAMORE SWE RDH ZZZ BK KS,,1400,KS,2026-02-23,CACO RPR GERM INT,Complete,,
,COMPLETE,,300100230,CACO,CACO SYCAMORE SWE RDH ZZZ BK KS,,1400,KS,2026-02-23,CACO RPR GERM INT,Complete,,
,COMPLETE,RUSH,1002241616,WACO,WACO GOLDEN CRISP SDL RDY ZZZ BK KS,PEWA25008A,48.14,KG,2026-03-06,WACO RDY LN3 SDL INT,Complete,,
,COMPLETE,,1002241758,WACO,WACO BRIGADE SDL RDY ZZZ BK KS,,25,KG,2026-03-09,WACO RDY LN3 SDL INT,Complete,,
,COMPLETE,RUSH,1002243800,WACO,WACO YELLOW BITE SDLRDY ZZZ BK KS,PEWA25005,37.98,KG,2026-03-09,WACO RDY LN3 SDL INT,Complete,,
,COMPLETE,,1002246405,WACO,WACO DELICIOSA SDL RDY ZZZ BK KS,,55,KG,2026-03-16,Please rush!,Complete,,
,COMPLETE,,1002246466,WACO,WACO DELICIOSA SDL RDY ZZZ BK KS,,55,KG,2026-03-16,Please rush!,Complete,,
,COMPLETE,HOLD Vanessa,1002246467,WACO,WACO VIRTUE SDL RDY ZZZ BK KS,,40,KG,2026-03-17,WACO RDY LN3 SDL INT,Complete,,
,COMPLETE,,1002246839,WACO,WACO WDL8412 SDL RDY ZZZ BK KS,PEWA25002,35,KG,2026-03-18,WACO RDY LN3 SDL INT,Complete,,
,COMPLETE,,1002246840,WACO,WACO WDL8412 SDL RDY ZZZ BK KS,PEWA25027,25,KG,2026-03-19,WACO RDY LN3 SDL INT,Complete,,
,COMPLETE,,1002246841,WACO,WACO WDL9433 SDL RDY ZZZ BK KS,PEWA25004,13,KG,2026-03-20,WACO RDY LN3 SDL INT,Complete,,
,COMPLETE,,1002249916,WACO,WACO SERPENS SDL RDY ZZZ BK KS,PEWA25000B,30,KG,2026-03-21,WACO RDY LN3 SDL INT,Complete,,
,COMPLETE,Hand sorting,1002246838,WACO,WACO SIBARITA SDL RDY ZZZ BK KS,HNWA26013,35,KG,2026-03-24,WACO RDY LN3 SDL INT,Complete,,
,COMPLETE,,300100898,BRCO,BRCO SBB003 RDY ZZZ BK KS,CRBR25006,18.7,KG,2026-03-30,Please repair for 86% germ to 90% or bet,Complete,,
,COMPLETE,,300100897,BRCO,BRCO SBB003 RDY ZZZ BK KS,150640367,43.98,KG,2026-03-31,Please repair for 84% germ to 90% or bet,Complete,,
,COMPLETE,,1002256378,WACO,WACO CAPTIVATION SDL RDY ZZZ BK KS,,48,KG,2026-04-01,WACO RDY LN3 SDL INT,Complete,,
,COMPLETE,,1002254842,WACO,WACO PRESTIGE SDL RDY ZZZ BK KS,PEWA25025A,30,KG,2026-04-01,WACO RDY LN3 SDL INT,Complete,,
,COMPLETE,,1002255544,WACO,WACO SERPENS SDL RDY ZZZ BK KS,PEWA25000C,42,KG,2026-04-02,WACO RDY LN3 SDL INT,Complete,,
,COMPLETE,,1002255545,WACO,WACO PRINCESS PETITE SDL RDY ZZZ BK KS,PEWA001A,50,KG,2026-04-02,WACO RDY LN3 SDL INT,Complete,,
,COMPLETE,,1002260590,WACO,WACO DELICIOSA SDL RDY ZZZ BK KS,HNWA26609D,45,KG,2026-04-13,Please rush,Complete,,
,COMPLETE,,1002260591,WACO,WACO DELICIOSA SDL RDY ZZZ BK KS,HNWA26009E,41,KG,2026-04-13,Please rush,Complete,,
,COMPLETE,,1002256371,WACO,WACO ENDLESS SUMMER SDL RDY ZZZ BK KS,HNWA26011,40,KG,2026-04-15,WACO RDY LN3 SDL INT,Complete,,
,COMPLETE,Jesse desk,300099008,WACO,WACO FASCINATION SDL PMD ZZZ BK KS,150309236S,550,KS,2026-04-02,Please repair germ from 87 to above 90%,Complete,,
,COMPLETE,,1002260618,WACO,WACO YELLOW BITE SDL RDY ZZZ BK KS,PEWA25005A,14,KG,2026-04-14,Please rush,Complete,,
,COMPLETE,,1002259026,MECO,MECO HEIDI RDY ZZZ BK KS,BRME25000,8.28,KG,2026-04-23,MECO RAW RDY Ln1 INT,Complete,,
,COMPLETE,,300101207,CACO,CACO PALADIN SWE RDH ZZZ BK KS,DLR-24-5705,950,KS,2026-04-23,CACO RPR GERM INT,Complete,,
,COMPLETE,,1002260761,WACO,WACO CRISP DELIGHT SDL RDY ZZZ BK KS,HNWA26004F,28,KG,2026-04-24,WACO RDY LN3 SDL INT,Complete,,
,COMPLETE,,1002260762,WACO,WACO CRISP DELIGHT SDL RDY ZZZ BK KS,HNWA26004A,28,KG,2026-04-24,WACO RDY LN3 SDL INT,Complete,,
,COMPLETE,,1002260764,WACO,WACO VALOR SDL RDY ZZZ BK KS,HNWA26015A,28,KG,2026-04-24,WACO RDY LN3 SDL INT,Complete,,
,COMPLETE,,1002260928,WACO,WACO RED RYDER SDL RDY ZZZ BK KS,HNWA26012F,43,KG,2026-04-29,WACO RDY LN3 SDL INT,Complete,,
,COMPLETE,,1002260929,WACO,WACO RED RYDER SDL RDY ZZZ BK KS,HNWA26012G,48,KG,2026-04-30,WACO RDY LN3 SDL INT,Complete,,
,COMPLETE,,1002260937,WACO,WACO SUGAR RED SDL RDY ZZZ BK KS,HNWA26007B,46,KG,2026-04-28,WACO RDY LN3 SDL INT,Complete,,
,COMPLETE,,300101284,TOCO,TOCO GRAN SENDERO DET RDH ZZZ BK KS,150853443,1300,KS,2026-05-04,TOCO RPR GERM INT,Complete,,
,COMPLETE,,1002261685,WACO,WACO PRESTIGE SDL RDY ZZZ BK KS,PEWA25006A,28,KG,2026-05-04,WACO RDY LN3 SDL INT,Complete,,
,COMPLETE,,300101284,TOCO,TOCO GRAN SENDERO DET RDH ZZZ BK KS,,1300,KS,2026-05-05,TOCO RPR GERM INT,Complete,,
,COMPLETE,,1002262558,SQCO,SQCO SSNN23-0442 RDY ZZZ BK KS,PESQ26003,243.8,KS,2026-05-01,SQCO RAW RDY Ln1 INT,Complete,,
SNP,COMPLETE,,1002256283,WACO,WACO SWEET GEM SDL RDY ZZZ BK KS,HNWA26002B,41,KG,2026-04-27,WACO RDY LN3 SDL INT,Complete,,
SNP,COMPLETE,,1002256285,WACO,WACO CRISP DELIGHT SDL RDY ZZZ BK KS,HNWA26004,42,KG,2026-04-02,WACO RDY LN3 SDL INT,Complete,,
SNP,COMPLETE,,1002256366,WACO,WACO CRISP DELIGHT SDL RDY ZZZ BK KS,HNWA26004B,36,KG,2026-04-02,WACO RDY LN3 SDL INT,Complete,,
SNP,COMPLETE,,1002256367,WACO,WACO CRISP DELIGHT SDL RDY ZZZ BK KS,HNWA26004D,48,KG,2026-04-02,WACO RDY LN3 SDL INT,Complete,,
SNP,COMPLETE,Hold Vanessa,1002252490,WACO,WACO VIRTUE SDL RDY ZZZ BK KS,HNWA26016,42,KG,2026-04-22,WACO RDY LN3 SDL INT,Complete,,
SNP,COMPLETE,Hold Vanessa - On System,1002253043,WACO,WACO VIRTUE SDL RDY ZZZ BK KS,HNWA26016J,3.03,KG,2026-04-02,WACO RDY LN3 SDL INT,Complete,,
SNP,COMPLETE,Hold Vanessa,1002256280,WACO,WACO DARK KNIGHT SDL RDY ZZZ BK KS,HNWA26010,40,KG,2026-04-27,WACO RDY LN3 SDL INT,Complete,,
SNP,COMPLETE,Hold Vanessa,1002256368,WACO,WACO BLACK JACK SDL RDY ZZZ BK KS,HNWA26014,36,KG,2026-04-30,WACO RDY LN3 SDL INT,Complete,,
,COMPLETE,,1002264835,WACO,WACO DELICIOSA SDL RDY ZZZ BK KS,HNWA26009G,35,KG,2026-05-04,WACO RDY LN3 SDL INT,Complete,,
,COMPLETE,,300101389,CACO,CACO SHITARA SWE RDH ZZZ BK KS,DLR-24-6808,2027.326,KS,2026-05-05,CACO RDY RPR GPUR INT,Complete,,
,COMPLETE,,1002264839,WACO,WACO VIRTUE SDL RDY ZZZ BK KS,HNWA26016D,45,KG,2026-05-05,WACO RDY LN3 SDL INT,Complete,,
,COMPLETE,,1002265650,WACO,WACO VIRTUE SDL RDY ZZZ BK KS,HNWA26016E,45,KG,2026-05-08,WACO RDY LN3 SDL INT,Complete,,
,COMPLETE,,300101387,CACO,CACO NATHALIE SWE RDH ZZZ BK KS,KOTH-2588,2699,KS,2026-05-05,CACO RDY RPR GPUR INT,Complete,,
,COMPLETE,,300101388,CACO,CACO NATHALIE SWE RDH ZZZ BK KS,LNR-23-24465,3739,KS,2026-05-07,CACO RDY RPR GPUR INT,Complete,,
,COMPLETE,,300101300,CACO,CACO ARUBA SWE RDH ZZZ BK KS,150685768,539,KS,2026-05-07,CACO RPR GERM INT,Complete,,
,COMPLETE,,300101301,CACO,CACO ARUBA SWE RDH ZZZ BK KS,150792432/DLR-24-7889,617,KS,2026-05-07,CACO RPR GERM INT,Complete,,
,COMPLETE,,1002256374,WACO,WACO SWEET DAWN SDL RDY ZZZ BK KS,HNWA26006F,14,KG,2026-05-01,WACO RDY LN3 SDL INT,Complete,,
,COMPLETE,,300101464,CACO,CACO GROUPER SWE RDH ZZZ BK KS,DLR-24-8977,2000,KS,2026-05-12,CACO RPR GERM INT,Complete,,
,COMPLETE,,300101469,CACO,CACO GROUPER SWE RDH ZZZ BK KS,LNR-24-6305,600,KS,2026-05-12,CACO RPR GERM INT,Complete,,
,COMPLETE,,300101465,CACO,CACO GROUPER SWE RDH ZZZ BK KS,DLR-24-5713,1370,KS,2026-05-12,CACO RPR GERM INT,Complete,,
,COMPLETE,,300101468,CACO,CACO GROUPER SWE RDH ZZZ BK KS,LNR-24-12532,650,KS,2026-05-12,CACO RPR GERM INT,Complete,,
,COMPLETE,,300101467,CACO,CACO GROUPER SWE RDH ZZZ BK KS,DLR-24-7858,1130,KS,2026-05-12,CACO RPR GERM INT,Complete,,
,COMPLETE,,300101466,CACO,CACO GROUPER SWE RDH ZZZ BK KS,LNR-24-6323,1200,KS,2026-05-12,CACO RPR GERM INT,Complete,,
,COMPLETE,,300101482,CACO,CACO CRUSADER SWE RDH ZZZ BK KS,LNR-23-24556,650,KS,2026-05-12,CACO RPR GERM INT,Complete,,
,COMPLETE,,300101423,CACO,CACO PALADIN SWE RDH ZZZ BK KS,KOTHAMBA-24-183,584,KS,2026-05-14,CACO RDY RPR GPUR INT,Complete,,
,COMPLETE,,300101499,CACO,CACO PALADIN SWE RDH ZZZ BK KS,150742265/DLR-24-8772,720,KS,2026-05-14,CACO RPR GERM INT,Complete,,
,COMPLETE,,1002268788,WACO,WACO LAPIS SDD RDY ZZZ BK KS,RBR/1373,40,KG,2026-05-18,WACO RDY Ln1 SDD INT,Complete,,
,COMPLETE,RUSH,1002269288,WACO,WACO YELLOW BITE SDL RDY ZZZ BK KS,PEWA26015,8.49,KG,2026-05-18,WACO RDY LN3 SDL INT,Complete,,
,COMPLETE,RUSH,1002269289,WACO,WACO YELLOW BITE SDL RDY ZZZ BK KS,PEWA25005B,22.8,KG,2026-05-18,WACO RDY LN3 SDL INT,Complete,,
,COMPLETE,RUSH,1002269290,WACO,WACO YELLOW BITE SDL RDY ZZZ BK KS,PEWA26015A,22.26,KG,2026-05-18,WACO RDY LN3 SDL INT,Complete,,
,COMPLETE,,1002269424,MECO,MECO APHRODITE RDY ZZZ BK KS,PEME26002,27.87,KG,2026-05-21,MECO APHRODITE RDY ZZZ BK KS,Complete,,
,COMPLETE,,1002269385,SQCO,SQCO SSNN21-0014 RDY ZZZ BK KS,PEME26002,5.86,KG,2026-05-15,PLEASE RUSH - NEEDED FOR SHIP ASAP,Complete,,
SNP,COMPLETE,Hold Vanessa,1002256375,WACO,WACO CATO SDL RDY ZZZ BK KS,HNWA26017,47,KG,2026-05-21,WACO RDY LN3 SDL INT,Complete,2026-04-16,35
SNP,COMPLETE,Hold Vanessa,1002256281,WACO,WACO DARK KNIGHT SDL RDY ZZZ BK KS,HNWA26010A,36,KG,2026-05-22,WACO RDY LN3 SDL INT,Complete,2026-04-02,50
SNP,COMPLETE,Hold Vanessa,1002256369,WACO,WACO BLACK JACK SDL RDY ZZZ BK KS,HNWA26014A,31,KG,2026-05-22,WACO RDY LN3 SDL INT,Complete,2026-04-14,38
SNP,COMPLETE,Hold Vanessa,1002256284,WACO,WACO SWEET GEM SDL RDY ZZZ BK KS,HNWA26002C,47,KG,2026-05-26,WACO RDY LN3 SDL INT,Complete,2026-04-09,47
,COMPLETE,1,1002271972,WACO,WACO CRISP DELIGHT SDL RDY ZZZ BK KS,HNWA26024,50,KG,2026-06-03,WACO RDY LN3 SDL INT,,2026-06-03,0
,COMPLETE,2,1002271973,WACO,WACO ARCHER SDL RDY ZZZ BK KS,HNWA26022,30,KG,2026-06-04,WACO RDY LN3 SDL INT,,2026-06-03,1
,COMPLETE,3,1002271974,WACO,WACO DELICIOSA SDL RDY ZZZ BK KS,HNWA26039,43,KG,2026-06-08,WACO RDY LN3 SDL INT,,2026-06-04,4
,COMPLETE,4,1002271975,WACO,WACO DELICIOSA SDL RDY ZZZ BK KS,HNWA26039A,1062,KS,2026-06-08,WACO RDY LN3 SDL INT,,2026-06-04,4
,COMPLETE,,1002272630,CUCO,CUCO ESBEN LNG RDY ZZZ BK KS,CLCU26001,44.46,KG,2026-06-08,CUCO RAW RDY INT Ln1,,2026-06-04,4
,COMPLETE,,1002272631,CUCO,CUCO CELESTINO LNG RDY ZZZ BK KS,CLCU26002,26.67,KG,2026-06-09,CUCO RAW RDY INT L2A,,2026-06-08,1
,COMPLETE,,300101577,CACO,CACO RPP46475 SWE RDH ZZZ BK KS,PECA25014B,800,KS,2026-06-09,CACO RPR GERM INT,,2026-06-10,-1
,COMPLETE,,1002274615,WABS,WABS WM589 SDD RDY ZZZ BK KS,PEWA26002,16.32,KG,2026-06-10,WABS RAW RDY INT,,2026-06-19,-9
,COMPLETE,,1002274618,WABS,WABS 1W328 SDD RDY ZZZ BK KS,PEWA26007,52.49,KG,2026-06-10,WABS RAW RDY INT,,2026-06-19,-9
,COMPLETE,,1002274620,WABS,WABS WA445 SDD RDY ZZZ BK KS,PEWA26003,10.33,KG,2026-06-10,WABS RAW RDY INT,,2026-06-20,-10
,COMPLETE,,1002274617,WABS,WABS 1W030 SDD RDY ZZZ BK KS,PEWA26005,43.78,KG,2026-06-10,WABS RAW RDY INT,,2026-06-19,-9
,COMPLETE,,1002274616,WABS,WABS 1W208 SDD RDY ZZZ BK KS,PEWA26006,43.85,KG,2026-06-11,WABS RAW RDY INT,,2026-06-08,3
,COMPLETE,,1002274619,WABS,WABS WA805 SDD RDY ZZZ BK KS,PEWA26016,61.9,KG,2026-06-12,WABS RAW RDY INT,,2026-06-20,-8
,COMPLETE,,1002274947,MECO,MECO ME4858 RDY ZZZ BK KS,PEME26008,18.57,KG,2026-06-15,MECO RAW RDY Ln2A INT,,2026-06-10,5
,COMPLETE,,1002274749,WACO,WACO PRESTIGE SDL RDY ZZZ BK KS,PEWA26013D,28.39,KG,2026-06-15,WACO RDY LN3 SDL INT,,2026-06-16,-1
,COMPLETE,,1002274748,WACO,WACO PRESTIGE SDL RDY ZZZ BK KS,PEWA26013B,37.02,KG,2026-06-15,WACO RDY LN3 SDL INT,,2026-06-15,0
,COMPLETE,Rush requested,1002275475,MECO,MECO T REX RDY ZZZ BK KS,150938278,7.82,KG,2026-06-11,*please rush*,,2026-06-08,3
,COMPLETE,,1002274750,WACO,WACO PRESTIGE SDL RDY ZZZ BK KS,PEWA26013F,40.21,KG,2026-06-17,WACO RDY LN3 SDL INT,,2026-06-17,0
,COMPLETE,,1002275477,MECO,MECO APHRODITE RDY ZZZ BK KS,150938277,49.24,KG,2026-06-12,MECO RAW RDY Ln1 INT,,2026-06-12,0
,COMPLETE,,1002275476,MECO,MECO ASTOUND RDY ZZZ BK KS,150937002,18.46,KG,2026-06-12,MECO RAW RDY Ln1 INT,,2026-06-12,0
,COMPLETE,,1002275478,MECO,MECO OVATION RDY ZZZ BK KS,150937000,33.76,KG,2026-06-15,MECO RAW RDY Ln1 INT,,2026-06-19,-4
,COMPLETE,,1002276073,MECO,MECO OVATION RDY ZZZ BK KS,150937003-A,33.04,KG,2026-06-16,MECO RAW RDY Ln1 INT,,2026-06-15,1
,COMPLETE,,1002276301,WACO,WACO SANGRIA SDD RDY ZZZ BK KS,150937008-A,9,KG,2026-06-17,WACO RDY Ln1 SDD INT,,2026-06-19,-2
,COMPLETE,,1002276370,WACO,WACO ESCARLETT SDD RDY ZZZ BK KS,150937219,14,KG,2026-06-17,WACO RDY Ln1 SDD INT,,2026-06-18,-1
,COMPLETE,,1002276371,WACO,WACO JAMBOREE SDD RDY ZZZ BK KS,150937005,50,KG,2026-06-18,WACO RDY Ln1 SDD INT,,2026-06-18,0
,COMPLETE,,1002276544,WACO,WACO CRISP DELIGHT SDL RDY ZZZ BK KS,CLWA26000A,40,KG,2026-06-18,WACO RDY LN3 SDL INT,,2026-06-18,0
,COMPLETE,,1002276372,BRBS,BRBS 2B184 RDY ZZZ BK KS,AZBR2610,0.109,KG,2026-06-22,BRBS RAW RDY INT-NON CMS,,2026-06-22,0
,COMPLETE,Rush requested,1002276909,WACO,WACO GOLDEN CRISP SDL RDY ZZZ BK KS,HNWA26036,39,KG,2026-06-16,Please rush,,2026-06-18,-2
,COMPLETE,Rush requested,1002276910,WACO,WACO GOLDEN CRISP SDL RDY ZZZ BK KS,HNWA26036A,40,KG,2026-06-16,WACO RDY LN3 SDL INT,,2026-06-18,-2
,COMPLETE,Rush requested,1002276911,WACO,WACO CATO SDL RDY ZZZ BK KS,HNWA26038B,44,KG,2026-06-17,Please rush,,2026-06-19,-2
,COMPLETE,Rush requested,1002276912,WACO,WACO CATO SDL RDY ZZZ BK KS,HNWA26038C,51,KG,2026-06-17,Please rush,,2026-06-19,-2
,COMPLETE,Priority 1,1002279217,WABS,WABS WA149 SDD RDY ZZZ BK KS,PEWA26010,75,KG,2026-06-24,WABS RAW RDY INT,,2026-07-06,-12
,COMPLETE,Priority 1,1002279218,WABS,WABS W0A20 SDD RDY ZZZ BK KS,PEWA26004,59,KG,2026-06-25,WABS RAW RDY INT,,2026-07-06,-11
,COMPLETE,,1002278654,WACO,WACO CAPTIVATION SDL RDY ZZZ BK KS,HNWA26023A,40,KG,2026-06-25,WACO RDY LN3 SDL INT,,2026-06-25,0
,COMPLETE,,1002278655,WACO,WACO CAPTIVATION SDL RDY ZZZ BK KS,HNWA26023B,40,KG,2026-06-30,WACO RDY LN3 SDL INT,,2026-06-25,5
,COMPLETE,,150911860,BRBS,BRBS BB126 RAW ZZZ BK KG,,0.5,KG,2026-06-26,,,2026-06-25,1
,COMPLETE,,1002278656,WACO,WACO JAVELIN SDL RDY ZZZ BK KS,HNWA26037,41,KG,2026-06-29,WACO RDY LN3 SDL INT,,2026-06-26,3
,COMPLETE,,1002278657,WACO,WACO JAVELIN SDL RDY ZZZ BK KS,HNWA26037A,39,KG,2026-07-01,WACO RDY LN3 SDL INT,,2026-06-26,5
,COMPLETE,,1002278659,WACO,WACO EXCURSION SDL RDY ZZZ BK KS,HNWA26027,48,KG,2026-07-02,WACO RDY LN3 SDL INT,,2026-06-29,3
,COMPLETE,,1002277006,CFBS,CFBS CF439 RDY ZZZ BK KS,AZCF2616,6.34,KG,2026-06-29,CFBS RAW RDY INT-NON CMS,,2026-06-23,6
,COMPLETE,,150881858,BRCO,BRCO MONRELLO RAW ZZZ BK KG,CRBR2605,25,KG,2026-06-29,,,2026-07-15,-16
,COMPLETE,,1002278662,WACO,WACO EXCURSION SDL RDY ZZZ BK KS,HNWA26027C,49,KG,2026-06-29,WACO RDY LN3 SDL INT,,2026-07-01,-2
,COMPLETE,,150881765,BRCO,BRCO BBRO22-50358 RAW ZZZ BK KG,CRBR2603,40,KG,2026-07-01,,,2026-07-15,-14
,COMPLETE,,1002278661,WACO,WACO EXCURSION SDL RDY ZZZ BK KS,HNWA26027B,41,KG,2026-07-01,WACO RDY LN3 SDL INT,,2026-06-30,1
,COMPLETE,,300102122,WACO,WACO CRISP DELIGHT SDL RDY ZZZ BK KS,HNWA26024,1600,KS,2026-07-01,Genetic purity repair to remove outcross,,2026-07-01,0
,COMPLETE,RUSH,1002280202,MECO,MECO MB19710 RDY ZZZ BK KS,PEME26009,15.58,KG,2026-07-01,*PLEASE RUSH*,,2026-06-23,8
,COMPLETE,,1002278664,WACO,WACO FASCINATION SDL RDY ZZZ BK KS,HNWA26028,35,KG,2026-07-02,WACO RDY LN3 SDL INT,,2026-07-02,0
,COMPLETE,,1002278665,WACO,WACO FASCINATION SDL RDY ZZZ BK KS,HNWA26028A,46,KG,2026-07-06,WACO RDY LN3 SDL INT,,2026-07-02,4
,COMPLETE,,1002278631,WACO,WACO EXCLAMATION SDL RDY ZZZ BK KS,HNWA26026,47,KG,2026-07-06,WACO RDY LN3 SDL INT,,2026-07-10,-4
,COMPLETE,,1002280730,WACO,WACO PRESTIGE SDL RDY ZZZ BK KS,PEWA26013,45,KG,2026-07-07,WACO RDY LN3 SDL INT,,2026-07-08,-1
,COMPLETE,,300101776,CACO,CACO BAYONET SWE RDH ZZZ BK KS,PECA25009A,1000,KS,2026-07-09,CACO RPR GERM INT,,2026-07-01,8
,COMPLETE,,1002278955,MECO,MECO MS23-3335 RDY ZZZ BK KS,PEME26010,18.91,KG,2026-07-09,MECO RAW RDY Ln1 INT,,2026-07-07,2
,COMPLETE,,1002279221,WABS,WABS W6A32 SDD RDY ZZZ BK KS,PEWA26038,7,KG,2026-07-09,WABS RAW RDY INT,,2026-07-09,0
,COMPLETE,,1002279219,WABS,WABS 1W376 SDD RDY ZZZ BK KS,PEWA26008,49,KG,2026-07-09,WABS RAW RDY INT,,2026-07-10,-1
,COMPLETE,,1002279220,WABS,WABS WA013 SDD RDY ZZZ BK KS,PEWA26009,52,KG,2026-07-13,WABS RAW RDY INT,,2026-07-13,0
,COMPLETE,,1002282626,WACO,WACO ARCHER SDL RDY ZZZ BK KS,PEWA26012,14,KG,2026-07-13,WACO RDY LN3 SDL INT,,2026-07-13,0
,COMPLETE,,1002282633,WACO,WACO VIRTUE SDL RDY ZZZ BK KS,HNWA26035C,50,KG,2026-07-15,WACO RDY LN3 SDL INT,,2026-07-16,-1
,COMPLETE,,1002282630,WACO,WACO VIRTUE SDL RDY ZZZ BK KS,HNWA26035B,40,KG,2026-07-16,WACO RDY LN3 SDL INT,,2026-07-14,2
,COMPLETE,,1002282631,WACO,WACO VIRTUE SDL RDY ZZZ BK KS,HNWA26035E,42,KG,2026-07-17,WACO RDY LN3 SDL INT,,2026-07-15,2
,COMPLETE,,1002282636,WACO,WACO RED RYDER SDL RDY ZZZ BK KS,HNWA26030E,53,KG,2026-07-20,WACO RDY LN3 SDL INT,,2026-07-17,3
,COMPLETE,,1002280203,MECO,MECO ASTOUND RDY ZZZ BK KS,PEME26004,37.44,KG,2026-07-22,MECO RAW RDY Ln1 INT,,2026-07-20,2
COLOR SORTER,COMPLETE,,150986709,CFCO,CFCO CFH1522 RAW ZZZ BK KG,GTCF26001,11.43,KG,2026-07-27,CFCO RAW RDY LN3 INT,,2026-05-31,57
,COMPLETE,,150911862,CFBS,CFBS BK698 RAW ZZZ BK KG,CRCF2611,0.2,KG,2026-07-27,CFCO RAW RDY LN3 INT,,2026-05-31,57
,COMPLETE,,150911857,BRBS,BRBS 2B184 RAW ZZZ BK KG,CRBR2606,1.2,KG,2026-07-28,BRCO RAW RDY LN3 INT,,2026-05-31,58
,COMPLETE,,150911863,CFBS,CFBS BK998 RAW ZZZ BK KG,CRCR2609,2,KG,2026-07-28,CFCO RAW RDY LN3 INT,,2026-05-31,58
,COMPLETE,,150928848,CFBS,CFBS BK631 RAW ZZZ BK KG,CRCF2606,0.3,KG,2026-07-28,CFCO RAW RDY LN3 INT,,2026-05-31,58
,COMPLETE,,1002281141,BRBS,BRBS BB126 RDY ZZZ BK KS,CRBR2607,4.16,KG,2026-07-29,BRBS RAW RDY INT-NON CMS,,2026-07-20,9
,COMPLETE,,1002283136,WABS,WABS 1W376 SDD RDY ZZZ BK KS,PEWA26008A,45,KG,2026-07-29,WABS RAW RDY INT,,2026-07-20,9
,COMPLETE,,150881766,CFCO,CFCO NABOO RAW ZZZ BK KG,CRCF2602,25,KG,2026-08-03,CFCO RAW RDY LN3 INT,,2026-05-31,64
,COMPLETE,,2400008121,WABS,WABS 1W376 SDD RDY ZZZ BK KS,150491844,2400,KS,2026-08-03,Hand pick to remove defects,,2026-07-24,10
,COMPLETE,,300102118,WACO,WACO JAVELIN SDL RDY ZZZ BK KS,HNWA26037A,750,KS,2026-08-06,Please repair germ to above 90%,,2026-08-07,-1
,COMPLETE,,150913699,CFCO,CFCO SGC3131 RAW ZZZ BK KG,150528111,38.2,KG,2026-08-04,Field run production,,2026-08-01,3
,COMPLETE,,1002283137,WABS,WABS W0A04 SDD RDY ZZZ BK KS,PEWA26001,40,KG,2026-08-05,WABS RAW RDY INT,,2026-07-21,15
,COMPLETE,,1002286984,CUCO,CUCO CELESTINO LNG RDY ZZZ BK KS,CLCU26000,3.01,KG,2026-08-05,CUCO RAW RDY INT L2A,,2026-07-17,19
,COMPLETE,,1002289505,WABS,WABS 1W594 SDD RDY ZZZ BK KS,PEWA26000,31,KG,2026-08-06,WABS RAW RDY INT,,2026-08-14,-8
,COMPLETE,,1002286738,SQCO,SQCO SAN ISIDRO RDY ZZZ BK KS,,97.5,KG,2026-07-20,,,,
,COMPLETE,,2400008122,WABS,WABS WA435 SDD RDY ZZZ BK KS,150491845,550,KS,2026-08-04,Hand pick to remove defects,,2026-07-24,11
,COMPLETE,,1002289503,CFBS,CFBS BK698 RDY ZZZ BK KS,CRCF2611,2.5,KG,2026-08-05,CFBS RAW RDY INT-NON CMS,,2026-07-31,5
,COMPLETE,,1002291045,CFBS,CFBS BK631 RDY ZZZ BK KS,CRCF2606,6.87,KG,2026-08-07,CFBS RAW RDY INT-NON CMS,,2026-08-06,1
,COMPLETE,,1002291479,WACO,WACO EXCURSION SDL RDY ZZZ BK KS,HNWA26027G,45,KG,2026-08-11,WACO RDY LN3 SDL INT,,2026-08-12,-1
,COMPLETE,,1002291475,WACO,WACO SWEET GEM SDL RDY ZZZ BK KS,HNWA26033A,48,KG,2026-08-12,WACO RDY LN3 SDL INT,,2026-08-10,2
,COMPLETE,,1002291474,WACO,WACO SWEET GEM SDL RDY ZZZ BK KS,HNWA26033,33,KG,2026-08-14,WACO RDY LN3 SDL INT,,2026-08-10,4
,COMPLETE,,1002291476,WACO,WACO SWEET GEM SDL RDY ZZZ BK KS,HNWA26033B,33,KG,2026-08-17,WACO RDY LN3 SDL INT,,2026-08-11,6
,COMPLETE,Rush Requested,1002294976,SQBS,SQBS SQ621 RDY ZZZ BK KS,SVSQ26021,8.29,KG,2026-08-25,PLEASE RUSH / PRIORITY FOR WOODLAND,,,
,COMPLETE,,1002291042,CFBS,CFBS BK998 RDY ZZZ BK KS,CRCF2609,3.96,KG,2026-08-07,CFBS RAW RDY INT-NON CMS,,2026-08-04,3
,COMPLETE,,1002291480,WACO,WACO FASCINATION SDL RDY ZZZ BK KS,HNWA26027B,45,KG,2026-08-13,WACO RDY LN3 SDL INT,,2026-08-13,0
,COMPLETE,Rush Requested,1002294977,SQBS,SQBS SQ525 RDY ZZZ BK KS,SVSQ26020,25.34,KG,2026-08-14,PLEASE RUSH / PRIORITY FOR WOODLAND,,,
,COMPLETE,,300102117,WACO,WACO EXCURSION SDL RDY ZZZ BK KS,HNWA26027B,700,KS,2026-08-17,Please repair germ to above 90%,,2026-08-07,10
,COMPLETE,Rush Requested,1002295261,SQBS,SQBS SQ602 RDY ZZZ BK KS,SVSQ26009,32.46,KG,2026-08-17,PLEASE RUSH - PRIORITY FOR WOODLAND,,,
,COMPLETE,,1002291481,WACO,WACO FASCINATION SDL RDY ZZZ BK KS,HNWA26028C,33,KG,2026-08-17,WACO RDY LN3 SDL INT,,2026-08-13,4
,COMPLETE,,1002281334,CFCO,CFCO CAUC7101 RDY ZZZ BK KS,AZCF26,3.07,KG,2026-08-17,CFCO RAW RDY Ln2A INT,,2026-07-21,27
,COMPLETE,Rush Requested,1002295262,SQBS,SQBS SQ601 RDY ZZZ BK KS,SVSQ26008,13.78,KG,2026-08-17,PLEASE RUSH - PRIORITY FOR WOODLAND,,,
,COMPLETE,,1002292947,WACO,WACO JAVELIN SDL RDY ZZZ BK KS,HNWA26037D,36,KG,2026-08-17,WACO RDY LN3 SDL INT,,2026-08-19,-2
,COMPLETE,,1002292946,WACO,WACO JAVELIN SDL RDY ZZZ BK KS,HNWA26037C,34,KG,2026-08-18,WACO RDY LN3 SDL INT,,2026-08-19,-1
,COMPLETE,,1002292948,WACO,WACO JAVELIN SDL RDY ZZZ BK KS,HNWA26037E,39,KG,2026-08-18,WACO RDY LN3 SDL INT,,2026-08-20,-2
,COMPLETE,,1002292833,CFBS,CFBS CF283 RDY ZZZ BK KS,CRCF2612,0.277,KG,2026-08-24,CFBS RAW RDY INT-NON CMS,,2026-08-20,4
,COMPLETE,,1002292835,CFBS,CFBS CF413 RDY ZZZ BK KS,CRCF2607,6.96,KG,2026-08-25,CFBS RAW RDY INT-NON CMS,,2026-08-21,4
,COMPLETE,,1002292834,CFBS,CFBS CF282 RDY ZZZ BK KS,CRCF2605,2.68,KG,2026-08-25,CFBS RAW RDY INT-NON CMS,,2026-08-21,4
,COMPLETE,,1002292845,WABS,WABS 1W594 SDD RDY ZZZ BK KS,PEWA26000A,27.12,KG,2026-08-26,WABS RAW RDY INT,,2026-08-25,1
,COMPLETE,,300102219,WACO,WACO EXCURSION SDL RDY ZZZ BK KS,HNWA26027D,950,KS,2026-09-01,Please repair germ from 88.25 to above 9,,2026-08-28,4
,COMPLETE,,300102099,WACO,WACO RED RYDER SDL RDY ZZZ BK KS,HNWA26030E,800,KS,2026-09-02,Please repair germ from 88. to above 90% Thank you!,,2026-09-03,-1
,COMPLETE,,1002292832,CFBS,CFBS 3C314 RDY ZZZ BK KS,CRCF2610,3.94,KG,2026-08-25,CFBS RAW RDY INT-NON CMS,,2026-08-20,5
,COMPLETE,,1002291043,BRBS,BRBS 2B184 RDY ZZZ BK KS,CRBR2606,0.041,KG,2026-08-17,BRBS RAW RDY INT-NON CMS,,2026-08-05,12
,COMPLETE,,1002291473,WACO,WACO CRISP DELIGHT SDL RDY ZZZ BK KS,HNWA26024A,14,KG,2026-08-24,WACO RDY LN3 SDL INT,,2026-08-07,17
,COMPLETE,,1002292970,WABS,WABS W6A33 SDD RDY ZZZ BK KS,PEWA26039,12.27,KG,2026-09-01,WABS RAW RDY INT,,2026-08-25,7
,COMPLETE,,1002292969,WABS,WABS W6A31 SDD RDY ZZZ BK KS,PEWA26037,10.52,KG,2026-09-01,WABS RAW RDY INT,,2026-08-25,7
,COMPLETE,,1002292968,WABS,WABS W6A37 SDD RDY ZZZ BK KS,PEWA26045,10.26,KG,2026-09-02,WABS RAW RDY INT,,2026-08-25,8
,COMPLETE,,1002292967,WABS,WABS W6A30 SDD RDY ZZZ BK KS,PEWA26036,4.77,KG,2026-09-02,WABS RAW RDY INT,,2026-08-25,8
,COMPLETE,,1002292966,WABS,WABS W6A29 SDD RDY ZZZ BK KS,PEWA26044,9.8,KG,2026-09-02,WABS RAW RDY INT,,2026-08-25,8
,COMPLETE,,1002292971,WABS,WABS W6A34 SDD RDY ZZZ BK KS,PEWA26040,21.68,KG,2026-09-02,WABS RAW RDY INT,,2026-08-27,6
,COMPLETE,,1002292972,WABS,WABS W6A35 SDD RDY ZZZ BK KS,PEWA26041,4.07,KG,2026-09-02,WABS RAW RDY INT,,2026-08-27,6
,COMPLETE,,1002292973,WABS,WABS W6A36 SDD RDY ZZZ BK KS,PEWA26042,8.81,KG,2026-09-03,WABS RAW RDY INT,,2026-08-27,7
,COMPLETE,,1002292974,WABS,WABS W6A53 SDD RDY ZZZ BK KS,PEWA26043,13.09,KG,2026-09-03,WABS RAW RDY INT,,2026-08-27,7
,COMPLETE,RUSH PRIORITY,1002300438,WABS,WABS 1W030 SDD RDY ZZZ BK KS,SVWA26013,50,KG,2026-09-02,WABS RAW RDY INT,,2026-09-07,-5
,COMPLETE,,1002291485,WACO,WACO PRESTIGE SDL RDY ZZZ BK KS,PEWA26013G,9,KG,2026-09-02,WACO RDY LN3 SDL INT,,2026-08-14,19
,COMPLETE,,1002293952,WACO,WACO PRESTIGE SDL RDY ZZZ BK KS,PEWA26013A,23,KG,2026-09-04,WACO RDY LN3 SDL INT,,2026-08-26,9
,COMPLETE,,1002293954,WACO,WACO PRESTIGE SDL RDY ZZZ BK KS,PEWA26013E,8,KG,2026-09-04,WACO RDY LN3 SDL INT,,2026-08-27,8
,COMPLETE,RUSH,1002298284,SPCO,SPCO EL CAPOEIRA RDY ZZZ BK KS,,20,KG,2026-09-08,RUSH.,,2026-09-08,0
,COMPLETE,Rush Line 6,1002302355,WABS,WABS W1A14 SDD RDY ZZZ BK KS,SVWA26000,74,KG,2026-09-09,PLEASE RUSH - WABS RAW RDY INT,,2026-09-22,-13
,COMPLETE,,1002293953,WACO,WACO PRESTIGE SDL RDY ZZZ BK KS,PEWA26013C,17,KG,2026-09-09,WACO RDY LN3 SDL INT,,2026-08-26,14
,COMPLETE,,1002295299,WABS,WABS W1A05 SDD RDY ZZZ BK KS,SVWA26002,21,KG,2026-09-10,WABS RAW RDY INT,,2026-09-02,8
,COMPLETE,,150881767,CFCO,CFCO AMIDALA RAW ZZZ BK KG,CRCF2601,58.9,KG,2026-09-09,Manually added PO,,2026-09-04,5
,COMPLETE,,1002299173,MECO,MECO OVATION RDY ZZZ BK KS,150982766-C,24.5,KG,2026-09-11,MECO RAW RDY Ln1 INT,,2026-09-01,10
,COMPLETE,,1002299172,MECO,MECO OVATION RDY ZZZ BK KS,150981054-A,29.58,KG,2026-09-11,MECO RAW RDY Ln1 INT,,2026-09-03,8
,COMPLETE,,1002300233,WACO,WACO ESTRELLA SDD RDY ZZZ BK KS,150980681,10,KG,2026-09-14,WACO RDY Ln1 SDD INT,,2026-09-10,4
,COMPLETE,,1002301227,WABS,WABS W5A30 SDD RDY ZZZ BK KS,SVWA26008,19,KG,2026-09-14,WABS RAW RDY INT,,2026-09-22,-8
,COMPLETE,,1002301142,WABS,WABS 1W420 SDD RDY ZZZ BK KS,SVWA26023,21.56,KG,2026-09-15,WABS RAW RDY INT,,2026-09-22,-7
,COMPLETE,,1002301145,WABS,WABS W4A36 SDD RDY ZZZ BK KS,SVWA26012,19,KG,2026-09-15,WABS RAW RDY INT,,2026-09-22,-7
,COMPLETE,,1002301226,WABS,WABS W4A59 SDD RDY ZZZ BK KS,SVWA26011,7.68,KG,2026-09-16,WABS RAW RDY INT,,2026-09-22,-6
,COMPLETE,,1002301143,WABS,WABS W1A05 SDD RDY ZZZ BK KS,SVWA26002A,4.5,KG,2026-09-16,WABS RAW RDY INT,,2026-09-22,-6
,COMPLETE,,1002301144,WABS,WABS W2A85 SDD RDY ZZZ BK KS,SVWA26010,42,KG,2026-09-17,WABS RAW RDY INT,,2026-09-22,-5
,COMPLETE,,300102330,WACO,WACO CATO SDL RDY ZZZ BK KS,HNWA26038D,850,KS,2026-09-21,Please repair germ from 88.75 to above 9,,2026-09-08,13
,COMPLETE,,300102331,WACO,WACO JAVELIN SDL RDY ZZZ BK KS,HNWA26037B,1600,KS,2026-09-22,Please repair germ from 88.5 to above 90,,2026-09-18,4
,COMPLETE,GERM 09/18,300102218,WACO,WACO RED RYDER SDL RDY ZZZ BK KS,HNWA26030H,1750,KS,2026-09-18,Please repair germ from 85 to above 90%,,2026-08-28,21
,COMPLETE,,1002300972,MECO,MECO NOVIRA RDY ZZZ BK KS,PEME26005,48.5,KG,2026-09-24,MECO RAW RDY Ln1 INT,,2026-09-08,16
,ON HOLD,Quality Samples,1002301229,CABS,CABS P19M5 SWE RDY ZZZ BK KS,SVCA26001,0.76,KG,2026-09-18,CABS  RAW RDY INT,,2026-09-22,-4
,ON HOLD,Quality Samples,1002301228,CABS,CABS P19M4 SWE RDY ZZZ BK KS,SVCA26000,0.165,KG,2026-09-18,CABS  RAW RDY INT,,2026-09-22,-4
,LAB,Priority,300102399,WACO,WACO BLACK JACK SDL RDY ZZZ BK KS,HNWA26020A,1400,KS,2026-09-22,Please repair germ from 80.75 to above 9,,2026-10-13,-21
,LAB,,1002302356,WABS,WABS 1W027 SDD RDY ZZZ BK KS,SVWA26005,31.23,KG,2026-09-24,WABS RAW RDY INT,,2026-09-22,2
,LAB,,1002304236,SQBS,SQBS SQ233 RDY ZZZ BK KS,SVWA26002,40.47,KG,2026-09-29,SQBS RAW RDY INT,,2026-09-21,8
,RELEASED,,1002302357,WABS,WABS WA805 SDD RDY ZZZ BK KS,SVWA26026,27,KG,2026-09-24,WABS RAW RDY INT,,2026-09-25,-1
,RELEASED,,1002302358,WABS,WABS W4A43 SDD RDY ZZZ BK KS,SVWA26001,9,KG,2026-09-25,WABS RAW RDY INT,,2026-09-25,0
,RELEASED,,1002304238,SQBS,SQBS SQ601 RDY ZZZ BK KS,SVSQ26008A,2.91,KG,2026-09-25,SQBS RAW RDY INT,,2026-09-16,9
,RELEASED,,1002304237,SQBS,SQBS SQ212 RDY ZZZ BK KS,SVSQ26016,44.22,KG,2026-09-28,SQBS RAW RDY INT,,2026-09-22,6
,RELEASED,,100028748,SQCO,SQCO BACANORA RDY ZZZ BK KS,PESQ26000,1630.237,KS,2026-09-30,Germ repair for 79% to 85% or above,,2026-09-17,13
,RELEASED,,1002302748,SQBS,SQBS SQ391 RDY ZZZ BK KS,SVSQ26004,28.39,KG,2026-10-01,SQBS RAW RDY INT,,2026-09-25,6
,RELEASED,,1002304240,SQBS,SQBS SQ279 RDY ZZZ BK KS,SVSQ26017A,13.5,KG,2026-10-01,SQBS RAW RDY INT,,2026-09-24,7
,RELEASED,,1002305105,WABS,WABS WS797 SDD RDY ZZZ BK KS,SVWA26027,32,KG,2026-10-02,WABS RAW RDY INT,,2026-09-25,7
,RELEASED,,1002305615,SQBS,SQBS SQ468 RDY ZZZ BK KS,SVSQ26023,32.32,KG,2026-10-02,SQBS RAW RDY INT,,2026-09-28,4
,RELEASED,,1002305614,MEBS,MEBS ME650 RDY ZZZ BK KS,SVME26004,14.65,KG,2026-10-05,MEBS RAW RDY INT,,2026-09-28,7
,RELEASED,,1002305617,MEBS,MEBS ME297 RDY ZZZ BK KS,SVME26002,19.3,KG,2026-10-05,MEBS RAW RDY INT,,2026-09-30,5
,RELEASED,,1002306426,SQBS,SQBS 1S235 RDY ZZZ BK KS,SVSQ26012,38.79,KG,2026-10-06,SQBS RAW RDY INT,,2026-10-01,5
,NEW,,1002306428,SQBS,SQBS PP614 RDY ZZZ BK KS,,18.04,KG,2026-10-06,SQBS RAW RDY INT,,2026-10-01,5
,NEW,,1002306285,MEBS,MEBS ME300 RDY ZZZ BK KS,,12.85,KG,2026-10-07,MEBS RAW RDY INT,,2026-10-01,6
,NEW,,1002306429,MEBS,MEBS 1M064 RDY ZZZ BK KS,,10.66,KG,2026-10-07,MEBS RAW RDY INT,,2026-10-01,6
,NEW,,1002307492,SQCO,SQCO NOCHE RDY ZZZ BK KS,,24.75,KG,2026-10-07,SQCO RAW RDY Ln1 INT,,2026-10-05,2
,NEW,,300102387,WACO,WACO EXCURSION SDL RDY ZZZ BK KS,,1500,KS,2026-10-08,Please repair germ from 84 to above 90%.,,2026-10-05,3
,NEW,,300102388,WACO,WACO VALOR SDL RDY ZZZ BK KS,,750,KS,2026-10-08,Please repair germ from 84.5 to above 90,,2026-10-05,3
,NEW,,300102397,WACO,WACO FASCINATION SDL RDY ZZZ BK KS,,1750,KS,2026-10-09,WACO RPR GERM INT Line 3,,2026-10-13,-4
,NEW,,300102396,WACO,WACO FASCINATION SDL RDY ZZZ BK KS,,1200,KS,2026-10-09,Please repair germ from 89 to above 90%.,,2026-10-13,-4
,NEW,,300102400,WACO,WACO EXCURSION SDL RDY ZZZ BK KS,,1200,KS,2026-10-12,Please repair from 89 to above 90%.,,2026-10-13,-1
,NEW,,300102395,WACO,WACO JAVELIN SDL RDY ZZZ BK KS,,1150,KS,2026-10-12,Please repair germ from 85.25 to above 9,,2026-10-13,-1
,NEW,,300102392,WACO,WACO VIRTUE SDL RDY ZZZ BK KS,,1150,KS,2026-10-13,Please repair germ from 86.25 to above 9,,2026-10-13,0
,NEW,,300102394,WACO,WACO JAVELIN SDL RDY ZZZ BK KS,,750,KS,2026-10-13,Please repair germ from 87.75 to above 9,,2026-10-13,0
,NEW,,300102398,WACO,WACO VALOR SDL RDY ZZZ BK KS,,750,KS,2026-10-14,Please repair from 87 to above 90%.,,2026-10-13,1
,NEW,,300102393,WACO,WACO JAVELIN SDL RDY ZZZ BK KS,,700,KS,2026-10-14,Please repair germ from 89 to above 90%.,,2026-10-13,1
,NEW,,300102542,WACO,WACO VIRTUE SDL RDY ZZZ BK KS,,900,KS,2026-10-14,Please repair germ from 84.75 to above 9,,2026-10-15,-1
,NEW,,300102401,WACO,WACO VIRTUE SDL RDY ZZZ BK KS,,750,KS,2026-10-15,Please repair germ from 84.75 to above 9,,2026-10-15,0
,NEW,,1002306427,SQBS,SQBS 1S181 RDY ZZZ BK KS,,39.08,KG,2026-10-16,SQBS RAW RDY INT,,2026-10-02,14
,NEW,,1002309503,SQBS,SQBS SQ598 RDY ZZZ BK KS,,35.05,KG,2026-10-19,SQBS RAW RDY INT,,,
,NEW,,1002309502,SQBS,SQBS SQ568 RDY ZZZ BK KS,,34.3,KG,2026-10-16,SQBS RAW RDY INT,,,
,NEW,,1002309501,MEBS,MEBS ME701 RDY ZZZ BK KS,,26.71,KG,2026-10-15,MEBS RAW RDY INT,,,
,NEW,,1002309552,MEBS,MEBS 1M698 RDY ZZZ BK KS,,26.3,KG,2026-10-13,MEBS RAW RDY INT,,,
,NEW,,1002309504,SQBS,SQBS SQ599 RDY ZZZ BK KS,,22.8,KG,2026-10-19,SQBS RAW RDY INT,,,
,NEW,,1002309500,MEBS,MEBS 1M747 RDY ZZZ BK KS,,14.1,KG,2026-10-14,MEBS RAW RDY INT,,,
,NEW,,1002309549,SQBS,SQBS 1S134 RDY ZZZ BK KS,,12.06,KG,2026-10-09,SQBS RAW RDY INT,,,
