PO Number,Date,Equiment ID,Crop Year,Specie,Variety,Lot Number,Size Fraction,KGs,Output Batch,Pass/Fail,Failed for,Raw Germ,Ready Germ,Germ Difference,Raw Vigor,Ready Vigor,Vigor Difference,Comments
1001859908,2023-06-29,Line 1,2023CL,SWCO,GSS3951,23-MZ1712X1,LR,1385,18491988,Pass,,,,,,,,
1001859908,2023-06-29,Line 1,2023CL,SWCO,GSS3951,23-MZ1712X1,LF,2526,18491989,Pass,,,,,,,,
1001859908,2023-06-29,Line 1,2023CL,SWCO,GSS3951,23-MZ1712X1,MR,3141,18491990,Pass,,,,,,,,
1001859908,2023-06-29,Line 1,2023CL,SWCO,GSS3951,23-MZ1712X1,MF,9745,18491991,Pass,,,,,,,,
1001858227,2023-07-03,Line 1,2023CL,SWCO,BSS1075-R,P23-1330,LR,1106,18478128,Pass,,,,,,,,
1001858227,2023-07-03,Line 1,2023CL,SWCO,BSS1075-R,P23-1330,LF,337,18478129,Pass,,,,,,,,
1001858227,2023-07-03,Line 1,2023CL,SWCO,BSS1075-R,P23-1330,MF,296.5,18478131,Pass,,,,,,,,
1001858227,2023-07-03,Line 1,2023CL,SWCO,BSS1075-R,P23-1330,MR,944,18478130,Pass,,,,,,,,
1001853334,2023-07-06,Line 1,2023CL,SWCO,BSS8040,23-MZ1742,LR,2815.5,18441035,Pass,,,,,,,,
1001853334,2023-07-06,Line 1,2023CL,SWCO,BSS8040,23-MZ1742,LF,6472,18441036,Pass,,,,,,,,
1001853334,2023-07-06,Line 1,2023CL,SWCO,BSS8040,23-MZ1742,MR,2416.5,18441037,Pass,,,,,,,,
1001853334,2023-07-06,Line 1,2023CL,SWCO,BSS8040,23-MZ1742,MF,3093,18441038,Pass,,,,,,,,
1001859907,2023-07-07,Line 1,2023CL,SWCO,BSS8040,P23-1331,LR,1081.5,18491983,Pass,,,,,,,,
1001859907,2023-07-07,Line 1,2023CL,SWCO,BSS8040,P23-1331,LF,2078.5,18491984,Pass,,,,,,,,
1001859907,2023-07-07,Line 1,2023CL,SWCO,BSS8040,P23-1331,MR,1013,18491985,Pass,,,,,,,,
1001859907,2023-07-07,Line 1,2023CL,SWCO,BSS8040,P23-1331,MF,1191,18491986,Pass,,,,,,,,
1001856122,2023-07-10,Line 1,2023CL,SWCO,8909MRW,23-TUSY401-X2,LR,3441,18462361,Pass,,,,,,,,
1001856122,2023-07-10,Line 1,2023CL,SWCO,8909MRW,23-TUSY401-X2,LF,2273,18462362,Pass,,,,,,,,
1001856122,2023-07-10,Line 1,2023CL,SWCO,8909MRW,23-TUSY401-X2,MR,1277.5,18462363,Pass,,,,,,,,
1001856122,2023-07-10,Line 1,2023CL,SWCO,8909MRW,23-TUSY401-X2,MF,1755.5,18462364,Pass,,,,,,,,
1001859036,2023-07-11,Line 1,2023CL,SWCO,8909MRW,23-U094X2,LR,1284,18481727,Pass,,,,,,,,
1001859036,2023-07-11,Line 1,2023CL,SWCO,8909MRW,23-U094X2,LF,967,18481729,Pass,,,,,,,,
1001859036,2023-07-11,Line 1,2023CL,SWCO,8909MRW,23-U094X2,MR,483,18481730,Pass,,,,,,,,
1001859036,2023-07-11,Line 1,2023CL,SWCO,8909MRW,23-U094X2,MF,817,18481731,Pass,,,,,,,,
1001859041,2023-07-12,Line 1,2023CL,SWCO,BSS8021,23-TUSY701,LR,1731,18481744,Pass,,,,,,,,
1001859041,2023-07-12,Line 1,2023CL,SWCO,BSS8021,23-TUSY701,LF,582.5,18481745,Pass,,,,,,,,
1001859041,2023-07-12,Line 1,2023CL,SWCO,BSS8021,23-TUSY701,MR,1008,18481746,Pass,,,,,,,,
1001859041,2023-07-12,Line 1,2023CL,SWCO,BSS8021,23-TUSY701,MF,797.5,18481747,Pass,,,,,,,,
1001859035,2023-07-13,Line 1,2023CL,SWCO,GOLDEN QUEEN,P23-1333,LR,494.5,18481699,Pass,,,,,,,,
1001859035,2023-07-13,Line 1,2023CL,SWCO,GOLDEN QUEEN,P23-1333,LF,2346,18481700,Pass,,,,,,,,
1001859035,2023-07-13,Line 1,2023CL,SWCO,GOLDEN QUEEN,P23-1333,MR,221.5,18481701,Pass,,,,,,,,
1001859035,2023-07-13,Line 1,2023CL,SWCO,GOLDEN QUEEN,P23-1333,MF,244.5,18481702,Pass,,,,,,,,
1001859034,2023-07-13,Line 1,2023CL,SWCO,GOLDEN QUEEN,SYNG22502,LR,932,18481688,Pass,,,,,,,,
1001859034,2023-07-13,Line 1,2023CL,SWCO,GOLDEN QUEEN,SYNG22502,LF,1903,18481689,Pass,,,,,,,,
1001859034,2023-07-13,Line 1,2023CL,SWCO,GOLDEN QUEEN,SYNG22502,MR,252,18481690,Pass,,,,,,,,
1001859034,2023-07-13,Line 1,2023CL,SWCO,GOLDEN QUEEN,SYNG22502,MF,187.5,18481691,Pass,,,,,,,,
1001863424,2023-07-26,Line 1,2023CL,SWCO,GSS3951,P22-1334-X1,LR,1557.5,18528886,Pass,,,,,,,,
1001863424,2023-07-26,Line 1,2023CL,SWCO,GSS3951,P22-1334-X1,LF,2803.5,18528887,Pass,,,,,,,,
1001863424,2023-07-26,Line 1,2023CL,SWCO,GSS3951,P22-1334-X1,MR,2738,18528888,Pass,,,,,,,,
1001863424,2023-07-26,Line 1,2023CL,SWCO,GSS3951,P22-1334-X1,MFH,7895,18528889,Pass,,,,,,,,
1001863424,2023-07-26,Line 1,2023CL,SWCO,GSS3951,P22-1334-X1,MFL,5514,18528896,Pass,,,,,,,,
1001884747,2023-09-01,Line 1,2023,SWCO,GH6055,WAC077061X1,LR,5546,18721038,Pass,,,,,,,,
1001884747,2023-09-01,Line 1,2023,SWCO,GH6055,WAC077061X1,LF,9800,18721039,Fail,Dent,,,,,,,
1001884747,2023-09-01,Line 1,2023,SWCO,GH6055,WAC077061X1,MR,1771,18721040,Pass,,,,,,,,
1001884747,2023-09-01,Line 1,2023,SWCO,GH6055,WAC077061X1,MF,1420,18721041,Pass,,,,,,,,
1001884748,2023-09-01,Line 1,2023,SWCO,GH6055,WAC077061X1K,LR,2311,18721042,Fail,Dent,,,,,,,
1001884748,2023-09-01,Line 1,2023,SWCO,GH6055,WAC077061X1K,LF,3246,18721043,Fail,Dent,,,,,,,
1001884748,2023-09-01,Line 1,2023,SWCO,GH6055,WAC077061X1K,MR,719,18721044,Fail,Dent,,,,,,,
1001884748,2023-09-01,Line 1,2023,SWCO,GH6055,WAC077061X1K,MF,478.5,18721045,Fail,Dent,,,,,,,
1001883359,2023-09-03,Line 1,2023,SWCO,GH6462S,WAC077062,LR,9865.5,18713139,Fail,Discolored,,,,,,,
1001883359,2023-09-03,Line 1,2023,SWCO,GH6462S,WAC077062,LF,11197,18713140,Fail,Discolored,,,,,,,
1001883359,2023-09-03,Line 1,2023,SWCO,GH6462S,WAC077062,MR,10681,18713141,Fail,Discolored,,,,,,,
1001883359,2023-09-03,Line 1,2023,SWCO,GH6462S,WAC077062,MF,19109,18713142,Fail,Discolored,,,,,,,
1001884760,2023-09-04,Line 1,2023,SWCO,SS7078Y,WAW077050X2,LR,2804,18723155,Pass,,,,,,,,
1001884760,2023-09-04,Line 1,2023,SWCO,SS7078Y,WAW077050X2,LF,3529,18723156,Pass,,,,,,,,
1001884760,2023-09-04,Line 1,2023,SWCO,SS7078Y,WAW077050X2,MR,805.5,18723157,Fail,Cob,,,,,,,
1001884760,2023-09-04,Line 1,2023,SWCO,SS7078Y,WAW077050X2,MF,442.5,18723158,Pass,,,,,,,,
1001885313,2023-09-04,Line 1,2023,SWCO,GH4927,WAC077060,LR,7759.5,18726323,Pass,,,,,,,,
1001885313,2023-09-04,Line 1,2023,SWCO,GH4927,WAC077060,LF,3730,18726324,Fail,Broken,,,,,,,
1001885313,2023-09-04,Line 1,2023,SWCO,GH4927,WAC077060,MR,5813.5,18726325,Pass,,,,,,,,
1001885313,2023-09-04,Line 1,2023,SWCO,GH4927,WAC077060,MF,1372.5,18726326,Fail,Smut,,,,,,,
1001885518,2023-09-05,Line 1,2023,SWCO,TYSON,ORW077116X1,LR,4835.5,18729577,Pass,,,,,,,,
1001885518,2023-09-05,Line 1,2023,SWCO,TYSON,ORW077116X1,LF,994.5,18729578,Pass,,,,,,,,
1001885518,2023-09-05,Line 1,2023,SWCO,TYSON,ORW077116X1,MR,900,18729579,Pass,,,,,,,,
1001885518,2023-09-05,Line 1,2023,SWCO,TYSON,ORW077116X1,MF,288.5,18729580,Fail,Cob,,,,,,,
1001865196,2023-09-05,Line 1,2023,SWCO,GSS1170-R,ORW077022X2,LR,1160.5,18542343,Pass,,,,,,,,
1001865196,2023-09-05,Line 1,2023,SWCO,GSS1170-R,ORW077022X2,LRH,85.5,18542344,Fail,Smut,,,,,,,
1001865196,2023-09-05,Line 1,2023,SWCO,GSS1170-R,ORW077022X2,LF,405.5,18542345,Fail,Smut,,,,,,,
1001865196,2023-09-05,Line 1,2023,SWCO,GSS1170-R,ORW077022X2,LFH,35.5,18542346,Pass,,,,,,,,
1001865196,2023-09-05,Line 1,2023,SWCO,GSS1170-R,ORW077022X2,MR,563.5,18658827,Pass,,,,,,,,
1001865196,2023-09-05,Line 1,2023,SWCO,GSS1170-R,ORW077022X2,MRH,66.5,18658828,Pass,,,,,,,,
1001865196,2023-09-05,Line 1,2023,SWCO,GSS1170-R,ORW077022X2,MF,305.5,18658829,Pass,,,,,,,,
1001865196,2023-09-05,Line 1,2023,SWCO,GSS1170-R,ORW077022X2,MFH,46.5,18658830,Pass,,,,,,,,
1001886244,2023-09-06,Line 1,2023,SWCO,GSS3951,ORW077140X1,LR,4183,18736665,Pass,,,,,,,,
1001886244,2023-09-06,Line 1,2023,SWCO,GSS3951,ORW077140X1,LF,2460.5,18736666,Pass,,,,,,,,
1001886244,2023-09-06,Line 1,2023,SWCO,GSS3951,ORW077140X1,MR,3543.5,18736667,Pass,,,,,,,,
1001886244,2023-09-06,Line 1,2023,SWCO,GSS3951,ORW077140X1,MFH,1405,18736668,Pass,,,,,,,,
1001886244,2023-09-06,Line 1,2023,SWCO,GSS3951,ORW077140X1,MFL,1003.5,18736671,Pass,,,,,,,,
1001886704,2023-09-06,Line 1,2023,SWCO,GSS3951,WAW077119X1J1,LR,655,18738871,Pass,,,,,,,,
1001886704,2023-09-06,Line 1,2023,SWCO,GSS3951,WAW077119X1J1,LF,447.5,18738872,Pass,,,,,,,,
1001886704,2023-09-06,Line 1,2023,SWCO,GSS3951,WAW077119X1J1,MR,513.5,18738873,Pass,,,,,,,,
1001886704,2023-09-06,Line 1,2023,SWCO,GSS3951,WAW077119X1J1,MF,410.5,18738874,Pass,,,,,,,,
1001886926,2023-09-08,Line 1,2023,SWCO,GSS3951,WAW077119X1,LR,11899.5,18738927,Pass,,,,,,,,
1001886926,2023-09-08,Line 1,2023,SWCO,GSS3951,WAW077119X1,LF,10655,18738928,Pass,,,,,,,,
1001886926,2023-09-08,Line 1,2023,SWCO,GSS3951,WAW077119X1,MR,10038.5,18738929,Pass,,,,,,,,
1001886926,2023-09-08,Line 1,2023,SWCO,GSS3951,WAW077119X1,MFH,8280,18738930,Pass,,,,,,,,
1001886926,2023-09-08,Line 1,2023,SWCO,GSS3951,WAW077119X1,MFL,4269,18738940,Pass,,,,,,,,
1001886927,2023-09-08,Line 1,2023,SWCO,GSS3951,WAW077119X1J,LR,634,18738948,Pass,,,,,,,,
1001886927,2023-09-08,Line 1,2023,SWCO,GSS3951,WAW077119X1J,LF,638.5,18738949,Pass,,,,,,,,
1001886927,2023-09-08,Line 1,2023,SWCO,GSS3951,WAW077119X1J,MR,646.5,18738950,Pass,,,,,,,,
1001886927,2023-09-08,Line 1,2023,SWCO,GSS3951,WAW077119X1J,MF,749,18738951,Pass,,,,,,,,
1001887445,2023-09-09,Line 1,2023,SWCO,GSS3951,WAW077160,LR,8536.5,18743919,Pass,,,,,,,,
1001887445,2023-09-09,Line 1,2023,SWCO,GSS3951,WAW077160,LF,4467,18743920,Pass,,,,,,,,
1001887445,2023-09-09,Line 1,2023,SWCO,GSS3951,WAW077160,MR,4026,18743921,Pass,,,,,,,,
1001887445,2023-09-09,Line 1,2023,SWCO,GSS3951,WAW077160,MFH,1766,18743923,Pass,,,,,,,,
1001887445,2023-09-09,Line 1,2023,SWCO,GSS3951,WAW077160,MFL,759,18743922,Fail,Cob,,,,,,,
1001878130,2023-09-09,Line 1,2023,SWCO,REVISION,ORT077085H,LR,6794,18645596,Pass,,,,,,,,
1001878130,2023-09-09,Line 1,2023,SWCO,REVISION,ORT077085H,LF,5088.5,18645597,Pass,,,,,,,,
1001878130,2023-09-09,Line 1,2023,SWCO,REVISION,ORT077085H,MR,4325,18645598,Pass,,,,,,,,
1001878130,2023-09-09,Line 1,2023,SWCO,REVISION,ORT077085H,MF,1720,18645599,Pass,,,,,,,,
1001878131,2023-09-09,Line 1,2023,SWCO,REVISION,ORT077085HK,LR,3260,18645601,Pass,,,,,,,,
1001878131,2023-09-09,Line 1,2023,SWCO,REVISION,ORT077085HK,LF,2813.5,18645602,Pass,,,,,,,,
1001878131,2023-09-09,Line 1,2023,SWCO,REVISION,ORT077085HK,MR,2196.5,18645603,Pass,,,,,,,,
1001878131,2023-09-09,Line 1,2023,SWCO,REVISION,ORT077085HK,MF,969,18645604,Pass,,,,,,,,
1001878132,2023-09-10,Line 1,2023,SWCO,REVISION,ORT077085HK1,LR,1464.5,18645605,Pass,,,,,,,,
1001878132,2023-09-10,Line 1,2023,SWCO,REVISION,ORT077085HK1,LF,952,18645606,Pass,,,,,,,,
1001878132,2023-09-10,Line 1,2023,SWCO,REVISION,ORT077085HK1,MR,985,18645607,Pass,,,,,,,,
1001878132,2023-09-10,Line 1,2023,SWCO,REVISION,ORT077085HK1,MF,247,18645608,Pass,,,,,,,,
1001878134,2023-09-10,Line 1,2023,SWCO,REVISION,ORT077085HKW,LR,2227,18645613,Fail,Dent,,,,,,,
1001878134,2023-09-10,Line 1,2023,SWCO,REVISION,ORT077085HKW,LF,1594.5,18645614,Pass,,,,,,,,
1001878134,2023-09-10,Line 1,2023,SWCO,REVISION,ORT077085HKW,MR,1056,18645615,Pass,,,,,,,,
1001878134,2023-09-10,Line 1,2023,SWCO,REVISION,ORT077085HKW,MF,393.5,18645616,Pass,,,,,,,,
1001878129,2023-09-12,Line 1,2023,SWCO,QUICK TRIP,ORT077083H,LR,10256,18645592,Pass,,,,,,,,
1001878129,2023-09-12,Line 1,2023,SWCO,QUICK TRIP,ORT077083H,LF,7671,18645593,Pass,,,,,,,,
1001878129,2023-09-12,Line 1,2023,SWCO,QUICK TRIP,ORT077083H,MR,1069,18645594,Pass,,,,,,,,
1001878129,2023-09-12,Line 1,2023,SWCO,QUICK TRIP,ORT077083H,MF,180,18645595,Fail,Discolored,,,,,,,
1001878137,2023-09-14,Line 1,2023,SWCO,SERENDIPITY,WAT077086,LR,5103,18645625,Pass,,,,,,,,
1001878137,2023-09-14,Line 1,2023,SWCO,SERENDIPITY,WAT077086,LF,8505,18645626,Pass,,,,,,,,
1001878137,2023-09-14,Line 1,2023,SWCO,SERENDIPITY,WAT077086,MR,5940,18645627,Pass,,,,,,,,
1001878137,2023-09-14,Line 1,2023,SWCO,SERENDIPITY,WAT077086,MF,5234,18645628,Pass,,,,,,,,
1001876070,2023-09-15,Line 1,2023,SWCO,ACCESSION,WAW077006X2,LR,4265.5,18630501,Pass,,,,,,,,
1001876070,2023-09-15,Line 1,2023,SWCO,ACCESSION,WAW077006X2,LF,11690,18630502,Pass,,,,,,,,
1001876070,2023-09-15,Line 1,2023,SWCO,ACCESSION,WAW077006X2,MR,5066.5,18630503,Pass,,,,,,,,
1001876070,2023-09-15,Line 1,2023,SWCO,ACCESSION,WAW077006X2,MF,10400.5,18630504,Pass,,,,,,,,
1001876067,2023-09-16,Line 1,2023,SWCO,7401 IMP,WAW077087X2,LR,8111.5,18630479,Pass,,,,,,,,
1001876067,2023-09-16,Line 1,2023,SWCO,7401 IMP,WAW077087X2,LF,6131.5,18630480,Pass,,,,,,,,
1001876067,2023-09-16,Line 1,2023,SWCO,7401 IMP,WAW077087X2,MR,2597,18630481,Pass,,,,,,,,
1001876067,2023-09-16,Line 1,2023,SWCO,7401 IMP,WAW077087X2,MF,1492,18630482,Pass,,,,,,,,
1001889721,2023-09-18,Line 1,2023,SWCO,GH6462S,WAC077095,LR,20487,18762702,Pass,,,,,,,,
1001889721,2023-09-18,Line 1,2023,SWCO,GH6462S,WAC077095,LF,10245,18762703,Pass,,,,,,,,
1001889721,2023-09-18,Line 1,2023,SWCO,GH6462S,WAC077095,MR,17630,18762704,Pass,,,,,,,,
1001889721,2023-09-18,Line 1,2023,SWCO,GH6462S,WAC077095,MF,10069.5,18762705,Pass,,,,,,,,
1001890021,2023-09-19,Line 1,2023,SWCO,GH6462S,WAC077058,LR,7244,18762634,Pass,,,,,,,,
1001890021,2023-09-19,Line 1,2023,SWCO,GH6462S,WAC077058,LF,7724.5,18762635,Pass,,,,,,,,
1001890021,2023-09-19,Line 1,2023,SWCO,GH6462S,WAC077058,MR,10127,18762636,Pass,,,,,,,,
1001890021,2023-09-19,Line 1,2023,SWCO,GH6462S,WAC077058,MF,13407.5,18762637,Pass,,,,,,,,
1001890147,2023-09-21,Line 1,2023,SWCO,TYSON,WAW07751X1,LR,17182,18764982,Pass,,,,,,,,
1001890147,2023-09-21,Line 1,2023,SWCO,TYSON,WAW07751X1,LF,14272.5,18764983,Pass,,,,,,,,
1001890147,2023-09-21,Line 1,2023,SWCO,TYSON,WAW07751X1,MR,8779,18764984,Pass,,,,,,,,
1001890147,2023-09-21,Line 1,2023,SWCO,TYSON,WAW07751X1,MF,13036,18764985,Pass,,,,,,,,
1001890148,2023-09-22,Line 1,2023,SWCO,TYSON,WAW077051X1P,LR,5403,18764986,Pass,,,,,,,,
1001890148,2023-09-22,Line 1,2023,SWCO,TYSON,WAW077051X1P,LF,4665.5,18764987,Pass,,,,,,,,
1001890148,2023-09-22,Line 1,2023,SWCO,TYSON,WAW077051X1P,MR,2881.5,18764988,Pass,,,,,,,,
1001890148,2023-09-22,Line 1,2023,SWCO,TYSON,WAW077051X1P,MF,4479.5,18764989,Pass,,,,,,,,
1001892257,2023-09-22,Line 1,2023,SWCO,TYSON,WAW077004X1,LR,1679,18778487,Fail,Cob,,,,,,,
1001892257,2023-09-22,Line 1,2023,SWCO,TYSON,WAW077004X1,LF,1231,18778488,Pass,,,,,,,,
1001892257,2023-09-22,Line 1,2023,SWCO,TYSON,WAW077004X1,MR,831,18778489,Pass,,,,,,,,
1001892257,2023-09-22,Line 1,2023,SWCO,TYSON,WAW077004X1,MF,877,18778490,Fail,Cob,,,,,,,
1001876146,2023-09-22,Line 1,2023,SWCO,HONEY SELECT,WAT077079,LR,8117.5,18630631,Fail,Dent,,,,,,,
1001876146,2023-09-22,Line 1,2023,SWCO,HONEY SELECT,WAT077079,LF,3390.5,18630632,Fail,Dent,,,,,,,
1001876146,2023-09-22,Line 1,2023,SWCO,HONEY SELECT,WAT077079,MR,1111,18630633,Pass,,,,,,,,
1001876146,2023-09-22,Line 1,2023,SWCO,HONEY SELECT,WAT077079,MF,384.5,18630634,Fail,Discolored,,,,,,,
1001886347,2023-09-23,Line 1,2023,SWBS,R00638,WAW23T7541X1,LR,1114,18736581,Pass,,,,,,,,
1001886347,2023-09-23,Line 1,2023,SWBS,R00638,WAW23T7541X1,LF,1368.5,18736582,Pass,,,,,,,,
1001886347,2023-09-23,Line 1,2023,SWBS,R00638,WAW23T7541X1,MR,810,18736584,Pass,,,,,,,,
1001886347,2023-09-23,Line 1,2023,SWBS,R00638,WAW23T7541X1,MF,389,18736583,Pass,,,,,,,,
1001892381,2023-09-23,Line 1,2023,SWBS,G4075,WAW23T7528X1,LR,235,18778479,Fail,Cob,,,,,,,
1001892381,2023-09-23,Line 1,2023,SWBS,G4075,WAW23T7528X1,LF,762.5,18778480,Pass,,,,,,,,
1001892381,2023-09-23,Line 1,2023,SWBS,G4075,WAW23T7528X1,MR,503.5,18778481,Fail,Cob,,,,,,,
1001892381,2023-09-23,Line 1,2023,SWBS,G4075,WAW23T7528X1,MF,2111,18778482,Pass,,,,,,,,
1001892534,2023-09-26,Line 1,2023,SWCO,OVERLAND-R,WAW077068X1,LR,4566,18780994,Pass,,,,,,,,
1001892534,2023-09-26,Line 1,2023,SWCO,OVERLAND-R,WAW077068X1,LF,10596,18780995,Pass,,,,,,,,
1001892534,2023-09-26,Line 1,2023,SWCO,OVERLAND-R,WAW077068X1,MR,16266.5,18780996,Pass,,,,,,,,
1001892534,2023-09-26,Line 1,2023,SWCO,OVERLAND-R,WAW077068X1,MFH,46587.5,18780997,Pass,,,,,,,,
1001892534,2023-09-26,Line 1,2023,SWCO,OVERLAND-R,WAW077068X1,MFL,18770.5,18780999,Pass,,,,,,,,
1001892533,2023-09-29,Line 1,2023,SWCO,OVERLAND-R,WAW077070X1,LR,5126.5,18780988,Pass,,,,,,,,
1001892533,2023-09-29,Line 1,2023,SWCO,OVERLAND-R,WAW077070X1,LF,11402.5,18780989,Pass,,,,,,,,
1001892533,2023-09-29,Line 1,2023,SWCO,OVERLAND-R,WAW077070X1,MR,14977.5,18780990,Pass,,,,,,,,
1001892533,2023-09-29,Line 1,2023,SWCO,OVERLAND-R,WAW077070X1,MF-H,28870,18780991,Pass,,,,,,,,
1001892533,2023-09-29,Line 1,2023,SWCO,OVERLAND-R,WAW077070X1,MF-L,22519,18780993,Pass,,,,,,,,
1001892535,2023-09-29,Line 1,2023,SWCO,OVERLAND-R,WAW077070X1J1,LR,261,18781000,Fail,Smut,,,,,,,
1001892535,2023-09-29,Line 1,2023,SWCO,OVERLAND-R,WAW077070X1J1,LF,612,18781001,Pass,,,,,,,,
1001892535,2023-09-29,Line 1,2023,SWCO,OVERLAND-R,WAW077070X1J1,MR,622,18781002,Pass,,,,,,,,
1001892535,2023-09-29,Line 1,2023,SWCO,OVERLAND-R,WAW077070X1J1,MF,2345.5,18781003,Pass,,,,,,,,
1001892536,2023-09-29,Line 1,2023,SWCO,OVERLAND-R,WAW077070X1J2,LR,271.5,18781004,Pass,,,,,,,,
1001892536,2023-09-29,Line 1,2023,SWCO,OVERLAND-R,WAW077070X1J2,LF,590,18781005,Pass,,,,,,,,
1001892536,2023-09-29,Line 1,2023,SWCO,OVERLAND-R,WAW077070X1J2,MR,791,18781006,Pass,,,,,,,,
1001892536,2023-09-29,Line 1,2023,SWCO,OVERLAND-R,WAW077070X1J2,MF,2315,18781007,Pass,,,,,,,,
1001877945,2023-09-30,Line 1,2023,SWCO,JACKPOT,INC077134,LR,2509,18645486,Pass,,,,,,,,
1001877945,2023-09-30,Line 1,2023,SWCO,JACKPOT,INC077134,LF,8344,18645487,Pass,,,,,,,,
1001877945,2023-09-30,Line 1,2023,SWCO,JACKPOT,INC077134,MR,3667,18645488,Pass,,,,,,,,
1001877945,2023-09-30,Line 1,2023,SWCO,JACKPOT,INC077134,MF,5342.5,18645489,Pass,,,,,,,,
1001894737,2023-09-30,Line 1,2023,SWBS,R00447A,TVW23T7536X1,LR,597.5,18795910,Pass,,,,,,,,
1001894737,2023-09-30,Line 1,2023,SWBS,R00447A,TVW23T7536X1,LF,1951,18795911,Pass,,,,,,,,
1001894737,2023-09-30,Line 1,2023,SWBS,R00447A,TVW23T7536X1,MR,251,18795912,Pass,,,,,,,,
1001894737,2023-09-30,Line 1,2023,SWBS,R00447A,TVW23T7536X1,MF,837.5,18795913,Pass,,,,,,,,
1001876148,2023-10-01,Line 1,2023,SWCO,HONEY SELECT,INT077031,LR,771.5,18630641,Pass,,,,,,,,
1001876148,2023-10-01,Line 1,2023,SWCO,HONEY SELECT,INT077031,LF,6707,18630642,Pass,,,,,,,,
1001876148,2023-10-01,Line 1,2023,SWCO,HONEY SELECT,INT077031,MR,1657,18630643,Fail,Dent,,,,,,,
1001876148,2023-10-01,Line 1,2023,SWCO,HONEY SELECT,INT077031,MF,7239.5,18630644,Pass,,,,,,,,
1001876147,2023-10-01,Line 1,2023,SWCO,HONEY SELECT,WAT077105,LR,957.5,18630635,Pass,,,,,,,,
1001876147,2023-10-01,Line 1,2023,SWCO,HONEY SELECT,WAT077105,LF,3192.5,18630636,Pass,,,,,,,,
1001876147,2023-10-01,Line 1,2023,SWCO,HONEY SELECT,WAT077105,MR,1273.5,18630637,Pass,,,,,,,,
1001876147,2023-10-01,Line 1,2023,SWCO,HONEY SELECT,WAT077105,MF,4668,18630638,Pass,,,,,,,,
1001894781,2023-10-02,Line 1,2023,SWCO,HONEY SELECT,WAT077105K,LR,340,18799146,Pass,,,,,,,,
1001894781,2023-10-02,Line 1,2023,SWCO,HONEY SELECT,WAT077105K,LF,1363,18799147,Pass,,,,,,,,
1001894781,2023-10-02,Line 1,2023,SWCO,HONEY SELECT,WAT077105K,MR,455.5,18799148,Pass,,,,,,,,
1001894781,2023-10-02,Line 1,2023,SWCO,HONEY SELECT,WAT077105K,MF,2145,18799149,Pass,,,,,,,,
1001878093,2023-10-03,Line 1,2023,SWCO,MS1074Y,WAW077042X2,LR,5358,18645524,Pass,,,,,,,,
1001878093,2023-10-03,Line 1,2023,SWCO,MS1074Y,WAW077042X2,LF,9913.5,18645525,Pass,,,,,,,,
1001878093,2023-10-03,Line 1,2023,SWCO,MS1074Y,WAW077042X2,MR,3157.5,18645526,Pass,,,,,,,,
1001878093,2023-10-03,Line 1,2023,SWCO,MS1074Y,WAW077042X2,MF,8524,18645527,Pass,,,,,,,,
1001894739,2023-10-04,Line 1,2023,SWCO,CODE 646,WAW077018,LR,18288.5,18795925,Pass,,,,,,,,
1001894739,2023-10-04,Line 1,2023,SWCO,CODE 646,WAW077018,LF,7091.5,18795926,Pass,,,,,,,,
1001894739,2023-10-04,Line 1,2023,SWCO,CODE 646,WAW077018,MR,1826.5,18795927,Pass,,,,,,,,
1001894739,2023-10-04,Line 1,2023,SWCO,CODE 646,WAW077018,MF,1016.5,18795928,Fail,Broken,,,,,,,
1001895104,2023-10-04,Line 1,2023,SWBS,AC157Y,TVW23T7504,LR,430,18804445,Pass,,,,,,,,
1001895104,2023-10-04,Line 1,2023,SWBS,AC157Y,TVW23T7504,LF,461,18804446,Pass,,,,,,,,
1001895104,2023-10-04,Line 1,2023,SWBS,AC157Y,TVW23T7504,MR,699,18804447,Pass,,,,,,,,
1001895104,2023-10-04,Line 1,2023,SWBS,AC157Y,TVW23T7504,MF,548,18804448,Fail,Cob,,,,,,,
1001865531,2023-10-06,Line 1,2023,SWCO,CABO,WAW077017X2,LRL,18623,18542419,Pass,,,,,,,,
1001865531,2023-10-06,Line 1,2023,SWCO,CABO,WAW077017X2,LRH,3585,18542420,Pass,,,,,,,,
1001865531,2023-10-06,Line 1,2023,SWCO,CABO,WAW077017X2,LFL,9076,18542421,Pass,,,,,,,,
1001865531,2023-10-06,Line 1,2023,SWCO,CABO,WAW077017X2,LFH,1079,18542422,Pass,,,,,,,,
1001865531,2023-10-06,Line 1,2023,SWCO,CABO,WAW077017X2,MRL,2473.5,18658844,Pass,,,,,,,,
1001865531,2023-10-06,Line 1,2023,SWCO,CABO,WAW077017X2,MRH,130,18658847,Fail,Dent,,,,,,,
1001865531,2023-10-06,Line 1,2023,SWCO,CABO,WAW077017X2,MFL,952,18658848,Pass,,,,,,,,
1001865532,2023-10-06,Line 1,2023,SWCO,CABO,WAW077017X2P,LRL,1588.5,18542423,Pass,,,,,,,,
1001865532,2023-10-06,Line 1,2023,SWCO,CABO,WAW077017X2P,LRH,333.5,18542424,Pass,,,,,,,,
1001865532,2023-10-06,Line 1,2023,SWCO,CABO,WAW077017X2P,LFL,588.5,18542425,Pass,,,,,,,,
1001865532,2023-10-06,Line 1,2023,SWCO,CABO,WAW077017X2P,LFH,131.5,18542426,Pass,,,,,,,,
1001865532,2023-10-06,Line 1,2023,SWCO,CABO,WAW077017X2P,MRL,150,18658850,Pass,,,,,,,,
1001891184,2023-10-06,Line 1,2023,SWCO,CABO,WAW077094X2,LRL,3765.5,18772728,Pass,,,,,,,,
1001891184,2023-10-06,Line 1,2023,SWCO,CABO,WAW077094X2,LRH,397.5,18772729,Pass,,,,,,,,
1001891184,2023-10-06,Line 1,2023,SWCO,CABO,WAW077094X2,LFL,1911,18772730,Pass,,,,,,,,
1001891184,2023-10-06,Line 1,2023,SWCO,CABO,WAW077094X2,LFH,272,18772731,Pass,,,,,,,,
1001891184,2023-10-06,Line 1,2023,SWCO,CABO,WAW077094X2,MRL,469,18772735,Pass,,,,,,,,
1001891184,2023-10-06,Line 1,2023,SWCO,CABO,WAW077094X2,MFL,197,18772739,Fail,OffType,,,,,,,
1001890146,2023-10-07,Line 1,2023,SWCO,GH1703,WAC077059X1,LR,3020.5,18764977,Fail,Dent,,,,,,,
1001865529,2023-10-07,Line 1,2023,SWCO,BSS8021,WAW077093X2,LR,9556,18542411,Pass,,,,,,,,
1001865529,2023-10-07,Line 1,2023,SWCO,BSS8021,WAW077093X2,LF,3443.5,18542412,Pass,,,,,,,,
1001865529,2023-10-07,Line 1,2023,SWCO,BSS8021,WAW077093X2,MR,2442.5,18542413,Pass,,,,,,,,
1001865529,2023-10-07,Line 1,2023,SWCO,BSS8021,WAW077093X2,MF,1670,18542414,Fail,Cob,,,,,,,
1001865530,2023-10-08,Line 1,2023,SWCO,BSS8021,INW077044X2,LR,1103,18542415,Fail,Dent,,,,,,,
1001865530,2023-10-08,Line 1,2023,SWCO,BSS8021,INW077044X2,LF,2405,18542416,Pass,,,,,,,,
1001865530,2023-10-08,Line 1,2023,SWCO,BSS8021,INW077044X2,MR,4549.5,18542418,Fail,Cob,,,,,,,
1001865530,2023-10-08,Line 1,2023,SWCO,BSS8021,INW077044X2,MF,1332.5,18542417,Fail,Dent,,,,,,,
1001896594,2023-10-10,Line 1,2023,SWCO,GSS1453-R,WAW077024X1,LR,1497.5,18810169,Pass,,,,,,,,
1001896594,2023-10-10,Line 1,2023,SWCO,GSS1453-R,WAW077024X1,LF,5831,18810170,Pass,,,,,,,,
1001896594,2023-10-10,Line 1,2023,SWCO,GSS1453-R,WAW077024X1,MR,5349,18810171,Pass,,,,,,,,
1001896594,2023-10-10,Line 1,2023,SWCO,GSS1453-R,WAW077024X1,MF,34046,18810172,Pass,,,,,,,,
1001896595,2023-10-10,Line 1,2023,SWCO,GSS1453-R,WAW077024X1P,LR,1715,18810174,Pass,,,,,,,,
1001896595,2023-10-10,Line 1,2023,SWCO,GSS1453-R,WAW077024X1P,LF,734,18810175,Pass,,,,,,,,
1001896595,2023-10-10,Line 1,2023,SWCO,GSS1453-R,WAW077024X1P,MR,7705,18810176,Pass,,,,,,,,
1001896595,2023-10-10,Line 1,2023,SWCO,GSS1453-R,WAW077024X1P,MF,4870,18810177,Pass,,,,,,,,
1001876083,2023-10-10,Line 1,2023,SWCO,GSS31004,WAW077100X2,LR,2739.5,18630616,Pass,,,,,,,,
1001876083,2023-10-10,Line 1,2023,SWCO,GSS31004,WAW077100X2,LF,383.5,18630617,Pass,,,,,,,,
1001876083,2023-10-10,Line 1,2023,SWCO,GSS31004,WAW077100X2,MR,244,18630618,Pass,,,,,,,,
1001892501,2023-10-11,Line 1,2023,SWCO,GSS3951,WAW077119X1W,LR,2016.5,18780814,Pass,,,,,,,,
1001892501,2023-10-11,Line 1,2023,SWCO,GSS3951,WAW077119X1W,LF,1861.5,18780815,Pass,,,,,,,,
1001892501,2023-10-11,Line 1,2023,SWCO,GSS3951,WAW077119X1W,MR,1822.5,18780816,Pass,,,,,,,,
1001892501,2023-10-11,Line 1,2023,SWCO,GSS3951,WAW077119X1W,MFL,1360,18780817,Pass,,,,,,,,
1001892501,2023-10-11,Line 1,2023,SWCO,GSS3951,WAW077119X1W,MFH,1534.5,18780819,Pass,,,,,,,,
1001897723,2023-10-12,Line 1,2023,SWCO,GSS3951,WAW077150X1,LR,4552.5,18818302,Pass,,,,,,,,
1001897723,2023-10-12,Line 1,2023,SWCO,GSS3951,WAW077150X1,LF,6162.5,18818303,Pass,,,,,,,,
1001897723,2023-10-12,Line 1,2023,SWCO,GSS3951,WAW077150X1,MR,7353,18818304,Pass,,,,,,,,
1001897723,2023-10-12,Line 1,2023,SWCO,GSS3951,WAW077150X1,MFL,6795.5,18818305,Pass,,,,,,,,
1001897723,2023-10-12,Line 1,2023,SWCO,GSS3951,WAW077150X1,MFH,10212.5,18818306,Pass,,,,,,,,
1001894569,2023-10-14,Line 1,2023,SWCO,GSS3951,WAW077120,LR,24299.5,18795612,Pass,,,,,,,,
1001894569,2023-10-14,Line 1,2023,SWCO,GSS3951,WAW077120,LF,20293.5,18795613,Pass,,,,,,,,
1001894569,2023-10-14,Line 1,2023,SWCO,GSS3951,WAW077120,MR,20519,18795614,Pass,,,,,,,,
1001894569,2023-10-14,Line 1,2023,SWCO,GSS3951,WAW077120,MFL,12682,18795615,Pass,,,,,,,,
1001894569,2023-10-14,Line 1,2023,SWCO,GSS3951,WAW077120,MFH,22253.5,18795616,Pass,,,,,,,,
1001896593,2023-10-14,Line 1,2023,SWCO,GSS3951,WAW077180,LR,178.5,18810157,Pass,,,,,,,,
1001896593,2023-10-14,Line 1,2023,SWCO,GSS3951,WAW077180,LF,285,18810158,Pass,,,,,,,,
1001896593,2023-10-14,Line 1,2023,SWCO,GSS3951,WAW077180,MR,223,18810159,Pass,,,,,,,,
1001896593,2023-10-14,Line 1,2023,SWCO,GSS3951,WAW077180,MF,1285,18810160,Pass,,,,,,,,
1001900191,2023-10-15,Line 1,2023,SWCO,GSS3951,WAW077110X1,LR,4125,18828866,Pass,,,,,,,,
1001900191,2023-10-15,Line 1,2023,SWCO,GSS3951,WAW077110X1,LF,5887,18828868,Pass,,,,,,,,
1001900191,2023-10-15,Line 1,2023,SWCO,GSS3951,WAW077110X1,MR,5556,18828869,Pass,,,,,,,,
1001900191,2023-10-15,Line 1,2023,SWCO,GSS3951,WAW077110X1,MFH,8417.5,18828871,Pass,,,,,,,,
1001900191,2023-10-15,Line 1,2023,SWCO,GSS3951,WAW077110X1,MFL,8105,18828870,Pass,,,,,,,,
1001900230,2023-10-15,Line 1,2023,SWBS,R00638,WAW23T7542X1,LR,264,18829302,Pass,,,,,,,,
1001900230,2023-10-15,Line 1,2023,SWBS,R00638,WAW23T7542X1,LF,946.5,18829303,Pass,,,,,,,,
1001900230,2023-10-15,Line 1,2023,SWBS,R00638,WAW23T7542X1,MR,293,18829304,Pass,,,,,,,,
1001900230,2023-10-15,Line 1,2023,SWBS,R00638,WAW23T7542X1,MF,1223,18829305,Pass,,,,,,,,
1001876081,2023-10-16,Line 1,2023,SWCO,GSS1198-R,WAW077099X2,LR,1715.5,18630588,Pass,,,,,,,,
1001876081,2023-10-16,Line 1,2023,SWCO,GSS1198-R,WAW077099X2,LF,584.5,18630589,Pass,,,,,,,,
1001876081,2023-10-16,Line 1,2023,SWCO,GSS1198-R,WAW077099X2,MR,189.5,18630591,Pass,,,,,,,,
1001876081,2023-10-16,Line 1,2023,SWCO,GSS1198-R,WAW077099X2,MF,361.5,18630590,Pass,,,,,,,,
1001900062,2023-10-17,Line 1,2023,SWCO,ROCKER,WAC077073,LR,23086.5,18829173,Pass,,,,,,,,
1001900062,2023-10-17,Line 1,2023,SWCO,ROCKER,WAC077073,LF,12377.5,18829174,Pass,,,,,,,,
1001900062,2023-10-17,Line 1,2023,SWCO,ROCKER,WAC077073,MR,3342,18829175,Pass,,,,,,,,
1001900062,2023-10-17,Line 1,2023,SWCO,ROCKER,WAC077073,MF,1352.5,18829176,Pass,,,,,,,,
1001900295,2023-10-17,Line 1,2023,SWBS,AC199YST,TVW23S7507,LR,1532,18831373,Pass,,,,,,,,
1001900295,2023-10-17,Line 1,2023,SWBS,AC199YST,TVW23S7507,LF,926,18831374,Pass,,,,,,,,
1001900295,2023-10-17,Line 1,2023,SWBS,AC199YST,TVW23S7507,MR,414.5,18831375,Pass,,,,,,,,
1001900295,2023-10-17,Line 1,2023,SWBS,AC199YST,TVW23S7507,MF,105.5,18831376,Pass,,,,,,,,
1001899733,2023-10-20,Line 1,2023,SWCO,OVERLAND-R,WAW077106X1,LR,5225.5,18827382,Pass,,,,,,,,
1001899733,2023-10-20,Line 1,2023,SWCO,OVERLAND-R,WAW077106X1,LF,10221.5,18827383,Pass,,,,,,,,
1001899733,2023-10-20,Line 1,2023,SWCO,OVERLAND-R,WAW077106X1,MR,10652,18827384,Pass,,,,,,,,
1001899733,2023-10-20,Line 1,2023,SWCO,OVERLAND-R,WAW077106X1,MFL,21715,18827385,Pass,,,,,,,,
1001899733,2023-10-20,Line 1,2023,SWCO,OVERLAND-R,WAW077106X1,MFH,28505.5,18827388,Pass,,,,,,,,
1001899734,2023-10-22,Line 1,2023,SWCO,OVERLAND-R,WAW077111X1,LR,3712,18827392,Pass,,,,,,,,
1001899734,2023-10-22,Line 1,2023,SWCO,OVERLAND-R,WAW077111X1,LF,8927,18827393,Pass,,,,,,,,
1001899734,2023-10-22,Line 1,2023,SWCO,OVERLAND-R,WAW077111X1,MR,9197,18827394,Pass,,,,,,,,
1001899734,2023-10-22,Line 1,2023,SWCO,OVERLAND-R,WAW077111X1,MFL,23124.5,18827395,Pass,,,,,,,,
1001899734,2023-10-22,Line 1,2023,SWCO,OVERLAND-R,WAW077111X1,MFH,21284,18827396,Pass,,,,,,,,
1001900247,2023-10-22,Line 1,2023,SWCO,OVERLAND-R,WAW077106X1P,LR,603.5,18829073,Pass,,,,,,,,
1001900247,2023-10-22,Line 1,2023,SWCO,OVERLAND-R,WAW077106X1P,LF,1493,18829074,Pass,,,,,,,,
1001900247,2023-10-22,Line 1,2023,SWCO,OVERLAND-R,WAW077106X1P,MR,1462.5,18829075,Pass,,,,,,,,
1001900247,2023-10-22,Line 1,2023,SWCO,OVERLAND-R,WAW077106X1P,MF,9258,18829076,Pass,,,,,,,,
1001892499,2023-10-24,Line 1,2023,SWCO,OVERLAND-R,WAW077045X1,LR,1672,18780732,Pass,,,,,,,,
1001892499,2023-10-24,Line 1,2023,SWCO,OVERLAND-R,WAW077045X1,LF,4803.5,18780733,Pass,,,,,,,,
1001892499,2023-10-24,Line 1,2023,SWCO,OVERLAND-R,WAW077045X1,MR,5787,18780734,Pass,,,,,,,,
1001892499,2023-10-24,Line 1,2023,SWCO,OVERLAND-R,WAW077045X1,MFL,8858.5,18780735,Pass,,,,,,,,
1001892499,2023-10-24,Line 1,2023,SWCO,OVERLAND-R,WAW077045X1,MFH,22702.5,18780737,Pass,,,,,,,,
1001865527,2023-10-25,Line 1,2023,SWCO,BSS1075-R,WAW077091X2,LRH,1057,18542403,Fail,Dent,,,,,,,
1001865527,2023-10-25,Line 1,2023,SWCO,BSS1075-R,WAW077091X2,LRL,6887.5,18542404,Pass,,,,,,,,
1001865527,2023-10-25,Line 1,2023,SWCO,BSS1075-R,WAW077091X2,LFH,428.5,18542405,Fail,Dent,,,,,,,
1001865527,2023-10-25,Line 1,2023,SWCO,BSS1075-R,WAW077091X2,LFL,4963.5,18542406,Pass,,,,,,,,
1001865527,2023-10-25,Line 1,2023,SWCO,BSS1075-R,WAW077091X2,MRH,346.5,18658865,Fail,Dent,,,,,,,
1001865527,2023-10-25,Line 1,2023,SWCO,BSS1075-R,WAW077091X2,MRL,4974,18658866,Pass,,,,,,,,
1001865527,2023-10-25,Line 1,2023,SWCO,BSS1075-R,WAW077091X2,MFH,463.5,18658867,Pass,,,,,,,,
1001865527,2023-10-25,Line 1,2023,SWCO,BSS1075-R,WAW077091X2,MRL,4064.5,18658868,Pass,,,,,,,,
1001865528,2023-10-25,Line 1,2023,SWCO,BSS1075-R,WAW077091X2P,LRL,1112,18542407,Pass,,,,,,,,
1001865528,2023-10-25,Line 1,2023,SWCO,BSS1075-R,WAW077091X2P,LFL,796.5,18542409,Pass,,,,,,,,
1001865528,2023-10-25,Line 1,2023,SWCO,BSS1075-R,WAW077091X2P,MRH,124.5,18658870,Fail,Dent,,,,,,,
1001865528,2023-10-25,Line 1,2023,SWCO,BSS1075-R,WAW077091X2P,MRL,791,18658871,Pass,,,,,,,,
1001865528,2023-10-25,Line 1,2023,SWCO,BSS1075-R,WAW077091X2P,MFL,671.5,18658873,Pass,,,,,,,,
1001865526,2023-10-25,Line 1,2023,SWCO,BSS1075-R,WAW077007X2,LRH,1662,18542399,Fail,Dent,,,,,,,
1001865526,2023-10-25,Line 1,2023,SWCO,BSS1075-R,WAW077007X2,LRL,10145.5,18542400,Pass,,,,,,,,
1001865526,2023-10-25,Line 1,2023,SWCO,BSS1075-R,WAW077007X2,LFH,526.5,18542401,Fail,Dent,,,,,,,
1001865526,2023-10-25,Line 1,2023,SWCO,BSS1075-R,WAW077007X2,LFL,6475,18542402,Pass,,,,,,,,
1001865526,2023-10-25,Line 1,2023,SWCO,BSS1075-R,WAW077007X2,MRH,777.5,18658861,Pass,,,,,,,,
1001865526,2023-10-25,Line 1,2023,SWCO,BSS1075-R,WAW077007X2,MRL,5748,18658862,Pass,,,,,,,,
1001865526,2023-10-25,Line 1,2023,SWCO,BSS1075-R,WAW077007X2,MFH,435,18658863,Pass,,,,,,,,
1001865526,2023-10-25,Line 1,2023,SWCO,BSS1075-R,WAW077007X2,MFL,4159.5,18658864,Pass,,,,,,,,
1001902284,2023-10-26,Line 1,2023,SWCO,BSS1075-R,ORW077089X2,LRH,1281,18848473,Pass,,,,,,,,
1001902284,2023-10-26,Line 1,2023,SWCO,BSS1075-R,ORW077089X2,LRL,5588.5,18848474,Pass,,,,,,,,
1001902284,2023-10-26,Line 1,2023,SWCO,BSS1075-R,ORW077089X2,LFH,227,18848475,Pass,,,,,,,,
1001902284,2023-10-26,Line 1,2023,SWCO,BSS1075-R,ORW077089X2,LFL,1565.5,18848476,Pass,,,,,,,,
1001902284,2023-10-26,Line 1,2023,SWCO,BSS1075-R,ORW077089X2,MRH,221.5,18858411,Pass,,,,,,,,
1001902284,2023-10-26,Line 1,2023,SWCO,BSS1075-R,ORW077089X2,MRL,1644,18858412,Fail,Cob,,,,,,,
1001902284,2023-10-26,Line 1,2023,SWCO,BSS1075-R,ORW077089X2,MFL,596.5,18858414,Pass,,,,,,,,
1001897721,2023-10-26,Line 1,2023,SWCO,GSS3071S,WAW077117X1,LR,12521.5,18818293,Pass,,,,,,,,
1001897721,2023-10-26,Line 1,2023,SWCO,GSS3071S,WAW077117X1,LF,3832,18818294,Pass,,,,,,,,
1001897721,2023-10-26,Line 1,2023,SWCO,GSS3071S,WAW077117X1,MR,3879.5,18818295,Pass,,,,,,,,
1001897721,2023-10-26,Line 1,2023,SWCO,GSS3071S,WAW077117X1,MF,2667,18818296,Pass,,,,,,,,
1001897722,2023-10-27,Line 1,2023,SWCO,GSS3071S,WAW077027X1,LR,25486,18818297,Pass,,,,,,,,
1001897722,2023-10-27,Line 1,2023,SWCO,GSS3071S,WAW077027X1,LF,9235,18818298,Pass,,,,,,,,
1001897722,2023-10-27,Line 1,2023,SWCO,GSS3071S,WAW077027X1,MR,8928.5,18818299,Pass,,,,,,,,
1001897722,2023-10-27,Line 1,2023,SWCO,GSS3071S,WAW077027X1,MF,5768,18818300,Pass,,,,,,,,
1001878139,2023-10-28,Line 1,2023,SWCO,SILVER KING,INC077139,LR,4228,18645633,Fail,OffType,,,,,,,
1001878139,2023-10-28,Line 1,2023,SWCO,SILVER KING,INC077139,LF,3853.5,18645634,Pass,,,,,,,,
1001878139,2023-10-28,Line 1,2023,SWCO,SILVER KING,INC077139,MR,1339,18645635,Pass,,,,,,,,
1001878139,2023-10-28,Line 1,2023,SWCO,SILVER KING,INC077139,MF,967.5,18645636,Pass,,,,,,,,
1001865197,2023-10-28,Line 1,2023,SWCO,GSS1170-R,WAW077067X2,LRH,177.5,18542347,Pass,,,,,,,,
1001865197,2023-10-28,Line 1,2023,SWCO,GSS1170-R,WAW077067X2,LRL,2650.5,18542348,Pass,,,,,,,,
1001865197,2023-10-28,Line 1,2023,SWCO,GSS1170-R,WAW077067X2,LFL,805.5,18542350,Pass,,,,,,,,
1001865197,2023-10-28,Line 1,2023,SWCO,GSS1170-R,WAW077067X2,MRL,566.5,18658833,Fail,Weed,,,,,,,
1001865197,2023-10-28,Line 1,2023,SWCO,GSS1170-R,WAW077067X2,MFL,467.5,18658836,Pass,,,,,,,,
1001865198,2023-10-28,Line 1,2023,SWCO,GSS1170-R,WAW077098X2,LRL,727,18542352,Pass,,,,,,,,
1001865198,2023-10-28,Line 1,2023,SWCO,GSS1170-R,WAW077098X2,LFL,378.5,18542354,Pass,,,,,,,,
1001865198,2023-10-28,Line 1,2023,SWCO,GSS1170-R,WAW077098X2,MRH,274,18658839,Fail,Weed,,,,,,,
1001865198,2023-10-28,Line 1,2023,SWCO,GSS1170-R,WAW077098X2,MFL,332,18658843,Pass,,,,,,,,
1001904526,2023-10-29,Line 1,2023,SWCO,GSS1477S,WAW077025X1,LR,10180.5,18866087,Pass,,,,,,,,
1001904526,2023-10-29,Line 1,2023,SWCO,GSS1477S,WAW077025X1,LF,4696,18866088,Pass,,,,,,,,
1001904526,2023-10-29,Line 1,2023,SWCO,GSS1477S,WAW077025X1,MR,2481.5,18866089,Pass,,,,,,,,
1001904526,2023-10-29,Line 1,2023,SWCO,GSS1477S,WAW077025X1,MF,2295.5,18866090,Pass,,,,,,,,
1001904527,2023-10-29,Line 1,2023,SWCO,GSS1477S,WAW077025X1P,LR,9175.5,18866092,Pass,,,,,,,,
1001904527,2023-10-29,Line 1,2023,SWCO,GSS1477S,WAW077025X1P,LF,4134.5,18866093,Pass,,,,,,,,
1001904527,2023-10-29,Line 1,2023,SWCO,GSS1477S,WAW077025X1P,MR,2094.5,18866094,Pass,,,,,,,,
1001904527,2023-10-29,Line 1,2023,SWCO,GSS1477S,WAW077025X1P,MF,1876.5,18866095,Pass,,,,,,,,
1001901292,2023-10-31,Line 1,2023,SWCO,GARRISON-R,WAW077021X1,LR,2698.5,18842701,Pass,,,,,,,,
1001901292,2023-10-31,Line 1,2023,SWCO,GARRISON-R,WAW077021X1,LF,7657.5,18842702,Pass,,,,,,,,
1001901292,2023-10-31,Line 1,2023,SWCO,GARRISON-R,WAW077021X1,MR,6345,18842703,Pass,,,,,,,,
1001901292,2023-10-31,Line 1,2023,SWCO,GARRISON-R,WAW077021X1,MF,21506,18842704,Pass,,,,,,,,
1001899314,2023-11-01,Line 1,2023,SWCO,GSS8937,TVW077118X1,LR,4634.5,18823414,Pass,,,,,,,,
1001899314,2023-11-01,Line 1,2023,SWCO,GSS8937,TVW077118X1,LF,4504.5,18823415,Pass,,,,,,,,
1001899314,2023-11-01,Line 1,2023,SWCO,GSS8937,TVW077118X1,MR,1108,18823416,Pass,,,,,,,,
1001899314,2023-11-01,Line 1,2023,SWCO,GSS8937,TVW077118X1,MF,570.5,18823417,Pass,,,,,,,,
1001899386,2023-11-01,Line 1,2023,SWCO,GSS8937,TVW077143X1,LR,10215,18823392,Pass,,,,,,,,
1001899386,2023-11-01,Line 1,2023,SWCO,GSS8937,TVW077143X1,LF,6108.5,18823393,Pass,,,,,,,,
1001899386,2023-11-01,Line 1,2023,SWCO,GSS8937,TVW077143X1,MR,1181.5,18823394,Pass,,,,,,,,
1001899386,2023-11-01,Line 1,2023,SWCO,GSS8937,TVW077143X1,MF,547.5,18823395,Fail,Smut,,,,,,,
1001899387,2023-11-02,Line 1,2023,SWCO,GSS8937,TVW077038X1,LR,687.5,18823400,Pass,,,,,,,,
1001899387,2023-11-02,Line 1,2023,SWCO,GSS8937,TVW077038X1,LF,937,18823401,Pass,,,,,,,,
1001899387,2023-11-02,Line 1,2023,SWCO,GSS8937,TVW077038X1,MR,279.5,18823402,Pass,,,,,,,,
1001899387,2023-11-02,Line 1,2023,SWCO,GSS8937,TVW077038X1,MF,189,18823403,Fail,Smut,,,,,,,
1001876076,2023-11-02,Line 1,2023,SWCO,DESERT SNOW,TVW077126X2,LR,9405,18630550,Pass,,,,,,,,
1001876076,2023-11-02,Line 1,2023,SWCO,DESERT SNOW,TVW077126X2,LF,3039.5,18630551,Pass,,,,,,,,
1001876076,2023-11-02,Line 1,2023,SWCO,DESERT SNOW,TVW077126X2,MR,678.5,18630552,Pass,,,,,,,,
1001876076,2023-11-02,Line 1,2023,SWCO,DESERT SNOW,TVW077126X2,MF,242,18630553,Pass,,,,,,,,
1001878096,2023-11-03,Line 1,2023,SWCO,P&C EARLY,COC077137,LR,4776.5,18645537,Pass,,,,,,,,
1001878096,2023-11-03,Line 1,2023,SWCO,P&C EARLY,COC077137,LF,1198.5,18645538,Pass,,,,,,,,
1001878096,2023-11-03,Line 1,2023,SWCO,P&C EARLY,COC077137,MR,1460,18645539,Pass,,,,,,,,
1001878097,2023-11-03,Line 1,2023,SWCO,P&C EARLY,COC077138,LR,6043.5,18645541,Fail,Dent,,,,,,,
1001878097,2023-11-03,Line 1,2023,SWCO,P&C EARLY,COC077138,LF,3856.5,18645542,Fail,Dent,,,,,,,
1001878097,2023-11-03,Line 1,2023,SWCO,P&C EARLY,COC077138,MR,2414,18645543,Fail,Dent,,,,,,,
1001878097,2023-11-03,Line 1,2023,SWCO,P&C EARLY,COC077138,MF,185.5,18645544,Fail,Dent,,,,,,,
1001878091,2023-11-04,Line 1,2023,SWCO,MATRIARCH,WAW077041H,LR,852,18645513,Pass,,,,,,,,
1001878091,2023-11-04,Line 1,2023,SWCO,MATRIARCH,WAW077041H,LF,1597,18645514,Pass,,,,,,,,
1001878091,2023-11-04,Line 1,2023,SWCO,MATRIARCH,WAW077041H,MR,2442.5,18645515,Pass,,,,,,,,
1001878091,2023-11-04,Line 1,2023,SWCO,MATRIARCH,WAW077041H,MF,2416.5,18645516,Pass,,,,,,,,
1001876075,2023-11-04,Line 1,2023,SWCO,CROWN,ORW077019H,LR,3735,18630539,Pass,,,,,,,,
1001876075,2023-11-04,Line 1,2023,SWCO,CROWN,ORW077019H,LF,1471.5,18630540,Pass,,,,,,,,
1001876075,2023-11-04,Line 1,2023,SWCO,CROWN,ORW077019H,MR,282,18630541,Pass,,,,,,,,
1001876075,2023-11-04,Line 1,2023,SWCO,CROWN,ORW077019H,MF,143,18630542,Pass,,,,,,,,
1001878102,2023-11-05,Line 1,2023,SWCO,PROTECTOR-R,ORW077048H,LR,2280.5,18645561,Pass,,,,,,,,
1001878102,2023-11-05,Line 1,2023,SWCO,PROTECTOR-R,ORW077048H,LF,997,18645562,Fail,Cob,,,,,,,
1001878102,2023-11-05,Line 1,2023,SWCO,PROTECTOR-R,ORW077048H,MR,604.5,18645563,Fail,Cob,,,,,,,
1001878102,2023-11-05,Line 1,2023,SWCO,PROTECTOR-R,ORW077048H,MF,419,18645564,Pass,,,,,,,,
1001878105,2023-11-05,Line 1,2023,SWCO,PROTECTOR-R,ORW077048HK,LR,1859,18645573,Pass,,,,,,,,
1001878105,2023-11-05,Line 1,2023,SWCO,PROTECTOR-R,ORW077048HK,LF,855.5,18645574,Pass,,,,,,,,
1001878105,2023-11-05,Line 1,2023,SWCO,PROTECTOR-R,ORW077048HK,MR,412,18645575,Pass,,,,,,,,
1001878105,2023-11-05,Line 1,2023,SWCO,PROTECTOR-R,ORW077048HK,MF,340,18645576,Pass,,,,,,,,
1001878126,2023-11-05,Line 1,2023,SWCO,PROTECTOR-R,ORW077048HKJ,LR,1687.5,18645577,Pass,,,,,,,,
1001878126,2023-11-05,Line 1,2023,SWCO,PROTECTOR-R,ORW077048HKJ,LF,733.5,18645578,Pass,,,,,,,,
1001878126,2023-11-05,Line 1,2023,SWCO,PROTECTOR-R,ORW077048HKJ,MR,371,18645579,Pass,,,,,,,,
1001878126,2023-11-05,Line 1,2023,SWCO,PROTECTOR-R,ORW077048HKJ,MF,291.5,18645580,Fail,Cob,,,,,,,
1001902283,2023-11-06,Line 1,2023,SWCO,PROTECTOR-R,WAW077121H,LR,10242,18848460,Pass,,,,,,,,
1001902283,2023-11-06,Line 1,2023,SWCO,PROTECTOR-R,WAW077121H,LF,10968,18848461,Pass,,,,,,,,
1001902283,2023-11-06,Line 1,2023,SWCO,PROTECTOR-R,WAW077121H,MR,4086,18848462,Pass,,,,,,,,
1001902283,2023-11-06,Line 1,2023,SWCO,PROTECTOR-R,WAW077121H,MF,5064.5,18848463,Pass,,,,,,,,
1001878127,2023-11-07,Line 1,2023,SWCO,PROTECTOR-R,WAW077112H,LR,11416,18645582,Pass,,,,,,,,
1001878127,2023-11-07,Line 1,2023,SWCO,PROTECTOR-R,WAW077112H,LF,8981.5,18645583,Pass,,,,,,,,
1001878127,2023-11-07,Line 1,2023,SWCO,PROTECTOR-R,WAW077112H,MR,3296,18645584,Pass,,,,,,,,
1001878127,2023-11-07,Line 1,2023,SWCO,PROTECTOR-R,WAW077112H,MF,3110,18645585,Pass,,,,,,,,
1001878136,2023-11-08,Line 1,2023,SWCO,REMEDY,ORT077084H,LR,6999,18645621,Pass,,,,,,,,
1001878136,2023-11-08,Line 1,2023,SWCO,REMEDY,ORT077084H,LF,16801.5,18645622,Pass,,,,,,,,
1001878136,2023-11-08,Line 1,2023,SWCO,REMEDY,ORT077084H,MR,4567,18645623,Pass,,,,,,,,
1001878136,2023-11-08,Line 1,2023,SWCO,REMEDY,ORT077084H,MF,2732,18645624,Pass,,,,,,,,
1001876078,2023-11-09,Line 1,2023,SWCO,EA SUNGLOW,COC077128,LR,3888,18630567,Fail,Dent,,,,,,,
1001876078,2023-11-09,Line 1,2023,SWCO,EA SUNGLOW,COC077128,LF,2647,18630569,Pass,,,,,,,,
1001876078,2023-11-09,Line 1,2023,SWCO,EA SUNGLOW,COC077128,MR,3417,18630570,Fail,Dent,,,,,,,
1001876078,2023-11-09,Line 1,2023,SWCO,EA SUNGLOW,COC077128,MF,362.5,18630571,Pass,,,,,,,,
1001876082,2023-11-09,Line 1,2023,SWCO,GSS1198-R,TVW077023X2,LR,2432,18630592,Fail,Cob,,,,,,,
1001876082,2023-11-09,Line 1,2023,SWCO,GSS1198-R,TVW077023X2,LF,603,18630593,Pass,,,,,,,,
1001876082,2023-11-09,Line 1,2023,SWCO,GSS1198-R,TVW077023X2,MR,298.5,18630594,Pass,,,,,,,,
1001876082,2023-11-09,Line 1,2023,SWCO,GSS1198-R,TVW077023X2,MF,156.5,18630595,Pass,,,,,,,,
1001876080,2023-11-10,Line 1,2023,SWCO,GOLDEN QUEEN,INC077132,LR,3456.5,18630582,Pass,,,,,,,,
1001876080,2023-11-10,Line 1,2023,SWCO,GOLDEN QUEEN,INC077132,LF,20108.5,18630583,Pass,,,,,,,,
1001876080,2023-11-10,Line 1,2023,SWCO,GOLDEN QUEEN,INC077132,MR,1210.5,18630584,Pass,,,,,,,,
1001876080,2023-11-10,Line 1,2023,SWCO,GOLDEN QUEEN,INC077132,MF,1231,18630585,Pass,,,,,,,,
1001878087,2023-11-11,Line 1,2023,SWCO,KANDY KORN,INC077136,LR,2689.5,18645494,Fail,Dent,,,,,,,
1001878087,2023-11-11,Line 1,2023,SWCO,KANDY KORN,INC077136,LF,4677,18645495,Fail,Dent,,,,,,,
1001878087,2023-11-11,Line 1,2023,SWCO,KANDY KORN,INC077136,MR,3502,18645496,Fail,Dent,,,,,,,
1001878087,2023-11-11,Line 1,2023,SWCO,KANDY KORN,INC077136,MF,775.5,18645497,Fail,Dent,,,,,,,
1001878088,2023-11-11,Line 1,2023,SWCO,KANDY KORN,COC077129,LR,1204.5,18645498,Fail,Dent,,,,,,,
1001878088,2023-11-11,Line 1,2023,SWCO,KANDY KORN,COC077129,LF,1537,18645499,Pass,,,,,,,,
1001878088,2023-11-11,Line 1,2023,SWCO,KANDY KORN,COC077129,MR,3911.5,18645500,Fail,Dent,,,,,,,
1001878088,2023-11-11,Line 1,2023,SWCO,KANDY KORN,COC077129,MF,678,18645501,Pass,,,,,,,,
1001878089,2023-11-11,Line 1,2023,SWCO,KANDY KORN,COC077135,LR,794.5,18645502,Fail,Dent,,,,,,,
1001878089,2023-11-11,Line 1,2023,SWCO,KANDY KORN,COC077135,LF,1189.5,18645503,Pass,,,,,,,,
1001878089,2023-11-11,Line 1,2023,SWCO,KANDY KORN,COC077135,MR,1397,18645504,Fail,Weed,,,,,,,
1001878089,2023-11-11,Line 1,2023,SWCO,KANDY KORN,COC077135,MF,472.5,18645505,Pass,,,,,,,,
1001878140,2023-11-11,Line 1,2023,SWCO,SILVER QUEEN,WAC077075,LR,20936.5,18645637,Pass,,,,,,,,
1001878140,2023-11-11,Line 1,2023,SWCO,SILVER QUEEN,WAC077075,LF,8272,18645638,Pass,,,,,,,,
1001878140,2023-11-11,Line 1,2023,SWCO,SILVER QUEEN,WAC077075,MR,1096.5,18645639,Pass,,,,,,,,
1001878140,2023-11-11,Line 1,2023,SWCO,SILVER QUEEN,WAC077075,MF,456.5,18645640,Pass,,,,,,,,
1001878090,2023-11-12,Line 1,2023,SWCO,KANDY KORN,COC077090,LR,1017.5,18645506,Pass,,,,,,,,
1001878090,2023-11-12,Line 1,2023,SWCO,KANDY KORN,COC077090,LF,1752.5,18645507,Pass,,,,,,,,
1001878090,2023-11-12,Line 1,2023,SWCO,KANDY KORN,COC077090,MR,2766,18645508,Pass,,,,,,,,
1001878090,2023-11-12,Line 1,2023,SWCO,KANDY KORN,COC077090,MF,828,18645509,Pass,,,,,,,,
1001886929,2023-11-13,Line 1,2023,SWCO,GSS5649,WAW077035X1,LR,13167.5,18738958,Pass,,,,,,,,
1001886929,2023-11-13,Line 1,2023,SWCO,GSS5649,WAW077035X1,LF,9470,18738959,Pass,,,,,,,,
1001886929,2023-11-13,Line 1,2023,SWCO,GSS5649,WAW077035X1,MR,5948.5,18738960,Pass,,,,,,,,
1001886929,2023-11-13,Line 1,2023,SWCO,GSS5649,WAW077035X1,MF,10531.5,18738961,Pass,,,,,,,,
1001878141,2023-11-14,Line 1,2023,SWCO,SILVER QUEEN,WAC077122,LR,4504,18645641,Pass,,,,,,,,
1001878141,2023-11-14,Line 1,2023,SWCO,SILVER QUEEN,WAC077122,LF,4494.5,18645642,Pass,,,,,,,,
1001878141,2023-11-14,Line 1,2023,SWCO,SILVER QUEEN,WAC077122,MR,377.5,18645643,Pass,,,,,,,,
1001878141,2023-11-14,Line 1,2023,SWCO,SILVER QUEEN,WAC077122,MF,242,18645644,Pass,,,,,,,,
1001878142,2023-11-15,Line 1,2023,SWCO,SILVER QUEEN,WAW077071,LR,8338,18645645,Fail,Dent,,,,,,,
1001878142,2023-11-15,Line 1,2023,SWCO,SILVER QUEEN,WAW077071,LF,3124,18645646,Pass,,,,,,,,
1001878142,2023-11-15,Line 1,2023,SWCO,SILVER QUEEN,WAW077071,MR,329,18645647,Pass,,,,,,,,
1001878142,2023-11-15,Line 1,2023,SWCO,SILVER QUEEN,WAW077071,MF,111,18645648,Fail,Dent,,,,,,,
1001878143,2023-11-15,Line 1,2023,SWCO,SILVER QUEEN,COC077141,LR,3395,18645649,Fail,Dent,,,,,,,
1001878143,2023-11-15,Line 1,2023,SWCO,SILVER QUEEN,COC077141,LF,3413.5,18645650,Pass,,,,,,,,
1001878143,2023-11-15,Line 1,2023,SWCO,SILVER QUEEN,COC077141,MR,356.5,18645651,Fail,Dent,,,,,,,
1001878143,2023-11-15,Line 1,2023,SWCO,SILVER QUEEN,COC077141,MF,154.5,18645652,Pass,,,,,,,,
1001904533,2023-11-19,Line 1,2023,SWCO,GSS3951,WAW077170X1,LR,7184.5,18866522,Pass,,,,,,,,
1001904533,2023-11-19,Line 1,2023,SWCO,GSS3951,WAW077170X1,LF,16498.5,18866523,Pass,,,,,,,,
1001904533,2023-11-19,Line 1,2023,SWCO,GSS3951,WAW077170X1,MR,17898,18866524,Pass,,,,,,,,
1001904533,2023-11-19,Line 1,2023,SWCO,GSS3951,WAW077170X1,MFL,22739,18866525,Pass,,,,,,,,
1001904533,2023-11-19,Line 1,2023,SWCO,GSS3951,WAW077170X1,MFH,35928,18866526,Pass,,,,,,,,
1001904534,2023-11-20,Line 1,2023,SWCO,GSS3951,ORW077130X1,LR,6329.5,18866529,Pass,,,,,,,,
1001904534,2023-11-20,Line 1,2023,SWCO,GSS3951,ORW077130X1,LF,3973,18866530,Pass,,,,,,,,
1001904534,2023-11-20,Line 1,2023,SWCO,GSS3951,ORW077130X1,MR,3244,18866531,Pass,,,,,,,,
1001904534,2023-11-20,Line 1,2023,SWCO,GSS3951,ORW077130X1,MFL,3055.5,18866532,Fail,Cob,,,,,,,
1001904534,2023-11-20,Line 1,2023,SWCO,GSS3951,ORW077130X1,MFH,2858.5,18866533,Pass,,,,,,,,
1001910026,2023-11-20,Line 1,2023,SWBS,R00378 U,TVC23U7534X1,LR,1459,18915844,Pass,,,,,,,,
1001910026,2023-11-20,Line 1,2023,SWBS,R00378 U,TVC23U7534X1,LF,1323.5,18915845,Pass,,,,,,,,
1001899736,2023-11-21,Line 1,2023,SWCO,TYSON,INW077142X1,LR,256.5,18827409,Fail,Dent,,,,,,,
1001899736,2023-11-21,Line 1,2023,SWCO,TYSON,INW077142X1,LF,1138.5,18827410,Fail,Dent,,,,,,,
1001899736,2023-11-21,Line 1,2023,SWCO,TYSON,INW077142X1,MR,506.5,18827411,Pass,,,,,,,,
1001899736,2023-11-21,Line 1,2023,SWCO,TYSON,INW077142X1,MF,3075.5,18827412,Pass,,,,,,,,
1001901289,2023-11-21,Line 1,2023,SWCO,TYSON,WAW077074X1,LR,1944.5,18842344,Pass,,,,,,,,
1001901289,2023-11-21,Line 1,2023,SWCO,TYSON,WAW077074X1,LF,3375,18842345,Pass,,,,,,,,
1001901289,2023-11-21,Line 1,2023,SWCO,TYSON,WAW077074X1,MR,2083.5,18842346,Pass,,,,,,,,
1001901289,2023-11-21,Line 1,2023,SWCO,TYSON,WAW077074X1,MF,7034.5,18842347,Pass,,,,,,,,
1001901290,2023-11-22,Line 1,2023,SWCO,TYSON,WAW077123X1,LR,2296.5,18842371,Pass,,,,,,,,
1001901290,2023-11-22,Line 1,2023,SWCO,TYSON,WAW077123X1,LF,1577,18842372,Pass,,,,,,,,
1001901290,2023-11-22,Line 1,2023,SWCO,TYSON,WAW077123X1,MR,1004,18842373,Pass,,,,,,,,
1001901290,2023-11-22,Line 1,2023,SWCO,TYSON,WAW077123X1,MF,1444.5,18842374,Pass,,,,,,,,
1001906164,2023-11-22,Line 1,2023,SWCO,007R,WAW077000X2,LR,3341,18882668,Pass,,,,,,,,
1001906164,2023-11-22,Line 1,2023,SWCO,007R,WAW077000X2,LF,2381.5,18882669,Pass,,,,,,,,
1001906164,2023-11-22,Line 1,2023,SWCO,007R,WAW077000X2,MR,862,18882670,Pass,,,,,,,,
1001906164,2023-11-22,Line 1,2023,SWCO,007R,WAW077000X2,MF,421,18882671,Pass,,,,,,,,
1001876069,2023-11-28,Line 1,2023,SWCO,ACCENTUATE,WAW077088X2,LR,9829,18630493,Pass,,,,,,,,
1001876069,2023-11-28,Line 1,2023,SWCO,ACCENTUATE,WAW077088X2,LF,9243.5,18630494,Pass,,,,,,,,
1001876069,2023-11-28,Line 1,2023,SWCO,ACCENTUATE,WAW077088X2,MR,6390.5,18630495,Pass,,,,,,,,
1001876069,2023-11-28,Line 1,2023,SWCO,ACCENTUATE,WAW077088X2,MF,4653,18630496,Pass,,,,,,,,
1001906165,2023-11-30,Line 1,2023,SWCO,3511R,WAW077003X2,LR,16217,18882927,Pass,,,,,,,,
1001906165,2023-11-30,Line 1,2023,SWCO,3511R,WAW077003X2,LF,15709,18882928,Pass,,,,,,,,
1001906165,2023-11-30,Line 1,2023,SWCO,3511R,WAW077003X2,MR,12166,18882929,Pass,,,,,,,,
1001906165,2023-11-30,Line 1,2023,SWCO,3511R,WAW077003X2,MF,11601,18882930,Pass,,,,,,,,
1001913445,2023-12-01,Line 1,2023,SWCO,KRISPY KING,TVW077040X1,LR,13263.5,18942303,Pass,,,,,,,,
1001913445,2023-12-01,Line 1,2023,SWCO,KRISPY KING,TVW077040X1,LF,5544.5,18942304,Pass,,,,,,,,
1001913445,2023-12-01,Line 1,2023,SWCO,KRISPY KING,TVW077040X1,MR,1261.5,18942305,Pass,,,,,,,,
1001913445,2023-12-01,Line 1,2023,SWCO,KRISPY KING,TVW077040X1,MF,538,18942306,Fail,Cob,,,,,,,
1001876085,2023-12-02,Line 1,2023,SWCO,GSS36599,TVW077029X2,LR,10927,18630625,Fail,Dent,,,,,,,
1001876085,2023-12-02,Line 1,2023,SWCO,GSS36599,TVW077029X2,LF,3389.5,18630627,Pass,,,,,,,,
1001876085,2023-12-02,Line 1,2023,SWCO,GSS36599,TVW077029X2,MR,1888.5,18630628,Pass,,,,,,,,
1001894740,2023-12-02,Line 1,2023,SWCO,PATRIARCH,ORW077046H,LR,4281.5,18795934,Pass,,,,,,,,
1001894740,2023-12-02,Line 1,2023,SWCO,PATRIARCH,ORW077046H,LF,2030.5,18795935,Pass,,,,,,,,
1001894740,2023-12-02,Line 1,2023,SWCO,PATRIARCH,ORW077046H,MR,421.5,18795936,Pass,,,,,,,,
1001894740,2023-12-02,Line 1,2023,SWCO,PATRIARCH,ORW077046H,MF,277,18795937,Pass,,,,,,,,
1001903539,2023-12-03,Line 1,2023,SWCO,WSS7070,WAW077055,LR,3512.5,18858924,Pass,,,,,,,,
1001903539,2023-12-03,Line 1,2023,SWCO,WSS7070,WAW077055,LF,2388.5,18858925,Pass,,,,,,,,
1001903539,2023-12-03,Line 1,2023,SWCO,WSS7070,WAW077055,MR,2686.5,18858926,Pass,,,,,,,,
1001903539,2023-12-03,Line 1,2023,SWCO,WSS7070,WAW077055,MF,1288.5,18858927,Pass,,,,,,,,
1001913485,2023-12-03,Line 1,2023,SWCO,WSS7620,WAW077056,LR,18132,18942364,Pass,,,,,,,,
1001913485,2023-12-03,Line 1,2023,SWCO,WSS7620,WAW077056,LF,3085,18942365,Pass,,,,,,,,
1001913485,2023-12-03,Line 1,2023,SWCO,WSS7620,WAW077056,MR,2696.5,18942366,Pass,,,,,,,,
1001913485,2023-12-03,Line 1,2023,SWCO,WSS7620,WAW077056,MF,417.5,18942367,Fail,OffType,,,,,,,
1001878098,2023-12-04,Line 1,2023,SWCO,P&C MID,WAC077108,LR,3827,18645545,Pass,,,,,,,,
1001878098,2023-12-04,Line 1,2023,SWCO,P&C MID,WAC077108,LF,11365.5,18645546,Pass,,,,,,,,
1001878098,2023-12-04,Line 1,2023,SWCO,P&C MID,WAC077108,MR,2387.5,18645547,Fail,Dent,,,,,,,
1001878098,2023-12-04,Line 1,2023,SWCO,P&C MID,WAC077108,MF,3252,18645548,Pass,,,,,,,,
1001878099,2023-12-07,Line 1,2023,SWCO,P&C MID,WAC077072,LR,58711.5,18645549,Pass,,,,,,,,
1001878099,2023-12-07,Line 1,2023,SWCO,P&C MID,WAC077072,LF,76170.5,18645550,Pass,,,,,,,,
1001878099,2023-12-07,Line 1,2023,SWCO,P&C MID,WAC077072,MR,9245,18645551,Fail,Dent,,,,,,,
1001878099,2023-12-07,Line 1,2023,SWCO,P&C MID,WAC077072,MF,5242.5,18645552,Pass,,,,,,,,
1001899315,2023-12-07,Line 1,2023,SWCO,GH6055,TVC077015X1,LR,1668.5,18823420,Pass,,,,,,,,
1001899315,2023-12-07,Line 1,2023,SWCO,GH6055,TVC077015X1,LF,2656.5,18823421,Pass,,,,,,,,
1001899315,2023-12-07,Line 1,2023,SWCO,GH6055,TVC077015X1,MR,394.5,18823422,Pass,,,,,,,,
1001899315,2023-12-07,Line 1,2023,SWCO,GH6055,TVC077015X1,MF,280,18823423,Pass,,,,,,,,
1001894736,2023-12-07,Line 1,2023,SWCO,GH6055,TVC077181X1,LR,1220.5,18795896,Pass,,,,,,,,
1001894736,2023-12-07,Line 1,2023,SWCO,GH6055,TVC077181X1,LF,914.5,18795897,Fail,Dent,,,,,,,
1001894736,2023-12-07,Line 1,2023,SWCO,GH6055,TVC077181X1,MR,141,18795898,Fail,Dent,,,,,,,
1001903537,2023-12-07,Line 1,2023,SWCO,GSS4628,TVW077033,LR,691.5,18858895,Pass,,,,,,,,
1001903537,2023-12-07,Line 1,2023,SWCO,GSS4628,TVW077033,LF,671,18858896,Pass,,,,,,,,
1001903537,2023-12-07,Line 1,2023,SWCO,GSS4628,TVW077033,MR,1245.5,18858897,Pass,,,,,,,,
1001903537,2023-12-07,Line 1,2023,SWCO,GSS4628,TVW077033,MF,652,18858898,Pass,,,,,,,,
1001904410,2023-12-08,Line 1,2023,SWCO,GSS4628,WAW077102X2,LR,288,18866414,Pass,,,,,,,,
1001904410,2023-12-08,Line 1,2023,SWCO,GSS4628,WAW077102X2,LF,324,18866415,Pass,,,,,,,,
1001904410,2023-12-08,Line 1,2023,SWCO,GSS4628,WAW077102X2,MR,313,18866416,Pass,,,,,,,,
1001904410,2023-12-08,Line 1,2023,SWCO,GSS4628,WAW077102X2,MF,1432.5,18866417,Pass,,,,,,,,
1001876068,2023-12-08,Line 1,2023,SWCO,8909MRW,TVW077005X2,LR,5144,18630486,Pass,,,,,,,,
1001876068,2023-12-08,Line 1,2023,SWCO,8909MRW,TVW077005X2,LF,5636.5,18630487,Pass,,,,,,,,
1001876068,2023-12-08,Line 1,2023,SWCO,8909MRW,TVW077005X2,MR,2251,18630488,Pass,,,,,,,,
1001876068,2023-12-08,Line 1,2023,SWCO,8909MRW,TVW077005X2,MF,4408.5,18630489,Pass,,,,,,,,
1001877944,2023-12-09,Line 1,2023,SWCO,IMPERIAL SNOW,WAW077039X2,LR,5603,18645476,Pass,,,,,,,,
1001877944,2023-12-09,Line 1,2023,SWCO,IMPERIAL SNOW,WAW077039X2,LF,7983,18645477,Pass,,,,,,,,
1001877944,2023-12-09,Line 1,2023,SWCO,IMPERIAL SNOW,WAW077039X2,MR,1668.5,18645478,Pass,,,,,,,,
1001877944,2023-12-09,Line 1,2023,SWCO,IMPERIAL SNOW,WAW077039X2,MF,1383,18645479,Pass,,,,,,,,
1001878138,2023-12-10,Line 1,2023,SWCO,SERENDIPITY,WAT077114,LR,6782,18645629,Pass,,,,,,,,
1001878138,2023-12-10,Line 1,2023,SWCO,SERENDIPITY,WAT077114,LF,13885,18645630,Pass,,,,,,,,
1001878138,2023-12-10,Line 1,2023,SWCO,SERENDIPITY,WAT077114,MR,5064.5,18645631,Pass,,,,,,,,
1001878138,2023-12-10,Line 1,2023,SWCO,SERENDIPITY,WAT077114,MF,3854.5,18645632,Pass,,,,,,,,
1001878144,2023-12-10,Line 1,2023,SWCO,SWEET G 90,ORC077076,LR,9675,18645653,Fail,Dent,,,,,,,
1001878144,2023-12-10,Line 1,2023,SWCO,SWEET G 90,ORC077076,LF,7149.5,18645654,Pass,,,,,,,,
1001878128,2023-12-12,Line 1,2023,SWCO,PROVIDENCE,TVT077082,LR,4932.5,18645588,Pass,,,,,,,,
1001878128,2023-12-12,Line 1,2023,SWCO,PROVIDENCE,TVT077082,LF,9981,18645589,Pass,,,,,,,,
1001878128,2023-12-12,Line 1,2023,SWCO,PROVIDENCE,TVT077082,MR,6956,18645590,Pass,,,,,,,,
1001878128,2023-12-12,Line 1,2023,SWCO,PROVIDENCE,TVT077082,MF,7195.5,18645591,Pass,,,,,,,,
1001893869,2023-12-12,Line 1,2023,SWCO,GH6462S,WAC077058W,LR,5523.5,18787812,Pass,,,,,,,,
1001893869,2023-12-12,Line 1,2023,SWCO,GH6462S,WAC077058W,LF,5390.5,18787813,Pass,,,,,,,,
1001893869,2023-12-12,Line 1,2023,SWCO,GH6462S,WAC077058W,MR,7015.5,18787814,Fail,Dent,,,,,,,
1001893869,2023-12-12,Line 1,2023,SWCO,GH6462S,WAC077058W,MF,6240,18787815,Pass,,,,,,,,
1001865200,2023-12-13,Line 1,2023,SWCO,2182MR,TVW077002X2,LR,2204.5,18542365,Pass,,,,,,,,
1001865200,2023-12-13,Line 1,2023,SWCO,2182MR,TVW077002X2,LF,2548,18542366,Pass,,,,,,,,
1001865200,2023-12-13,Line 1,2023,SWCO,2182MR,TVW077002X2,MR,651.5,18542367,Pass,,,,,,,,
1001865200,2023-12-13,Line 1,2023,SWCO,2182MR,TVW077002X2,MF,956.5,18542368,Pass,,,,,,,,
1001876077,2023-12-13,Line 1,2023,SWCO,DESERT SNOW,TVW077020X2,LR,7237.5,18630557,Pass,,,,,,,,
1001876077,2023-12-13,Line 1,2023,SWCO,DESERT SNOW,TVW077020X2,LF,4781.5,18630558,Pass,,,,,,,,
1001876077,2023-12-13,Line 1,2023,SWCO,DESERT SNOW,TVW077020X2,MR,1165,18630559,Pass,,,,,,,,
1001876077,2023-12-13,Line 1,2023,SWCO,DESERT SNOW,TVW077020X2,MF,496,18630560,Pass,,,,,,,,
1001892500,2023-12-14,Line 1,2023,SWCO,BSS8040,WAW077016,LR,9289.5,18780799,Pass,,,,,,,,
1001892500,2023-12-14,Line 1,2023,SWCO,BSS8040,WAW077016,LF,7850,18780800,Pass,,,,,,,,
1001892500,2023-12-14,Line 1,2023,SWCO,BSS8040,WAW077016,MR,4072.5,18780801,Pass,,,,,,,,
1001892500,2023-12-14,Line 1,2023,SWCO,BSS8040,WAW077016,MF,2360,18780802,Pass,,,,,,,,
1001878092,2023-12-14,Line 1,2023,SWCO,MILKY WAY,ORT077080H,LR,2655.5,18645519,Pass,,,,,,,,
1001878092,2023-12-14,Line 1,2023,SWCO,MILKY WAY,ORT077080H,LF,7990,18645520,Pass,,,,,,,,
1001878092,2023-12-14,Line 1,2023,SWCO,MILKY WAY,ORT077080H,MR,1694.5,18645521,Pass,,,,,,,,
1001878092,2023-12-14,Line 1,2023,SWCO,MILKY WAY,ORT077080H,MF,3626,18645522,Pass,,,,,,,,
1001876071,2023-12-15,Line 1,2023,SWCO,BC 0805,ORT077078H,LR,3254.5,18630506,Pass,,,,,,,,
1001876071,2023-12-15,Line 1,2023,SWCO,BC 0805,ORT077078H,LF,3481,18630507,Pass,,,,,,,,
1001876071,2023-12-15,Line 1,2023,SWCO,BC 0805,ORT077078H,MR,1682,18630508,Pass,,,,,,,,
1001876071,2023-12-15,Line 1,2023,SWCO,BC 0805,ORT077078H,MF,836,18630509,Pass,,,,,,,,
1001878094,2023-12-15,Line 1,2023,SWCO,PATRIARCH,ORW077107H,LR,5859,18645529,Pass,,,,,,,,
1001878094,2023-12-15,Line 1,2023,SWCO,PATRIARCH,ORW077107H,LF,3031.5,18645530,Pass,,,,,,,,
1001878094,2023-12-15,Line 1,2023,SWCO,PATRIARCH,ORW077107H,MR,733.5,18645531,Pass,,,,,,,,
1001878094,2023-12-15,Line 1,2023,SWCO,PATRIARCH,ORW077107H,MF,384.5,18645532,Pass,,,,,,,,
1001878086,2023-12-16,Line 1,2023,SWCO,JUBILEE-C,WAC077069,LR,3591.5,18645490,Pass,,,,,,,,
1001878086,2023-12-16,Line 1,2023,SWCO,JUBILEE-C,WAC077069,LF,1828,18645491,Pass,,,,,,,,
1001878086,2023-12-16,Line 1,2023,SWCO,JUBILEE-C,WAC077069,MR,336.5,18645492,Pass,,,,,,,,
1001865199,2023-12-16,Line 1,2023,SWCO,1760MR,WAW077001X2,LR,2638.5,18542356,Pass,,,,,,,,
1001865199,2023-12-16,Line 1,2023,SWCO,1760MR,WAW077001X2,LF,3614,18542357,Pass,,,,,,,,
1001865199,2023-12-16,Line 1,2023,SWCO,1760MR,WAW077001X2,MR,1457,18542358,Fail,Smut,,,,,,,
1001865199,2023-12-16,Line 1,2023,SWCO,1760MR,WAW077001X2,MF,2725.5,18542359,Pass,,,,,,,,
1001878101,2023-12-17,Line 1,2023,SWCO,PRIMUS,WAT077081,LR,2241,18645557,Pass,,,,,,,,
1001878101,2023-12-17,Line 1,2023,SWCO,PRIMUS,WAT077081,LF,3306.5,18645558,Pass,,,,,,,,
1001878101,2023-12-17,Line 1,2023,SWCO,PRIMUS,WAT077081,MR,1663.5,18645559,Pass,,,,,,,,
1001878101,2023-12-17,Line 1,2023,SWCO,PRIMUS,WAT077081,MF,1091,18645560,Pass,,,,,,,,
1001878133,2023-12-17,Line 1,2023,SWCO,REVISION,ORT077113HK,LR,5470.5,18645609,Fail,Dent,,,,,,,
1001878133,2023-12-17,Line 1,2023,SWCO,REVISION,ORT077113HK,LF,4486,18645610,Fail,Dent,,,,,,,
1001878133,2023-12-17,Line 1,2023,SWCO,REVISION,ORT077113HK,MF,1371.5,18645612,Fail,Dent,,,,,,,
1001878133,2023-12-17,Line 1,2023,SWCO,REVISION,ORT077113HK,MR,3667,18645611,Pass,,,,,,,,
1001878135,2023-12-17,Line 1,2023,SWCO,REVISION,ORT077113H,LR,1274,18645617,Pass,,,,,,,,
1001878135,2023-12-17,Line 1,2023,SWCO,REVISION,ORT077113H,LF,1061.5,18645618,Pass,,,,,,,,
1001878135,2023-12-17,Line 1,2023,SWCO,REVISION,ORT077113H,MR,840.5,18645619,Fail,Dent,,,,,,,
1001878135,2023-12-17,Line 1,2023,SWCO,REVISION,ORT077113H,MF,330.5,18645620,Pass,,,,,,,,
1001899343,2023-12-18,Line 1,2023,SWCO,REVISION,ORT077113HK1,LR,14150.5,18823691,Pass,,,,,,,,
1001899343,2023-12-18,Line 1,2023,SWCO,REVISION,ORT077113HK1,LF,13047,18823692,Pass,,,,,,,,
1001899343,2023-12-18,Line 1,2023,SWCO,REVISION,ORT077113HK1,MR,9588,18823693,Fail,Dent,,,,,,,
1001899343,2023-12-18,Line 1,2023,SWCO,REVISION,ORT077113HK1,MF,5207,18823694,Pass,,,,,,,,
1001899344,2023-12-18,Line 1,2023,SWCO,REVISION,ORT077085HK1W,LR,4851,18823696,Pass,,,,,,,,
1001899344,2023-12-18,Line 1,2023,SWCO,REVISION,ORT077085HK1W,LF,3251,18823697,Fail,Dent,,,,,,,
1001899344,2023-12-18,Line 1,2023,SWCO,REVISION,ORT077085HK1W,MR,2980,18823698,Fail,Dent,,,,,,,
1001899344,2023-12-18,Line 1,2023,SWCO,REVISION,ORT077085HK1W,MF,1047,18823699,Fail,Dent,,,,,,,
1001899345,2023-12-18,Line 1,2023,SWCO,REVISION,ORT077085HKW1,LR,1576.5,18823700,Pass,,,,,,,,
1001899345,2023-12-18,Line 1,2023,SWCO,REVISION,ORT077085HKW1,LF,1311,18823701,Pass,,,,,,,,
1001899345,2023-12-18,Line 1,2023,SWCO,REVISION,ORT077085HKW1,MR,1030,18823702,Pass,,,,,,,,
1001899345,2023-12-18,Line 1,2023,SWCO,REVISION,ORT077085HKW1,MF,413,18823703,Pass,,,,,,,,
1001909921,2023-12-18,Line 1,2023,SWBS,R441,TVC23T7573,LR,547.5,18914302,Pass,,,,,,,,
1001909921,2023-12-18,Line 1,2023,SWBS,R441,TVC23T7573,LF,2573.5,18914303,Pass,,,,,,,,
1001909921,2023-12-18,Line 1,2023,SWBS,R441,TVC23T7573,MR,287,18914304,Pass,,,,,,,,
1001909921,2023-12-18,Line 1,2023,SWBS,R441,TVC23T7573,MF,428.5,18914305,Pass,,,,,,,,
1001876084,2023-12-19,Line 1,2023,SWCO,GSS31004,TVW077028X2,LR,1450,18630620,Pass,,,,,,,,
1001876084,2023-12-19,Line 1,2023,SWCO,GSS31004,TVW077028X2,LF,1011.5,18630621,Pass,,,,,,,,
1001876084,2023-12-19,Line 1,2023,SWCO,GSS31004,TVW077028X2,MR,861,18630622,Pass,,,,,,,,
1001876084,2023-12-19,Line 1,2023,SWCO,GSS31004,TVW077028X2,MF,505.5,18630623,Pass,,,,,,,,
1001903533,2023-12-19,Line 1,2023,SWBS,R660K U,TVW23U7590X1,LR,144.5,18858861,Fail,Cob,,,,,,,
1001903533,2023-12-19,Line 1,2023,SWBS,R660K U,TVW23U7590X1,LF,630,18858862,Pass,,,,,,,,
1001903533,2023-12-19,Line 1,2023,SWBS,R660K U,TVW23U7590X1,MR,764,18858863,Pass,,,,,,,,
1001903533,2023-12-19,Line 1,2023,SWBS,R660K U,TVW23U7590X1,MF,3870.5,18858864,Pass,,,,,,,,
1001925099,2023-12-20,Line 1,2023,SWCO,GSS3951,WAW077030X1,LR,4903,19005452,Pass,,,,,,,,
1001925099,2023-12-20,Line 1,2023,SWCO,GSS3951,WAW077030X1,LF,4992.5,19005453,Pass,,,,,,,,
1001925099,2023-12-20,Line 1,2023,SWCO,GSS3951,WAW077030X1,MR,6313.5,19005454,Pass,,,,,,,,
1001925099,2023-12-20,Line 1,2023,SWCO,GSS3951,WAW077030X1,MFH,8000.5,19005455,Pass,,,,,,,,
1001925099,2023-12-20,Line 1,2023,SWCO,GSS3951,WAW077030X1,MFL,2221,19005456,Pass,,,,,,,,
1001925100,2023-12-21,Line 1,2023,SWCO,GSS3951,WAW077101X1,LR,1730.5,19005462,Pass,,,,,,,,
1001925100,2023-12-21,Line 1,2023,SWCO,GSS3951,WAW077101X1,LF,2745.5,19005463,Pass,,,,,,,,
1001925100,2023-12-21,Line 1,2023,SWCO,GSS3951,WAW077101X1,MR,2537.5,19005464,Fail,Dent,,,,,,,
1001925100,2023-12-21,Line 1,2023,SWCO,GSS3951,WAW077101X1,MFH,4596.5,19005465,Pass,,,,,,,,
1001925100,2023-12-21,Line 1,2023,SWCO,GSS3951,WAW077101X1,MFL,2664,19005466,Pass,,,,,,,,
1001925101,2023-12-22,Line 1,2023,SWCO,GSS3951,INW077133,LR,369,19005470,Fail,Cob,,,,,,,
1001925101,2023-12-22,Line 1,2023,SWCO,GSS3951,INW077133,LF,1439.5,19005471,Fail,Dent,,,,,,,
1001925101,2023-12-22,Line 1,2023,SWCO,GSS3951,INW077133,MR,909.5,19005472,Pass,,,,,,,,
1001925101,2023-12-22,Line 1,2023,SWCO,GSS3951,INW077133,MFH,3135,19005473,Fail,Dent,,,,,,,
1001925101,2023-12-22,Line 1,2023,SWCO,GSS3951,INW077133,MFL,3197.5,19005477,Pass,,,,,,,,
1001889440,2023-12-23,Line 1,2023,SWCO,PROTEGE-S,WAW077049,LR,2344,18759521,Pass,,,,,,,,
1001889440,2023-12-23,Line 1,2023,SWCO,PROTEGE-S,WAW077049,LF,2165.5,18759522,Pass,,,,,,,,
1001889440,2023-12-23,Line 1,2023,SWCO,PROTEGE-S,WAW077049,MR,1600,18759523,Pass,,,,,,,,
1001889440,2023-12-23,Line 1,2023,SWCO,PROTEGE-S,WAW077049,MF,1133,18759524,Pass,,,,,,,,
1001918706,2024-01-11,Line 1,2023,SWBS,R00664H,ORW23T7546H,LR,1146.5,18975367,Pass,,,,,,,,
1001918706,2024-01-11,Line 1,2023,SWBS,R00664H,ORW23T7546H,LF,957,18975368,Pass,,,,,,,,
1001918706,2024-01-11,Line 1,2023,SWBS,R00664H,ORW23T7546H,MR,910.5,18975369,Pass,,,,,,,,
1001918706,2024-01-11,Line 1,2023,SWBS,R00664H,ORW23T7546H,MF,763,18975370,Fail,Cob,,,,,,,
1001896688,2024-01-11,Line 1,2023,SWBS,W0234,TVC23S7595,LR,580.5,18810444,Pass,,,,,,,,
1001896688,2024-01-11,Line 1,2023,SWBS,W0234,TVC23S7595,LF,1470.5,18810445,Pass,,,,,,,,
1001896688,2024-01-11,Line 1,2023,SWBS,W0234,TVC23S7595,MR,438,18810446,Pass,,,,,,,,
1001896688,2024-01-11,Line 1,2023,SWBS,W0234,TVC23S7595,MF,255.5,18810447,Pass,,,,,,,,
1001918710,2024-01-12,Line 1,2023,SWBS,R565A,WAW23T7579X1,LR,568,18975394,Pass,,,,,,,,
1001918710,2024-01-12,Line 1,2023,SWBS,R565A,WAW23T7579X1,LF,628,18975395,Pass,,,,,,,,
1001918710,2024-01-12,Line 1,2023,SWBS,R565A,WAW23T7579X1,MR,715,18975396,Pass,,,,,,,,
1001918710,2024-01-12,Line 1,2023,SWBS,R565A,WAW23T7579X1,MF,2155,18975397,Pass,,,,,,,,
1001903534,2024-01-13,Line 1,2023,SWBS,R660K,TVW23T7589X1,LR,338,18858869,Pass,,,,,,,,
1001903534,2024-01-13,Line 1,2023,SWBS,R660K,TVW23T7589X1,LF,809,18858870,Pass,,,,,,,,
1001903534,2024-01-13,Line 1,2023,SWBS,R660K,TVW23T7589X1,MR,1016,18858871,Pass,,,,,,,,
1001903534,2024-01-13,Line 1,2023,SWBS,R660K,TVW23T7589X1,MF,3768,18858872,Pass,,,,,,,,
2400006502,2024-01-13,Gravity,2024,SWCO,PATRON,WAW088557H,LF,294.5,20056748,Fail,Dent,,,,,,,20 DENT
1001907213,2024-01-16,Line 1,2023,SWBS,R373A,WAW23T7565X1,LR,2293.5,18889081,Fail,Dent,,,,,,,2 Dent
1001907213,2024-01-16,Line 1,2023,SWBS,R373A,WAW23T7565X1,LF,1357.5,18889082,Pass,,,,,,,,
1001903535,2024-01-22,Line 1,2023,SWBS,R00660DM,TVW23U7544X1,LR,204,18858884,Pass,,,,,,,,
1001903535,2024-01-22,Line 1,2023,SWBS,R00660DM,TVW23U7544X1,MR,737.5,18858886,Fail,Dent,,,,,,,2 Dent
1001903535,2024-01-22,Line 1,2023,SWBS,R00660DM,TVW23U7544X1,MF,2681.5,18858887,Pass,,,,,,,,
1001903536,2024-01-23,Line 1,2023,SWBS,W0180,WAC23T7593,LF,609,18858891,Pass,,,,,,,,
1001903536,2024-01-23,Line 1,2023,SWBS,W0180,WAC23T7593,MF,1164.5,18858893,Pass,,,,,,,,
1001907215,2024-01-23,Line 1,2023,SWBS,AC230W,TVW23T7511,LF,3807,18889091,Pass,,,,,,,,
1001907215,2024-01-23,Line 1,2023,SWBS,AC230W,TVW23T7511,MR,665,18889092,Pass,,,,,,,,
1001906984,2024-01-24,Line 1,2023,SWBS,G0232,TVC23T7525,LF,2054.5,18889042,Pass,,,,,,,,
1001906984,2024-01-24,Line 1,2023,SWBS,G0232,TVC23T7525,MF,3458.5,18889044,Pass,,,,,,,,
2400005900,2024-03-15,Gravity,2023,SWBS,R373A,WAW23T7565X1,LR,2183.5,19147739,Fail,Dent,,,,,,,3 DENT
2400005862,2024-03-15,Gravity,2023,SWBS,R320D,TVW23U7563,F,265.5,19132135,Pass,,,,,,,,
2400005885,2024-03-15,Colorsorter,2023,SWBS,R10233,TVW23S7552X1,UN,93,19144673,Pass,,,,,,,,
2400005859,2024-03-18,Gravity,2023,SWBS,R594,TVW23S7582X1,R,269.5,19132130,Pass,,,,,,,,
2400005860,2024-03-18,Gravity,2023,SWBS,R594,TVW23S7582X1,F,320.5,19132132,Fail,Cob,,,,,,,4 COB
2400005657,2024-03-18,Gravity,2023,SWBS,W0195,TVC23T7594,F,367,19079849,Pass,,,,,,,,
2400005886,2024-03-18,Colorsorter,2023,SWBS,R11649,TVW23S7554x1,UN,84,19144675,Fail,Cob,,,,,,,5 COB
300091876,2024-03-19,Gravity,2023,SWBS,W0234,TVC23S7595,LR,491,19122241,Fail,Dent,,,,,,,9 DENT
2400005883,2024-03-19,Colorsorter,2023,SWBS,R22153,TVW23S7561X1,UN,116.5,19144670,Pass,,,,,,,,
300091860,2024-03-20,Gravity,2023,SWCO,GSS31004,TVW077028X2,LR,1384,19118013,Pass,,,,,,,,
2400005843,2024-03-20,Colorsorter,2023,SWBS,R320D,Tvw23s7564,UN,62.5,19132105,Fail,Cob,,,,,,,4 COB
2400005861,2024-03-21,Colorsorter,2023,SWBS,R320D,TVW23U7563,R,182,19132134,Fail,Off-Type,,,,,,,"4 OFFTYPES, 1 COB"
2400005858,2024-03-21,Gravity,2023,SWBS,R660F,TVW23U7588X1,R,37,19132128,Fail,Cob,,,,,,,3 COB
2400005853,2024-03-21,Colorsorter,2023,SWBS,R594A,TVW23S7583X1,LR,124.5,19132118,Pass,,,,,,,,
300091909,2024-03-22,Gravity,2023,SWCO,GSS5649,WAW077035X1,LF,8395,19123863,Pass,,,,,,,,
2400005854,2024-03-22,Colorsorter,2023,SWBS,R594A,TVW23S7583X1,MR,125,19132120,Pass,,,,,,,,
2400005809,2024-03-25,Colorsorter,2023,SWBS,R660K,TVW23S7591X1,R,138,19136448,Pass,,,,,,,,
2400005810,2024-03-25,Colorsorter,2023,SWBS,R660K,TVW23S7591X1,F,1021.5,19136452,Pass,,,,,,,,
2400005940,2024-03-26,Gravity,2023,SWCO,GSS36599,TVW077029X2,LR,10456,19150151,Pass,,,,,,,,
2400005964,2024-03-26,Colorsorter,2023,SWBS,R660D,TVW23S7587X1,R,292,19172354,Pass,,,,,,,,
2400006101,2024-03-27,Gravity,2023,SWCO,MATRIARCH,WAW077041H,MR,2103.5,19236071,Pass,,,,,,,,
2400005918,2024-03-27,Colorsorter,2023,SWBS,W0234,TVC23S7595,LR,475.5,19225190,Pass,,,,,,,,
2400006091,2024-03-27,Gravity,2023,SWCO,G0012,TVC23T7521,UN,174.5,19229049,Pass,,,,,,,,
2400005804,2024-04-01,Gravity,2023,SWCO,REVISION,ORT077113H,MR,548,19136414,Pass,,,,,,,,
300092408,2024-04-01,Gravity,2023,SWCO,BSS1075-R,WAW077007X2,MR,5397.5,19213767,Pass,,,,,,,,2 VAL: 1 COB
2400005930,2024-04-02,Colorsorter,2023,SWBS,R00660DM,TVW23S7545X1,UN,49.5,19219074,Pass,,,,,,,,
2400005929,2024-04-02,Colorsorter,2023,SWBS,R11649,TVW23S7554X1,UN,75,19219072,Pass,,,,,,,,
2400005917,2024-04-02,Colorsorter,2023,SWBS,R594,TVW23S7582X1,F,304,19225187,Pass,,,,,,,,
2400006092,2024-04-02,Colorsorter,2023,SWBS,R320D,TVW23S7564,UN,60,19229050,Pass,,,,,,,,
2400006099,2024-04-03,Colorsorter,2023,SWBS,R5001H,ORW23S7575H,UN,9.75,19231706,Pass,,,,,,,,
2400005805,2024-04-03,Gravity,2023,SWCO,REVISION,ORT077113HK1,MR,9220,19136417,Pass,,,,,,,,
2400006090,2024-04-03,Colorsorter,2023,SWBS,R584A,TVW23T7580X1,LR,132,19229048,Pass,,,,,,,,
2400006094,2024-04-03,Colorsorter,2023,SWBS,R00153,TVW23T7532X1,MR,67,19229054,Pass,,,,,,,,
2400006036,2024-04-04,Colorsorter,2023,SWCO,GSS8937,ORW077104X1,UN,97.5,19243050,Pass,,,,,,,,
2400006038,2024-04-04,Colorsorter,2023,SWCO,GH6055,TVC077181X1,MR,97,19243071,Pass,,,,,,,,
2400006098,2024-04-04,Gravity,2023,SWBS,R160DS,TVW23T7555,R,192.5,19229064,Pass,,,,,,,,
300092655,2024-04-04,Gravity,2023,SWCO,TYSON,INW077142X1,LR,178,19243034,Pass,,,,,,,,
300092656,2024-04-04,Gravity,2023,SWCO,TYSON,WAW077123X1,MR,809,19243035,Pass,,,,,,,,
2400006093,2024-04-08,Colorsorter,2023,SWBS,R00303,TVW23T7533X1,R,177.5,19229053,Pass,,,,,,,,
2400006102,2024-04-08,Gravity,2023,SWCO,TYSON,ORW077116X1,MR,690.5,19246765,Fail,Dent,,,,,,,25 DENT
300092657,2024-04-08,Gravity,2023,SWCO,TYSON,INW077142X1,MF,2366.5,19243036,Fail,Dent,,,,,,,3 DENT
2400006103,2024-04-09,Gravity,2023,SWCO,TYSON,ORW077116X1,MF,193,19246767,Fail,Dent,,,,,,,6 DENT 5 COB
2400006104,2024-04-09,Gravity,2023,SWCO,TYSON,INW077142X1,LF,918.5,19246768,Fail,Dent,,,,,,,2 DENT
300092833,2024-04-10,Gravity,2023,SWCO,TYSON,WAW077074X1,MR,1567,19282744,Fail,Dent,,,,,,,1 DENT
300092885,2024-04-10,Gravity,2023,SWBS,R00660DM-SMS,TVW23S7545X1,UN,38,19286613,Pass,,,,,,,,
2400005977,2024-04-12,Gravity,2023,SWCO,GH4927,WAC077060,LF,3147.5,19274740,Pass,,,,,,,,
300092653,2024-04-15,Gravity,2023,SWCO,GSS3951,WAW077030X1,LR,4805.5,19243032,Pass,,,,,,,,
300092654,2024-04-16,Gravity,2023,SWCO,GSS3951,WAW077101X1,LF,2635.5,19243033,Pass,,,,,,,,
2400006068,2024-04-16,Colorsorter,2023CL,SWBS,AC206Y,SYNG22522X1,UN,62.5,19291568,Pass,,,,,,,,
300092660,2024-04-18,Gravity,2023,SWCO,GSS3951,WAW077030X1,MR,6164,19243043,Fail,Dent,,,,,,,1 DENT
2400006095,2024-04-19,Colorsorter,2023,SWBS,AC283Y,TVW23S7519,UN,28,19229055,Pass,,,,,,,,
2400006105,2024-04-19,Colorsorter,2023,SWBS,R660F,TVW23U7588X1,R,31,19283211,Pass,,,,,,,,
300092703,2024-04-23,Gravity,2023,SWCO,GSS3951,WAW077030X1,MFH,7697,19243046,Pass,,,,,,,,
300092559,2024-04-24,Colorsorter,2023,SWBS,R10233,TVW23S7552X1,UN,84.5,19271043,Pass,,,,,,,,
300092661,2024-04-24,Gravity,2023,SWCO,GH6055,WAC077061X1,MR,1198.5,19243044,Fail,Dent,,,,,,,1 DENT
300092702,2024-04-25,Gravity,2023,SWCO,GH6055,TVC077015X1,LF,2032.5,19243045,Fail,,,,,,,,
2400006037,2024-04-25,Gravity,2023,SWCO,GH6055,TVC077181X1,LF,626,19243055,Fail,,,,,,,,
2400006039,2024-04-25,Gravity,2023,SWCO,GH6055,TVC077181X1,LR,834.5,19243073,Fail,,,,,,,,
300092658,2024-04-26,Gravity,2023,SWCO,GSS8937,TVW077038X1,LF,709,19243041,Pass,,,,,,,,
2400006089,2024-04-26,Colorsorter,2023,SWBS,R441,TVC23T7573,LR,451.5,19229043,Pass,,,,,,,,
300092558,2024-04-29,Colorsorter,2023,SWBS,R00153,TVW23T7532X1,L,33,19271041,Pass,,,,,,,,
300092634,2024-04-30,Colorsorter,2023,SWCO,GSS8937,ORW077104X1,UN,87.5,19298907,Pass,,,,,,,,
2400006097,2024-04-30,Gravity,2023,SWBS,R00660DM,TVW23U7544X1,MR,675.5,19229061,Fail,,,,,,,,
2400006111,2024-05-02,Gravity,2023,SWCO,P&C EARLY,coc077138,LF,1854.5,19319035,Fail,,,,,,,,
2400005807,2024-05-03,Gravity,2023,SWCO,REVISION,ORT077085HK1W,MF,727,19136423,Pass,,,,,,,,
2400005806,2024-05-03,Gravity,2023,SWCO,REVISION,ORT077085HK1W,MR,2246.5,19136421,Pass,,,,,,,,
2400005709,2024-05-06,Gravity,2023,SWCO,REVISION,ORT077113HK,LR,5139.5,19129717,Pass,,,,,,,,
2400005710,2024-05-06,Gravity,2023,SWCO,REVISION,ORT077113HK,LF,4258,19129719,Pass,,,,,,,,
2400006171,2024-05-10,Gravity,2023,SWCO,WH1428PR,WAC077077,R,426.5,19359280,Pass,,,,,,,,
300093203,2024-05-13,Gravity,2023,SWCO,GSS4479,WAW077032X2,LF,392,19359421,Pass,,,,,,,,
2400006142,2024-05-14,Gravity,2023,SWCO,GRAVE MAN,WAW066224X2,MF,1016.5,19369299,Pass,,,,,,,,
2400006137,2024-05-14,Gravity,2023,SWCO,P&C MID,WAC077108,MR,2173,19366198,Fail,Dent,,,,,,,25 DENT
2400006145,2024-05-28,Gravity,2023,SWBS,R373A,WAW23T7565X1,LR,1702.5,19390594,Pass,,,,,,,,
2400006148,2024-05-28,Gravity,2023,SWBS,R00660DM,TVW23U7544X1,MR,628,19390623,Pass,,,,,,,,
2400006149,2024-06-11,Gravity,2023,SWCO,P&C MID,WAC077108,MR,1944,19446343,Pass,,,,,,,,
300093365,2024-06-17,Gravity,2023,SWCO,TYSON,WAW077074X1,MR,1427.5,19466730,Pass,,,,,,,,
300093426,2024-06-18,Gravity,2023,SWBS,R00660DM,TVW23U7544X1,MR,578.5,19464222,Pass,,,,,,,,
2400006200,2024-06-24,Gravity,2024CL,SWBS,R30006,SYNG23501X1,LR,447.5,19475398,Pass,,,,,,,,
300093532,2024-07-03,Gravity,2024CL,SWBS,AC265Y,SYNG23504W,M,206.5,19513502,Pass,,,,,,,,
1002011683,2024-07-15,Line 2,2024CL,SWBS,AC077W,24-MZ2286,L,56.5,19524323,Pass,,,,,,,,
1002011683,2024-07-15,Line 2,2024CL,SWBS,AC077W,24-MZ2286,M,237.5,19524326,Pass,,,,,,,,
1002034638,2024-09-17,Line 2,2024,SWBS,AC206Y,TVW24T8606,UN,345.5,19799885,Pass,,,,,,,,
1002034639,2024-09-20,Line 1,2024,SWCO,P&C EARLY,WAC088547,LR,4863.5,19799913,Fail,Dent,,,,,,,275 DENT
1002034639,2024-09-20,Line 1,2024,SWCO,P&C EARLY,WAC088547,LF,1055.5,19799914,Pass,,,,,,,,
1002034639,2024-09-20,Line 1,2024,SWCO,P&C EARLY,WAC088547,MR,753.5,19799915,Fail,Dent,,,,,,,45 DENT
1002031743,2024-09-22,Line 1,2024,SWCO,EA SUNGLOW,WAC088518,LR,11600,19776895,Fail,Dent,,,,,,,12 DENT
1002031743,2024-09-22,Line 1,2024,SWCO,EA SUNGLOW,WAC088518,LF,10301,19776896,Pass,,,,,,,,
1002031743,2024-09-22,Line 1,2024,SWCO,EA SUNGLOW,WAC088518,MR,13725,19776898,Pass,,,,,,,,
1002031743,2024-09-22,Line 1,2024,SWCO,EA SUNGLOW,WAC088518,MF,2434,19776899,Pass,,,,,,,,
1002037128,2024-09-24,Line 1,2024,SWCO,GSS8937,TVW088581X1,LR,13831.5,19812650,Pass,,,,,,,,
1002037128,2024-09-24,Line 1,2024,SWCO,GSS8937,TVW088581X1,LF,6489.5,19812651,Fail,Dent,,,,,,,1 DENT
1002037128,2024-09-24,Line 1,2024,SWCO,GSS8937,TVW088581X1,MR,1044.5,19812652,Pass,,,,,,,,
1002037130,2024-09-25,Line 1,2024,SWCO,GSS8937,WAW088575X1,LR,11122,19812709,Pass,,,,,,,,
1002037130,2024-09-25,Line 1,2024,SWCO,GSS8937,WAW088575X1,LF,8187,19812710,Pass,,,,,,,,
1002037130,2024-09-25,Line 1,2024,SWCO,GSS8937,WAW088575X1,MR,956,19812711,Pass,,,,,,,,
1002037130,2024-09-25,Line 1,2024,SWCO,GSS8937,WAW088575X1,MF,484.5,19812713,Pass,,,,,,,,
1002034758,2024-09-25,Line 1,2024,SWCO,GSS8937,WAW088604X1,LR,1473,19799881,Pass,,,,,,,,
1002034758,2024-09-25,Line 1,2024,SWCO,GSS8937,WAW088604X1,LF,1091,19799882,Pass,,,,,,,,
1002034758,2024-09-25,Line 1,2024,SWCO,GSS8937,WAW088604X1,MR,225.5,19799883,Pass,,,,,,,,
1002037129,2024-09-26,Line 1,2024,SWCO,GSS8937,WAW088540X1,LR,8848.5,19812684,Pass,,,,,,,,
1002037129,2024-09-26,Line 1,2024,SWCO,GSS8937,WAW088540X1,LF,9487.5,19812687,Pass,,,,,,,,
1002037129,2024-09-26,Line 1,2024,SWCO,GSS8937,WAW088540X1,MR,1104,19812688,Pass,,,,,,,,
1002037129,2024-09-26,Line 1,2024,SWCO,GSS8937,WAW088540X1,MF,577,19812689,Pass,,,,,,,,
1002036817,2024-09-27,Line 1,2024,SWCO,GARRISON-R,WAW088572X1,LR,1983,19809789,Pass,,,,,,,,
1002036817,2024-09-27,Line 1,2024,SWCO,GARRISON-R,WAW088572X1,LF,2870.5,19809790,Pass,,,,,,,,
1002036817,2024-09-27,Line 1,2024,SWCO,GARRISON-R,WAW088572X1,MR,3915.5,19809791,Fail,Dent,,,,,,,1 DENT
1002036817,2024-09-27,Line 1,2024,SWCO,GARRISON-R,WAW088572X1,MF,8032.5,19809792,Fail,Dent,,,,,,,1 DENT
1002039320,2024-09-29,Line 2,2024,SWBS,R20005,TVW24S8631X1,LR,292.5,19853586,Pass,,,,,,,,
1002039320,2024-09-29,Line 2,2024,SWBS,R20005,TVW24S8631X1,LF,485.5,19853587,Pass,,,,,,,,
1002039320,2024-09-29,Line 2,2024,SWBS,R20005,TVW24S8631X1,MR,219.5,19853588,Pass,,,,,,,,
1002039320,2024-09-29,Line 2,2024,SWBS,R20005,TVW24S8631X1,MF,242,19853589,Pass,,,,,,,,
1002039322,2024-10-01,Line 2,2024,SWBS,R20005,TVW24T8632X1,UN,198,19853593,Fail,Dent,,,,,,,25 DENT 7 COB
1002039199,2024-10-02,Line 2,2024,SWBS,R20005,TVW24U8633X1,LR,207.5,19853748,Pass,,,,,,,,
1002039199,2024-10-02,Line 2,2024,SWBS,R20005,TVW24U8633X1,LF,354,19853749,Pass,,,,,,,,
1002039199,2024-10-02,Line 2,2024,SWBS,R20005,TVW24U8633X1,MR,173.5,19853750,Pass,,,,,,,,
1002039199,2024-10-02,Line 2,2024,SWBS,R20005,TVW24U8633X1,MF,162,19853751,Pass,,,,,,,,2 VAL:1 COB
1002038994,2024-10-04,Line 1,2024,SWCO,GSS3951,WAW088534X1,LR,4607.5,19851342,Pass,,,,,,,,
1002038994,2024-10-04,Line 1,2024,SWCO,GSS3951,WAW088534X1,LF,14312.5,19851343,Pass,,,,,,,,
1002038994,2024-10-04,Line 1,2024,SWCO,GSS3951,WAW088534X1,MR,10988,19851344,Pass,,,,,,,,
1002038994,2024-10-04,Line 1,2024,SWCO,GSS3951,WAW088534X1,MFH,34961.5,19851345,Pass,,,,,,,,
1002038994,2024-10-04,Line 1,2024,SWCO,GSS3951,WAW088534X1,MFL,9949.5,19851346,Pass,,,,,,,,
1002035644,2024-10-04,Line 1,2024,SWCO,BSS1075-R,WAW088580X2,LR,12191.5,19805110,Pass,,,,,,,,
1002035644,2024-10-04,Line 1,2024,SWCO,BSS1075-R,WAW088580X2,LF,4243,19805111,Pass,,,,,,,,
1002035644,2024-10-04,Line 1,2024,SWCO,BSS1075-R,WAW088580X2,MR,3947,19805112,Fail,Smut,,,,,,,1 SMUT
1002035644,2024-10-04,Line 1,2024,SWCO,BSS1075-R,WAW088580X2,MF,1469.5,19805113,Fail,Dent,,,,,,,1 DENT 1 SMUT 1 COB
1002035642,2024-10-07,Line 1,2024,SWCO,BSS1075-R,WAW08869X2,LR,12941.5,19805100,Fail,Dent,,,,,,,14 DENT
1002035642,2024-10-07,Line 1,2024,SWCO,BSS1075-R,WAW08869X2,LF,3917,19805101,Pass,,,,,,,,
1002035642,2024-10-07,Line 1,2024,SWCO,BSS1075-R,WAW08869X2,MR,3458.5,19805102,Pass,,,,,,,,
1002035642,2024-10-07,Line 1,2024,SWCO,BSS1075-R,WAW08869X2,MF,1734.5,19805103,Pass,,,,,,,,
1002035643,2024-10-07,Line 1,2024,SWCO,BSS1075-R,WAW088570X2,LR,1504,19805104,Fail,Dent,,,,,,,7 DENT
1002035643,2024-10-07,Line 1,2024,SWCO,BSS1075-R,WAW088570X2,LF,552,19805105,Pass,,,,,,,,
1002035643,2024-10-07,Line 1,2024,SWCO,BSS1075-R,WAW088570X2,MR,801,19805106,Pass,,,,,,,,
1002035643,2024-10-07,Line 1,2024,SWCO,BSS1075-R,WAW088570X2,MF,365.5,19805107,Pass,,,,,,,,
1002040185,2024-10-08,Line 1,2024,SWCO,BSS5234,WAW088513X2,LR,1366.5,19864155,Pass,,,,,,,,
1002040185,2024-10-08,Line 1,2024,SWCO,BSS5234,WAW088513X2,LF,1913.5,19864156,Pass,,,,,,,,
1002040185,2024-10-08,Line 1,2024,SWCO,BSS5234,WAW088513X2,MR,447,19864157,Pass,,,,,,,,
1002040185,2024-10-08,Line 1,2024,SWCO,BSS5234,WAW088513X2,MF,283.5,19864158,Pass,,,,,,,,
1002036815,2024-10-09,Line 1,2024,SWCO,GARRISON-R,TVW088589X1,LR,1134.5,19809780,Pass,,,,,,,,2 VAL:1 COB
1002036815,2024-10-09,Line 1,2024,SWCO,GARRISON-R,TVW088589X1,LF,1295,19809781,Pass,,,,,,,,
1002036815,2024-10-09,Line 1,2024,SWCO,GARRISON-R,TVW088589X1,MR,1306,19809783,Fail,Dent,,,,,,,1 DENT
1002036815,2024-10-09,Line 1,2024,SWCO,GARRISON-R,TVW088589X1,MF,3843,19809784,Fail,Dent,,,,,,,2 DENT
1002036816,2024-10-09,Line 1,2024,SWCO,GARRISON-R,WAW088519X1,LR,175.5,19809785,Pass,,,,,,,,
1002036816,2024-10-09,Line 1,2024,SWCO,GARRISON-R,WAW088519X1,LF,595,19809786,Pass,,,,,,,,
1002036816,2024-10-09,Line 1,2024,SWCO,GARRISON-R,WAW088519X1,MR,297.5,19809787,Pass,,,,,,,,
1002036816,2024-10-09,Line 1,2024,SWCO,GARRISON-R,WAW088519X1,MF,2012.5,19809788,Pass,,,,,,,,
1002042679,2024-10-09,Line 2,2024,SWBS,R00404X,TVC24S8618X1P,UN,167,19889916,Fail,Dent,,,,,,,3 DENT
1002040182,2024-10-10,Line 1,2024,SWCO,SILVER QUEEN,WAC088591,LR,9041.5,19864111,Pass,,,,,,,,
1002040182,2024-10-10,Line 1,2024,SWCO,SILVER QUEEN,WAC088591,LF,7371.5,19864112,Pass,,,,,,,,
1002040182,2024-10-10,Line 1,2024,SWCO,SILVER QUEEN,WAC088591,MR,879,19864113,Pass,,,,,,,,
1002040182,2024-10-10,Line 1,2024,SWCO,SILVER QUEEN,WAC088591,MF,234.5,19864114,Pass,,,,,,,,
1002042680,2024-10-11,Line 2,2024,SWBS,AC245Y,TVW24T8607,LR,246,19889923,Pass,,,,,,,,
1002042680,2024-10-11,Line 2,2024,SWBS,AC245Y,TVW24T8607,LF,766.5,19889924,Fail,Cob,,,,,,,3 COB
1002042680,2024-10-11,Line 2,2024,SWBS,AC245Y,TVW24T8607,MR,296.5,19889925,Pass,,,,,,,,2 VAL:1 COB
1002042680,2024-10-11,Line 2,2024,SWBS,AC245Y,TVW24T8607,MF,517.5,19889926,Fail,COB,,,,,,,6 COB
1002040183,2024-10-11,Line 1,2024,SWCO,SILVER QUEEN,WAC088586,LR,9055,19864130,Pass,,,,,,,,
1002040183,2024-10-11,Line 1,2024,SWCO,SILVER QUEEN,WAC088586,LF,6484,19864131,Pass,,,,,,,,
1002040183,2024-10-11,Line 1,2024,SWCO,SILVER QUEEN,WAC088586,MR,692.5,19864132,Pass,,,,,,,,
1002036819,2024-10-11,Line 1,2024,SWCO,SILVER QUEEN,ORC088556,LR,2761,19809815,Pass,,,,,,,,
1002036819,2024-10-11,Line 1,2024,SWCO,SILVER QUEEN,ORC088556,LF,2961,19809816,Fail,Dent,,,,,,,39 DENT
1002036819,2024-10-11,Line 1,2024,SWCO,SILVER QUEEN,ORC088556,MR,420.5,19809817,Pass,,,,,,,,
1002040179,2024-10-12,Line 2,2024,SWCO,EA COGENT,WAC088517,LR,721,19864045,Pass,,,,,,,,
1002040179,2024-10-12,Line 2,2024,SWCO,EA COGENT,WAC088517,LF,244,19864046,Pass,,,,,,,,
1002040179,2024-10-12,Line 2,2024,SWCO,EA COGENT,WAC088517,MR,275.5,19864048,Pass,,,,,,,,
1002040179,2024-10-12,Line 2,2024,SWCO,EA COGENT,WAC088517,MF,665,19864047,Pass,,,,,,,,
1002040973,2024-10-13,Line 1,2024,SWCO,GH6462S,WAC088523,LR,1191.5,19876821,Pass,,,,,,,,
1002040973,2024-10-13,Line 1,2024,SWCO,GH6462S,WAC088523,LF,2215,19876822,Pass,,,,,,,,
1002040973,2024-10-13,Line 1,2024,SWCO,GH6462S,WAC088523,MR,1988,19876824,Pass,,,,,,,,
1002040973,2024-10-13,Line 1,2024,SWCO,GH6462S,WAC088523,MF,2368,19876823,Pass,,,,,,,,
1002035875,2024-10-15,Line 2,2024,SWCO,BSS31212,TVW088600X2,R,67,19805204,Pass,,,,,,,,
1002035875,2024-10-15,Line 2,2024,SWCO,BSS31212,TVW088600X2,F,373,19805205,Pass,,,,,,,,
1002040974,2024-10-15,Line 1,2024,SWCO,GSS4628,WAW088536X1,LR,2338.5,19876849,Pass,,,,,,,,
1002040974,2024-10-15,Line 1,2024,SWCO,GSS4628,WAW088536X1,LF,4622.5,19876850,Pass,,,,,,,,
1002040974,2024-10-15,Line 1,2024,SWCO,GSS4628,WAW088536X1,MR,3780,19876851,Fail,Dent,,,,,,,2 DENT
1002040974,2024-10-15,Line 1,2024,SWCO,GSS4628,WAW088536X1,MF,14530,19876852,Pass,,,,,,,,
1002036491,2024-10-16,Line 1,2024,SWCO,PLAYA,WAW088549X2,LR,2890.5,19807547,Fail,Cob,,,,,,,2 COB
1002036491,2024-10-16,Line 1,2024,SWCO,PLAYA,WAW088549X2,LF,1270,19807548,Pass,,,,,,,,
1002036491,2024-10-16,Line 1,2024,SWCO,PLAYA,WAW088549X2,MR,182,19807549,Pass,,,,,,,,
2400006308,2024-10-16,Line 2,2024,SWBS,AC206Y,TVW24T8606,UN,275.5,19904324,Fail,Cob,,,,,,,3 COB
1002044551,2024-10-17,Line 2,2024,SWCO,YETI,WAW088566X2,R,817,19905177,Pass,,,,,,,,
1002044551,2024-10-17,Line 2,2024,SWCO,YETI,WAW088566X2,F,432.5,19905178,Pass,,,,,,,,
1002043946,2024-10-18,Line 1,2024,SWCO,GSS5649,WAW088538X1,LR,7506,19898354,Fail,Cob,,,,,,,2 COB
1002043946,2024-10-18,Line 1,2024,SWCO,GSS5649,WAW088538X1,LF,6187.5,19898355,Pass,,,,,,,,2 VAL:1 COB
1002043946,2024-10-18,Line 1,2024,SWCO,GSS5649,WAW088538X1,MR,4338.5,19898356,Pass,,,,,,,,
1002043946,2024-10-18,Line 1,2024,SWCO,GSS5649,WAW088538X1,MF,6840.5,19898357,Fail,Smut,,,,,,,1 SMUT
1002043947,2024-10-19,Line 1,2024,SWCO,GSS5649,WAW088538X1J,LR,4898,19898360,Fail,Cob,,,,,,,2 COB
1002043947,2024-10-19,Line 1,2024,SWCO,GSS5649,WAW088538X1J,LF,4017.5,19898361,Fail,Cob,,,,,,,3 COB
1002043947,2024-10-19,Line 1,2024,SWCO,GSS5649,WAW088538X1J,MR,3017,19898362,Pass,,,,,,,,
1002043947,2024-10-19,Line 1,2024,SWCO,GSS5649,WAW088538X1J,MF,4798,19898363,Pass,,,,,,,,
1002043951,2024-10-19,Line 1,2024,SWCO,ROCKER,WAC088553,LR,5297,19898386,Pass,,,,,,,,2 VAL:1 COB
1002043951,2024-10-19,Line 1,2024,SWCO,ROCKER,WAC088553,LF,3195,19898387,Pass,,,,,,,,
1002043951,2024-10-19,Line 1,2024,SWCO,ROCKER,WAC088553,MR,1664,19898388,Pass,,,,,,,,
1002043951,2024-10-19,Line 1,2024,SWCO,ROCKER,WAC088553,MF,298.5,19898389,Pass,,,,,,,,
1002035876,2024-10-21,Line 2,2024,SWCO,BSS3556,WAW088509X2,UN,241.5,19805209,Pass,,,,,,,,
2400006305,2024-10-21,Gravity,2024,SWCO,EA SUNGLOW,WAC088518,LR,10832,19825410,Pass,,,,,,,,
1002044373,2024-10-22,Line 2,2024,SWCO,GH4927-C,WAC088522,UN,226,19903996,Fail,Dent,,,,,,,28 DENT
2400006231,2024-10-22,Gravity,2024,SWCO,GSS8937,TVW088581X1,LF,6121,19847489,Pass,,,,,,,,
1002035882,2024-10-23,Line 1,2024,SWCO,GSS1170-R,WAW088528X2,LR,3432,19805241,Pass,,,,,,,,
1002035882,2024-10-23,Line 1,2024,SWCO,GSS1170-R,WAW088528X2,LF,6642,19805242,Pass,,,,,,,,
1002035882,2024-10-23,Line 1,2024,SWCO,GSS1170-R,WAW088528X2,MR,3841,19805243,Pass,,,,,,,,
1002035882,2024-10-23,Line 1,2024,SWCO,GSS1170-R,WAW088528X2,MF,10662.5,19805244,Pass,,,,,,,,
1002033329,2024-10-23,Line 1,2024,SWCO,3552R,WAW088502X2,LR,3352,19787841,Pass,,,,,,,,
1002033329,2024-10-23,Line 1,2024,SWCO,3552R,WAW088502X2,LF,1589,19787842,Pass,,,,,,,,
1002033329,2024-10-23,Line 1,2024,SWCO,3552R,WAW088502X2,MR,205.5,19787843,Pass,,,,,,,,
2400006232,2024-10-23,Gravity,2024,SWCO,R20005,TVW24T8632X1,UN,147,19864083,Fail,Cob,,,,,,,11 COB
1002044549,2024-10-24,Line 1,2024,SWCO,3552R,WAW088502X2K,LR,1453,19905148,Pass,,,,,,,,
1002044549,2024-10-24,Line 1,2024,SWCO,3552R,WAW088502X2K,LF,978,19905149,Pass,,,,,,,,
1002044549,2024-10-24,Line 1,2024,SWCO,3552R,WAW088502X2K,MR,123.5,19905150,Pass,,,,,,,,2 VAL-1 COB
1002044549,2024-10-24,Line 1,2024,SWCO,3552R,WAW088502X2K,MF,152.5,19905151,Fail,Cob,,,,,,,18 COB
1002045030,2024-10-24,Line 2,2024,SWCO,7210R,WAW088503X2,LR,959.5,19909637,Pass,,,,,,,,
1002045030,2024-10-24,Line 2,2024,SWCO,7210R,WAW088503X2,LF,736.5,19909638,Pass,,,,,,,,
1002045030,2024-10-24,Line 2,2024,SWCO,7210R,WAW088503X2,MR,725,19909639,Pass,,,,,,,,
1002045030,2024-10-24,Line 2,2024,SWCO,7210R,WAW088503X2,MF,730,19909640,Fail,,,,,,,,.13% SCLEROTIA
1002035640,2024-10-25,Line 1,2024,SWCO,BSS1075-R,TVW088543X2,LR,3676,19804924,Fail,Dent,,,,,,,55 DENT 1 SMUT
1002035640,2024-10-25,Line 1,2024,SWCO,BSS1075-R,TVW088543X2,LF,1506.5,19804925,Fail,Dent,,,,,,,25 DENT
1002035640,2024-10-25,Line 1,2024,SWCO,BSS1075-R,TVW088543X2,MR,1738.5,19804926,Fail,Dent,,,,,,,360 DENT
1002035640,2024-10-25,Line 1,2024,SWCO,BSS1075-R,TVW088543X2,MF,960,19804927,Fail,Dent,,,,,,,41 DENT
2400006405,2024-10-25,Gravity,2024,SWCO,BSS1075-R,WAW088580X2,MR,3726,19892175,Pass,,,,,,,,
2400006254,2024-10-25,Gravity,2024,SWCO,BSS1075-R,WAW088580X2,MF,1308.5,19886030,Pass,,,,,,,,
1002048132,2024-10-25,Line 2,2024,SWCO,DESERT FROST,TVW088562X2,R,164,19930098,Pass,,,,,,,,
1002048132,2024-10-25,Line 2,2024,SWCO,DESERT FROST,TVW088562X2,F,222,19930097,Pass,,,,,,,,
1002035641,2024-10-26,Line 1,2024,SWCO,BSS1075-R,WAW088507X2,LR,11480.5,19804936,Pass,,,,,,,,
1002035641,2024-10-26,Line 1,2024,SWCO,BSS1075-R,WAW088507X2,LF,5818,19804937,Pass,,,,,,,,
1002035641,2024-10-26,Line 1,2024,SWCO,BSS1075-R,WAW088507X2,MR,4506.5,19804938,Pass,,,,,,,,
1002035641,2024-10-26,Line 1,2024,SWCO,BSS1075-R,WAW088507X2,MF,2693,19804939,Pass,,,,,,,,
1002048131,2024-10-26,Line 2,2024,SWCO,DESERT FROST,TVW088567X2,LR,353,19930092,Pass,,,,,,,,
1002048131,2024-10-26,Line 2,2024,SWCO,DESERT FROST,TVW088567X2,LF,492,19930093,Pass,,,,,,,,
1002048131,2024-10-26,Line 2,2024,SWCO,DESERT FROST,TVW088567X2,MR,83.5,19930094,Pass,,,,,,,,
1002048131,2024-10-26,Line 2,2024,SWCO,DESERT FROST,TVW088567X2,MF,159.5,19930095,Fail,Smut,,,,,,,10 SMUT
1002043801,2024-10-26,Line 2,2024,SWBS,AC206Y,TVW24S8605,UN,85,19898321,Pass,,,,,,,,
2400006255,2024-10-26,Gravity,2024,SWCO,BSS1075-R,WAW088569X2,LR,12545,19886935,Pass,,,,,,,,
1002043802,2024-10-26,Line 2,2024,SWBS,AC206Y,TVW24S8605K,UN,10.25,19898327,Fail,Dent,,,,,,,2 DENT
1002045712,2024-10-27,Line 1,2024,SWCO,TYSON,WAW088585X1,LR,1305.5,19912477,Pass,,,,,,,,
1002045712,2024-10-27,Line 1,2024,SWCO,TYSON,WAW088585X1,LF,3415.5,19912478,Pass,,,,,,,,
1002045712,2024-10-27,Line 1,2024,SWCO,TYSON,WAW088585X1,MR,1734.5,19912479,Pass,,,,,,,,
1002045712,2024-10-27,Line 1,2024,SWCO,TYSON,WAW088585X1,MF,10840,19912480,Fail,Dent,,,,,,,4 DENT
2400006404,2024-10-28,Gravity,2024,SWCO,BSS1075-R,WAW088570X2,LR,1381,19892174,Pass,,,,,,,,
1002044955,2024-10-28,Line 1,2024,SWCO,CODE 646,WAW088588,LR,2544.5,19908683,Pass,,,,,,,,
1002044955,2024-10-28,Line 1,2024,SWCO,CODE 646,WAW088588,LF,1042.5,19908684,Fail,Smut,,,,,,,3 SMUT
1002044955,2024-10-28,Line 1,2024,SWCO,CODE 646,WAW088588,MR,172,19908685,Pass,,,,,,,,
2400006211,2024-10-29,Gravity,2024,SWBS,R00404X,TVC24S8618X1P,UN,128,19895537,Fail,Dent,,,,,,,4 DENT
1002040291,2024-10-29,Line 2,2024,SWBS,W0016,TVC24T8647,R,226,19865955,Pass,,,,,,,,
1002040291,2024-10-29,Line 2,2024,SWBS,W0016,TVC24T8647,F,302,19865956,Pass,,,,,,,,
1002048133,2024-10-29,Line 2,2024,SWCO,GSS4479,WAW088535X2,LR,367,19930104,Pass,,,,,,,,
1002048133,2024-10-29,Line 2,2024,SWCO,GSS4479,WAW088535X2,LF,235,19930105,Pass,,,,,,,,
1002048133,2024-10-29,Line 2,2024,SWCO,GSS4479,WAW088535X2,MR,215.5,19930106,Pass,,,,,,,,
1002048133,2024-10-29,Line 2,2024,SWCO,GSS4479,WAW088535X2,MF,159,19930107,Fail,Smut,,,,,,,3 SMUT
2400006351,2024-10-29,Gravity,2024,SWBS,AC245Y,TVW24T8607,MF,430.5,19903607,Fail,Smut,,,,,,,3 SMUT 16 COB
2400006408,2024-10-29,Gravity,2024,SWBS,AC245Y,TVW24T8607,LF,713,19909259,Fail,Smut,,,,,,,1 SMUT 10 COB
2400006218,2024-10-30,Colorsorter,2024,SWBS,R00404X,TVC24S8618X1P,UN,91,19943793,Pass,,,,,,,,
1002043958,2024-10-30,Line 1,2024,SWCO,GARRISON-R,WAW088519X1W,LR,820.5,19898419,Pass,,,,,,,,
1002043958,2024-10-30,Line 1,2024,SWCO,GARRISON-R,WAW088519X1W,LF,3942,19898420,Pass,,,,,,,,
1002043958,2024-10-30,Line 1,2024,SWCO,GARRISON-R,WAW088519X1W,MR,2045,19898421,Pass,,,,,,,,
1002043958,2024-10-30,Line 1,2024,SWCO,GARRISON-R,WAW088519X1W,MF,13472.5,19898422,Pass,,,,,,,,
2400006407,2024-10-30,Gravity,2024,SWCO,SILVER QUEEN,ORC088556,LF,2812.5,19909249,Pass,,,,,,,,
1002044956,2024-10-31,Line 1,2024,SWCO,GH9335,WAC088525,LR,1731.5,19908703,Pass,,,,,,,,
1002044956,2024-10-31,Line 1,2024,SWCO,GH9335,WAC088525,LF,730,19908704,Pass,,,,,,,,2 VAL: 1 COB
1002044956,2024-10-31,Line 1,2024,SWCO,GH9335,WAC088525,MR,831.5,19908705,Pass,,,,,,,,
1002044956,2024-10-31,Line 1,2024,SWCO,GH9335,WAC088525,MF,163.5,19908706,Pass,,,,,,,,
1002048130,2024-10-31,Line 2,2024,SWCO,GSS3378,WAW088568X2,LR,278,19930074,Fail,Cob,,,,,,,9 COB
1002048130,2024-10-31,Line 2,2024,SWCO,GSS3378,WAW088568X2,LF,204,19930075,Fail,Cob,,,,,,,6 COB
1002048130,2024-10-31,Line 2,2024,SWCO,GSS3378,WAW088568X2,MR,116,19930076,Pass,,,,,,,,2 VAL: 1 COB
1002048130,2024-10-31,Line 2,2024,SWCO,GSS3378,WAW088568X2,MF,135.5,19930077,Pass,,,,,,,,2 VAL: 1 COB
1002041904,2024-10-31,Line 2,2024,SWBS,R00565H,TVW24S8619H,UN,42.5,19886929,Pass,,,,,,,,
2400006234,2024-10-31,Gravity,2024,SWCO,GARRISON-R,TVW088589X1,MR,1235.5,19895311,Fail,Dent,,,,,,,1 DENT
1002036820,2024-10-31,Line 1,2024,SWCO,SILVER QUEEN,ORC088605,LR,2828,19809820,Fail,Off-Type,,,,,,,8 OFF-TYPES
1002036820,2024-10-31,Line 1,2024,SWCO,SILVER QUEEN,ORC088605,LF,2090.5,19809821,Pass,,,,,,,,
1002036820,2024-10-31,Line 1,2024,SWCO,SILVER QUEEN,ORC088605,MR,97,19809822,Fail,Dent,,,,,,,32 DENT
1002041905,2024-10-31,Line 2,2024,SWBS,R00565H,TVW24U8620H,UN,215,19886936,Pass,,,,,,,,
1002037131,2024-11-01,Line 1,2024,SWCO,SS7078Y,WAW088583X2,LR,1663.5,19813039,Pass,,,,,,,,
1002037131,2024-11-01,Line 1,2024,SWCO,SS7078Y,WAW088583X2,LF,2365,19813040,Pass,,,,,,,,
1002037131,2024-11-01,Line 1,2024,SWCO,SS7078Y,WAW088583X2,MR,914,19813041,Pass,,,,,,,,
1002037131,2024-11-01,Line 1,2024,SWCO,SS7078Y,WAW088583X2,MF,478,19813042,Pass,,,,,,,,
1002041986,2024-11-01,Line 2,2024,SWBS,R5001H,TVW24T8640H,UN,44,19886946,Fail,Cob,,,,,,,3 COB
2400006309,2024-11-01,Gravity,2024,SWCO,GSS4628,WAW088536X1,MR,3557.5,19912136,Pass,,,,,,,,2 VAL: 1 COB
1002035881,2024-11-01,Line 1,2024,SWCO,CROWN,ORW088516H,LR,2072.5,19805235,Pass,,,,,,,,
1002035881,2024-11-01,Line 1,2024,SWCO,CROWN,ORW088516H,LF,2457.5,19805236,Pass,,,,,,,,
1002035881,2024-11-01,Line 1,2024,SWCO,CROWN,ORW088516H,MR,785.5,19805237,Pass,,,,,,,,
1002035881,2024-11-01,Line 1,2024,SWCO,CROWN,ORW088516H,MF,947.5,19805238,Pass,,,,,,,,
1002040296,2024-11-01,Line 2,2024,SWBS,AC144Y,TVW24U8603,R,188,19866139,Pass,,,,,,,,
1002040296,2024-11-01,Line 2,2024,SWBS,AC144Y,TVW24U8603,F,333,19866140,Pass,,,,,,,,
1002040293,2024-11-02,Line 2,2024,SWBS,R31001-CMS,TVC24S8649X1,LR,795,19866040,Pass,,,,,,,,
1002040293,2024-11-02,Line 2,2024,SWBS,R31001-CMS,TVC24S8649X1,LF,297,19866044,Fail,Dent,,,,,,,2 DENT 1 COB
1002040293,2024-11-02,Line 2,2024,SWBS,R31001-CMS,TVC24S8649X1,MR,169,19866045,Pass,,,,,,,,
1002038692,2024-11-04,Line 1,2024,SWCO,GH7818,WAC088524,LR,4379,19847518,Fail,Dent,,,,,,,21 DENT
1002038692,2024-11-04,Line 1,2024,SWCO,GH7818,WAC088524,LF,12845.5,19847519,Fail,Dent,,,,,,,20 DENT
1002038692,2024-11-04,Line 1,2024,SWCO,GH7818,WAC088524,MR,6186.5,19847520,Fail,Dent,,,,,,,45 DENT
1002038692,2024-11-04,Line 1,2024,SWCO,GH7818,WAC088524,MF,10335,19847521,Pass,,,,,,,,
1002040295,2024-11-04,Line 2,2024,SWBS,R31001,TVC24S8650X1,R,587,19866093,Pass,,,,,,,,
1002040295,2024-11-04,Line 2,2024,SWBS,R31001,TVC24S8650X1,F,287.5,19866094,Pass,,,,,,,,
1002040297,2024-11-04,Line 2,2024,SWBS,R00610,TVW24T8621X1,R,676,19866144,Fail,Smut,,,,,,,1 SMUT 1 COB
1002040297,2024-11-04,Line 2,2024,SWBS,R00610,TVW24T8621X1,F,175.5,19866145,Fail,Cob,,,,,,,3 COB
1002035636,2024-11-05,Line 1,2024,SWCO,7401 IMP,WAW088504X2,LR,3071.5,19804875,Pass,,,,,,,,
1002035636,2024-11-05,Line 1,2024,SWCO,7401 IMP,WAW088504X2,LF,4860,19804877,Pass,,,,,,,,
1002035636,2024-11-05,Line 1,2024,SWCO,7401 IMP,WAW088504X2,MR,1907,19804878,Fail,Smut,,,,,,,2 SMUT
1002035636,2024-11-05,Line 1,2024,SWCO,7401 IMP,WAW088504X2,MF,2112.5,19804879,Pass,,,,,,,,
300094434,2024-11-05,Gravity,2024,SWBS,R20005,TVW24U8633X1,MF,150.5,19912368,Pass,,,,,,,,2 VAL:1 COB
1002040298,2024-11-05,Line 2,2024,SWBS,G01110,TVW24T8611X1,UN,84,19866149,Pass,,,,,,,,
1002043803,2024-11-05,Line 2,2024,SWBS,AC144Y,TVW24S8602,L,129.5,19898332,Fail,Smut,,,,,,,15 SMUT 1 COB
1002043803,2024-11-05,Line 2,2024,SWBS,AC144Y,TVW24S8602,M,19.67,19898333,Fail,Cob,,,,,,,4 COB 1.10% DISCOLORED
2400006409,2024-11-06,Gravity,2024,SWBS,AC206Y,TVW24T8606,UN,264.5,19913756,Pass,,,,,,,,
1002043805,2024-11-06,Line 2,2024,SWBS,R11649,TVW24T8630X1,L,153.5,19898341,Fail,Cob,,,,,,,1 DENT 15 COB
1002043805,2024-11-06,Line 2,2024,SWBS,R11649,TVW24T8630X1,M,37,19898342,Fail,Cob,,,,,,,4 DENT 3 SMUT 9 COB
2400006352,2024-11-07,Gravity,2024,SWBS,R20005,TVW24T8632X1,UN,136.5,19933049,Fail,Cob,,,,,,,7 COB
2400006426,2024-11-07,Gravity,2024,SWCO,PLAYA,WAW088549X2,LR,2644.5,19914233,Pass,,,,,,,,2 VAL:1 COB
1002051115,2024-11-08,Line 1,2024,SWCO,GSS3071S,WAW088531X1,LR,24806.5,19973908,Fail,Dent,,,,,,,2 DENT
1002051115,2024-11-08,Line 1,2024,SWCO,GSS3071S,WAW088531X1,LF,15123,19973909,Pass,,,,,,,,
1002051115,2024-11-08,Line 1,2024,SWCO,GSS3071S,WAW088531X1,MR,15405.5,19973910,Pass,,,,,,,,
1002051115,2024-11-08,Line 1,2024,SWCO,GSS3071S,WAW088531X1,MF,13821,19973911,Pass,,,,,,,,2 VAL:1 COB
1002047055,2024-11-11,Line 2,2024,SWBS,W0234,TVC24T8648,LR,135.5,19923470,Fail,Dent,,,,,,,161 DENT
1002047055,2024-11-11,Line 2,2024,SWBS,W0234,TVC24T8648,LF,610.5,19923471,Fail,Dent,,,,,,,16 DENT
1002047055,2024-11-11,Line 2,2024,SWBS,W0234,TVC24T8648,MR,149,19923472,Fail,Dent,,,,,,,232 DENT
1002047055,2024-11-11,Line 2,2024,SWBS,W0234,TVC24T8648,MF,215,19923473,Fail,Dent,,,,,,,36 DENT 3 SMUT
2400006388,2024-11-11,Gravity,2024,SWCO,BSS1075-R,TVW088543X2,MF,913,19974204,Pass,,,,,,,,
1002052924,2024-11-11,Line 1,2024,SWCO,SILVER QUEEN,WAC088582W,LR,17676.5,19988480,Pass,,,,,,,,
1002052924,2024-11-11,Line 1,2024,SWCO,SILVER QUEEN,WAC088582W,LF,24533.5,19988481,Pass,,,,,,,,
1002052924,2024-11-11,Line 1,2024,SWCO,SILVER QUEEN,WAC088582W,MR,1929,19988482,Pass,,,,,,,,
1002052924,2024-11-11,Line 1,2024,SWCO,SILVER QUEEN,WAC088582W,MF,1261,19988483,Pass,,,,,,,,
1002035966,2024-11-11,Line 2,2024,SWCO,BSS23648,WAW088590X2,UN,177,19805126,Fail,Cob,,,,,,,4 COB
2400006217,2024-11-11,Gravity,2024,SWCO,BSS1075-R,TVW088543X2,LF,1456,19934888,Pass,,,,,,,,
1002036821,2024-11-12,Line 1,2024,SWCO,SILVER QUEEN,WAC088582,LR,6518,19809825,Pass,,,,,,,,
1002036821,2024-11-12,Line 1,2024,SWCO,SILVER QUEEN,WAC088582,LF,9188,19809826,Pass,,,,,,,,
1002036821,2024-11-12,Line 1,2024,SWCO,SILVER QUEEN,WAC088582,MR,775.5,19809827,Pass,,,,,,,,
1002036821,2024-11-12,Line 1,2024,SWCO,SILVER QUEEN,WAC088582,MF,584.5,19809828,Pass,,,,,,,,
2400006387,2024-11-12,Gravity,2024,SWCO,BSS1075-R,TVW088543X2,MR,1452,19940295,Fail,Dent,,,,,,,27 DENT
1002047056,2024-11-12,Line 2,2024,SWBS,R20015,TVW24S8634X1,LR,233,19923476,Fail,Cob,,,,,,,3 COB
1002047056,2024-11-12,Line 2,2024,SWBS,R20015,TVW24S8634X1,LF,428,19923477,Fail,Cob,,,,,,,4 COB
1002047056,2024-11-12,Line 2,2024,SWBS,R20015,TVW24S8634X1,MR,139.5,19923478,Pass,,,,,,,,2 VAL:1 COB
1002047056,2024-11-12,Line 2,2024,SWBS,R20015,TVW24S8634X1,MF,207,19923479,Fail,Cob,,,,,,,16 COB
2400006386,2024-11-13,Gravity,2024,SWCO,BSS1075-R,TVW088543X2,LR,3482,19940294,Pass,,,,,,,,
300094614,2024-11-13,Gravity,2024,SWCO,GSS8937,WAW088540X1,MR,1020.5,19934747,Pass,,,,,,,,
1002047057,2024-11-14,Line 2,2024,SWBS,R22153,TVW24T8636X1,L,151,19923480,Fail,Cob,,,,,,,26 COB
1002047057,2024-11-14,Line 2,2024,SWBS,R22153,TVW24T8636X1,M,434.5,19923481,Fail,Smut,,,,,,,1 SMUT 4 COB
2400006215,2024-11-14,Gravity,2024,SWCO,GSS5649,WAW088538X1J,LR,4389.5,19934742,Pass,,,,,,,,
1002047058,2024-11-14,Line 2,2024,SWBS,R30167,TVC24S8653X1,L,455,19923486,Pass,,,,,,,,
1002047058,2024-11-14,Line 2,2024,SWBS,R30167,TVC24S8653X1,M,164,19923487,Pass,,,,,,,,
1002047059,2024-11-14,Line 2,2024,SWBS,R29153,TVW24S8652X1,UN,68,19923490,Fail,Cob,,,,,,,3 COB
2400006216,2024-11-14,Gravity,2024,SWCO,GSS5649,WAW088538X1J,LF,3637.5,19934743,Pass,,,,,,,,2 VAL: 1 COB
1002047060,2024-11-15,Line 2,2024,SWBS,R39415,TVW24S8646X1,L,652,19923494,Fail,Cob,,,,,,,3 COB
1002047060,2024-11-15,Line 2,2024,SWBS,R39415,TVW24S8646X1,M,18.33,19923495,Fail,Dent,,,,,,,1 DENT
2400006214,2024-11-15,Gravity,2024,SWCO,GSS5649,WAW088538X1,MF,6744.5,19934741,Fail,Smut,,,,,,,2 SMUT 1 COB
1002047063,2024-11-15,Line 2,2024,SWBS,AC265Y,TVW24T8647,M,288.5,19923695,Pass,,,,,,,,2 VAL:1 COB
1002047063,2024-11-15,Line 2,2024,SWBS,AC265Y,TVW24T8647,L,114,19923694,Fail,Dent,,,,,,,2 DENT 2 COB
1002047062,2024-11-16,Line 2,2024,SWBS,R00610,TVW24T8621X1K,L,337,19923690,Fail,Dent,,,,,,,1 DENT 2 COB
1002047062,2024-11-16,Line 2,2024,SWBS,R00610,TVW24T8621X1K,M,139,19923691,Fail,Cob,,,,,,,6 COB
1002047064,2024-11-16,Line 2,2024,SWBS,R10233,TVW24T8628X1,L,152,19923698,Fail,Cob,,,,,,,3 COB
1002047064,2024-11-16,Line 2,2024,SWBS,R10233,TVW24T8628X1,M,83,19923699,Pass,,,,,,,,2 VAL:1 COB
1002053408,2024-11-18,Line 2,2024,SWCO,GLACIAL,WAW088593X2,LR,578.5,19990877,Pass,,,,,,,,2 VAL:1 COB
1002053408,2024-11-18,Line 2,2024,SWCO,GLACIAL,WAW088593X2,LF,572.5,19990878,Pass,,,,,,,,
1002053408,2024-11-18,Line 2,2024,SWCO,GLACIAL,WAW088593X2,MR,204,19990879,Pass,,,,,,,,2 VAL:1 COB
1002053408,2024-11-18,Line 2,2024,SWCO,GLACIAL,WAW088593X2,MF,203.5,19990880,Fail,Cob,,,,,,,5 COB
1002036488,2024-11-19,Line 1,2024,SWCO,MATRIARCH,WAW088545H,LR,385.5,19807534,Pass,,,,,,,,
1002036488,2024-11-19,Line 1,2024,SWCO,MATRIARCH,WAW088545H,LF,837.5,19807535,Pass,,,,,,,,
1002036488,2024-11-19,Line 1,2024,SWCO,MATRIARCH,WAW088545H,MR,1151,19807536,Pass,,,,,,,,
1002036488,2024-11-19,Line 1,2024,SWCO,MATRIARCH,WAW088545H,MF,1476.5,19807537,Pass,,,,,,,,
1002035645,2024-11-19,Line 2,2024,SWCO,BSS23648,TVW088510X2,UN,46.5,19805121,Pass,,,,,,,,
1002036814,2024-11-20,Line 1,2024,SWCO,SILVER KING,TVC088607,LR,3646,19809745,Fail,Off-Type,,,,,,,1 OFF-TYPE
1002036814,2024-11-20,Line 1,2024,SWCO,SILVER KING,TVC088607,LF,5013.5,19809746,Fail,Off-Type,,,,,,,1 OFF-TYPE
1002036814,2024-11-20,Line 1,2024,SWCO,SILVER KING,TVC088607,MR,1967.5,19809747,Fail,Off-Type,,,,,,,1 OFF-TYPE
1002036814,2024-11-20,Line 1,2024,SWCO,SILVER KING,TVC088607,MF,2322.5,19809748,Fail,Off-Type,,,,,,,1 OFF-TYPE
1002036487,2024-11-21,Line 1,2024,SWCO,KANDY KORN,WAC088544,LR,10802.5,19807530,Pass,,,,,,,,
1002036487,2024-11-21,Line 1,2024,SWCO,KANDY KORN,WAC088544,LF,7574,19807531,Pass,,,,,,,,
1002036487,2024-11-21,Line 1,2024,SWCO,KANDY KORN,WAC088544,MR,8854.5,19807532,Pass,,,,,,,,
1002036487,2024-11-21,Line 1,2024,SWCO,KANDY KORN,WAC088544,MF,370.5,19807533,Pass,,,,,,,,
1002035874,2024-11-21,Line 2,2024,SWCO,BSS31212,TVW088558X2,R,221.5,19805199,Pass,,,,,,,,2 VAL: 1 COB
1002035874,2024-11-21,Line 2,2024,SWCO,BSS31212,TVW088558X2,F,731.5,19805200,Pass,,,,,,,,
300094561,2024-11-22,Gravity,2024,SWCO,GSS3951,WAW088534X1,LR,4546.5,19926598,Pass,,,,,,,,
2400006440,2024-11-22,Gravity,2024,SWCO,CODE 646,WAW088588,LF,1002,19973981,Pass,,,,,,,,
2400006442,2024-11-22,Line 2,2024,SWCO,GSS4479,WAW088535X2,MF,142,19973986,Pass,,,,,,,,
300094743,2024-11-23,Gravity,2024,SWCO,GSS4628,WAW088536X1,LR,2081.5,19943954,Pass,,,,,,,,
2400006443,2024-11-23,Gravity,2024,SWCO,DESERT FROST,TVW088567X2,MF,142.5,19973990,Pass,,,,,,,,
1002035639,2024-11-23,Line 1,2024,SWCO,ACCENTUATE,WAW088506X2,LR,4297,19804905,Pass,,,,,,,,
1002035639,2024-11-23,Line 1,2024,SWCO,ACCENTUATE,WAW088506X2,LF,8171,19804906,Pass,,,,,,,,
1002035639,2024-11-23,Line 1,2024,SWCO,ACCENTUATE,WAW088506X2,MR,4630,19804907,Pass,,,,,,,,
1002035639,2024-11-23,Line 1,2024,SWCO,ACCENTUATE,WAW088506X2,MF,5497,19804908,Pass,,,,,,,,
300094744,2024-11-23,Gravity,2024,SWCO,GSS4628,WAW088536X1,LF,4430,19943955,Pass,,,,,,,,
1002052925,2024-11-24,Line 1,2024,SWCO,ACCENTUATE,WAW088506X2J,LR,3904.5,19988496,Fail,Cob,,,,,,,1 COB
1002052925,2024-11-24,Line 1,2024,SWCO,ACCENTUATE,WAW088506X2J,LF,7114.5,19988497,Pass,,,,,,,,
1002052925,2024-11-24,Line 1,2024,SWCO,ACCENTUATE,WAW088506X2J,MR,4366.5,19988498,Pass,,,,,,,,
1002052925,2024-11-24,Line 1,2024,SWCO,ACCENTUATE,WAW088506X2J,MF,5200.5,19988499,Fail,Smut,,,,,,,1 SMUT
1002054355,2024-11-25,Line 1,2024,SWCO,GSS1198-R,TVW088594X2,LR,1513,19998582,Pass,,,,,,,,2 VAL: 1 COB
1002054355,2024-11-25,Line 1,2024,SWCO,GSS1198-R,TVW088594X2,LF,467.5,19998583,Pass,,,,,,,,
1002054355,2024-11-25,Line 1,2024,SWCO,GSS1198-R,TVW088594X2,MR,458,19998584,Pass,,,,,,,,2 VAL: 1 DENT 1 COB
1002054355,2024-11-25,Line 1,2024,SWCO,GSS1198-R,TVW088594X2,MF,328.5,19998585,Fail,Cob,,,,,,,5 COB
1002054349,2024-11-25,Line 2,2024,SWCO,PATRON,WAW088557H,LR,313.5,19998509,Fail,Smut,,,,,,,2 SMUT
1002054349,2024-11-25,Line 2,2024,SWCO,PATRON,WAW088557H,LF,329.5,19998510,Fail,Smut,,,,,,,1 SMUT 2 COB
1002054349,2024-11-25,Line 2,2024,SWCO,PATRON,WAW088557H,MR,305.5,19998511,Fail,Cob,,,,,,,8 COB
1002054349,2024-11-25,Line 2,2024,SWCO,PATRON,WAW088557H,MF,874.5,19998512,Fail,Smut,,,,,,,2 SMUT
2400006395,2024-11-26,Gravity,2024,SWCO,GSS2577,PL41102404,18C,463,20040365,Pass,,,,,,,,2 VAL: 1 COB
1002054851,2024-11-26,Line 1,2024,SWCO,GSS8937,TVW088599X1,LR,9680.5,20003962,Pass,,,,,,,,
1002054851,2024-11-26,Line 1,2024,SWCO,GSS8937,TVW088599X1,LF,4451,20003963,Pass,,,,,,,,
1002054851,2024-11-26,Line 1,2024,SWCO,GSS8937,TVW088599X1,MR,586.5,20003964,Pass,,,,,,,,
1002051152,2024-11-27,Line 1,2024,SWCO,007R,WAW088500X2,LR,3328.5,19974006,Fail,Dent,,,,,,,11 DENT 1 COB
1002051152,2024-11-27,Line 1,2024,SWCO,007R,WAW088500X2,LF,2772,19974007,Pass,,,,,,,,2 VAL: 1 COB
1002051152,2024-11-27,Line 1,2024,SWCO,007R,WAW088500X2,MR,762,19974008,Pass,,,,,,,,2 VAL: 1 COB
1002051152,2024-11-27,Line 1,2024,SWCO,007R,WAW088500X2,MF,646,19974009,Pass,,,,,,,,
2400006259,2024-11-27,Gravity,2024,SWCO,GH4927-C,WAC088522,UN,204.5,19943951,Pass,,,,,,,,
1002035880,2024-12-02,Line 1,2024,SWCO,CRAVE MAN,WAW088515X2,LR,489,19805231,Pass,,,,,,,,2 VAL: 1 COB
1002035880,2024-12-02,Line 1,2024,SWCO,CRAVE MAN,WAW088515X2,LF,2596,19805232,Pass,,,,,,,,
1002035880,2024-12-02,Line 1,2024,SWCO,CRAVE MAN,WAW088515X2,MR,422.5,19805233,Pass,,,,,,,,
1002035880,2024-12-02,Line 1,2024,SWCO,CRAVE MAN,WAW088515X2,MF,820.5,19805234,Pass,,,,,,,,
2400006310,2024-12-02,Gravity,2024,SWBS,R5001H,TVW24T8640H,UN,40,19974301,Pass,,,,,,,,
1002043948,2024-12-03,Line 1,2024,SWCO,GSS3951,WAW088533,LR,427.5,19898369,Pass,,,,,,,,
1002043948,2024-12-03,Line 1,2024,SWCO,GSS3951,WAW088533,LF,1222.5,19898370,Pass,,,,,,,,
1002043948,2024-12-03,Line 1,2024,SWCO,GSS3951,WAW088533,MR,934.5,19898371,Pass,,,,,,,,
1002043948,2024-12-03,Line 1,2024,SWCO,GSS3951,WAW088533,MFH,2030,19898372,Pass,,,,,,,,
1002043948,2024-12-03,Line 1,2024,SWCO,GSS3951,WAW088533,MFL,3270.5,19898444,Pass,,,,,,,,
2400006431,2024-12-03,Gravity,2024,SWCO,OVERLAND-R,WAW077070X1,MF,20697.5,20007406,Pass,,,,,,,,
1002055902,2024-12-03,Line 2,2024,SWCO,KANDY KORN,WAC088544J,F,332.5,20014681,Pass,,,,,,,,
1002055902,2024-12-03,Line 2,2024,SWCO,KANDY KORN,WAC088544J,R,625,20014680,Pass,,,,,,,,
300094742,2024-12-03,Gravity,2024,SWCO,GSS8937,WAW088604X1,MR,213,19943953,Fail,Dent,,,,,,,1 DENT
1002043949,2024-12-04,Line 1,2024,SWCO,GSS3951,WAW088533J,LR,888,19898373,Pass,,,,,,,,
1002043949,2024-12-04,Line 1,2024,SWCO,GSS3951,WAW088533J,LF,1870.5,19898374,Pass,,,,,,,,
1002043949,2024-12-04,Line 1,2024,SWCO,GSS3951,WAW088533J,MR,1843.5,19898375,Pass,,,,,,,,
1002043949,2024-12-04,Line 1,2024,SWCO,GSS3951,WAW088533J,MFH,6827.5,19898376,Pass,,,,,,,,
1002043949,2024-12-04,Line 1,2024,SWCO,GSS3951,WAW088533J,MFL,3451.5,19898445,Pass,,,,,,,,
2400006428,2024-12-04,Gravity,2024,SWBS,AC245Y,TVW24T8607,LF,592.5,19977724,Fail,Cob,,,,,,,6 COB
1002036940,2024-12-05,Line 1,2024,SWCO,GH4927,WAC088521,LR,12166,19814412,Pass,,,,,,,,
1002036940,2024-12-05,Line 1,2024,SWCO,GH4927,WAC088521,LF,5128,19814413,Pass,,,,,,,,
1002036940,2024-12-05,Line 1,2024,SWCO,GH4927,WAC088521,MR,2507.5,19814415,Fail,Dent,,,,,,,73 DENT
1002036940,2024-12-05,Line 1,2024,SWCO,GH4927,WAC088521,MF,386,19814416,Pass,,,,,,,,
2400006427,2024-12-05,Gravity,2024,SWBS,AC245Y,TVW24T8607,MF,400,19977715,Pass,,,,,,,,2 VAL: 1 COB
300094729,2024-12-05,Gravity,2024,SWCO,PLAYA,WAW088549X2,LF,1147,19977731,Pass,,,,,,,,
2400006411,2024-12-06,Gravity,2024,SWCO,SILVER QUEEN,ORC088605,LR,2360.5,19980518,Pass,,,,,,,,
2400006410,2024-12-06,Gravity,2024,SWBS,R31001-CMS,TVC24S8649X1,LF,269,19977717,Fail,Dent,,,,,,,1 DENT
1002036810,2024-12-07,Line 2,2024,SWCO,SILVER KING,ORC088508,LR,879,19809726,Pass,,,,,,,,
1002036810,2024-12-07,Line 2,2024,SWCO,SILVER KING,ORC088508,F,344,19809727,Pass,,,,,,,,
1002036810,2024-12-07,Line 2,2024,SWCO,SILVER KING,ORC088508,MR,148.5,19809728,Pass,,,,,,,,
2400006355,2024-12-07,Gravity,2024,SWCO,7401 IMP,WAW088504X2,MR,1607,19985077,Pass,,,,,,,,
1002054850,2024-12-07,Line 1,2024,SWCO,TYSON,WAW088559X1,LR,10110,20003957,Pass,,,,,,,,
1002054850,2024-12-07,Line 1,2024,SWCO,TYSON,WAW088559X1,LF,19701.5,20003958,Pass,,,,,,,,
1002054850,2024-12-07,Line 1,2024,SWCO,TYSON,WAW088559X1,MR,12711,20003959,Pass,,,,,,,,
1002054850,2024-12-07,Line 1,2024,SWCO,TYSON,WAW088559X1,MF,39378,20003960,Pass,,,,,,,,
2400006238,2024-12-07,Gravity,2024,SWBS,R11649,TVW24T8630X1,L,129,19988547,Fail,Cob,,,,,,,4 COB
1002054354,2024-12-07,Line 2,2024,SWCO,SILVER KING,ORC088579K,UN,432,19998576,Fail,Dent,,,,,,,21 DENT
2400006430,2024-12-07,Gravity,2024,SWBS,R11649,TVW24T8630X1,M,29.5,19988490,Pass,,,,,,,,
1002045029,2024-12-08,Line 1,2024,SWCO,GSS3951,WAW088574,LR,2607.5,19909631,Pass,,,,,,,,
1002045029,2024-12-08,Line 1,2024,SWCO,GSS3951,WAW088574,LF,5212,19909632,Pass,,,,,,,,
1002045029,2024-12-08,Line 1,2024,SWCO,GSS3951,WAW088574,MR,5575,19909633,Pass,,,,,,,,
1002045029,2024-12-08,Line 1,2024,SWCO,GSS3951,WAW088574,MFH,7691,19909634,Pass,,,,,,,,
1002045029,2024-12-08,Line 1,2024,SWCO,GSS3951,WAW088574,MFL,6213.5,19909635,Pass,,,,,,,,
2400006237,2024-12-09,Gravity,2024,SWBS,R00610,TVW24T8621X1,R,541.5,19984833,Pass,,,,,,,,
2400006414,2024-12-10,Gravity,2024,SWCO,GH7818,WAC088524,MR,5250.5,19980556,Pass,,,,,,,,
2400006429,2024-12-10,Gravity,2024,SWCO,GH7818,WAC088524,LR,3863,19980744,Pass,,,,,,,,
2400006311,2024-12-10,Gravity,2024,SWBS,AC144Y,TVW24S8602,L,109.5,19990843,Pass,,,,,,,,
1002054350,2024-12-10,Line 2,2024,SWCO,BSS37654,TVW088511X2,R,172.5,19998538,Pass,,,,,,,,
1002054350,2024-12-10,Line 2,2024,SWCO,BSS37654,TVW088511X2,M,129,19998539,Pass,,,,,,,,
2400006444,2024-12-11,Gravity,2024,SWCO,GH7818,WAC088524,LF,12051.5,19980665,Fail,Weed,,,,,,,45 OTHER CROP
1002051116,2024-12-11,Line 1,2024,SWCO,GSS3951,WAW088573X1,LR,5725.5,19973921,Pass,,,,,,,,
1002051116,2024-12-11,Line 1,2024,SWCO,GSS3951,WAW088573X1,LF,13746,19973922,Fail,Weed,,,,,,,7 OTHER CROP
1002051116,2024-12-11,Line 1,2024,SWCO,GSS3951,WAW088573X1,MR,14965.5,19973923,Pass,,,,,,,,
1002051116,2024-12-11,Line 1,2024,SWCO,GSS3951,WAW088573X1,MFH,44831,19973924,Pass,,,,,,,,
1002051116,2024-12-11,Line 1,2024,SWCO,GSS3951,WAW088573X1,MFL,26397.5,19973927,Pass,,,,,,,,
1002054351,2024-12-11,Line 2,2024,SWCO,WSS33739,TVW088565X2,UN,211,19998551,Pass,,,,,,,,
1002054352,2024-12-11,Line 2,2024,SWCO,YETI,TVW088560X2,UN,201.5,19998558,Fail,Dent,,,,,,,9 DENT
2400006312,2024-12-11,Gravity,2024,SWBS,R20005,TVW24T8632X1,UN,125,19990845,Pass,,,,,,,,
2400006314,2024-12-11,Gravity,2024,SWBS,W0234,TVC25T8648,LF,497,20005904,Fail,Dent,,,,,,,2 DENT
2400006317,2024-12-11,Gravity,2024,SWCO,BSS1075-R,TVW088543X2,MR,1212,20005908,Fail,Dent,,,,,,,8 DENT
300094933,2024-12-11,Gravity,2024,SWCO,BSS1075-R,TVW088543X2,MF,880,20047208,Pass,,,,,,,,
2400006433,2024-12-11,Gravity,2024,SWCO,GSS1198-R,TVW088594X2,MF,307.5,20042805,Fail,Cob,,,,,,,3 COB
2400006358,2024-12-12,Gravity,2023,SWCO,DESERT SNOW,TVW077020X2,LF,2587.5,20003733,Pass,,,,,,,,
1002051117,2024-12-12,Line 1,2024,SWCO,GSS3951,WAW088603X1,LR,566.5,19973931,Pass,,,,,,,,
1002051117,2024-12-12,Line 1,2024,SWCO,GSS3951,WAW088603X1,LF,1330.5,19973932,Pass,,,,,,,,
1002051117,2024-12-12,Line 1,2024,SWCO,GSS3951,WAW088603X1,MR,1165,19973933,Fail,Dent,,,,,,,2 DENT 8 SMUT
1002051117,2024-12-12,Line 1,2024,SWCO,GSS3951,WAW088603X1,MFH,4042,19973934,Pass,,,,,,,,
1002051117,2024-12-12,Line 1,2024,SWCO,GSS3951,WAW088603X1,MFL,2382.5,19973940,Pass,,,,,,,,
1002054353,2024-12-12,Line 2,2024,SWCO,WSS2524,TVW088563X2,UN,238.5,19998564,Pass,,,,,,,,
2400006236,2024-12-12,Gravity,2024,SWBS,R00610,TVW24T8621X1,F,161,19980911,Pass,,,,,,,,2 VAL: 1 COB
2400006413,2024-12-12,Gravity,2024,SWCO,GSS3378,WAW088568X2,LF,193,19980530,Fail,Cob,,,,,,,3 COB
1002051118,2024-12-13,Line 1,2024,SWCO,GSS3951,WAW088598,LR,3963,19973942,Pass,,,,,,,,
1002051118,2024-12-13,Line 1,2024,SWCO,GSS3951,WAW088598,LF,5825,19973943,Pass,,,,,,,,
1002051118,2024-12-13,Line 1,2024,SWCO,GSS3951,WAW088598,MR,7532,19973944,Pass,,,,,,,,2 VAL: 1 COB
1002051118,2024-12-13,Line 1,2024,SWCO,GSS3951,WAW088598,MFH,14436,19973945,Pass,,,,,,,,2 VAL: 1 COB
1002051118,2024-12-13,Line 1,2024,SWCO,GSS3951,WAW088598,MFL,9745,19973946,Pass,,,,,,,,
300094822,2024-12-13,Gravity,2024,SWCO,GSS5649,WAW088538X1,MR,4048.5,19988445,Pass,,,,,,,,
2400006412,2024-12-13,Gravity,2024,SWCO,GSS3378,WAW088568X2,LR,262,19980528,Fail,Dent,,,,,,,7 DENT 1 COB
1002043950,2024-12-14,Line 1,2024,SWCO,GSS3951,WAW088597X1,LR,4278.5,19898381,Pass,,,,,,,,
1002043950,2024-12-14,Line 1,2024,SWCO,GSS3951,WAW088597X1,LF,7525.5,19898382,Pass,,,,,,,,
1002043950,2024-12-14,Line 1,2024,SWCO,GSS3951,WAW088597X1,MR,7278.5,19898383,Pass,,,,,,,,
1002043950,2024-12-14,Line 1,2024,SWCO,GSS3951,WAW088597X1,MFH,10413,19898384,Pass,,,,,,,,
1002043950,2024-12-14,Line 1,2024,SWCO,GSS3951,WAW088597X1,MFL,6454.5,20099300,Pass,,,,,,,,
2400006473,2024-12-14,Gravity,2024,SWBS,R20015,TVW24S8634X1,LF,390,20017376,Pass,,,,,,,,
2400006356,2024-12-14,Gravity,2024,SWBS,W0234,TVC24T8648,LR,119,19998440,Fail,Dent,,,,,,,10 DENT
1002045031,2024-12-16,Line 1,2024,SWCO,GSS1477S,WAW088530X1,LR,16290,19909655,Pass,,,,,,,,
1002045031,2024-12-16,Line 1,2024,SWCO,GSS1477S,WAW088530X1,LF,18885,19909656,Pass,,,,,,,,
1002045031,2024-12-16,Line 1,2024,SWCO,GSS1477S,WAW088530X1,MR,5914.5,19909657,Pass,,,,,,,,
1002045031,2024-12-16,Line 1,2024,SWCO,GSS1477S,WAW088530X1,MF,10144.5,19909658,Pass,,,,,,,,
1002040975,2024-12-16,Line 1,2024,SWCO,GLACIAL,WAW088526X2,LR,3254,19876857,Pass,,,,,,,,
1002040975,2024-12-16,Line 1,2024,SWCO,GLACIAL,WAW088526X2,LF,2132,19876858,Pass,,,,,,,,
1002040975,2024-12-16,Line 1,2024,SWCO,GLACIAL,WAW088526X2,MR,1087.5,19876859,Pass,,,,,,,,
1002040975,2024-12-16,Line 1,2024,SWCO,GLACIAL,WAW088526X2,MF,637.5,19876860,Fail,Smut,,,,,,,1 SMUT
1002043956,2024-12-16,Line 1,2024,SWCO,LUNA,TVW088561X2,LR,680,19898406,Pass,,,,,,,,
1002043956,2024-12-16,Line 1,2024,SWCO,LUNA,TVW088561X2,LF,527.5,19898407,Pass,,,,,,,,2 VAL: 1 COB
1002043956,2024-12-16,Line 1,2024,SWCO,LUNA,TVW088561X2,MR,593.5,19898408,Fail,Dent,,,,,,,5 DENT 1 COB
1002043956,2024-12-16,Line 1,2024,SWCO,LUNA,TVW088561X2,MF,679,19898409,Pass,,,,,,,,
1002036492,2024-12-17,Line 1,2024,SWCO,PROTECTOR-R,WAW088550H,LR,1552,19807553,Fail,Cob,,,,,,,6 COB
1002036492,2024-12-17,Line 1,2024,SWCO,PROTECTOR-R,WAW088550H,LF,456,19807554,Fail,Cob,,,,,,,8 COB
1002036492,2024-12-17,Line 1,2024,SWCO,PROTECTOR-R,WAW088550H,MR,128,19807555,Fail,Dent,,,,,,,12 DENT 14 COB
1002036493,2024-12-17,Line 1,2024,SWCO,PROTECTOR-R,WAW088577H,LR,1587,19807557,Fail,Dent,,,,,,,10 DENT 9 COB
1002036493,2024-12-17,Line 1,2024,SWCO,PROTECTOR-R,WAW088577H,LF,540,19807558,Pass,,,,,,,,
1002036493,2024-12-17,Line 1,2024,SWCO,PROTECTOR-R,WAW088577H,MR,164,19807559,Fail,Cob,,,,,,,8 COB
1002036493,2024-12-17,Line 1,2024,SWCO,PROTECTOR-R,WAW088577H,MF,179,19807560,Fail,Cob,,,,,,,35 COB
1002040180,2024-12-17,Line 1,2024,SWCO,PATRIARCH,ORW088546H,LR,2752,19864053,Pass,,,,,,,,
1002040180,2024-12-17,Line 1,2024,SWCO,PATRIARCH,ORW088546H,LF,2438,19864054,Pass,,,,,,,,
1002040180,2024-12-17,Line 1,2024,SWCO,PATRIARCH,ORW088546H,MR,635,19864055,Pass,,,,,,,,
1002040180,2024-12-17,Line 1,2024,SWCO,PATRIARCH,ORW088546H,MF,620.5,19864056,Pass,,,,,,,,
1002063854,2024-12-17,Line 1,2024,SWCO,GH6462S,WAC088592,LR,441.5,20079455,Pass,,,,,,,,
1002063854,2024-12-17,Line 1,2024,SWCO,GH6462S,WAC088592,LF,583,20079456,Fail,Dent,,,,,,,26 DENT
1002063854,2024-12-17,Line 1,2024,SWCO,GH6462S,WAC088592,MR,997,20079457,Fail,Dent,,,,,,,27 DENT
1002063854,2024-12-17,Line 1,2024,SWCO,GH6462S,WAC088592,MF,420,20079458,Pass,,,,,,,,
1002035638,2024-12-18,Line 1,2024,SWCO,8909MRW,TVW088505X2,LR,8416,19804893,Pass,,,,,,,,
1002035638,2024-12-18,Line 1,2024,SWCO,8909MRW,TVW088505X2,LF,4591,19804894,Pass,,,,,,,,
1002035638,2024-12-18,Line 1,2024,SWCO,8909MRW,TVW088505X2,MR,1011,19804895,Pass,,,,,,,,
1002035638,2024-12-18,Line 1,2024,SWCO,8909MRW,TVW088505X2,MF,844,19804896,Pass,,,,,,,,
1002044550,2024-12-18,Line 1,2024,SWCO,GSS1198-R,WAW088529X2,LR,5843.5,19905172,Pass,,,,,,,,
1002044550,2024-12-18,Line 1,2024,SWCO,GSS1198-R,WAW088529X2,LF,1730.5,19905173,Pass,,,,,,,,
1002044550,2024-12-18,Line 1,2024,SWCO,GSS1198-R,WAW088529X2,MR,1001,19905174,Fail,Dent,,,,,,,6 DENT
1002044550,2024-12-18,Line 1,2024,SWCO,GSS1198-R,WAW088529X2,MF,607.5,19905175,Pass,,,,,,,,
2400006445,2024-12-18,Gravity,2024,SWBS,R22153,TVW24T8636X1,M,412.5,20005639,Fail,Cob,,,,,,,2 COB
2400006476,2024-12-19,Gravity,2024,SWBS,R39415,TVW24S8646X1,L,632,20017385,Pass,,,,,,,,
300094983,2024-12-19,Gravity,2024,SWCO,BSS1075-R,WAW088580X2,MF,1283.5,20021737,Pass,,,,,,,,
1002037593,2024-12-19,Line 1,2024,SWCO,GSS7877,WAW088539X2,LR,5855,19825096,Pass,,,,,,,,
1002037593,2024-12-19,Line 1,2024,SWCO,GSS7877,WAW088539X2,LF,4168,19825097,Pass,,,,,,,,
1002037593,2024-12-19,Line 1,2024,SWCO,GSS7877,WAW088539X2,MR,1492,19825098,Pass,,,,,,,,
1002037593,2024-12-19,Line 1,2024,SWCO,GSS7877,WAW088539X2,MF,1356,19825099,Pass,,,,,,,,
1002035878,2024-12-19,Line 1,2024,SWCO,CABO,WAW088514X2,LR,2293.5,19805219,Pass,,,,,,,,
1002035878,2024-12-19,Line 1,2024,SWCO,CABO,WAW088514X2,LF,990,19805220,Pass,,,,,,,,
1002035878,2024-12-19,Line 1,2024,SWCO,CABO,WAW088514X2,MR,276,19805221,Fail,Off-Type,,,,,,,4 OTHER CROP SEED
300094923,2024-12-19,Gravity,2024,SWCO,GARRISON-R,WAW088519X1W,MR,1784.5,20017555,Pass,,,,,,,,
1002035879,2024-12-20,Line 1,2024,SWCO,CABO,WAW088571X2,LR,2191.5,19805224,Pass,,,,,,,,
1002035879,2024-12-20,Line 1,2024,SWCO,CABO,WAW088571X2,LF,1233.5,19805225,Pass,,,,,,,,
1002035879,2024-12-20,Line 1,2024,SWCO,CABO,WAW088571X2,MR,241.5,19805226,Pass,,,,,,,,
1002040181,2024-12-20,Line 1,2024,SWCO,HONEY SELECT,WAT088576,LR,3130,19864062,Pass,,,,,,,,
1002040181,2024-12-20,Line 1,2024,SWCO,HONEY SELECT,WAT088576,LF,9402,19864063,Pass,,,,,,,,
1002040181,2024-12-20,Line 1,2024,SWCO,HONEY SELECT,WAT088576,MR,2812.5,19864064,Pass,,,,,,,,
1002040181,2024-12-20,Line 1,2024,SWCO,HONEY SELECT,WAT088576,MF,4309,19864065,Pass,,,,,,,,
1002036486,2024-12-20,Line 1,2024,SWCO,HONEY SELECT,ORT088542K,LR,1194.5,19807525,Pass,,,,,,,,
1002036486,2024-12-20,Line 1,2024,SWCO,HONEY SELECT,ORT088542K,LF,5612.5,19807526,Pass,,,,,,,,
1002036486,2024-12-20,Line 1,2024,SWCO,HONEY SELECT,ORT088542K,MR,1813,19807527,Pass,,,,,,,,
1002036486,2024-12-20,Line 1,2024,SWCO,HONEY SELECT,ORT088542K,MF,3442,19807528,Fail,Discolored,,,,,,,.59% DISCOLORED
300095044,2024-12-20,Gravity,2024,SWCO,GSS4628,WAW088536X1,MR,3417,20061832,Pass,,,,,,,,
1002064914,2024-12-20,Line 2,2024,SWCO,BC39064,ORW088541,UN,70,20091798,Pass,,,,,,,,
2400006500,2024-12-21,Colorsorter,2024,SWCO,ACCENTUATE,WAW088506X2J,MF,5069,20056745,Pass,,,,,,,,
2400006415,2024-12-21,Gravity,2024,SWBS,W0234,TVC24T8648,MR,112.5,19998358,Fail,Dent,,,,,,,40 DENT
1002036264,2024-12-21,Line 1,2024,SWCO,HONEY SELECT,ORT088542,LR,945.5,19807515,Pass,,,,,,,,
1002036264,2024-12-21,Line 1,2024,SWCO,HONEY SELECT,ORT088542,LF,4551,19807516,Pass,,,,,,,,
1002036264,2024-12-21,Line 1,2024,SWCO,HONEY SELECT,ORT088542,MR,1687.5,19807517,Pass,,,,,,,,
1002036264,2024-12-21,Line 1,2024,SWCO,HONEY SELECT,ORT088542,MF,3428.5,19807518,Pass,,,,,,,,
1002036494,2024-12-21,Line 1,2024,SWCO,PROVIDENCE,TVT088552,LR,1050.5,19807562,Pass,,,,,,,,
1002036494,2024-12-21,Line 1,2024,SWCO,PROVIDENCE,TVT088552,LF,3299.5,19807563,Pass,,,,,,,,
1002036494,2024-12-21,Line 1,2024,SWCO,PROVIDENCE,TVT088552,MR,1545.5,19807564,Pass,,,,,,,,
1002036494,2024-12-21,Line 1,2024,SWCO,PROVIDENCE,TVT088552,MF,1845.5,19807565,Pass,,,,,,,,
1002033328,2024-12-22,Line 1,2024,SWCO,1760MR,WAW088501X2,LR,8060.5,19787837,Fail,Cob,,,,,,,17 COB
1002033328,2024-12-22,Line 1,2024,SWCO,1760MR,WAW088501X2,LF,5307.5,19787838,Fail,Cob,,,,,,,16 COB
1002033328,2024-12-22,Line 1,2024,SWCO,1760MR,WAW088501X2,MR,1288.5,19787839,Fail,Off-Type,,,,,,,7 OTHER CROP SEEDS 1 COB
1002033328,2024-12-22,Line 1,2024,SWCO,1760MR,WAW088501X2,MF,990.5,19787840,Fail,Cob,,,,,,,14 COB
1002036808,2024-12-22,Line 1,2024,SWCO,SERENDIPITY,ORT088554,LR,3676.5,19809717,Fail,Off-Type,,,,,,,6 OFFTYPES
1002036808,2024-12-22,Line 1,2024,SWCO,SERENDIPITY,ORT088554,LF,5628.5,19809718,Fail,Off-Type,,,,,,,3 OFFTYPES
1002036808,2024-12-22,Line 1,2024,SWCO,SERENDIPITY,ORT088554,MR,2715.5,19809719,Fail,Off-Type,,,,,,,41 OFFTYPES
1002036808,2024-12-22,Line 1,2024,SWCO,SERENDIPITY,ORT088554,MF,1392,19809720,Fail,Off-Type,,,,,,,32 OFFTYPES
1002036809,2024-12-22,Line 1,2024,SWCO,SERENDIPITY,WAT088578,LR,2871,19809721,Pass,,,,,,,,
1002036809,2024-12-22,Line 1,2024,SWCO,SERENDIPITY,WAT088578,LF,4084,19809722,Fail,Dent,,,,,,,25 DENT
1002036809,2024-12-22,Line 1,2024,SWCO,SERENDIPITY,WAT088578,MR,2552,19809723,Fail,Dent,,,,,,,87 DENT
1002036809,2024-12-22,Line 1,2024,SWCO,SERENDIPITY,WAT088578,MF,1168,19809724,Pass,,,,,,,,
1002036812,2024-12-23,Line 1,2024,SWCO,SILVER KING,TVC088555,LR,8159,19809737,Pass,,,,,,,,
1002036812,2024-12-23,Line 1,2024,SWCO,SILVER KING,TVC088555,LF,11037.5,19809738,Pass,,,,,,,,2 VAL: 1 COB
1002036812,2024-12-23,Line 1,2024,SWCO,SILVER KING,TVC088555,MR,4277.5,19809739,Pass,,,,,,,,
1002036812,2024-12-23,Line 1,2024,SWCO,SILVER KING,TVC088555,MF,3668,19809740,Fail,Discolored,,,,,,,.58% DISCOLORED
300094959,2024-12-23,Gravity,2024,SWCO,GSS5649,WAW088538X1J,LR,4263,20061827,Pass,,,,,,,,
2400006392,2024-12-23,Gravity,2024,SWCO,3552R,WAW088502X2K,MF,134,20014436,Pass,,,,,,,,
2400006393,2024-12-23,Gravity,2024,SWCO,GSS5649,WAW088538X1,MF,6145.5,20020595,Pass,,,,,,,,
300094924,2024-12-24,Gravity,2024,SWCO,GARRISON-R,WAW088572X1,LF,2571.5,20017566,Pass,,,,,,,,
1002036813,2024-12-26,Line 1,2024,SWCO,SILVER KING,TVC088606,LR,8345,19809741,Pass,,,,,,,,
1002036813,2024-12-26,Line 1,2024,SWCO,SILVER KING,TVC088606,LF,9507,19809742,Pass,,,,,,,,
1002036813,2024-12-26,Line 1,2024,SWCO,SILVER KING,TVC088606,MR,3440,19809743,Pass,,,,,,,,
1002036813,2024-12-26,Line 1,2024,SWCO,SILVER KING,TVC088606,MF,2329,19809744,Pass,,,,,,,,
2400006391,2024-12-26,Gravity,2024,SWCO,BSS23648,WAW088590X2,UN,156.5,19998707,Fail,Dent,,,,,,,5 DENT 17 COB
300094930,2024-12-26,Gravity,2024,SWCO,GARRISON-R,TVW088589X1,MR,1130.5,20047203,Fail,Dent,,,,,,,5 DENT
1002037158,2024-12-27,Line 1,2024,SWCO,SWEET G 90,WAC088584,LR,31140,19814471,Pass,,,,,,,,
1002037158,2024-12-27,Line 1,2024,SWCO,SWEET G 90,WAC088584,LF,41915,19814472,Pass,,,,,,,,
1002037158,2024-12-27,Line 1,2024,SWCO,SWEET G 90,WAC088584,MR,1300,19814473,Pass,,,,,,,,
1002037158,2024-12-27,Line 1,2024,SWCO,SWEET G 90,WAC088584,MF,681,19814474,Pass,,,,,,,,
1002043804,2024-12-27,Line 1,2024,SWBS,R00638,TVW24T8623X1,LR,232.5,19898336,Pass,,,,,,,,
1002043804,2024-12-27,Line 1,2024,SWBS,R00638,TVW24T8623X1,LF,1267.5,19898337,Pass,,,,,,,,
1002043804,2024-12-27,Line 1,2024,SWBS,R00638,TVW24T8623X1,MR,360,19898338,Fail,Off-Type,,,,,,,3 OFFTYPES
1002043804,2024-12-27,Line 1,2024,SWBS,R00638,TVW24T8623X1,MF,2877.5,19898339,Pass,,,,,,,,
300094931,2024-12-27,Gravity,2024,SWCO,7401 IMP,WAW088504X2,LR,2830.5,20047204,Pass,,,,,,,,
1002037159,2024-12-28,Line 1,2024,SWCO,SWEET G 90,WAC088587,LR,12963.5,19814475,Pass,,,,,,,,
1002037159,2024-12-28,Line 1,2024,SWCO,SWEET G 90,WAC088587,LF,6886.5,19814476,Pass,,,,,,,,
1002037159,2024-12-28,Line 1,2024,SWCO,SWEET G 90,WAC088587,MR,1458,19814477,Fail,Dent,,,,,,,16 DENT
1002037159,2024-12-28,Line 1,2024,SWCO,SWEET G 90,WAC088587,MF,622.5,19814478,Pass,,,,,,,,
2400006315,2024-12-30,Gravity,2024,SWBS,W0234,TVC24T8648,MF,188.5,20005905,Fail,Dent,,,,,,,12 DENT
2400006471,2024-12-30,Gravity,2024,SWBS,R00610,TVW24T8621X1K,L,302,20017366,Pass,,,,,,,,
2400006470,2024-12-31,Gravity,2024,SWBS,R00610,TVW24T8621X1K,M,125.5,20014391,Pass,,,,,,,,
300094932,2024-12-31,Gravity,2024,SWCO,7401 IMP,WAW088504X2,LF,4444,20047206,Pass,,,,,,,,
2400006472,2024-12-31,Gravity,2024,SWBS,AC265Y,TVW24T8647,L,99.5,20017367,Pass,,,,,,,,
2400006472,2024-12-31,Gravity,2024,SWBS,AC265Y,TVW24T8647,L,99.5,20017367,Pass,,,,,,,,
2400006316,2025-01-02,Gravity,2024,SWBS,R20015,TVW24S8634X1,MF,196,20005906,Fail,Cob,,,,,,,10 COB
300094700,2025-01-02,Gravity,2024,SWCO,BSS31212,TVW088600X2,R,51.5,20017387,Pass,,,,,,,,
2400006475,2025-01-02,Gravity,2024,SWBS,R10233,TVW24T8628X1,L,141.5,20017384,Pass,,,,,,,,
2400006432,2025-01-02,Gravity,2024,SWBS,R29153,TVW24S8652X1,UN,57.5,20007462,Fail,Cob,,,,,,,9 COB
2400006394,2025-01-03,Gravity,2024,SWCO,GLACIAL,WAW088593X2,MF,191,20020603,Pass,,,,,,,,
2400006419,2025-01-03,Gravity,2024,SWBS,R11649,TVW24T8630X1,L,116.5,20095618,Fail,Cob,,,,,,,10 COB
1002035637,2025-01-03,Line 2,2024,SWCO,7401 IMP,INW088609X2,LR,737.5,19804881,Fail,Cob,,,,,,,2 COB
1002035637,2025-01-03,Line 2,2024,SWCO,7401 IMP,INW088609X2,LF,730.5,19804882,Pass,,,,,,,,
1002035637,2025-01-03,Line 2,2024,SWCO,7401 IMP,INW088609X2,MR,102,19804883,Fail,Cob,,,,,,,2 COB
1002035637,2025-01-03,Line 2,2024,SWCO,7401 IMP,INW088609X2,MF,52,19804884,Fail,Off-Type,,,,,,,3 OTHER CROP SEEDS
2400006469,2025-01-03,Gravity,2024,SWBS,R20015,TVW24S8634X1,LR,207.5,20005489,Pass,,,,,,,,
300095043,2025-01-06,Gravity,2024,SWCO,GSS3071S,WAW088531X1,MF,13109,20061831,Pass,,,,,,,,
1002035877,2025-01-07,Line 2,2024,SWCO,CABO,INW088611X2,R,1002,19805214,Pass,,,,,,,,
1002035877,2025-01-07,Line 2,2024,SWCO,CABO,INW088611X2,F,736.5,19805215,Pass,,,,,,,,
1002064913,2025-01-07,Line 2,2024,SWCO,GSS3378,TVW088532X2P,UN,31.5,20091794,Fail,Dent,,,,,,,2 DENT 14 COB
1002057321,2025-01-08,Line 2,2024,SWBS,34B1R1SH2,TVW24T8600,UN,317,20017595,Fail,Dent,,,,,,,1 DENT 7 COB
1002036265,2025-01-08,Line 2,2024,SWCO,HONEY SELECT,ORT088608,LR,158,19807521,Pass,,,,,,,,
1002036265,2025-01-08,Line 2,2024,SWCO,HONEY SELECT,ORT088608,LF,899.5,19807522,Pass,,,,,,,,
1002036265,2025-01-08,Line 2,2024,SWCO,HONEY SELECT,ORT088608,MR,306,19807523,Pass,,,,,,,,
1002036265,2025-01-08,Line 2,2024,SWCO,HONEY SELECT,ORT088608,MF,852,19807524,Pass,,,,,,,,
1002057973,2025-01-09,Line 2,2024,SWBS,R10037,TVW24S8655X1,UN,93,20021345,Fail,Dent,,,,,,,6 DENT
2400006503,2025-01-09,Gravity,2024,SWCO,PATRON,WAW088557H,MR,251,20056749,Pass,,,,,,,,
300094960,2025-01-09,Gravity,2024,SWCO,GSS3071S,WAW088531X1,LR,23223,20061828,Pass,,,,,,,,
1002057941,2025-01-09,Line 2,2024,SWBS,R320E,TVW24S8637X1,UN,53.5,20021293,Fail,Cob,,,,,,,3 COB
300094864,2025-01-10,Gravity,2024,SWCO,GARRISON-R,WAW088572X1,MR,3318.5,20014353,Pass,,,,,,,,
1002057970,2025-01-10,Line 2,2024,SWBS,G3003,TVC24T8613X1,UN,410,20021332,Fail,Dent,,,,,,,1 DENT
1002036824,2025-01-10,Line 2,2024,SWCO,SS7403RY,INW088612X1,LR,461.5,19809840,Fail,Off-Type,,,,,,,5 OFFTYPES
1002036824,2025-01-10,Line 2,2024,SWCO,SS7403RY,INW088612X1,LF,900.5,19809841,Pass,,,,,,,,
1002036824,2025-01-10,Line 2,2024,SWCO,SS7403RY,INW088612X1,MR,119.5,19809842,Pass,,,,,,,,
1002036824,2025-01-10,Line 2,2024,SWCO,SS7403RY,INW088612X1,MF,116.5,19809843,Pass,,,,,,,,
2400006504,2025-01-13,Gravity,2024,SWCO,PATRON,WAW088557H,MF,820,20063951,Fail,Dent,,,,,,,31 DENT 2 COB
2400006438,2025-01-13,Gravity,2024,SWCO,PROTECTOR-R,WAW088550H,LR,1363,20131401,Fail,Cob,,,,,,,8 COB
2400006437,2025-01-14,Gravity,2024,SWCO,PROTECTOR-R,WAW088577H,MF,145.5,20131372,Pass,,,,,,,,
2400006439,2025-01-14,Gravity,2024,SWCO,PROTECTOR-R,WAW088550H,LF,390,20134465,Fail,Cob,,,,,,,7 COB
1002057324,2025-01-14,Line 2,2024,SWBS,R681,TVW24T8643X1,R,123.5,20017607,Pass,,,,,,,,
1002057324,2025-01-14,Line 2,2024,SWBS,R681,TVW24T8643X1,LF,538.5,20017608,Pass,,,,,,,,
1002057324,2025-01-14,Line 2,2024,SWBS,R681,TVW24T8643X1,MF,372,20017609,Pass,,,,,,,,
2400006525,2025-01-14,Gravity,2024,SWCO,PROTECTOR-R,WAW088577H,LR,1324.5,20131552,Fail,Cob,,,,,,,4 COB
2400006397,2025-01-15,Gravity,2024,SWCO,GH4927,WAC088521,MR,2037.5,20088277,Pass,,,,,,,,
1002057972,2025-01-15,Line 2,2024,SWBS,R22659,TVW24S8645X1,UN,31.5,20021341,Pass,,,,,,,,
1002057323,2025-01-16,Line 2,2024,SWBS,R629,TVW24S8642X1,UN,170,20017603,Pass,,,,,,,,
1002057934,2025-01-16,Line 2,2024,SWBS,R584A,TVW24S8641X1,R,626,20021251,Fail,Dent,,,,,,,1 DENT
1002057934,2025-01-16,Line 2,2024,SWBS,R584A,TVW24S8641X1,F,973,20021252,Pass,,,,,,,,
1002057936,2025-01-16,Line 2,2024,SWBS,R00681A,TVW24S8625X1P,R,164,20021261,Fail,Dent,,,,,,,1 DENT
1002057936,2025-01-16,Line 2,2024,SWBS,R00681A,TVW24S8625X1P,F,330.5,20021262,Fail,Smut,,,,,,,1 SMUT
2400006398,2025-01-16,Gravity,2024,SWCO,007R,WAW088500X2,LR,3019,20088279,Pass,,,,,,,,
2400006485,2025-01-16,Gravity,2024,SWCO,1760MR,WAW088501X2,MF,884.5,20141960,Pass,,,,,,,,
2400006488,2025-01-16,Gravity,2024,SWCO,PATRON,WAW088557H,MF,618,20174124,Pass,,,,,,,,2 VAL: 1 COB
1002057943,2025-01-16,Line 2,2024,SWBS,AC092YIMP,TVW24S8656,UN,19.8,20021301,Pass,,,,,,,,2 VAL: 1 COB
2400006540,2025-01-17,Gravity,2024,SWBS,W0234,TVC24T8648,LF,445,20101384,Fail,Dent,,,,,,,1 DENT
1002057320,2025-01-17,Line 2,2024,SWBS,W0168,TVC24T8657,UN,93.5,20017590,Fail,Dent,,,,,,,3 DENT 1 COB
1002057937,2025-01-17,Line 2,2024,SWBS,R00681A,TVW24T8658X1,R,194,20021265,Fail,Dent,,,,,,,1 DENT
1002057937,2025-01-17,Line 2,2024,SWBS,R00681A,TVW24T8658X1,LF,176.5,20021266,Pass,,,,,,,,
1002057937,2025-01-17,Line 2,2024,SWBS,R00681A,TVW24T8658X1,MF,193,20021267,Pass,,,,,,,,
1002057935,2025-01-21,Line 2,2024,SWBS,R00303,TVC24T8617X1,R,302.5,20021256,Pass,,,,,,,,
1002057935,2025-01-21,Line 2,2024,SWBS,R00303,TVC24T8617X1,F,309.5,20021257,Pass,,,,,,,,
2400006449,2025-01-21,Gravity,2024,SWCO,1760MR,WAW088501X2,LF,4888,20143648,Pass,,,,,,,,
2400006524,2025-01-21,Gravity,2024,SWCO,PROTECTOR-R,WAW088577H,MR,148.5,20131504,Pass,,,,,,,,
2400006450,2025-01-21,Gravity,2024,SWCO,1760MR,WAW088501X2,MR,1115.5,20143649,Pass,,,,,,,,
1002057325,2025-01-22,Line 2,2024,SWBS,R398P,TVC24T8638X1,R,367,20017612,Fail,Dent,,,,,,,2 DENT
1002057325,2025-01-22,Line 2,2024,SWBS,R398P,TVC24T8638X1,LF,505.5,20017613,Pass,,,,,,,,
1002057325,2025-01-22,Line 2,2024,SWBS,R398P,TVC24T8638X1,MF,840.5,20017614,Pass,,,,,,,,
1002057940,2025-01-22,Line 2,2024,SWBS,AC247W,TVW24T8608,UN,91.5,20021283,Pass,,,,,,,,
1002057971,2025-01-23,Line 2,2024,SWBS,R10559,TVW24S8629X1,UN,83,20021337,Pass,,,,,,,,
1002057322,2025-01-23,Line 2,2024,SWBS,47BB3SH2RGI,TVW24T8601,R,294,20017599,Pass,,,,,,,,
1002057322,2025-01-23,Line 2,2024,SWBS,47BB3SH2RGI,TVW24T8601,F,131,20017600,Pass,,,,,,,,
2400006448,2025-01-23,Gravity,2024,SWCO,1760MR,WAW088501X2,LR,7613.5,20143647,Pass,,,,,,,,
2400006478,2025-01-23,Gravity,2024,SWCO,GSS3378,WAW088568X2,LF,169,20099477,Pass,,,,,,,,
1002057939,2025-01-24,Line 2,2024,SWBS,AC157Y,TVW24T8604,R,360,20021277,Pass,,,,,,,,
1002057939,2025-01-24,Line 2,2024,SWBS,AC157Y,TVW24T8604,F,454,20021278,Pass,,,,,,,,
2400006508,2025-01-24,Gravity,2024,SWCO,GSS3378,WAW088568X2,LR,246,20109296,Pass,,,,,,,,
2400006474,2025-01-27,Gravity,2024,SWBS,R22153,TVW24T8636X1,L,151,20017381,Pass,,,,,,,,2 VAL: 1 COB
1002057938,2025-01-27,Line 2,2024,SWBS,G9089,TVW24S8614X1P,R,213,20021269,Pass,,,,,,,,
1002057938,2025-01-27,Line 2,2024,SWBS,G9089,TVW24S8614X1P,F,334,20021270,Pass,,,,,,,,
2400006436,2025-01-27,Gravity,2024,SWCO,YETI,TVW088560X2,UN,183,20120838,Pass,,,,,,,,
1002057942,2025-01-28,Line 2,2024,SWBS,R20264,TVW24S8635X1P,R,254,20021297,Fail,Cob,,,,,,,3 COB
1002057942,2025-01-28,Line 2,2024,SWBS,R20264,TVW24S8635X1P,F,422,20021298,Pass,,,,,,,,
2400006580,2025-01-28,Gravity,2024,SWCO,PROTECTOR-R,WAW088550H,MR,112,20134466,Pass,,,,,,,,
1002057944,2025-01-28,Line 2,2024,SWBS,R410G,TVC24T8639X1,R,703.5,20021306,Pass,,,,,,,,
1002057944,2025-01-28,Line 2,2024,SWBS,R410G,TVC24T8639X1,F,556,20021307,Pass,,,,,,,,
2400006543,2025-01-28,Gravity,2024,SWBS,W0234,TVC24T8648,LR,103,20109819,Fail,Dent,,,,,,,1 DENT
300095042,2025-01-29,Gravity,2024,SWCO,GSS3071S,WAW088531X1,MR,14682.5,20061830,Pass,,,,,,,,
2400006479,2025-01-29,Gravity,2024,SWBS,R31001-CMS,TVC24S8649X1,LF,246.5,20101547,Pass,,,,,,,,
2400006548,2025-01-30,Gravity,2024,SWCO,SILVER KING,ORC088508,F,306,20141924,Pass,,,,,,,,
2400006521,2025-01-30,Line 2,2024,SWCO,GSS1198-R,TVW088594X2,MF,285.5,20101536,Pass,,,,,,,,2 VAL: 1 COB
1002057945,2025-01-30,Line 2,2024,SWBS,R10008,TVW24T8626X1,LR,957,20021311,Pass,,,,,,,,2 VAL: 1 COB
1002057945,2025-01-30,Line 2,2024,SWBS,R10008,TVW24T8626X1,F,264.5,20021312,Pass,Cob,,,,,,,2 VAL: 1 COB
1002057945,2025-01-30,Line 2,2024,SWBS,R10008,TVW24T8626X1,MR,231.5,20021313,Fail,Dent,,,,,,,1 DENT
300095280,2025-01-31,Gravity,2024,SWBS,R31001-CMS,TVC24S8649X1,MR,132,20134452,Pass,,,,,,,,
1002057966,2025-01-31,Line 2,2024,SWBS,G0012,TVC24T8610X1,R,215,20021316,Fail,Dent,,,,,,,1 DENT
1002057966,2025-01-31,Line 2,2024,SWBS,G0012,TVC24T8610X1,F,334.5,20021317,Pass,,,,,,,,
1002057968,2025-01-31,Line 2,2024,SWBS,R00660DM-SMS,TVW24S8659X1,L,178,20021324,Pass,,,,,,,,
1002057968,2025-01-31,Line 2,2024,SWBS,R00660DM-SMS,TVW24S8659X1,M,296.5,20021325,Pass,Cob,,,,,,,2 VAL: 1 COB
2400006557,2025-02-03,Gravity,2024,SWCO,PROTECTOR-R,WAW088577H,MF,125.5,20174178,Pass,,,,,,,,
300094961,2025-02-03,Gravity,2024,SWCO,GSS3071S,WAW088531X1,LF,14974,20061829,Pass,,,,,,,,
2400006550,2025-02-03,Gravity,2024,SWBS,W0234,TVC24T8648,MR,112.5,20141983,Pass,,,,,,,,
1002057967,2025-02-03,Line 2,2024,SWBS,R10016,TVW24T8627X1,R,154.5,20021320,Pass,,,,,,,,
1002057967,2025-02-03,Line 2,2024,SWBS,R10016,TVW24T8627X1,F,611,20021321,Pass,,,,,,,,
1002057969,2025-02-04,Line 2,2024,SWBS,R00660DM-SMS,TVW24T8624,R,308,20021328,Pass,Cob,,,,,,,2 VAL: 1 COB
1002057969,2025-02-04,Line 2,2024,SWBS,R00660DM-SMS,TVW24T8624,F,282.5,20021329,Pass,,,,,,,,
2400006319,2025-02-04,Gravity,2024,SWCO,GSS2271,TVW088595,F,71.5,20099429,Pass,,,,,,,,
2400006585,2025-02-04,Gravity,2024,SWBS,R320E,TVW24S8637X1,UN,44.5,20176327,Pass,,,,,,,,
2400006452,2025-02-05,Gravity,2024,SWBS,W0234,TVC24T8648,MF,160,20155998,Pass,,,,,,,,
2400006451,2025-02-05,Gravity,2024,SWCO,CABO,WAW088514X2,MR,253,20143650,Pass,,,,,,,,
1002091655,2025-02-05,Line 2,2024,SWCO,SILVER QUEEN,TVC24U8644,UN,151,20204925,Pass,,,,,,,,
1002091656,2025-02-05,Line 2,2024,SWBS,R28153,TVW24S8651X1,UN,11.94,20204937,Pass,Cob,,,,,,,2 VAL: 1 COB
1002091654,2025-02-05,Line 2,2024,SWBS,G1232,TVW24S8612,UN,16.85,20204916,Pass,Cob,,,,,,,2 VAL: 1 COB
300095138,2025-02-06,Gravity,2024,SWCO,TYSON,WAW088559X1,LR,9251.5,20163792,Pass,,,,,,,,
300095137,2025-02-07,Gravity,2024,SWCO,007R,WAW088500X2,LF,2784.5,20163790,Fail,Cob,,,,,,,3 COB
2400006511,2025-02-07,Line 2,2024,SWBS,G3003,TVC24T8613X1,UN,382.5,20174211,Pass,,,,,,,,
2400006584,2025-02-07,Gravity,2024,SWCO,SS7403RY,INW088612X2,LR,431.5,20176246,Pass,,,,,,,,
2400006477,2025-02-07,Gravity,2024,SWBS,AC245Y,TVW24T8607,LF,533.5,20081455,Pass,,,,,,,,
2400006435,2025-02-10,Gravity,2024,SWCO,3552R,WAW088502X2,MR,191.5,20070559,Pass,,,,,,,,
2400006583,2025-02-10,Gravity,2024,SWCO,PROTECTOR-R,WAW088550H,LR,1127,20176244,Fail,Cob,,,,,,,2 COB
2400006601,2025-02-10,Gravity,2024,SWBS,R29153,TVW24S8652X1,UN,47.5,20158435,Pass,Cob,,,,,,,2 VAL: 1 COB
2400006457,2025-02-10,Gravity,2024,SWCO,PROTECTOR-R,WAW088577H,LR,1173,20174186,Pass,Cob,,,,,,,2 VAL: 1 COB
300095110,2025-02-11,Gravity,2024,SWBS,R00610,TVW24T8621X1,F,140.5,20156884,Pass,,,,,,,,
300095720,2025-02-11,Gravity,2024,SWBS,R00610,TVW24T8621X1K,M,109,20196938,Pass,,,,,,,,
2400006520,2025-02-11,Gravity,2024,SWCO,SILVER KING,ORC088579K,UN,372,20095834,Pass,,,,,,,,
2400006558,2025-02-11,Gravity,2024,SWBS,R584A,TVW24S8641X1,R,556.5,20178861,Pass,,,,,,,,
2400006523,2025-02-11,Gravity,2024,SWCO,CRAVE MAN,WAW088515X2,LR,444,20109336,Pass,,,,,,,,
2400006453,2025-02-12,Gravity,2024,SWBS,R00610,TVW24T8621X1K,L,278,20156018,Fail,Dent,,,,,,,2 DENT
2400006602,2025-02-12,Gravity,2024,SWCO,7401 IMP,INW088609X2,MR,87.5,20160831,Fail,Dent,,,,,,,6 DENT
2400006553,2025-02-13,Gravity,2024,SWCO,7401 IMP,INW088609X2,MF,46.5,20163542,Pass,,,,,,,,
2400006554,2025-02-13,Gravity,2024,SWBS,R10037,TVW24S8655X1,UN,82.5,20167246,Pass,,,,,,,,
2400006560,2025-02-14,Gravity,2024,SWCO,GH7818,WAC088524,LF,11630.5,20101467,Pass,,,,,,,,
2400006454,2025-02-14,Gravity,2024,SWBS,R00638,TVW24T8623X1,MR,337.5,20156880,Pass,,,,,,,,
2400006547,2025-02-17,Gravity,2024,SWBS,R22153,TVW24T8636X1,M,373.5,20141922,Pass,Cob,,,,,,,2 VAL: 1 COB
2400006487,2025-02-17,Gravity,2024,SWBS,R20015,TVW24S8634X1,MF,183.5,20156882,Pass,,,,,,,,
2400006455,2025-02-17,Gravity,2024,SWCO,BSS23648,WAW088590X2,UN,143,20156881,Pass,,,,,,,,
2400006590,2025-02-17,Gravity,2024,SWCO,007R,WAW088500X2,LF,2122.5,20230184,Pass,,,,,,,,
2400006581,2025-02-18,Gravity,2024,SWBS,R11649,TVW24T8630X1,L,105,20160802,Pass,Cob,,,,,,,2 VAL: 1 COB
2400006559,2025-02-18,Gravity,2024,SWBS,R00681A,TVW24T8658X1,R,168.5,20186051,Pass,Cob,,,,,,,2 VAL: 1 COB
2400006545,2025-02-18,Gravity,2024,SWCO,LUNA,TVW088561X2,MR,496,20131385,Pass,,,,,,,,
2400006546,2025-02-18,Gravity,2024,SWCO,GH6462S,WAC088592,MR,889,20141921,Pass,,,,,,,,
2400006509,2025-02-18,Gravity,2024,SWCO,GH6462S,WAC088592,LF,517,20139602,Pass,,,,,,,,
2400006544,2025-02-19,Gravity,2024,SWCO,GLACIAL,WAW088526X2,MF,578.5,20121010,Pass,Cob,,,,,,,2 VAL: 1 COB
2400006522,2025-02-19,Gravity,2024,SWCO,BSS1075-R,TVW088543X2,MR,1175,20109326,Pass,,,,,,,,
2400006556,2025-02-19,Gravity,2024,SWBS,34B1R1SH2,TVW24T8600,UN,300.5,20171566,Pass,Cob,,,,,,,2 VAL: 1 COB
300095278,2025-02-19,Gravity,2024,SWBS,R00610,TVW24T8621X1,R,479.5,20134450,Pass,,,,,,,,
2400006603,2025-02-19,Gravity,2024,SWBS,R398P,TVC24T8638X1,R,353.5,20189564,Pass,,,,,,,,
300095525,2025-02-19,Gravity,2024,SWBS,R00638,TVW24T8623X1,LR,218.5,20171663,Pass,,,,,,,,
300095279,2025-02-19,Gravity,2024,SWCO,PLAYA,WAW088549X2,LF,1070.5,20134451,Pass,,,,,,,,
2400006564,2025-02-20,Gravity,2024,SWCO,GSS3951,WAW088603X1,MR,1042.5,20139553,Pass,,,,,,,,
2400006562,2025-02-20,Gravity,2024,SWCO,GSS1198-R,WAW088529X2,MR,882,20139536,Pass,,,,,,,,
2400006512,2025-02-20,Gravity,2024,SWBS,W0168,TVC24T8657,UN,72.5,20180638,Pass,,,,,,,,
2400006458,2025-02-21,Gravity,2024,SWBS,R00681A,TVW24S8625X1P,F,319,20186307,Pass,,,,,,,,
2400006529,2025-02-24,Gravity,2024,SWBS,R00681A,TVW24S8625X1P,R,152.5,20180458,Pass,,,,,,,,
2400006563,2025-02-24,Gravity,2024,SWCO,GSS3951,WAW088573X1,LF,12884.5,20139552,Pass,,,,,,,,
2400006604,2025-02-24,Gravity,2024,SWBS,R20264,TVW24S8635X1P,R,241.5,20202800,Pass,,,,,,,,
2400006588,2025-02-25,Gravity,2024,SWBS,R10008,TVW24T8626X1,MR,217,20217220,Pass,,,,,,,,
2400006447,2025-02-25,Gravity,2024,SWCO,SERENDIPITY,ORT088554,MF,1217.5,20141996,Pass,,,,,,,,
2400006527,2025-02-25,Gravity,2024,SWCO,SERENDEPITY,ORT088554,LR,3532.5,20141999,Pass,,,,,,,,
2400006592,2025-02-25,Gravity,2024,SWBS,R00610,TVW24T8621X1K,L,264.5,20234321,Pass,,,,,,,,
2400006551,2025-02-26,Gravity,2024,SWCO,SERENDIPITY,ORT088554,LF,5250,20141997,Pass,,,,,,,,
2400006591,2025-02-26,Gravity,2024,SWCO,PROTECTOR,WAW088550H,LF,366,20234319,Pass,,,,,,,,
2400006587,2025-02-27,Gravity,2024,SWBS,W0234,TVC24T8648,LR,93,20217219,Pass,,,,,,,,
2400006492,2025-02-27,Gravity,2024,SWCO,GSS3378,WAW088568X2,MR,104,20204764,Pass,,,,,,,,
2400006600,2025-02-27,Gravity,2024,SWCO,SERENDIPITY,ORT088554,MR,2559,20141995,Pass,,,,,,,,
300096101,2025-02-27,Gravity,2024,SWCO,GSS3378,WAW088568X2,LF,158.5,20240869,Pass,,,,,,,,
2400006589,2025-02-28,Gravity,2024,SWBS,G0012,TVC24T8610X1,R,198,20217221,Pass,,,,,,,,
2400006486,2025-02-28,Gravity,2024,SWCO,SERENDIPITY,WAT088578,LF,3832,20148891,Pass,,,,,,,,
300096216,2025-02-28,Gravity,2024,SWBS,R10016,TVW24T8627X1,R,143,20242509,Pass,,,,,,,,
300096015,2025-03-03,Gravity,2024,SWCO,GSS3378,WAW088568X2,LR,233.5,20223765,Pass,,,,,,,,
2400006510,2025-03-03,Gravity,2024,SWCO,SERENDIPITY,WAT088578,MR,2450.5,20148210,Pass,,,,,,,,
2400006456,2025-03-03,Gravity,2024,SWCO,GARRISON-R,TVW088589X1,MR,980,20158622,Pass,,,,,,,,
300096275,2025-03-03,Gravity,2024,SWBS,R22659,TVW24S8645X1,UN,27.5,20244124,Pass,,,,,,,,
300096215,2025-03-03,Gravity,2024,SWBS,R00660DM,TVW24S8659X1,L,167,20242498,Pass,,,,,,,,
300096274,2025-03-04,Gravity,2024,SWBS,R10559,TVW24S8629X1,UN,74.5,20244123,Pass,,,,,,,,
300095359,2025-03-04,Gravity,2024,SWCO,GSS1477S,WAW088530X1,MR,5710,20161013,Pass,,,,,,,,
2400006490,2025-03-04,Gravity,2024,SWBS,W0234,TVC24T8648,LF,429.5,20191796,Pass,,,,,,,,
300096273,2025-03-05,Gravity,2024,SWBS,R20264,TVW24S8635X1P,F,410,20244121,Pass,,,,,,,,
300095358,2025-03-06,Gravity,2024,SWCO,GSS1477S,WAW088530X1,LF,18437,20161012,Pass,,,,,,,,
300096127,2025-03-07,Gravity,2023,SWCO,GH9335,TVC077066,MR,410.5,20252420,Pass,,,,,,,,
300096368,2025-03-07,Gravity,2024,SWCO,007R,WAW088500X2,LF,1900,20272435,Pass,,,,,,,,
300096126,2025-03-07,Gravity,2024,SWCO,GH9335,TVC077066,LR,628,20252419,Pass,,,,,,,,
2400006528,2025-03-07,Gravity,2024,SWCO,SWEET G 90,WAC088587,MR,1287,20155972,Pass,,,,,,,,
2400006552,2025-03-07,Gravity,2024,SWCO,7401 IMP,INW088609X2,LR,668.5,20163537,Pass,,,,,,,,
300095621,2025-03-10,Gravity,2024,SWCO,GSS7877,WAW088539X2,MF,1230,20174175,Pass,,,,,,,,2 VAL: 1 COB
300096343,2025-03-10,Gravity,2024,SWCO,GSS2271,TVW088595,F,61,20263598,Pass,,,,,,,,
300095620,2025-03-10,Gravity,2024,SWCO,GSS7877,WAW088539X2,LR,5801,20174171,Pass,,,,,,,,
300095999,2025-03-11,Gravity,2023,SWCO,GH6055,TVC077181X1,LR,702,20218261,Pass,,,,,,,,
300095914,2025-03-11,Gravity,2024,SWCO,7401 IMP,INW088609X2,LF,664,20217209,Pass,,,,,,,,
300096217,2025-03-11,Gravity,2024,SWBS,R10016,TVW24T8627X1,F,598.5,20242510,Pass,,,,,,,,
2400006691,2025-03-12,Gravity,2019,SWBS,R584A,TVW19T3026X1,LF,157.5,20283760,Pass,,,,,,,,
2400006694,2025-03-12,Gravity,2019,SWBS,R584A,TVW19T3026X1,LR,92.5,20283765,Pass,,,,,,,,
300095998,2025-03-12,Gravity,2023,SWCO,GH6055,TVC077181X1,LF,502,20218247,Pass,,,,,,,,
2400006695,2025-03-12,Gravity,2023,SWBS,R584A,TVW23T7580X1,MF,479,20283767,Pass,,,,,,,,
2400006690,2025-03-12,Gravity,2024,SWBS,R584A,TVW24S8641X1,R,501,20283759,Pass,,,,,,,,
300096272,2025-03-12,Gravity,2024,SWBS,R584A,TVW24S8641X1,F,743,20244120,Pass,,,,,,,,
2400006692,2025-03-13,Gravity,2019,SWBS,R584A,TVW19T3026X1,MR,234,20283762,Pass,,,,,,,,
2400006693,2025-03-13,Gravity,2020,SWBS,R584A,TVW20T4033X1,LF,203,20283763,Pass,,,,,,,,
2400006689,2025-03-13,Gravity,2021,SWBS,R325A,TVC21T5047X1,LR,1450.5,20283758,Pass,,,,,,,,
2400006696,2025-03-13,Gravity,2023,SWBS,R584A,TVW23U7581X1,L,149,20283768,Pass,,,,,,,,
2400006697,2025-03-13,Gravity,2024,SWBS,AC206Y,TVW24T8606,UL,113,20296555,Pass,,,,,,,,
2400006697,2025-03-13,Gravity,2024,SWBS,AC206Y,TVW24T8606,UH,129.5,20296550,Pass,,,,,,,,
2400006670,2025-03-14,Gravity,2024,SWCO,PROTECTOR-R,WAW088550H,LR,1004.5,20219884,Pass,,,,,,,,
2400006506,2025-03-14,Gravity,2024,SWCO,P&C EARLY,WAC088547,LR,2698,20104476,Fail,Dent,,,,,,,45 DENT 1.10% DISCOLORED
2400006507,2025-03-14,Gravity,2024,SWCO,P&C EARLY,WAC088547,MR,324,20104478,Fail,Dent,,,,,,,50 DENT .71% DISCOLORED
2400006620,2025-03-17,Gravity,2024,SWBS,G9089,TVW24S8614X1P,F,324,20204722,Pass,,,,,,,,
300096489,2025-03-19,Gravity,2024,SWBS,R00610,TVW24T8621X1K,L,254,20288687,Pass,,,,,,,,
300096488,2025-03-19,Gravity,2024,SWBS,R00681A,TVW24T8658X1,R,158,20288686,Pass,,,,,,,,
300096270,2025-03-19,Gravity,2024,SWCO,GSS3071S,WAW088531X1,MR,14465.5,20242770,Pass,,,,,,,,
2400006671,2025-03-20,Gravity,2024,SWCO,GH9335,WAC088525,LF,588.5,20234184,Pass,,,,,,,,
2400006760,2025-03-20,Gravity,2024,SWBS,R584A,TVW24S8641X1,RH,263,20310013,Pass,,,,,,,,
2400006760,2025-03-20,Gravity,2024,SWBS,R584A,TVW24S8641X1,RL,217.5,20310014,Pass,,,,,,,,
300096490,2025-03-20,Gravity,2024,SWBS,R20264,TVW24S8635X1P,R,232,20288691,Pass,,,,,,,,
300096213,2025-03-21,Gravity,2024,SWCO,GSS8937,WAW088575X1,MR,851,20240801,Pass,,,,,,,,
300096430,2025-03-21,Gravity,2024,SWCO,GSS3951,WAW088603X1,MR,826.5,20292739,Pass,,,,,,,,
300096953,2025-04-04,Gravity,2024,SWCO,GSS3951,24-MZ2031X1,MF,12833.5,20337934,Pass,,,,,,,,
300096952,2025-04-08,Gravity,2024,SWCO,GSS3951,WAW088573X1,MR,14483,20337840,Pass,,,,,,,,
300097030,2025-04-09,Gravity,2024,SWBS,R10016,TVW24T8627X1,F,434,20373383,Fail,Dent,,,,,,,1 DENT
2400006570,2025-04-10,LINE 3(NORTH STAR),2023,SWBS,R660D,TVW23U7586X1,MFH,899,20229610,Pass,,,,,,,,
2400006570,2025-04-10,LINE 3(NORTH STAR),2023,SWBS,R660D,TVW23U7586X1,MFL,431,20229605,Pass,,,,,,,,2 VAL:1 COB
300097164,2025-04-16,Gravity,2024,SWCO,GSS8937,WAW088575X1,MR,680,20240801,Pass,,,,,,,,
2400006783,2025-04-17,Gravity,2024,SWBS,R10016,TVW24T8627X1,F,415.5,20385880,Pass,,,,,,,,
300097071,2025-04-23,Gravity,2024,SWBS,R10008,TVW24T8626X1,MR,205.5,20410112,Pass,,,,,,,,
300097118,2025-04-28,Gravity,2024CL,SWCO,GSS3951,24-MZ2031X1,MF,12348.5,20408290,Pass,,,,,,,,
2400006860,2025-05-10,Gravity,2024,SWCO,GSS1477S,WAW088530X1,LR,12548.5,20480548,Pass,,,,,,,,
300097823,2025-05-19,Gravity,2024,SWCO,GSS2577,PL41102406,16C,3564.5,20499735,Pass,,,,,,,,
1002135596,2025-05-23,Line 1,2025CL,SWCO,GH6055,CPW099056X1,LR,3197,20505641,Fail,Dent,,,,,,,9 DENT*
1002135596,2025-05-23,Line 1,2025CL,SWCO,GH6055,CPW099056X1,LF,10585.5,20505643,Fail,Dent,,,,,,,5 DENT
1002135596,2025-05-23,Line 1,2025CL,SWCO,GH6055,CPW099056X1,MR,1403.5,20505644,Fail,Dent,,,,,,,10 DENT
1002135596,2025-05-23,Line 1,2025CL,SWCO,GH6055,CPW099056X1,MF,1588,20505645,Fail,Dent,,,,,,,1 DENT
300097715,2025-06-06,Gravity,2023,SWCO,BSS8021,INW077044X2,MF,1730,20518986,Pass,,,,,,,,
300097790,2025-06-09,Gravity,2023,SWCO,GH6055,WAC077061X1K,LF,2719,20521063,Pass,,,,,,,,
2400007020,2025-06-10,Gravity,2024CL,SWCO,GSS3951,24-MZ2031X1,MR,13314,20554894,Pass,,,,,,,,
2400006963,2025-06-12,Gravity,2024,SWCO,SILVER KING,TVC088555,LR,7678,20553438,Fail,Discolored,,,,,,,1.08% DISCOLORED
2400007000,2025-06-12,Gravity,2025CL,SWCO,GH6055,CPW099056X1,MR,1283.5,20539696,Fail,Discolored,,,,,,,2.46% DISCOLORED
2400007001,2025-06-16,Gravity,2025CL,SWCO,GH6055,CPW099056X1,LF,9933,20539759,Pass,,,,,,,,
2400006902,2025-06-17,Gravity,2025CL,SWCO,GH6055,CPW099056X1,LR,3070,20564995,Pass,,,,,,,,
2400006924,2025-06-20,Gravity,2024,SWCO,GSS1477S,WAW088530X1,LF,17004.5,20586031,Pass,,,,,,,,
2400006925,2025-06-23,Gravity,2023,SWCO,PROVIDENCE,TVT077082,MF,6335,20586032,Pass,,,,,,,,
1002127860,2025-06-23,Line 1,2025CL,SWCO,BSS1075-R,CPW099053X2,LR,1636.5,20422258,Fail,Cob,,,,,,,1 COB 13 OTHER CROP
1002127860,2025-06-23,Line 1,2025CL,SWCO,BSS1075-R,CPW099053X2,LF,537.5,20422259,Fail,Dent,,,,,,,10 DENT 5 COB 29 OTHER CROP
1002127860,2025-06-23,Line 1,2025CL,SWCO,BSS1075-R,CPW099053X2,MR,1040.5,20422260,Fail,Dent,,,,,,,16 DENT 1 COB
1002127860,2025-06-23,Line 1,2025CL,SWCO,BSS1075-R,CPW099053X2,MF,474.5,20422261,Fail,Dent,,,,,,,12 DENT 11 OFFTYPES
1002127859,2025-06-26,Line 1,2025CL,SWCO,BSS8021,CPW099054X2,LR,1717.5,20422251,Fail,Off-Type,,,,,,,4 OFFTYPE
1002127859,2025-06-26,Line 1,2025CL,SWCO,BSS8021,CPW099054X2,LF,481.5,20422252,Fail,Off-Type,,,,,,,3 OFFTYPE
1002127859,2025-06-26,Line 1,2025CL,SWCO,BSS8021,CPW099054X2,MR,560,20422253,Fail,Off-Type,,,,,,,3 OFFTYPE
1002127859,2025-06-26,Line 1,2025CL,SWCO,BSS8021,CPW099054X2,MF,233.5,20422254,Fail,Off-Type,,,,,,,4 OFFTYPE
2400006923,2025-07-02,Gravity,2024,SWCO,GSS3951,WAW0885573X1,MFL,25161.5,20586029,Pass,,,,,,,,
2400007100,2025-07-02,Gravity,2025,SWCO,BSS1075-R,CP099053X2,MF,428,20619793,Pass,,,,,,,,2 VAL-1 COB 2 OFFTYPE
2400007161,2025-07-02,Gravity,2025CL,SWCO,BSS1075-R,CW099053X2,LF,485,20625854,Pass,,,,,,,,
2400007120,2025-07-03,Gravity,2025CL,SWCO,BSS1075-R,CPW099053X2,MR,935,20620050,Pass,,,,,,,,
2400007160,2025-07-03,Gravity,2025CL,SWCO,BSS1075-R,CPW099053X2,LR,1419,20625853,Pass,,,,,,,,
2400007060,2025-07-03,Gravity,2025CL,SWCO,GH6055,CPW099056X1,MR,1237,20598866,Pass,,,,,,,,
2400007140,2025-07-03,Gravity,2025CL,SWCO,BSS8021,CPW099054X2,MF,207,20620117,Pass,,,,,,,,
2400007101,2025-07-03,Gravity,2025CL,SWCO,BSS8021,CPW099054X2,LF,450.5,20620238,Pass,,,,,,,,2 VAL-1 COB 2 OFFTYPE
2400007141,2025-07-03,Gravity,2025CL,SWCO,BSS8021,CPW099054X2,MR,524,20625228,Pass,,,,,,,,
2400007082,2025-07-07,Gravity,2025CL,SWCO,BSS8021,CPW099054X2,LR,1570,20625453,Pass,,,,,,,,2 VAL-1 COB 2 OFFTYPE
2400007066,2025-07-08,Gravity,2025CL,SWCO,GH6055,CPW099056X1,MF,1515.5,20619716,Fail,Discolored,,,,,,,1.10% DISCOLORED
1002147936,2025-07-14,Line 1,2025CL,SWCO,BSS8021,CTW099010X2,LR,4376,20645967,Pass,,,,,,,,2 VAL -1 COB
1002147936,2025-07-14,Line 1,2025CL,SWCO,BSS8021,CTW099010X2,LF,3883.5,20645968,Pass,,,,,,,,
1002147936,2025-07-14,Line 1,2025CL,SWCO,BSS8021,CTW099010X2,MR,2872.5,20645969,Pass,,,,,,,,
1002147936,2025-07-14,Line 1,2025CL,SWCO,BSS8021,CTW099010X2,MF,5038,20645970,Pass,,,,,,,,
1002147937,2025-07-15,Line 1,2025CL,SWCO,BSS1075-R,CTW099007X2,LR,1363,20645974,Pass,,,,,,,,
1002147937,2025-07-15,Line 1,2025CL,SWCO,BSS1075-R,CTW099007X2,LF,339,20645975,Pass,,,,,,,,
1002147937,2025-07-15,Line 1,2025CL,SWCO,BSS1075-R,CTW099007X2,MR,691.5,20645976,Pass,,,,,,,,
1002147937,2025-07-15,Line 1,2025CL,SWCO,BSS1075-R,CTW099007X2,MF,301.5,20645977,Pass,,,,,,,,2 VAL -1 COB
1002147938,2025-07-15,Line 1,2025CL,SWCO,BSS1075-R,CTW099008X2,LR,1485.5,20645978,Pass,,,,,,,,2 VAL -1 COB
1002147938,2025-07-15,Line 1,2025CL,SWCO,BSS1075-R,CTW099008X2,LF,510,20645979,Pass,,,,,,,,
1002147938,2025-07-15,Line 1,2025CL,SWCO,BSS1075-R,CTW099008X2,MR,964,20645980,Pass,,,,,,,,
1002147938,2025-07-15,Line 1,2025CL,SWCO,BSS1075-R,CTW099008X2,MF,586.5,20645981,Pass,,,,,,,,
1002147939,2025-07-16,Line 1,2025CL,SWCO,BSS1075-R,CTW099009X2,LR,1937,20645982,Pass,,,,,,,,
1002147939,2025-07-16,Line 1,2025CL,SWCO,BSS1075-R,CTW099009X2,LF,1078.5,20645983,Pass,,,,,,,,
1002147939,2025-07-16,Line 1,2025CL,SWCO,BSS1075-R,CTW099009X2,MR,2074.5,20645984,Pass,,,,,,,,
1002147939,2025-07-16,Line 1,2025CL,SWCO,BSS1075-R,CTW099009X2,MF,1733,20645985,Pass,,,,,,,,
2400007081,2025-07-18,Gravity,2024,SWCO,GSS3951,WAW088534X1,MFH,33309.5,20608820,Pass,,,,,,,,
2400007080,2025-07-21,Gravity,2024,SWCO,EARLY SUNGLOW,WAC088518,LF,9748,20608811,Pass,,,,,,,,
2400008017,2025-07-21,Line 2 Gravity,2024,SWBS,G3003 T,TVC24T8613X1,UN,347.5,21376360,Fail,,,NA,,,NA,,47 OFF-TYPES
1002140059,2025-07-29,Line 2,2025,PEBS,ROMAGO,TVP25T9137,,21813.5,20560439,Pass,,0.9575,0.9525,-0.005,NA,NA,,
1002140033,2025-07-30,Line 2,2025,PEBS,DGF0106,TVP25S9144T,,486,20560398,Pass,,0.83,0.965,0.135,NA,NA,,
1002140034,2025-07-30,Line 2,2025,PEBS,DGL0056,TVP25S9131T,,372.5,20560399,Pass,,0.915,0.985,0.07,NA,NA,,
1002140027,2025-07-31,Line 2,2025,PEBS,D85404,TVP25S9149,,852.5,20560374,Pass,,0.935,0.9525,0.0175,NA,NA,,
1002140037,2025-07-31,Line 2,2025,PEBS,DGL0107,TVP25S9127T,,563.5,20560404,Pass,,0.9975,1,0.00249999999999995,NA,NA,,
1002140028,2025-08-01,Line 2,2025,PEBS,DGF0084,TVP25S9150T,,1123,20560376,Pass,,0.665,0.81,0.145,NA,NA,,
1002140031,2025-08-01,Line 2,2025,PEBS,DGF0104,TVP25S9125T,,797,20560391,Pass,,0.83,0.92,0.0900000000000001,NA,NA,,
1002140032,2025-08-04,Line 2,2025,PEBS,DGF0105,TVP25S9126T,,2868.5,20560395,Pass,,0.9775,0.975,-0.00250000000000006,NA,NA,,
1002140039,2025-08-05,Line 2,2025,PEBS,DGL0109,TVP25S9145T,,778,20560406,Pass,,0.9425,0.95,0.00749999999999995,NA,NA,,
1002127858,2025-08-06,Line 2,2025CL,SWBS,R565A,CPW25T9020X1,L,91,20422170,Fail,Dent,0.5525,NA,,0.4,NA,,1 OFFTYPE 73 DENT 15 OTHER CROPS 34 COB
1002127858,2025-08-06,Line 2,2025CL,SWBS,R565A,CPW25T9020X1,M,47,20422171,Fail,Cob,0.5525,NA,,0.4,NA,,46 COB 1 OTHER CROP
1002152826,2025-08-07,Line 2,2025CL,SWBS,R565,CCW25T9010X1,LR,138.5,20685480,Fail,Dent,0.5875,NA,,0.345,NA,,2 DENT 23 COB
1002152826,2025-08-07,Line 2,2025CL,SWBS,R565,CCW25T9010X1,LF,285.5,20685481,Fail,Cob,0.5875,NA,,0.345,NA,,2 COB
1002152826,2025-08-07,Line 2,2025CL,SWBS,R565,CCW25T9010X1,MR,229,20685482,Fail,Cob,0.5875,NA,,0.345,NA,,2 COB
1002152826,2025-08-07,Line 2,2025CL,SWBS,R565,CCW25T9010X1,MF,743.5,20685483,Fail,Cob,0.5875,NA,,0.345,NA,,2 COB
1002147941,2025-08-08,Line 2,2025CL,SWCO,DESERT FROST,CTW099011K,UN,114,20645995,Fail,Cob,0.8825,NA,,0.79,NA,,1 COB
1002140040,2025-08-11,Line 2,2025,PEBS,DGL0110,TVP25S9128T,,2024.5,20560407,Pass,,0.995,0.995,0,NA,NA,,
1002140041,2025-08-11,Line 2,2025,PEBS,DGL0111,TVP25S9129T,,1602,20560408,Pass,,0.9925,0.99,-0.00250000000000006,NA,NA,,
1002147940,2025-08-11,Line 2,2025CL,SWCO,DESERT FROST,CTW099011,L,223.5,20645989,Fail,Smut,0.8475,NA,,0.775,NA,,1 SMUT
1002147940,2025-08-11,Line 2,2025CL,SWCO,DESERT FROST,CTW099011,M,936,20645990,Pass,,0.8475,0.9275,0.08,0.775,0.91,0.135,
1002140038,2025-08-12,Line 2,2025,PEBS,DGL0108,TVP25S9147T,,206.5,20560405,Fail,Discolored,0.98,0.67,-0.31,NA,NA,,6.71% DISCOLORED
1002140042,2025-08-12,Line 2,2025,PEBS,DGL01012,TVP25S9146T,,608,20560411,Pass,,0.975,0.9925,0.0175000000000001,NA,NA,,
1002140035,2025-08-12,Line 2,2025,PEBS,DGL0083,TVP25T9132,,3593.5,20560400,Pass,,0.9875,0.9775,-0.01,NA,NA,,
1002140050,2025-08-12,Line 2,2025,PEBS,KUDO,TVP25S9133,,105.5,20560422,Pass,,0.9375,0.955,0.0175,NA,NA,,
1002140051,2025-08-13,Line 2,2025,PEBS,KUDO,TVP25T9134,,2018.5,20560424,Pass,,0.975,0.985,0.01,NA,NA,,
1002154732,2025-08-13,Line 2,2025CL,SWBS,AC111Y,CUW25T9023K,LR,110.5,20696270,Fail,Cob,0.7925,NA,,0.66,NA,,8 COB
1002154732,2025-08-13,Line 2,2025CL,SWBS,AC111Y,CUW25T9023K,LF,497.5,20696271,Pass,,0.7925,0.705,-0.0875,0.66,0.69,0.0299999999999999,
1002154732,2025-08-13,Line 2,2025CL,SWBS,AC111Y,CUW25T9023K,MR,151.5,20696272,Fail,Cob,0.7925,NA,,0.66,NA,,2 COB
1002154732,2025-08-13,Line 2,2025CL,SWBS,AC111Y,CUW25T9023K,MF,456,20696273,Pass,,0.7925,0.62,-0.1725,0.66,0.575,-0.0850000000000001,2 VAL- 1 COB
1002154731,2025-08-13,Line 2,2025CL,SWBS,AC111Y,CUW25T9023,UN,445,20696264,Fail,Dent,0.7475,NA,,0.7,NA,,1 DENT 10 COB 1 OTHER CROP
1002139924,2025-08-14,Line 2,2025,PEBS,BINGO,TVP25T9148,,1166,20560366,Pass,,0.99,0.99,0,NA,NA,,
1002140036,2025-08-14,Line 2,2025,PEBS,DGL0099,TVP25T9151T,,3412.5,20560401,Pass,,0.9925,0.995,0.00249999999999995,NA,NA,,
1002154729,2025-08-14,Line 2,2025CL,SWBS,R00404X,CPW25T9017,UN,198.5,20696251,Pass,,0.7475,0.6625,-0.0850000000000001,0.74,0.335,-0.405,
1002140057,2025-08-18,Line 2,2025,PEBS,NORVERT,TVP25S9155,,236.5,20560435,Pass,,0.705,0.81,0.105,NA,NA,,
1002140060,2025-08-18,Line 2,2025,PEBS,SALTINGO,TVP25S9157,,232.5,20560441,Pass,,0.96,0.995,0.035,NA,NA,,
1002152827,2025-08-18,Line 2,2025CL,SWBS,R681,CCW25T9003X1W,L,464,20685486,Pass,,0.42,0.54,0.12,0.395,0.68,0.285,
1002152827,2025-08-18,Line 2,2025CL,SWBS,R681,CCW25T9003X1W,M,489.5,20685487,Fail,Cob,0.42,NA,,0.395,NA,,1 COB
1002154730,2025-08-18,Line 2,2025CL,SWBS,W1471D,CUW25S9022,UN,176,20696257,Pass,,0.6925,0.8475,0.155,0.615,0.845,0.23,
1002140064,2025-08-19,Line 2,2025,PEBS,ZONVERT,TVP25S9158,,1554.5,20560447,Pass,,0.925,0.96,0.0349999999999999,NA,NA,,
1002155306,2025-08-19,Line 2,2025CL,SWBS,R594A,CUW25T9021,LR,518.5,20706697,Pass,,0.94,0.9625,0.0225000000000001,0.87,0.945,0.075,
1002155306,2025-08-19,Line 2,2025CL,SWBS,R594A,CUW25T9021,LF,707.5,20706698,Pass,,0.94,0.9875,0.0475000000000001,0.87,0.855,-0.015,
1002155306,2025-08-19,Line 2,2025CL,SWBS,R594A,CUW25T9021,MR,273.5,20706699,Pass,,0.94,0.945,0.005,0.87,0.915,0.045,
1002155306,2025-08-19,Line 2,2025CL,SWBS,R594A,CUW25T9021,MF,264,20706700,Pass,,0.94,0.945,0.005,0.87,0.835,-0.035,
1002156096,2025-08-21,Line 2,2025CL,SWCO,BSS1075-R,CCW099037X2,LR,1954.5,20709646,Pass,,0.9725,0.9575,-0.015,0.945,0.93,-0.0149999999999999,
1002156096,2025-08-21,Line 2,2025CL,SWCO,BSS1075-R,CCW099037X2,LF,565.5,20709647,Pass,,0.9725,0.9025,-0.0700000000000001,0.945,0.985,0.04,
1002156096,2025-08-21,Line 2,2025CL,SWCO,BSS1075-R,CCW099037X2,MR,839,20709648,Pass,,0.9725,0.8375,-0.135,0.945,0.935,-0.0099999999999999,2 VAL:1 COB
1002156096,2025-08-21,Line 2,2025CL,SWCO,BSS1075-R,CCW099037X2,MF,404.5,20709649,Fail,Cob,0.9725,NA,,0.945,NA,,6 COB
1002154593,2025-08-22,Line 2,2025CL,SWCO,GSS1170-R,CTW099012X2,LR,1052,20694370,Fail,Cob,0.925,NA,,0.86,NA,,3 COB
1002154593,2025-08-22,Line 2,2025CL,SWCO,GSS1170-R,CTW099012X2,LF,334,20694371,Pass,,0.925,0.9475,0.0225,0.86,0.89,0.03,2 VAL:1 COB
1002154594,2025-08-25,Line 2,2025CL,SWCO,GSS1170-R,CTW099013X2,LR,1051,20694374,Pass,,0.96,0.945,-0.015,0.95,0.96,0.01,
1002154594,2025-08-25,Line 2,2025CL,SWCO,GSS1170-R,CTW099013X2,LF,940,20694375,Pass,,0.96,0.95,-0.01,0.95,0.87,-0.08,2 VAL:1 COB
1002154594,2025-08-25,Line 2,2025CL,SWCO,GSS1170-R,CTW099013X2,MR,540,20694376,Pass,,0.96,0.925,-0.0349999999999999,0.95,0.9,-0.0499999999999999,
1002154594,2025-08-25,Line 2,2025CL,SWCO,GSS1170-R,CTW099013X2,MF,1128,20694377,Fail,Discolored,0.96,NA,,0.95,NA,,.66% DISCOLORED
1002140030,2025-08-26,Line 2,2025,PEBS,ZERUCO,TVP25T9130T,,2334,20560389,Pass,,0.96,0.9725,0.0125000000000001,NA,NA,,
1002147732,2025-08-27,Line 2,2025,PEBS,GLORIVERT,TVP25T9161K,,4528.5,20643614,Pass,,0.9675,0.9625,-0.005,NA,NA,,
1002140046,2025-08-27,Line 2,2025,PEBS,GLORIVERT,TVP25T9161,,4320.5,20560416,Pass,,0.89,0.9925,0.1025,NA,NA,,
2400007182,2025-08-28,Gravity,2025CL,SWCO,DESERT FROST,CTW099011K,UN,89,20745433,Pass,,0.8825,0.96,0.0775,0.79,0.785,-0.005,
1002140029,2025-08-29,Line 2,2025,PEBS,MISTRAL,TVP25T9135,,11187.5,20560377,Pass,,0.99,0.975,-0.015,NA,NA,,
1002140063,2025-09-02,Line 2,2025,PEBS,ZONDA,TVP25T9166,,11820.5,20560446,Pass,,0.8875,0.97,0.0825,NA,NA,,
1002140052,2025-09-03,Line 1,2025,PEBS,LARANGO,TVP25T9142,,32035,20560425,Pass,,0.96,0.97,0.01,NA,NA,,
1002140026,2025-09-03,Line 2,2025,PEBS,CORUS,TVP25T9138,,12223,20560369,Pass,,0.8825,0.9475,0.0650000000000001,NA,NA,,
1002140055,2025-09-03,Line 2,2025,PEBS,LUNANVERT,TVP25S9153,,945.5,20560430,Pass,,0.935,0.96,0.0249999999999999,NA,NA,,
1002140053,2025-09-03,Line 2,2025,PEBS,LGF0090,TVP25T9156,,1565,20560427,Pass,,0.9275,0.9775,0.05,NA,NA,,
1002140045,2025-09-05,Line 2,2025,PEBS,FLOVERT,TVP25T9136,,15943,20560415,Pass,,0.9525,0.97,0.0175,NA,NA,,
300098153,2025-09-05,Colorsorter,2025CL,SWCO,BSS8021,CPW099054X2,,510.5,20685475,Pass,,0.9325,0.965,0.0325,0.97,0.93,-0.0399999999999999,
1002139876,2025-09-08,Line 2,2025,PEBS,SL3209,TVS25S9100T,,1154,20560299,Pass,,0.9225,0.765,-0.1575,NA,NA,,
1002139877,2025-09-08,Line 2,2025,PEBS,SL3210,TVS25S9101T,,1088,20560300,Pass,,0.885,0.815,-0.0700000000000001,NA,NA,,
1002139920,2025-09-08,Line 2,2025,PEBS,SL3229,TVS25S9104T,,496.5,20560360,Pass,,0.9325,0.745,-0.1875,NA,NA,,
1002139922,2025-09-08,Line 2,2025,PEBS,SL3231,TVS25S9106T,,674.5,20560363,Pass,,0.9575,0.89,-0.0675,NA,NA,,
1002154029,2025-09-08,Line 2,2025,PEBS,SL3231,TVS25S9106TK,,534.5,20690232,Pass,,0.9675,0.8575,-0.11,NA,NA,,
2400007183,2025-09-08,Line 2,2025CL,SWBS,R656A,CPW25T9020X1,L,70,20745434,Fail,Dent,0.5525,NA,,0.4,NA,,2 DENT
1002140357,2025-09-09,Line 2,2025,PEBS,SL3222,TVS25T9102T,,1830,20564727,Pass,,0.915,0.7075,-0.2075,NA,NA,,
2400007215,2025-09-09,Line 2,2025CL,SWCO,BSS1075-R,CPW099053X2,LR,1348,20826056,Pass,,0.945,0.9325,-0.0125,0.98,0.96,-0.02,
2400007181,2025-09-09,Colorsorter(VMEK),2025CL,SWBS,R565A,CPW25T9020X1,M,35.5,20734322,Fail,Cob,0.5525,NA,,0.4,NA,,2 COB 1 DENT
2400007207,2025-09-09,Line 2,2025CL,SWCO,DESERT FROST,CTW099011,L,197.5,20744822,Fail,Cob,0.8475,NA,,0.775,NA,,1 COB
1002139600,2025-09-10,Line 2,2025,PECO,SL3222,TVS25U9103T,,12467.5,20556156,Pass,,0.895,0.86,-0.035,NA,NA,,
1002139875,2025-09-10,Line 1,2025,PECO,CONTIGO,TVP25U9160,,25613.5,20560263,Pass,,0.975,0.98,0.005,NA,NA,,
2400007094,2025-09-10,Gravity,2025CL,SWBS,R565A,CCW25T9010X1,LR,130,20745183,Fail,Dent,0.5875,NA,,0.345,NA,,1 DENT
1002139925,2025-09-11,Line 1,2025,PEBS,CONTIGO,TVP25T9159,,11627.5,20560368,Pass,,0.9725,0.96,-0.0125000000000001,NA,NA,,
1002140056,2025-09-11,Line 2,2025,PEBS,MUCIO,TVP25T9154,,2512,20560432,Pass,,0.95,0.9175,-0.0325,NA,NA,,
2400007210,2025-09-13,Gravity,2023,SWCO,GSS3951,WAW077150X1,MF,8613.5,20761278,Pass,,0.9625,0.9575,-0.005,0.925,0.89,-0.035,
1002140058,2025-09-13,Line 1,2025,PEBS,OBIGO,TVP25T9162,,35424,20560437,Pass,,0.9825,0.985,0.00249999999999995,NA,NA,,
2400007211,2025-09-15,Gravity,2024,SWCO,TYSON,WAW088559X1,LF,10561,20761280,Pass,,0.95,0.965,0.015,0.88,0.865,-0.015,
2400007095,2025-09-15,Gravity,2025CL,SWBS,R565A,CCW25T9010X1,LF,276.5,20745187,Fail,Cob,0.5875,NA,,0.345,NA,,5 COB
2400007096,2025-09-15,Gravity,2025CL,SWBS,R565A,CCW25T9010X1,MR,220,20745188,Fail,Cob,0.5875,NA,,0.345,NA,,5 COB 1 DENT
1002139580,2025-09-16,Line 1,2025,PECO,SUGAR FORCE,WAS099021,,20075,20555201,Pass,,0.9225,0.8725,-0.0499999999999999,NA,NA,,
1002139608,2025-09-16,Line 1,2025,PECO,SUGAR FORCE,TVS25V9112T,,1105.5,20556173,Pass,,0.885,0.7725,-0.1125,NA,NA,,
2400007186,2025-09-16,Gravity,2025CL,SWBS,AC111Y,CUW25T9023K,MR,131.5,20756763,Fail,Off-Type,0.7925,NA,,0.66,NA,,8 OFF TYPES 2 DENT 4 OTHER CROPS 1 COB
2400007106,2025-09-16,Gravity,2025CL,SWBS,AC111Y,CUW25T9023K,LR,97,20761268,Fail,Off-Type,0.7925,NA,,0.66,NA,,12 OFF TYPES 3 DENT 3 COB
1002139609,2025-09-17,Line 1,2025,PECO,SUGAR FORCE,TVS25V9113T,,6229.5,20556176,Fail,Broken,0.915,NA,,NA,NA,,7.7% CRACKED SEED COAT AND COTYLENDON OVERGROWTH
1002140047,2025-09-17,Line 2,2025,PEBS,GRUNDY,TVP25T9139,,21226,20560418,Pass,,0.865,0.9575,0.0925,NA,NA,,
2400007209,2025-09-17,Gravity,2025CL,SWBS,AC111Y,CUW25T9023,UN,427.5,20754052,Pass,,0.7475,0.73,-0.0175000000000001,0.7,0.64,-0.0599999999999999,
2400007132,2025-09-17,Gravity,2025CL,SWCO,BSS1075-R,CCW099037X2,MF,404.5,20792324,Pass,,0.9725,0.9425,-0.03,0.945,0.9,-0.0449999999999999,
2400007134,2025-09-18,Gravity,2025CL,SWCO,GSS1170-R,CTW099013X2,MF,1046,20796576,Pass,,0.96,0.8975,-0.0625,0.95,0.77,-0.18,
2400007156,2025-09-18,Gravity,2025CL,SWBS,R565A,CPW25T9020X1,L,62,20828754,Fail,Dent,0.5525,NA,,0.4,NA,,10 DENT
2400007245,2025-09-18,Gravity,2025CL,SWBS,R565A,CPW25T9020X1,M,28.5,20831782,Fail,Cob,0.5525,NA,,0.4,NA,,8 COB
300098339,2025-09-18,Gravity,2025CL,SWBS,R594A,CUW25T9021,LF,686.5,20706698,Pass,,0.9875,0.9875,0,0.855,0.855,0,
1002139592,2025-09-19,Line 2,2025,PECO,MUCIO,ORP099051,,30597,20555395,Pass,,0.9525,0.955,0.00249999999999995,NA,NA,,
2400007133,2025-09-19,Gravity,2025CL,SWCO,GSS1170-R,CTW099012X2,LR,1039.5,20796563,Pass,,0.925,0.955,0.0299999999999999,0.86,0.935,0.0750000000000001,
2400007108,2025-09-20,Gravity,2024,SWCO,SILVER QUEEN,ORC088605,LR,1938,20799314,Fail,Dent,0.99,NA,,0.995,NA,,3 DENT
1002172409,2025-09-20,Line 2,2025,SWBS,AC206Y,TVW25T9506,LR,773.5,20850743,Fail,Cob,0.6175,NA,,0.74,NA,,58 COB
1002172409,2025-09-20,Line 2,2025,SWBS,AC206Y,TVW25T9506,LF,569.5,20850744,Fail,Cob,0.6175,NA,,0.74,NA,,27 COB
1002172409,2025-09-20,Line 2,2025,SWBS,AC206Y,TVW25T9506,MR,183.5,20850745,Fail,Cob,0.6175,NA,,0.74,NA,,12 COB
1002172409,2025-09-20,Line 2,2025,SWBS,AC206Y,TVW25T9506,MF,117.5,20850746,Fail,Cob,0.6175,NA,,0.74,NA,,24 COB
1002139579,2025-09-22,Line 1,2025,PECO,SUGAR FORCE,TVS099020,,31064,20555194,Pass,,0.9325,0.85,-0.0825,NA,NA,,
1002140062,2025-09-22,Line 2,2025,PEBS,TROPHEE,TVP25T9165,,31595.5,20560444,Pass,,0.8975,0.965,0.0675,NA,NA,,
1002151024,2025-09-23,Line 2,2025,PEBS,TROPHEE,TVP25T9164K,,7377,20673783,Fail,Weed,0.97,NA,,NA,NA,,22 OTHER CROP SEED
1002140061,2025-09-23,Line 2,2025,PEBS,TROPHEE,TVP25T9164,,7038,20560442,Pass,,0.9125,0.98,0.0675,NA,NA,,
1002139581,2025-09-24,Line 1,2025,PECO,SUGAR FORCE,WAS099038,,24969,20555208,Fail,Discolored,0.6375,NA,,NA,NA,,1.68% CRACKED COAT 2.08% DISCOLORED
1002139345,2025-09-24,Line 2,2025,PECO,SUGAR 188,TVS099011,,11037,20555036,Pass,,0.9375,0.82,-0.1175,NA,NA,,
2400007251,2025-09-25,Gravity,2025,SWBS,AC206Y,TVW25T9506,MF,117.5,20864291,Fail,Cob,0.6175,NA,,0.74,NA,,21 COB
2400007232,2025-09-25,Gravity,2025CL,SWBS,R565A,CCW25T9010X1,LR,119,20845342,Fail,Cob,0.5875,NA,,0.345,NA,,2 DENT 23 COB
1002139573,2025-09-26,Line 2,2025,PECO,SUGAR FLASH,TVS099017,,7436.5,20555133,Pass,,0.96,0.9025,-0.0575,NA,NA,,2 VAL: 0.18% ROCKS AND CLODS
2400007250,2025-09-26,Gravity,2025,SWBS,AC206Y,TVW25T9506,MR,164.5,20864275,Fail,Cob,0.6175,NA,,0.74,NA,,1 DENT 2 COB 1 OTHER CROPS
2400007249,2025-09-26,Gravity,2025,SWBS,AC206Y,TVW25T9506,LF,534.5,20864266,Fail,Dent,0.6175,NA,,0.74,NA,,1 DENT
1002139574,2025-09-27,Line 2,2025,PECO,SUGAR FLASH,TVS099018,,15935.5,20555146,Pass,,0.9225,0.8175,-0.105,NA,NA,,
1002139577,2025-09-29,Line 2,2025,PECO,SUGAR FLASH,WAS099041,,11031.5,20555177,Pass,,0.8275,0.8625,0.035,NA,NA,,
2400007248,2025-09-29,Gravity,2025,SWBS,AC206Y,TVW25Y9506,LR,739.5,20864219,Pass,,0.6175,0.8075,0.19,0.74,0.785,0.045,
1002139589,2025-09-29,Line 1,2025,PECO,IDALGO,ORP099050,,104357,20555366,Pass,,1,0.995,-0.005,NA,NA,,
1002139590,2025-09-30,Line 1,2025,PECO,IDALGO,ORP099052,,33735,20555376,Pass,,0.95,0.9925,0.0425000000000001,NA,NA,,
1002139607,2025-09-30,Line 2,2025,PECO,SUGAR 208,TVS25V9111T,,2153,20556172,Pass,,0.9725,0.65,-0.3225,NA,NA,,
1002139606,2025-09-30,Line 2,2025,PECO,SUGAR 208,TVS25V9110T,,11881.5,20556170,Pass,,0.9725,0.715,-0.2575,NA,NA,,
1002139591,2025-10-01,Line 1,2025,PECO,IDALGO,ORP25U9170,,40382.5,20555384,Pass,,0.975,0.985,0.01,NA,NA,,
1002140049,2025-10-02,Line 1,2025,PEBS,IDALGO,TVP25T9141,,14445.5,20560421,Pass,,0.9825,0.9925,0.01,NA,NA,,
1002140048,2025-10-02,Gravity,2025,PEBS,IDALGO,TVP25S9140,,1385.5,20560419,Fail,Weed,0.9625,NA,,NA,NA,,0.02% PLANT AND INSECT DEBRIS
1002139405,2025-10-03,Line 2,2025,PECO,SL3123,ORS099027,,32682,20553483,Pass,,0.8975,0.8175,-0.08,NA,NA,,
1002173594,2025-10-03,Line 2,2025,SWCO,BSS36922,TVW099014X2,L,595.5,20860351,Fail,Cob,0.9025,NA,,0.745,NA,,6 COB
1002173594,2025-10-03,Line 2,2025,SWCO,BSS36922,TVW099014X2,M,232,20860352,Fail,Cob,0.9025,NA,,0.745,NA,,5 COB
1002172206,2025-10-03,Line 1,2025,SWCO,GSS1477S,WAW099043X1W,LR,1176.5,20847518,Fail,Discolored,0.545,0.565,0.0199999999999999,0.5,0.51,0.01,0.54% DISCOLORED
1002172206,2025-10-03,Line 1,2025,SWCO,GSS1477S,WAW099043X1W,LF,2664.5,20847519,Fail,Discolored,0.545,0.4475,-0.0975,0.5,0.505,0.005,1.18% DISCOLORED
1002172206,2025-10-03,Line 1,2025,SWCO,GSS1477S,WAW099043X1W,MR,2061.5,20847520,Fail,Discolored,0.545,0.4875,-0.0575000000000001,0.5,0.51,0.01,0.62% DISCOLORED
1002172206,2025-10-03,Line 1,2025,SWCO,GSS1477S,WAW099043X1W,MF,6214.5,20847521,Fail,Discolored,0.545,0.5575,0.0125,0.5,0.54,0.04,0.93% DISCOLORED 1 COB
1002150390,2025-10-06,Line 1,2025,SWCO,CABO,WAW099018X2,LR,8271,20668095,Pass,,0.925,0.95,0.0249999999999999,0.965,0.945,-0.02,
1002150390,2025-10-06,Line 1,2025,SWCO,CABO,WAW099018X2,LF,5195,20668096,Pass,,0.925,0.9675,0.0425,0.945,0.965,0.02,
1002150390,2025-10-06,Line 1,2025,SWCO,CABO,WAW099018X2,MR,2198.5,20668097,Pass,,0.925,0.99,0.065,0.89,0.94,0.0499999999999999,2 VAL: 1.80% DAMAGED SEED
1002150390,2025-10-06,Line 1,2025,SWCO,CABO,WAW099018X2,MF,1196.5,20668098,Fail,Broken,0.925,NA,,0.925,NA,,2.81% DAMAGED SEED
1002150394,2025-10-06,Line 2,2025,SWCO,DESERT FROST,WAW099001X2,LR,588,20668112,Fail,Off-Type,0.9425,NA,,0.905,NA,,22 OFF TYPES
1002150394,2025-10-06,Line 2,2025,SWCO,DESERT FROST,WAW099001X2,LF,581,20668113,Pass,,0.9675,0.975,0.00749999999999995,0.975,0.99,0.015,
1002150394,2025-10-06,Line 2,2025,SWCO,DESERT FROST,WAW099001X2,MR,179,20668114,Pass,,0.9325,0.96,0.0275,0.945,0.955,0.01,
1002150394,2025-10-06,Line 2,2025,SWCO,DESERT FROST,WAW099001X2,MF,210.5,20668115,Fail,Off-Type,0.9575,NA,,0.955,NA,,14 OFF TYPES 2 COB
1002150391,2025-10-07,Line 1,2025,SWCO,CABO,WAW099017X2,LR,10133.5,20668099,Pass,,0.9325,0.9375,0.005,0.955,0.925,-0.0299999999999999,
1002150391,2025-10-07,Line 1,2025,SWCO,CABO,WAW099017X2,LF,10096,20668100,Pass,,0.95,0.975,0.025,0.895,0.97,0.075,
1002150391,2025-10-07,Line 1,2025,SWCO,CABO,WAW099017X2,MR,2994.5,20668101,Fail,Broken,0.945,NA,,0.9,NA,,2.02% DAMAGED SEED
1002150391,2025-10-07,Line 1,2025,SWCO,CABO,WAW099017X2,MF,1317.5,20668102,Fail,Cob,0.9175,NA,,0.93,NA,,3 COB
1002174854,2025-10-08,Line 1,2025,SWCO,STARSHINE,WAC099085X1,LR,16763,20866807,Fail,Dent,0.995,NA,,0.96,NA,,2 DENT
1002174854,2025-10-08,Line 1,2025,SWCO,STARSHINE,WAC099085X1,LF,4075,20866808,Pass,,0.9675,0.9675,0,0.96,0.96,0,
1002174854,2025-10-08,Line 1,2025,SWCO,STARSHINE,WAC099085X1,MR,774.5,20866809,Fail,Dent,0.985,NA,,0.955,NA,,10 DENT
2400007157,2025-10-08,Gravity,2025,SWBS,AC111Y,CUW25T9023K,MR,123,20853395,Fail,,,NA,,,NA,,1 OTHER CROP SEEDS
1002173595,2025-10-09,Line 1,2025,SWCO,GARRISON-R,WAW099026X2,LR,3233.5,20860365,Pass,,0.92,0.9675,0.0475,0.92,0.915,-0.005,
1002173595,2025-10-09,Line 1,2025,SWCO,GARRISON-R,WAW099026X2,LF,4332.5,20860366,Pass,,0.9525,0.96,0.00749999999999995,0.97,0.925,-0.0449999999999999,
1002173595,2025-10-09,Line 1,2025,SWCO,GARRISON-R,WAW099026X2,MR,7011,20860367,Pass,,0.9775,0.9525,-0.025,0.955,0.975,0.02,
1002173595,2025-10-09,Line 1,2025,SWCO,GARRISON-R,WAW099026X2,MF,12954.5,20860368,Pass,,0.9475,0.96,0.0125,0.865,0.92,0.0550000000000001,
1002173596,2025-10-09,Line 1,2025,SWCO,GARRISON-R,WAW099026X2J,LR,1141,20860369,Pass,,0.885,0.9025,0.0175,0.89,0.935,0.045,
1002173596,2025-10-09,Line 1,2025,SWCO,GARRISON-R,WAW099026X2J,LF,1647,20860370,Pass,,0.905,0.9375,0.0325,0.895,0.95,0.0549999999999999,2 VAL: 1 COB
1002173596,2025-10-09,Line 1,2025,SWCO,GARRISON-R,WAW099026X2J,MR,2573,20860371,Pass,,0.9575,0.9625,0.005,0.85,0.935,0.0850000000000001,
1002173596,2025-10-09,Line 1,2025,SWCO,GARRISON-R,WAW099026X2J,MF,4746,20860372,Pass,,0.9575,0.96,0.00249999999999995,0.89,0.905,0.015,
2400007174,2025-10-10,Gravity,2025,SWBS,AC206Y,TVW25T9506,LF,522,20871565,Pass,,0.6175,0.855,0.2375,0.74,0.91,0.17,
2400007173,2025-10-10,Gravity,2025,SWBS,AC206Y,TVW25T9506,MF,94,20864291,Fail,Cob,0.6175,NA,,0.74,NA,,21 COB
2400007234,2025-10-10,Gravity,2025,SWBS,AC206Y,TVW25T9506,MR,156.5,20867111,Pass,,0.6175,0.92,0.3025,0.74,0.92,0.18,
1002177224,2025-10-10,Line 1,2025,SWCO,GARRISON-R,WAW099027X2,LR,1422.5,20885656,Pass,,0.9175,0.9525,0.035,0.925,0.935,0.01,
1002177224,2025-10-10,Line 1,2025,SWCO,GARRISON-R,WAW099027X2,LF,3362,20885657,Fail,Cob,0.9175,NA,,0.925,NA,,2 COB
1002177224,2025-10-10,Line 1,2025,SWCO,GARRISON-R,WAW099027X2,MR,3642,20885658,Pass,,0.9175,0.975,0.0575,0.925,0.925,0,
1002177224,2025-10-10,Line 1,2025,SWCO,GARRISON-R,WAW099027X2,MF,17122,20885659,Fail,Cob,0.9175,NA,,0.925,NA,,2 COB
1002164390,2025-10-11,Line 2,2025,BECO,HUNTIINGTON,WAG099011,LR,47406.5,20784858,Pass,,0.8475,NA,,NA,NA,,
2400007169,2025-10-13,Gravity,2025,SWBS,R565A,CCW25T9010X1,LF,268.5,20864773,Pass,,,0.47,,,0.25,,
1002150398,2025-10-13,Line 1,2025,SWCO,GSS1170-R,WAW099040X2,LR,2196,20668128,Pass,,0.9575,0.955,-0.00250000000000006,0.95,0.945,-0.005,2 VAL: 1 COB
1002150398,2025-10-13,Line 1,2025,SWCO,GSS1170-R,WAW099040X2,LF,2832,20668129,Pass,,0.9125,0.9575,0.045,0.925,0.93,0.005,
1002150398,2025-10-13,Line 1,2025,SWCO,GSS1170-R,WAW099040X2,MR,3674.5,20668130,Pass,,0.9475,0.93,-0.0175,0.95,0.955,0.005,
1002150398,2025-10-13,Line 1,2025,SWCO,GSS1170-R,WAW099040X2,MF,7632,20668131,Pass,,0.9525,0.9525,0,0.94,0.895,-0.0449999999999999,
1002150397,2025-10-14,Line 1,2025,SWCO,GSS1170-R,WAW099039X2,LR,2751.5,20668124,Pass,,0.9725,0.97,-0.00250000000000006,0.93,0.94,0.0099999999999999,2 VAL: 1 COB
1002150397,2025-10-14,Line 1,2025,SWCO,GSS1170-R,WAW099039X2,LF,4647,20668125,Pass,,0.965,0.9875,0.0225000000000001,0.955,0.955,0,
1002150397,2025-10-14,Line 1,2025,SWCO,GSS1170-R,WAW099039X2,MR,3485,20668126,Pass,,0.955,0.9775,0.0225000000000001,0.93,0.925,-0.005,2 VAL: 1.71% DAMAGED SEED
1002150397,2025-10-14,Line 1,2025,SWCO,GSS1170-R,WAW099039X2,MF,9531,20668127,Fail,Cob,0.95,NA,,0.95,NA,,2 COB
2400007233,2025-10-15,Gravity,2024,SWCO,GSS4628,WAW088536X1,MF,11534,20847555,Pass,,0.98,0.9825,0.00250000000000006,0.94,0.965,0.025,
2400007171,2025-10-15,Gravity,2025,SWBS,R681,CCW25T9003X1W,M,475,20864776,Fail,Broken,,NA,,,NA,,4.9% DAMAGED SEED
1002177346,2025-10-15,Line 1,2025,SWCO,GSS5649,WAW099064X1,LR,16701.5,20885616,Fail,Dent,0.91,NA,,0.89,NA,,3 DENT
1002177346,2025-10-15,Line 1,2025,SWCO,GSS5649,WAW099064X1,LF,9383.5,20885617,Pass,,0.91,0.9725,0.0625,0.89,0.9,0.01,
1002177346,2025-10-15,Line 1,2025,SWCO,GSS5649,WAW099064X1,MR,5727.5,20885618,Pass,,0.91,0.95,0.0399999999999999,0.89,0.935,0.045,2 VAL: 1 COB
1002177346,2025-10-15,Line 1,2025,SWCO,GSS5649,WAW099064X1,MF,4839,20885619,Pass,,0.91,0.9125,0.00249999999999995,0.89,0.905,0.015,
1002180618,2025-10-16,Line 1,2025,SWCO,GSS5649,TVW099063X1,LR,2894,20901870,Pass,,0.8975,0.98,0.0825,0.905,0.89,-0.015,
1002180618,2025-10-16,Line 1,2025,SWCO,GSS5649,TVW099063X1,LF,5767.5,20901871,Pass,,0.8975,0.9375,0.04,0.905,0.835,-0.0700000000000001,2 VAL: 1 COB
1002180618,2025-10-16,Line 1,2025,SWCO,GSS5649,TVW099063X1,MR,4836.5,20901872,Pass,,0.8975,0.9725,0.0750000000000001,0.905,0.905,0,
1002180618,2025-10-16,Line 1,2025,SWCO,GSS5649,TVW099063X1,MF,14287.5,20901873,Pass,,0.8975,0.9375,0.04,0.905,0.8,-0.105,
2400007217,2025-10-17,Gravity,2024,SWCO,KANDY KORN,WAC088544,LF,6863,20853185,Pass,,0.9675,0.9825,0.015,0.99,0.97,-0.02,
1002164387,2025-10-17,Line 2,2025,BECO,HUNTINGTON,WAG099008,L,37903,20784852,Fail,Inert,0.9175,0.895,-0.0225,NA,NA,,0.13% INERT
1002164387,2025-10-17,Line 2,2025,BECO,HUNTINGTON,WAG099008,,30147.5,20785089,Fail,Inert,0.9175,NA,,NA,NA,,0.13% INERT
1002178996,2025-10-18,Line 1,2025,SWCO,7210R,ORW099002X2,LR,1612,20893678,Fail,,0.9325,NA,,0.895,NA,,115 DENT 11 OTHER SPECIES( ZEA MAYS)
1002178996,2025-10-18,Line 1,2025,SWCO,7210R,ORW099002X2,LF,1215.5,20893679,Fail,,0.935,NA,,0.95,NA,,2.38% DISCOLORED
1002178996,2025-10-18,Line 1,2025,SWCO,7210R,ORW099002X2,MR,1427.5,20893680,Pass,,0.9375,0.955,0.0175,0.91,0.945,0.0349999999999999,
1002178996,2025-10-18,Line 1,2025,SWCO,7210R,ORW099002X2,MF,1478.5,20893681,Fail,,0.9425,NA,,0.87,NA,,7 DENT 1 SMUT
1002178987,2025-10-18,Line 1,2025,SWCO,GSS8937,TVW099069X1,LR,23424.5,20893482,Pass,,None,0.955,#INVALID OPERATION,,0.93,,
1002178987,2025-10-18,Line 1,2025,SWCO,GSS8937,TVW099069X1,LF,16560.5,20893483,Pass,,None,0.9275,#INVALID OPERATION,,0.89,,
1002178987,2025-10-18,Line 1,2025,SWCO,GSS8937,TVW099069X1,MR,3200.5,20893484,Pass,,None,0.94,#INVALID OPERATION,,0.87,,
1002178987,2025-10-18,Line 1,2025,SWCO,GSS8937,TVW099069X1,MF,1149.5,20893485,Fail,,None,0.925,#INVALID OPERATION,,0.925,,4 SMUT
2400007254,2025-10-20,Gravity,2024,SWCO,GARRISON,TVW088589X1,MF,2831.5,20881576,Pass,,0.9425,0.9625,0.02,0.93,0.825,-0.105,
2400007136,2025-10-20,Gravity,2025,SWBS,AC111Y,CUW25T9023K,LR,90,20853410,Fail,,,NA,,,NA,,3 DENT
1002164388,2025-10-20,Line 2,2025,BECO,HUNTINGTON,WAG099009,L,26931.5,20784854,Pass,,0.8875,NA,,NA,NA,,
1002164388,2025-10-20,Line 2,2025,BECO,HUNTINGTON,WAG099009,,6327,20785125,Fail,Discolored,0.8875,NA,,NA,NA,,2.56% DISCOLORED 3.68% TOTAL TARE
1002150404,2025-10-20,Line 1,2025,SWCO,PLAYA,WAW099079X2,LR,8674.5,20668153,Pass,,0.885,0.955,0.07,0.935,0.965,0.0299999999999999,
1002150404,2025-10-20,Line 1,2025,SWCO,PLAYA,WAW099079X2,LF,7160.5,20668154,Pass,,0.9225,0.9725,0.05,0.91,0.985,0.075,
1002150404,2025-10-20,Line 1,2025,SWCO,PLAYA,WAW099079X2,MR,2498,20668155,Pass,,0.9675,0.9725,0.005,0.97,0.98,0.01,
1002150404,2025-10-20,Line 1,2025,SWCO,PLAYA,WAW099079X2,MF,1483.5,20668156,Pass,,0.955,0.955,0,0.96,0.96,0,
2400007253,2025-10-21,Gravity,2024,SWCO,GLACIAL,WAW088526X2,MR,943.5,20881574,Pass,,0.9725,0.9875,0.015,0.945,0.955,0.01,
300098479,2025-10-21,Gravity,2025,SWCO,BSS1075-R,CCW099037X2,MR,724.5,20860332,Pass,,0.9725,0.95,-0.0225000000000001,,0.915,,
1002139576,2025-10-21,Line 2,2025,PECO,SUGAR FLASH,WAS099029,,11264,20555169,Pass,,0.7975,0.905,0.1075,NA,NA,,
1002150403,2025-10-21,Line 1,2025,SWCO,PLAYA,WAW099078X2,LR,12819,20668149,Pass,,0.9225,0.9625,0.04,0.955,0.945,-0.01,
1002150403,2025-10-21,Line 1,2025,SWCO,PLAYA,WAW099078X2,LF,9360,20668150,Pass,,0.9225,0.975,0.0525,0.97,0.955,-0.015,2 VAL: 1 COB
1002150403,2025-10-21,Line 1,2025,SWCO,PLAYA,WAW099078X2,MR,2974.5,20668151,Pass,,0.9025,0.9675,0.0650000000000001,0.935,0.96,0.0249999999999999,
1002150403,2025-10-21,Line 1,2025,SWCO,PLAYA,WAW099078X2,MF,1384.5,20668152,Pass,,0.9025,0.9325,0.03,0.865,0.975,0.11,2 VAL: 1.93% DAMAGED SEED
1002150405,2025-10-21,Line 1,2025,SWCO,PLAYA,WAW099081X2,LR,1078,20668158,Pass,,0.9,0.9575,0.0575,0.865,0.93,0.0650000000000001,2 VAL: 1 COB
1002150405,2025-10-21,Line 1,2025,SWCO,PLAYA,WAW099081X2,LF,910.5,20668159,Pass,,0.8675,0.95,0.0824999999999999,0.9,0.935,0.035,
1002150405,2025-10-21,Line 1,2025,SWCO,PLAYA,WAW099081X2,MR,249.5,20668160,Pass,,0.9025,0.955,0.0525,0.91,0.955,0.0449999999999999,
1002150405,2025-10-21,Line 1,2025,SWCO,PLAYA,WAW099081X2,MF,138,20668161,Pass,,0.865,0.9625,0.0975,,0.93,,
2400007252,2025-10-22,Gravity,2024,SWCO,HONEY SELECT,ORT088608,MF,731.5,20881562,Pass,,,0.9675,,,0.95,,
2400007077,2025-10-22,Gravity,2025,SWBS,R565A,CPW25T9020X1,L,54,20856331,Fail,,,NA,,,NA,,2 DENT 7 COB 1 OTHER CROP (PISUM SATIVUM)
300098665,2025-10-22,Gravity,2025,SWBS,AC111Y,CUW25T9023,UN,396,20877872,Fail,,,NA,,,NA,,5 COB
2400007175,2025-10-22,Gravity,2025,SWBS,R565A,CCW25T9010X1,LR,109.5,20871586,Fail,,,NA,,,NA,,2 COB
1002139575,2025-10-22,Line 2,2025,PECO,SUGAR FLASH,TVS099019,,14291,20555159,Fail,Broken,0.9075,NA,,NA,NA,,0.52% DAMAGED
2400007236,2025-10-23,Gravity,2025,SWBS,AC206Y,TVW25T9506,MF,82.5,20899488,Fail,Cob,,NA,,,NA,,24 COB
1002139572,2025-10-23,Line 2,2025,PECO,SUGAR FLASH,TVS099016,,16110,20555123,Pass,,0.9225,0.8775,-0.045,NA,NA,,
1002174855,2025-10-23,Line 1,2025,SWCO,GSS3951,WAW099054X1,LR,5325.5,20866813,Pass,,0.9525,0.965,0.0125,0.91,0.945,0.0349999999999999,2 VAL: 1 COB
1002174855,2025-10-23,Line 1,2025,SWCO,GSS3951,WAW099054X1,LF,6359,20866814,Fail,Smut,0.97,NA,,0.945,NA,,1 SMUT
1002174855,2025-10-23,Line 1,2025,SWCO,GSS3951,WAW099054X1,MR,9455,20866815,Pass,,0.9675,0.9775,0.01,0.98,0.93,-0.0499999999999999,
1002174855,2025-10-23,Line 1,2025,SWCO,GSS3951,WAW099054X1,MF,20478,20866816,Pass,,0.9775,0.9775,0,0.935,0.99,0.0549999999999999,
2400007261,2025-10-24,Gravity,2025,SWCO,BSS36922,TVW099014X2,M,218.5,20887298,Fail,Broken,,NA,,,NA,,3.31% DAMAGE 2 COB
1002178925,2025-10-24,Line 1,2025,SWCO,GSS6924,WAW099066X1,LR,998.5,20893474,Fail,Weed,0.97,NA,,0.985,NA,,3 OTHER CROP SEED
1002178925,2025-10-24,Line 1,2025,SWCO,GSS6924,WAW099066X1,LF,1284.5,20893475,Pass,,0.9775,0.9825,0.005,0.99,0.99,0,
1002178925,2025-10-24,Line 1,2025,SWCO,GSS6924,WAW099066X1,MR,2147.5,20893476,Pass,,0.9875,0.995,0.00749999999999995,0.98,0.995,0.015,
1002178925,2025-10-24,Line 1,2025,SWCO,GSS6924,WAW099066X1,MF,4910.5,20893477,Pass,,0.9875,0.995,0.00749999999999995,0.97,0.995,0.025,
1002178920,2025-10-24,Line 1,2025,SWCO,GSS6924,WAW099067X1,LR,811,20893412,Pass,,0.915,0.9725,0.0575,0.99,0.99,0,
1002178920,2025-10-24,Line 1,2025,SWCO,GSS6924,WAW099067X1,LF,1897.5,20893413,Pass,,0.9675,0.9975,0.03,0.99,0.975,-0.015,
1002178920,2025-10-24,Line 1,2025,SWCO,GSS6924,WAW099067X1,MR,1891.5,20893414,Pass,,0.9875,0.995,0.00749999999999995,0.985,1,0.015,
1002178920,2025-10-24,Line 1,2025,SWCO,GSS6924,WAW099067X1,MF,6566.5,20893415,Pass,,0.9925,0.9875,-0.005,0.995,0.975,-0.02,
1002181740,2025-10-24,Line 1,2025,SWCO,GSS6924,WAW099065X1,LR,1911.5,20909985,Pass,,0.9825,0.9675,-0.015,0.975,0.98,0.005,
1002181740,2025-10-24,Line 1,2025,SWCO,GSS6924,WAW099065X1,LF,2975.5,20909986,Pass,,0.9825,0.98,-0.00250000000000006,0.975,0.985,0.01,
1002181740,2025-10-24,Line 1,2025,SWCO,GSS6924,WAW099065X1,MR,4544.5,20909987,Pass,,0.9775,0.99,0.0125,0.9979,0.99,-0.00790000000000002,
1002181740,2025-10-24,Line 1,2025,SWCO,GSS6924,WAW099065X1,MF,16348.5,20909988,Pass,,0.9825,0.975,-0.00750000000000006,0.975,0.99,0.015,
1002139570,2025-10-24,Line 2,2025,PECO,SUGAR FLASH,TVS099014,,24449,20555109,Pass,,0.93,0.805,-0.125,NA,NA,,
1002178924,2025-10-25,Line 1,2025,SWCO,GSS8529,WAW099037X1,LR,770,20893465,Pass,,0.955,0.9875,0.0325000000000001,0.97,0.955,-0.015,
1002178924,2025-10-25,Line 1,2025,SWCO,GSS8529,WAW099037X1,LF,1640.5,20893466,Pass,,0.955,0.995,0.04,0.97,0.97,0,
1002178924,2025-10-25,Line 1,2025,SWCO,GSS8529,WAW099037X1,MR,1036,20893467,Pass,,0.9525,0.99,0.0375,0.97,1,0.03,
1002178924,2025-10-25,Line 1,2025,SWCO,GSS8529,WAW099037X1,MF,2823,20893468,Pass,,0.955,0.995,0.04,0.97,0.985,0.015,
2400007219,2025-10-25,Gravity,2025,SWCO,BSS36922,TVW099014X2,L,567.5,20887256,Pass,,,0.925,,,0.935,,
1002139578,2025-10-25,Line 2,2025,PECO,SUGAR FLASH,WAS099032,,11215,20555185,Pass,,0.7525,0.875,0.1225,NA,NA,,
1002181892,2025-10-25,Line 1,2025,SWCO,GSS8529,WAW099094X1,LR,556,20910239,Pass,,0.9675,0.96,-0.00750000000000006,0.96,0.985,0.025,
1002181892,2025-10-25,Line 1,2025,SWCO,GSS8529,WAW099094X1,LF,802,20910240,Fail,Smut,,NA,,,NA,,2 SMUT
1002181892,2025-10-25,Line 1,2025,SWCO,GSS8529,WAW099094X1,MR,1242,20910241,Pass,,0.9675,0.9925,0.025,0.96,0.985,0.025,
1002181892,2025-10-25,Line 1,2025,SWCO,GSS8529,WAW099094X1,MF,3136.5,20910242,Pass,,0.9675,0.9925,0.025,0.96,0.99,0.03,
1002139571,2025-10-27,Line 2,2025,PECO,SUGAR FLASH,TVS099015,,17607.5,20555116,Pass,,0.9275,0.825,-0.1025,NA,NA,,
1002181891,2025-10-27,Line 1,2025,SWCO,GSS1477S,WAW099043X1,LR,5499.5,20910234,Fail,Discolored,0.765,NA,,0.74,NA,,0.73% DISCOLORED
1002181891,2025-10-27,Line 1,2025,SWCO,GSS1477S,WAW099043X1,LF,7036.5,20910235,Pass,,0.8375,0.915,0.0775,0.86,0.825,-0.035,
1002181891,2025-10-27,Line 1,2025,SWCO,GSS1477S,WAW099043X1,MR,6168.5,20910236,Pass,,,0.8775,,,0.875,,
1002181891,2025-10-27,Line 1,2025,SWCO,GSS1477S,WAW099043X1,MF,16646.5,20910237,Pass,,,0.9375,,,0.885,,
2400007113,2025-10-28,Gravity,2025,SWCO,DESERT FROST,WAW099001X2,MF,196.5,20889466,Pass,,,0.9725,,,0.95,,
2400007177,2025-10-28,Gravity,2025,SWCO,DESERT FROST,WAW099001X2,LR,571.5,20889398,Pass,,,0.9825,,,0.975,,
2400007282,2025-10-29,Gravity,2023,SWCO,OVERLAND-R,WAW077111X1,LR,3345,20899442,Pass,,0.9625,0.975,0.0125,0.925,0.95,0.0249999999999999,
2400007265,2025-10-29,Gravity,2025,SWBS,R565A,CPW25T9020X1,M,23.5,20910212,Fail,Cob,,NA,,,NA,,5 COB
2400007114,2025-10-29,Gravity,2025,SWBS,R565A,CCW25T9010X1,MR,197.5,20901932,Fail,Cob,,NA,,,NA,,8 COB
1002178919,2025-10-29,Line 1,2025,SWCO,TYSON,WAW099086X1,LR,3995,20893360,Pass,,0.765,0.955,0.19,0.74,0.945,0.205,
1002178919,2025-10-29,Line 1,2025,SWCO,TYSON,WAW099086X1,LF,5898.5,20893361,Pass,,,0.9425,,,0.935,,
1002178919,2025-10-29,Line 1,2025,SWCO,TYSON,WAW099086X1,MR,5099.5,20893362,Pass,,0.9525,0.965,0.0125,0.93,0.975,0.0449999999999999,
1002178919,2025-10-29,Line 1,2025,SWCO,TYSON,WAW099086X1,MF,14006.5,20893363,Fail,Discolored,,0.9675,,,0.9675,,2.04% DISCOLORED
1002139567,2025-10-29,Line 2,2025,PECO,Sugar 188,WAS099037,,23690,20555054,Fail,Broken,0.8575,NA,,NA,NA,,1.18% DAMAGED SEED
1002170412,2025-10-29,Line 1,2025,SWCO,BSS1075-R,WAW099005X2J,LR,6259,20836435,Pass,,,0.8425,,,0.885,,2 VAL: 1 COB
1002170412,2025-10-29,Line 1,2025,SWCO,BSS1075-R,WAW099005X2J,LF,2799.5,20836436,Pass,,,0.8825,,,0.91,,
1002170412,2025-10-29,Line 1,2025,SWCO,BSS1075-R,WAW099005X2J,MR,4656.5,20836437,Pass,,,0.86,,,0.865,,2 VAL: 1 COB
1002170412,2025-10-29,Line 1,2025,SWCO,BSS1075-R,WAW099005X2J,MF,1978.5,20836438,Fail,Cob,,0.895,,,0.895,,6 COB
1002150145,2025-10-30,Line 1,2025,SWCO,BSS1075-R,WAW099007X2,LR,7566,20668073,Pass,,0.9825,0.935,-0.0475,0.97,0.955,-0.015,
1002150145,2025-10-30,Line 1,2025,SWCO,BSS1075-R,WAW099007X2,LF,6224,20668074,Pass,,0.96,0.9825,0.0225000000000001,,0.965,,
1002150145,2025-10-30,Line 1,2025,SWCO,BSS1075-R,WAW099007X2,MR,6349.5,20668075,Pass,,0.9325,0.9775,0.045,0.97,0.95,-0.02,
1002150145,2025-10-30,Line 1,2025,SWCO,BSS1075-R,WAW099007X2,MF,6588,20668076,Pass,,0.955,0.985,0.03,0.97,0.935,-0.0349999999999999,2 VAL: 1 COB
2400007303,2025-10-30,Gravity,2025,SWCO,GSS5649,WAW099064X1,LR,16458.5,20910252,Pass,,,0.9875,,,0.89,,
2400007237,2025-10-30,Gravity,2025,SWBS,R681,CCW25T9003X1W,M,452.5,20903882,Pass,,,0.5725,,,0.49,,
2400007305,2025-10-31,Gravity,2025,SWBS,AC111Y,CUW25T9023K,MR,105,20914692,Pass,,,0.7475,,,0.705,,
2400007284,2025-10-31,Gravity,2025,SWCO,GSS8937,TVW099069X1,MF,852.5,20910372,Fail,Smut,,NA,,,NA,,2 SMUT
1002170411,2025-10-31,Line 1,2025,SWCO,BSS1075-R,WAW099007X2J,LR,5904,20836431,Pass,,0.955,0.9625,0.00750000000000006,0.965,0.95,-0.015,
1002170411,2025-10-31,Line 1,2025,SWCO,BSS1075-R,WAW099007X2J,LF,5950.5,20836432,Pass,,0.975,0.9875,0.0125000000000001,0.99,0.97,-0.02,
1002170411,2025-10-31,Line 1,2025,SWCO,BSS1075-R,WAW099007X2J,MR,6285.5,20836433,Pass,,0.9575,0.995,0.0375,0.955,0.985,0.03,
1002170411,2025-10-31,Line 1,2025,SWCO,BSS1075-R,WAW099007X2J,MF,7405.5,20836434,Fail,Smut,0.985,NA,,0.965,NA,,1 SMUT
2400007326,2025-10-31,Gravity,2025,SWBS,AC111Y,CUW25T9023,UN,366.5,20919360,Fail,Cob,,NA,,,NA,,3 COB
1002139568,2025-10-31,Line 2,2025,PECO,SUGAR 188,ORS099040,,20186.5,20555067,Pass,,0.8725,0.83,-0.0425000000000001,NA,NA,,
2400007238,2025-11-01,Gravity,2025,SWBS,AC111Y,CUW25T9023K,LR,77.5,20912313,Fail,Cob,,NA,,,NA,,4 COB
1002183079,2025-11-01,Line 1,2025,SWCO,GSS1453-R,WAW099041X1,LR,1523.5,20915016,Pass,,0.8775,0.9475,0.0700000000000001,0.93,0.91,-0.02,
1002183079,2025-11-01,Line 1,2025,SWCO,GSS1453-R,WAW099041X1,LF,2558,20915017,Pass,,0.93,0.9575,0.0275,0.93,0.91,-0.02,
1002183079,2025-11-01,Line 1,2025,SWCO,GSS1453-R,WAW099041X1,MR,4759,20915018,Pass,,0.965,0.98,0.015,0.945,0.98,0.035,
1002183079,2025-11-01,Line 1,2025,SWCO,GSS1453-R,WAW099041X1,MF,14947,20915019,Pass,,0.9625,0.9925,0.03,0.915,0.97,0.0549999999999999,
2400007235,2025-11-03,Gravity,2024,SWCO,PATRON,WAW088557H,LF,276,20899487,Pass,,0.99,0.965,-0.025,0.96,0.975,0.015,
2400007159,2025-11-03,Gravity,2025,SWCO,CABO,WAW099018X2,MF,1100,20887462,Pass,,,0.98,,,0.95,,
1002139526,2025-11-03,Line 1,2025,PECO,SL3123,ORS099028,,8610.5,20553493,Pass,,0.935,0.87,-0.0650000000000001,NA,NA,,
1002181739,2025-11-03,Line 1,2025,SWCO,GSS3951,WAW099055X1,LR,1055,20909938,Fail,Cob,,0.96,,,0.96,,2 COB
1002181739,2025-11-03,Line 1,2025,SWCO,GSS3951,WAW099055X1,LF,2236,20909939,Fail,Discolored,,0.9775,,,0.9775,,1.23% DISCOLORED
1002181739,2025-11-03,Line 1,2025,SWCO,GSS3951,WAW099055X1,MR,1907,20909940,Pass,,0.9475,0.9825,0.035,0.935,0.905,-0.03,
1002181739,2025-11-03,Line 1,2025,SWCO,GSS3951,WAW099055X1,MF,12591.5,20909941,Fail,Cob,,0.9525,,,0.9525,,2 COB
2400007280,2025-11-04,Gravity,2024,SWCO,HONEY SELECT,ORT088608,LF,795.5,20889614,Pass,,,0.995,,,0.99,,
1002139582,2025-11-04,Line 2,2025,PECO,SUGAR LACE,ORS099007,,30099.5,20555223,Fail,Discolored,0.73,NA,,NA,NA,,9.32% DISCOLORED
1002139528,2025-11-04,Line 1,2025,PECO,SL3123,ORS099033,,30082,20553577,Pass,,0.8775,0.8925,0.015,NA,NA,,
1002139527,2025-11-05,Line 1,2025,PECO,SL3123,WAS099031,,23316.5,20553566,Fail,Broken,0.9125,NA,,NA,NA,,0.53% DAMAGED SEED
1002137505,2025-11-06,Line 2,2025,PECO,SP704-3-8,ORS099008,,37795,20526978,Fail,Broken,0.85,NA,,NA,NA,,0.61% DAMAGED SEED
1002139529,2025-11-06,Line 1,2025,PECO,SL3123,ORS099034,,20886,20553585,Pass,,0.87,0.8675,-0.00249999999999995,NA,NA,,
1002180988,2025-11-06,Line 2,2025,BECO,JAMESON,TVG099014,,8041.5,20784967,Pass,,0.9425,0.875,-0.0675,NA,NA,,
2400007262,2025-11-06,Gravity,2025,SWCO,CABO,WAW099017X2,MF,1163.5,20889408,Pass,,,0.965,,,0.97,,
1002181792,2025-11-06,Line 1,2025,SWCO,BSS8021,TVW099015X2J,LR,4267.5,20910292,Pass,,0.965,0.9875,0.0225000000000001,0.975,0.98,0.005,
1002181792,2025-11-06,Line 1,2025,SWCO,BSS8021,TVW099015X2J,LF,2417,20910293,Pass,,0.99,0.9825,-0.00749999999999995,0.955,0.975,0.02,
1002181792,2025-11-06,Line 1,2025,SWCO,BSS8021,TVW099015X2J,MR,1780,20910294,Pass,,0.96,0.955,-0.005,0.98,0.985,0.005,
1002181792,2025-11-06,Line 1,2025,SWCO,BSS8021,TVW099015X2J,MF,2425,20910295,Pass,,0.965,0.9725,0.00750000000000006,0.935,0.985,0.0499999999999999,
2400007256,2025-11-07,Gravity,2025,SWCO,CABO,WAW099017X2,MR,2760.5,20889489,Pass,,,0.95,,,0.975,,
1002150388,2025-11-07,Line 1,2025,SWCO,BSS8021,TVW099015X2,LR,2933.5,20668086,Pass,,0.9375,0.96,0.0225,0.945,0.95,0.005,
1002150388,2025-11-07,Line 1,2025,SWCO,BSS8021,TVW099015X2,LF,1774,20668087,Pass,,0.965,0.9825,0.0175000000000001,0.955,0.985,0.03,
1002150388,2025-11-07,Line 1,2025,SWCO,BSS8021,TVW099015X2,MR,1374.5,20668088,Pass,,0.9675,0.95,-0.0175000000000001,0.99,0.985,-0.005,
1002150388,2025-11-07,Line 1,2025,SWCO,BSS8021,TVW099015X2,MF,1882.5,20668089,Pass,,0.96,0.96,0,0.965,0.95,-0.015,
2400007115,2025-11-07,Gravity,2025,SWBS,AC206Y,TVW25T9506,MF,75.5,20932618,Fail,Cob,,NA,,,NA,,5 COB
2400007266,2025-11-07,Gravity,2025,SWBS,R565A,CCW25T9010X1,LR,98,20924247,Pass,,,0.8275,,,0.645,,2 VAL: 1 COB
2400007322,2025-11-08,Gravity,2025,SWCO,GSS1477S,WAW099043X1W,MR,1893,20903837,Pass,,,0.6225,,,0.55,,
2400007340,2025-11-08,Gravity,2025,SWCO,BSS36922,TVW099014X2,M,198,20924468,Pass,,,0.93,,,0.845,,
2400007321,2025-11-08,Gravity,2025,SWCO,GSS1477S,WAW099043X1W,LF,2477,20903827,Pass,,,0.505,,,0.555,,
2400007268,2025-11-08,Gravity,2025,SWCO,GSS1477S,WAW099043X1,LR,4643.5,20929740,Pass,,,0.9275,,,0.92,,
2400007320,2025-11-10,Gravity,2025,SWCO,GSS1477S,WAW099043X1W,LR,1575,20903812,Pass,,,0.6,,,0.485,,
1002178997,2025-11-10,Line 1,2025,SWCO,MATRIARCH,WAW099072HJ2,LR,260.5,20893685,Pass,,,0.9425,,,0.96,,
1002178997,2025-11-10,Line 1,2025,SWCO,MATRIARCH,WAW099072HJ2,LF,536.5,20893686,Pass,,,0.97,,,0.99,,
1002178997,2025-11-10,Line 1,2025,SWCO,MATRIARCH,WAW099072HJ2,MR,592,20893687,Pass,,,0.9475,,,0.955,,
1002178997,2025-11-10,Line 1,2025,SWCO,MATRIARCH,WAW099072HJ2,MF,1225,20893688,Fail,Discolored,,0.96,,,0.96,,0.57% DISCOLORED
1002187109,2025-11-10,Line 2,2025,BEBS,ORGANDI,TVG25V9547,,34467.5,20937325,Fail,Tare,0.89,NA,,NA,NA,,4.24% REJECT TOTAL
2400007323,2025-11-11,Gravity,2025,SWCO,GSS1477S,WAW099043X1W,MF,5010.5,20903839,Pass,,,0.56,,,0.515,,
2400007239,2025-11-11,Gravity,2025,SWCO,GSS6924,WAW099066X1,LR,963.5,20923474,Pass,,,0.935,,,0.985,,
1002178998,2025-11-11,Line 1,2025,SWCO,MATRIARCH,WAW099072HJ1,LR,244,20893690,Pass,,,0.98,,,0.95,,
1002178998,2025-11-11,Line 1,2025,SWCO,MATRIARCH,WAW099072HJ1,LF,470.5,20893691,Fail,Smut,,NA,,,NA,,1 SMUT
1002178998,2025-11-11,Line 1,2025,SWCO,MATRIARCH,WAW099072HJ1,MR,576.5,20893692,Fail,Weed,,NA,,,NA,,1 NOXIOUS WEED 1 OTHER SPECIES (SOLANUM SPP.)
1002178998,2025-11-11,Line 1,2025,SWCO,MATRIARCH,WAW099072HJ1,MF,1134,20893693,Pass,,,0.95,,,0.925,,
1002150399,2025-11-11,Line 1,2025,SWCO,MATRIARCH,WAW099072H,LR,564.5,20668132,Fail,Smut,,NA,,,NA,,1 SMUT
1002150399,2025-11-11,Line 1,2025,SWCO,MATRIARCH,WAW099072H,LF,1263,20668133,Fail,Smut,,NA,,,NA,,1 SMUT
1002150399,2025-11-11,Line 1,2025,SWCO,MATRIARCH,WAW099072H,MR,1376.5,20668134,Fail,Smut,,NA,,,NA,,2 SMUT 1 COB
1002150399,2025-11-11,Line 1,2025,SWCO,MATRIARCH,WAW099072H,MF,3171.5,20668135,Pass,,,0.92,,,0.935,,
1002150400,2025-11-11,Line 1,2025,SWCO,MATRIARCH,WAW099073H,LR,1169.5,20668136,Pass,,0.9,0.9425,0.0425,,0.955,,
1002150400,2025-11-11,Line 1,2025,SWCO,MATRIARCH,WAW099073H,LF,2245,20668137,Pass,,0.935,0.9575,0.0225,0.895,0.945,0.0499999999999999,
1002150400,2025-11-11,Line 1,2025,SWCO,MATRIARCH,WAW099073H,MR,2952,20668138,Pass,,0.93,0.95,0.0199999999999999,0.915,0.92,0.005,2 OTHER SPECIES (SOLANUM SPP.)
1002150400,2025-11-11,Line 1,2025,SWCO,MATRIARCH,WAW099073H,MF,4952.5,20668139,Pass,,0.92,0.9175,-0.00250000000000006,0.89,0.92,0.03,
2400007333,2025-11-12,Gravity,2024,SWCO,GSS3951,WAW088598,LF,5331.5,20944589,Pass,,,0.9725,,,0.935,,
2400007139,2025-11-12,Gravity,2025,SWCO,GSS3951,WAW099054X1,LF,5507.5,20921994,Pass,,,0.97,,,0.995,,
2400007259,2025-11-12,Gravity,2025,SWCO,GSS 8529,WAW099094X1,LF,762.5,20924458,Pass,,,0.9975,,,1,,
1002180966,2025-11-12,Line 2,2025,BECO,AUBERON,TVG099002,,24192.5,20784472,Fail,Broken,0.95,NA,,NA,NA,,0.85% DAMAGED SEED
1002150401,2025-11-12,Line 1,2025,SWCO,P&C EARLY,WAC099077,LR,13745.5,20668140,Fail,Dent,,NA,,,NA,,44 DENT 1 SMUT 2 OTHER SPECIES (ZEA MAYS)
1002150401,2025-11-12,Line 1,2025,SWCO,P&C EARLY,WAC099077,LF,3884,20668141,Fail,Dent,,0.995,,,0.995,,300 DENT 1 COB
1002150401,2025-11-12,Line 1,2025,SWCO,P&C EARLY,WAC099077,MR,4466.5,20668142,Fail,Dent,,0.98,,,0.98,,177 DENT 10 OFFTYPES 3 SMUT 23 OTHER SPECIES (ZEA MAYS)
2400007334,2025-11-13,Gravity,2023,SWCO,GSS3951,WAW077180,MF,1088,20944593,Fail,Discolored,,NA,,,NA,,0.69% DISCOLORED
2400007338,2025-11-13,Gravity,2024,SWCO,GSS3951,WAW088597X1,LF,6276.5,20944639,Pass,,,0.9875,,,0.92,,
1002180986,2025-11-13,Line 2,2025,BECO,EMOTION,TVG099005,,15669.5,20784844,Fail,Broken,0.9075,NA,,NA,NA,,0.59% DAMAGED SEED
1002150406,2025-11-13,Line 1,2025,SWCO,Silver Queen,WAC099083,LR,19292.5,20668162,Fail,Off-Type,0.9875,NA,,0.98,NA,,3 OFFTYPES 2 OTHER CROP (ZEA MAYS)
1002150406,2025-11-13,Line 1,2025,SWCO,Silver Queen,WAC099083,LF,33630,20668163,Pass,,0.99,0.99,0,1,1,0,
1002150406,2025-11-13,Line 1,2025,SWCO,Silver Queen,WAC099083,MR,2396,20668164,Pass,,0.9625,0.9875,0.025,0.96,0.96,0,
1002150406,2025-11-13,Line 1,2025,SWCO,Silver Queen,WAC099083,MF,1855.5,20668165,Pass,,0.91,0.985,0.075,0.885,0.98,0.095,
1002180987,2025-11-13,Line 2,2025,BECO,EMOTION,TVG099005J,,10636.5,20792433,Pass,,0.8875,0.8875,0,NA,NA,,
2400007267,2025-11-14,Gravity,2023,SWCO,OVERLAND-R,WAW077070X1,MF,5707.5,20929381,Pass,,,0.9775,,,0.945,,
2400007335,2025-11-14,Gravity,2024,SWCO,GSS2577,PL41102407,,2398.5,20944603,Pass,,,0.98,,,0.96,,
300099023,2025-11-14,Gravity,2025,SWCO,GSS1170-R,WAW099040X2,MR,3598,20927621,Fail,Discolored,,NA,,,NA,,0.87% DISCOLORED
1002163862,2025-11-14,Line 2,2025,BEBS,SB4890,TVG25S9525T,,877,20776241,Pass,,0.925,0.6575,-0.2675,NA,NA,,
1002188085,2025-11-14,Line 2,2025,BEBS,EMOTION,TVG25T9505,,5047.5,20769468,Fail,Broken,0.9525,NA,,NA,NA,,0.51% DAMAGED SEED
1002163901,2025-11-14,Line 2,2025,BEBS,SB4877,TVG25U9542,,4090,20776362,Fail,Broken,0.8975,NA,,NA,NA,,0.64% DAMAGED SEED
1002150408,2025-11-14,Line 1,2025,SWCO,SILVER QUEEN,WAC099044,LR,10910.5,20668170,Fail,Off-Type,0.9825,NA,,0.995,NA,,5 OFFTYPES 8 OTHER CROP SEED
1002150408,2025-11-14,Line 1,2025,SWCO,SILVER QUEEN,WAC099044,LF,19047,20668171,Pass,,0.985,0.9925,0.00750000000000006,0.985,1,0.015,2 VAL: 1 DENT 2 OFFTYPES
1002150408,2025-11-14,Line 1,2025,SWCO,SILVER QUEEN,WAC099044,MR,2056,20668172,Fail,Dent,0.985,NA,,1,NA,,47 DENT 15 OFFTYPES 8 OTHER SPECIES (ZEA MAYS)
1002150408,2025-11-14,Line 1,2025,SWCO,SILVER QUEEN,WAC099044,MF,1599,20668173,Fail,Off-Type,0.925,NA,,0.92,NA,,7 OFFTYPES
1002163863,2025-11-15,Line 2,2025,BEBS,SB4895,TVG25S9526T,,556,20776242,Pass,,0.875,0.675,-0.2,NA,NA,,
1002185592,2025-11-15,Line 2,2025,BEBS,SB4906,TVG25S9515T,,661,20929765,Pass,,0.88,0.9125,0.0325,NA,NA,,
1002150396,2025-11-15,Line 1,2025,SWCO,GLACIAL,WAW099036X2,LR,5983,20668120,Pass,,0.955,0.9625,0.00750000000000006,0.885,0.925,0.04,
1002150396,2025-11-15,Line 1,2025,SWCO,GLACIAL,WAW099036X2,LF,4244,20668121,Fail,Discolored,0.94,NA,,0.9,NA,,1.90% DISCOLORED
1002150396,2025-11-15,Line 1,2025,SWCO,GLACIAL,WAW099036X2,MR,2355.5,20668122,Fail,Discolored,0.895,NA,,0.85,NA,,0.70% DISCOLORED
1002150396,2025-11-15,Line 1,2025,SWCO,GLACIAL,WAW099036X2,MF,1572,20668123,Fail,Broken,0.91,NA,,0.88,NA,,2.38% DAMAGED 1.81% DISCOLORED
2400007264,2025-11-15,Gravity,2025,SWCO,GSS1170-R,WAW099039X2,MF,9027.5,20901848,Fail,Discolored,,NA,,,NA,,1.47% DISCOLORED
1002186258,2025-11-15,Line 2,2025,BEBS,SB4907,TVG25S9516T,,643,20769483,Fail,Inert,0.92,NA,,NA,NA,,0.01%  INERTL
1002183075,2025-11-15,Line 1,2025,SWCO,CODE 646,WAW099091,LR,3914.5,20914982,Pass,,,0.99,,,0.955,,
1002183075,2025-11-15,Line 1,2025,SWCO,CODE 646,WAW099091,LF,1136.5,20914983,Fail,Discolored,,NA,,,NA,,0.80% DISCOLORED
1002183075,2025-11-15,Line 1,2025,SWCO,CODE 646,WAW099091,MR,223,20914984,Pass,,,0.965,,,0.98,,
1002183075,2025-11-15,Line 1,2025,SWCO,CODE 646,WAW099091,MF,107.5,20914985,Pass,,,0.97,,,0.97,,2 VAL: 1 COB
1002178918,2025-11-15,Line 2,2025,SWCO,GSS8529,WAW099038X1,LR,167.5,20893343,Fail,Smut,,0.9825,,,0.9825,,1 SMUT
1002178918,2025-11-15,Line 2,2025,SWCO,GSS8529,WAW099038X1,LF,305,20893344,Pass,,,0.99,,,0.985,,
1002178918,2025-11-15,Line 2,2025,SWCO,GSS8529,WAW099038X1,MR,292,20893345,Pass,,,0.985,,,0.99,,
1002178918,2025-11-15,Line 2,2025,SWCO,GSS8529,WAW099038X1,MF,573,20893346,Pass,,,1,,,0.985,,2 VAL: 1 COB
1002183078,2025-11-15,Line 1,2025,SWCO,CODE 646,WAW099093J,LR,3488,20914998,Pass,,,0.925,,,0.955,,
1002183078,2025-11-15,Line 1,2025,SWCO,CODE 646,WAW099093J,LF,1365.5,20914999,Fail,Discolored,,NA,,,NA,,1.02% DISCOLORED
1002183078,2025-11-15,Line 1,2025,SWCO,CODE 646,WAW099093J,MR,300,20915000,Fail,Discolored,,NA,,,NA,,1.74% DISCOLORED
1002183078,2025-11-15,Line 1,2025,SWCO,CODE 646,WAW099093J,MF,164,20915001,Fail,Cob,,NA,,,NA,,16 COB 1 SMUT 2.24% DISCOLORED
1002184981,2025-11-16,Line 2,2025,SWBS,AC082Y,TVW25T9500,UN,334.5,20924530,Fail,Cob,0.955,NA,,0.915,NA,,11 COB
1002183077,2025-11-16,Line 1,2025,SWCO,CODE 646,WAW099091J,LR,3241,20914992,Pass,,,0.935,,,0.98,,
1002183077,2025-11-16,Line 1,2025,SWCO,CODE 646,WAW099091J,LF,947,20914993,Fail,Cob,,NA,,,NA,,5 COB
1002183077,2025-11-16,Line 1,2025,SWCO,CODE 646,WAW099091J,MR,204.5,20914994,Pass,,,0.9725,,,0.99,,
1002183077,2025-11-16,Line 1,2025,SWCO,CODE 646,WAW099091J,MF,81.5,20914995,Fail,Broken,,NA,,,NA,,4.27% DAMAGED SEED 2 COB
2400007332,2025-11-17,Gravity,2024,SWCO,SWEET G 90,WAC088587,LR,11745.5,20942171,Pass,,,0.995,,,0.95,,
1002183076,2025-11-17,Line 1,2025,SWCO,CODE 646,WAW099093,LR,5483,20914987,Pass,,0.9825,0.99,0.00749999999999995,0.93,0.97,0.0399999999999999,2 VAL: 1 COB
1002183076,2025-11-17,Line 1,2025,SWCO,CODE 646,WAW099093,LF,1972.5,20914988,Fail,Discolored,0.965,NA,,0.86,NA,,1.99% DISCOLORED
1002183076,2025-11-17,Line 1,2025,SWCO,CODE 646,WAW099093,MR,510.5,20914989,Pass,,0.9675,0.975,0.00749999999999995,0.945,0.94,-0.005,
1002183076,2025-11-17,Line 1,2025,SWCO,CODE 646,WAW099093,MF,315,20914990,Fail,Discolored,0.9325,NA,,0.87,NA,,1.45% DISCOLORED 1.94% DAMAGED
1002184979,2025-11-17,Line 2,2025,SWBS,AC157Y,TVW25T9505,LR,154,20924522,Fail,Cob,0.9125,NA,,0.835,NA,,8 COB 0.73% DISCOLORED
1002184979,2025-11-17,Line 2,2025,SWBS,AC157Y,TVW25T9505,LF,265.5,20924523,Fail,Dent,0.9125,NA,,0.835,NA,,3 DENT 1 COB
1002184979,2025-11-17,Line 2,2025,SWBS,AC157Y,TVW25T9505,MR,542,20924524,Pass,,0.9125,0.9425,0.03,0.835,0.9,0.0650000000000001,
1002184979,2025-11-17,Line 2,2025,SWBS,AC157Y,TVW25T9505,MF,554.5,20924525,Fail,Cob,0.9125,NA,,0.835,NA,,17 COB 1.86%
1002181890,2025-11-17,Line 2,2025,SWCO,GH9335,WAC099035,LR,509,20910229,Fail,Dent,0.9825,NA,,0.97,NA,,25 DENT 4 COB
1002181890,2025-11-17,Line 2,2025,SWCO,GH9335,WAC099035,LF,149,20910230,Fail,Dent,0.92,NA,,0.895,NA,,38 DENT 3 COB
1002181890,2025-11-17,Line 2,2025,SWCO,GH9335,WAC099035,MR,224,20910231,Fail,Dent,0.98,NA,,0.94,NA,,22 DENT
1002181890,2025-11-17,Line 2,2025,SWCO,GH9335,WAC099035,MF,62.5,20910232,Fail,Cob,0.9,NA,,0.915,NA,,42 COB 4.34% DAMAGED SEED 0.57% DISCOLORED
2400007331,2025-11-18,Gravity,2024,SWCO,SWEET G 90,WAC088587,LF,6556,20942170,Pass,,,0.95,,,0.96,,
2400007337,2025-11-18,Gravity,2024,SWCO,GSS4628,WAW088536X1,LF,2217,20944627,Pass,,,0.96,,,0.945,,
1002183087,2025-11-18,Line 2,2025,SWBS,R584A,WAW25T9547X1,LR,169.5,20914630,Fail,Cob,0.95,NA,,0.93,NA,,2 COB
1002183087,2025-11-18,Line 2,2025,SWBS,R584A,WAW25T9547X1,LF,236,20914631,Pass,,0.95,0.97,0.02,0.93,0.91,-0.02,
1002183087,2025-11-18,Line 2,2025,SWBS,R584A,WAW25T9547X1,MR,372.5,20914632,Pass,,0.95,0.93,-0.0199999999999999,0.93,0.93,0,
1002183087,2025-11-18,Line 2,2025,SWBS,R584A,WAW25T9547X1,MF,497,20914633,Pass,,0.95,0.91,-0.0399999999999999,0.93,0.93,0,
1002184974,2025-11-18,Line 2,2025,SWBS,R584A,TVW25T9548X1,LR,241,20924497,Pass,,0.915,0.88,-0.035,0.98,0.925,-0.0549999999999999,2 VAL: 1 COB
1002184974,2025-11-18,Line 2,2025,SWBS,R584A,TVW25T9548X1,LF,417,20924498,Pass,,0.915,0.9275,0.0125,0.98,0.96,-0.02,2 VAL: 1 COB
1002184974,2025-11-18,Line 2,2025,SWBS,R584A,TVW25T9548X1,MR,501.5,20924499,Pass,,0.915,0.9575,0.0425,0.98,0.975,-0.005,
1002184974,2025-11-18,Line 2,2025,SWBS,R584A,TVW25T9548X1,MF,778.5,20924500,Pass,,0.915,0.96,0.0449999999999999,0.98,0.955,-0.025,
1002183089,2025-11-18,Line 2,2025,SWBS,AC215Y,TVW25S9507,LR,137,20914638,Pass,,0.91,0.9475,0.0375,0.905,0.91,0.005,2 VAL: 1 COB
1002183089,2025-11-18,Line 2,2025,SWBS,AC215Y,TVW25S9507,LF,264.5,20914639,Fail,Dent,0.91,NA,,0.905,NA,,1 DENT 1 COB
1002183089,2025-11-18,Line 2,2025,SWBS,AC215Y,TVW25S9507,MR,227,20914640,Pass,,0.91,0.9375,0.0275,0.905,0.925,0.02,
1002183089,2025-11-18,Line 2,2025,SWBS,AC215Y,TVW25S9507,MF,355,20914641,Pass,,0.91,0.9375,0.0275,0.905,0.865,-0.04,2 VAL: 1 COB
1002181790,2025-11-18,Line 1,2025,SWCO,GARRISON-R,TVW099024X2,LR,1185,20910286,Fail,Broken,,NA,,,NA,,3.42% DAMAGED SEED
1002181790,2025-11-18,Line 1,2025,SWCO,GARRISON-R,TVW099024X2,LF,2075,20910287,Pass,,,0.9575,,,0.86,,
1002181790,2025-11-18,Line 1,2025,SWCO,GARRISON-R,TVW099024X2,MR,3085.5,20910288,Fail,Discolored,,0.97,,,0.97,,0.78% DISCOLORED
1002181790,2025-11-18,Line 1,2025,SWCO,GARRISON-R,TVW099024X2,MF,11172.5,20910289,Fail,Discolored,,0.9825,,,0.9825,,0.98% DISCOLORED
2400007400,2025-11-19,Gravity,2024,SWCO,GSS3951,24-MZ2031X1,LF,2576.5,20944645,Fail,Discolored,,NA,,,NA,,1.67% DISCOLORED
1002182729,2025-11-19,Line 2,2025,SWBS,R00681A,TVW25T9518X1,LR,396.5,20912388,Fail,Broken,0.4125,NA,,0.22,NA,,2.19% DAMAGED SEED 3.16% DISCOLORED 1 COB
1002182729,2025-11-19,Line 2,2025,SWBS,R00681A,TVW25T9518X1,LF,394,20912389,Fail,Discolored,0.4125,NA,,0.22,NA,,4.28% DISCOLORED
1002182729,2025-11-19,Line 2,2025,SWBS,R00681A,TVW25T9518X1,MR,140.5,20912390,Fail,Cob,0.4125,NA,,0.22,NA,,3 COB 2.03% DISCOLORED
1002182729,2025-11-19,Line 2,2025,SWBS,R00681A,TVW25T9518X1,MF,170,20912391,Pass,,0.4125,0.375,-0.0375,0.22,0.365,0.145,2 VAL: 1 COB
1002182844,2025-11-19,Line 2,2025,SWBS,R325A,TVC25S9539X1,LR,1012,20914615,Pass,,0.97,0.945,-0.025,0.945,0.92,-0.0249999999999999,
1002182844,2025-11-19,Line 2,2025,SWBS,R325A,TVC25S9539X1,LF,616,20914616,Fail,Dent,0.97,NA,,0.945,NA,,5 DENT
1002184975,2025-11-19,Line 2,2025,SWBS,R584A,TVW25T9549X1,LR,193.5,20924501,Pass,,0.8625,0.935,0.0725,0.935,0.955,0.0199999999999999,2 VAL: 1 COB
1002184975,2025-11-19,Line 2,2025,SWBS,R584A,TVW25T9549X1,LF,255,20924502,Fail,Cob,0.8625,NA,,0.935,NA,,2 COB
1002184975,2025-11-19,Line 2,2025,SWBS,R584A,TVW25T9549X1,MR,567.5,20924503,Pass,,0.8625,0.9725,0.11,0.935,0.965,0.0299999999999999,
1002184975,2025-11-19,Line 2,2025,SWBS,R584A,TVW25T9549X1,MF,854.5,20924504,Pass,,0.8625,0.9425,0.08,0.935,0.925,-0.01,2 VAL: 1 COB
1002181387,2025-11-19,Line 1,2025,SWCO,GARRISON-R,TVW099025X2,LR,2103.5,20907000,Fail,Discolored,0.905,NA,,0.95,NA,,0.61% DISCOLORED
1002181387,2025-11-19,Line 1,2025,SWCO,GARRISON-R,TVW099025X2,LF,2703,20907001,Fail,Discolored,0.8825,NA,,0.915,NA,,0.65% DISCOLORED
1002181387,2025-11-19,Line 1,2025,SWCO,GARRISON-R,TVW099025X2,MR,3675,20907002,Pass,,0.89,0.9425,0.0525,0.895,0.835,-0.0600000000000001,2 VAL: 1 COB
1002181387,2025-11-19,Line 1,2025,SWCO,GARRISON-R,TVW099025X2,MF,10861,20907003,Fail,Discolored,0.9175,NA,,0.815,NA,,1.24% DISCOLORED
2400007401,2025-11-20,Gravity,2024,SWCO,GSS3951,WAW088573X1,LF,11901,20944652,Fail,Discolored,,NA,,,NA,,2.11% DISCOLORED
1002181888,2025-11-20,Line 2,2025,SWCO,GSS2259P,WAW099046X1,LR,226.5,20910215,Pass,,,0.9625,,,0.945,,
1002181888,2025-11-20,Line 2,2025,SWCO,GSS2259P,WAW099046X1,LF,420,20910216,Pass,,,0.975,,,0.985,,
1002181888,2025-11-20,Line 2,2025,SWCO,GSS2259P,WAW099046X1,MR,734,20910217,Pass,,,0.99,,,0.985,,
1002181888,2025-11-20,Line 2,2025,SWCO,GSS2259P,WAW099046X1,MF,1065,20910218,Pass,,,0.995,,,0.99,,
1002184948,2025-11-20,Line 2,2025,SWCO,GSS2259P,WAW099045X1,LR,206.5,20924352,Pass,,,0.975,,,0.975,,
1002184948,2025-11-20,Line 2,2025,SWCO,GSS2259P,WAW099045X1,LF,416,20924353,Pass,,,0.9925,,,0.985,,
1002184948,2025-11-20,Line 2,2025,SWCO,GSS2259P,WAW099045X1,MR,1369.5,20924354,Pass,,,0.99,,,1,,
1002184948,2025-11-20,Line 2,2025,SWCO,GSS2259P,WAW099045X1,MF,1107.5,20924355,Pass,,,0.9875,,,0.99,,
1002181811,2025-11-20,Line 1,2025,SWCO,ACCENTUATE,WAW099003X2,LR,4640,20910339,Fail,Discolored,0.785,NA,,0.755,NA,,1.19% DISCOLORED
1002181811,2025-11-20,Line 1,2025,SWCO,ACCENTUATE,WAW099003X2,LF,4639,20910340,Fail,Discolored,0.745,NA,,0.76,NA,,1.19% DISCOLORED
1002181811,2025-11-20,Line 1,2025,SWCO,ACCENTUATE,WAW099003X2,MR,5440,20910341,Fail,Discolored,0.9025,NA,,0.885,NA,,2.80% DISCOLORED
1002181811,2025-11-20,Line 1,2025,SWCO,ACCENTUATE,WAW099003X2,MF,4849,20910342,Fail,Cob,0.7825,NA,,0.79,NA,,3 COB 3.08% DISCOLORED
1002181386,2025-11-20,Line 2,2025,SWCO,WSS33739,TVW099089X2,L,536.5,20906990,Fail,Discolored,,NA,,,NA,,2.28% DISCOLORED
1002181386,2025-11-20,Line 2,2025,SWCO,WSS33739,TVW099089X2,M,184.5,20906991,Fail,Broken,,0.905,,,0.905,,3.04% DAMAGED SEED 3.80% DISCOLORED
2400007361,2025-11-21,Gravity,2024,SWCO,GLACIAL,WAW088526X2,LF,1734,20935478,Pass,,,0.9575,,,0.95,,
1002150386,2025-11-21,Line 1,2025,SWCO,BSS1075-R,WAW099008X2,LR,3695.5,20668077,Pass,,0.965,0.96,-0.005,0.97,0.965,-0.005,
1002150386,2025-11-21,Line 1,2025,SWCO,BSS1075-R,WAW099008X2,LF,1521,20668078,Pass,,0.9025,0.965,0.0625,0.955,0.985,0.03,
1002150386,2025-11-21,Line 1,2025,SWCO,BSS1075-R,WAW099008X2,MR,2146.5,20668079,Pass,,0.915,0.9525,0.0375,0.95,0.975,0.025,
1002150386,2025-11-21,Line 1,2025,SWCO,BSS1075-R,WAW099008X2,MF,853,20668080,Fail,Cob,0.94,NA,,0.92,NA,,2 COB 0.83% DISCOLORED
1002177222,2025-11-21,Line 1,2025,SWCO,BSS1075-R,WAW099008X2J,LR,2574.5,20885648,Pass,,,0.9625,,,0.95,,
1002177222,2025-11-21,Line 1,2025,SWCO,BSS1075-R,WAW099008X2J,LF,951.5,20885649,Pass,,,0.97,,,0.96,,
1002177222,2025-11-21,Line 1,2025,SWCO,BSS1075-R,WAW099008X2J,MR,1325,20885650,Pass,,,0.96,,,0.935,,2 VAL: 1 COB
1002177222,2025-11-21,Line 1,2025,SWCO,BSS1075-R,WAW099008X2J,MF,574,20885651,Pass,,,0.9625,,,0.96,,
1002150143,2025-11-21,Line 1,2025,SWCO,BSS1075-R,WAW099005X2,LR,6584,20668065,Pass,,0.9725,0.955,-0.0175000000000001,0.965,0.955,-0.01,2 VAL: 1 COB
1002150143,2025-11-21,Line 1,2025,SWCO,BSS1075-R,WAW099005X2,LF,2308,20668066,Pass,,0.9675,0.9775,0.01,0.97,0.975,0.005,
1002150143,2025-11-21,Line 1,2025,SWCO,BSS1075-R,WAW099005X2,MR,3870,20668067,Fail,Cob,0.9925,NA,,1,NA,,2 COB
1002150143,2025-11-21,Line 1,2025,SWCO,BSS1075-R,WAW099005X2,MF,1190,20668068,Fail,Cob,0.9725,NA,,0.975,NA,,12 COB
1002180928,2025-11-21,Line 2,2025,SWCO,GSS3378,WAW099052X2,LR,450,20904044,Fail,Cob,0.935,NA,,0.965,NA,,2 COB
1002180928,2025-11-21,Line 2,2025,SWCO,GSS3378,WAW099052X2,LF,247,20904045,Fail,Cob,0.97,NA,,0.96,NA,,3 COB
1002180928,2025-11-21,Line 2,2025,SWCO,GSS3378,WAW099052X2,MR,253,20904046,Fail,Cob,0.94,NA,,0.955,NA,,5 COB
1002180928,2025-11-21,Line 2,2025,SWCO,GSS3378,WAW099052X2,MF,673.5,20904047,Fail,Smut,0.9675,NA,,0.965,NA,,1 SMUT 3 COB 0.67% DISCOLORED
1002184234,2025-11-21,Line 2,2025,SWCO,WWSS3949,TVW099090X2,UN,43,20922220,Fail,Weed,,NA,,,NA,,1 OTHER CROP SEED 0.81% DISCOLORED
2400007380,2025-11-22,Gravity,2024,SWCO,GSS3071S,WAW088531X1,MF,7538.5,20940731,Pass,,,0.9425,,,0.74,,
2400007330,2025-11-22,Gravity,2024,SWCO,HONEY SELECT,ORT088542K,LR,1075,20942166,Pass,,,0.975,,,0.965,,
2400007360,2025-11-22,Gravity,2024,SWCO,SILVER QUEEN,WAC088582W,LR,13468.5,20935476,Fail,Dent,,NA,,,NA,,9 DENT 0.60% DISCOLORED
1002179000,2025-11-22,Line 2,2025,SWCO,BSS23648-R,TVW099095X2,LR,810.5,20893704,Pass,,0.975,0.9775,0.00250000000000006,0.9,0.915,0.015,
1002179000,2025-11-22,Line 2,2025,SWCO,BSS23648-R,TVW099095X2,LF,1113.5,20893705,Pass,,0.9725,0.9775,0.005,0.855,0.815,-0.04,
1002179000,2025-11-22,Line 2,2025,SWCO,BSS23648-R,TVW099095X2,MR,174,20893706,Fail,Discolored,0.9575,NA,,0.85,NA,,0.75% DISCOLORED
1002179000,2025-11-22,Line 2,2025,SWCO,BSS23648-R,TVW099095X2,MF,281.5,20893707,Fail,Discolored,0.96,NA,,0.705,NA,,1.19% DISCOLORED
1002186259,2025-11-22,Line 2,2025,BEBS,SB4908,TVG25S9517T,,2038.5,20776232,Pass,,0.9175,0.845,-0.0725,NA,NA,,
1002184233,2025-11-22,Line 2,2025,SWCO,BSS3556,TVW099013X2,LR,649,20922210,Fail,Smut,0.9525,NA,,0.915,NA,,1 SMUT 2.25% DAMAGED SEED 0.91% DISCOLORED
1002184233,2025-11-22,Line 2,2025,SWCO,BSS3556,TVW099013X2,LF,713.5,20922211,Fail,Discolored,0.9725,NA,,0.95,NA,,2.25% DISCOLORED
1002184233,2025-11-22,Line 2,2025,SWCO,BSS3556,TVW099013X2,MR,150.5,20922212,Fail,Discolored,0.97,NA,,0.965,NA,,0.58% DISCOLORED
1002184233,2025-11-22,Line 2,2025,SWCO,BSS3556,TVW099013X2,MF,113.5,20922213,Fail,Smut,0.935,NA,,0.9,NA,,1 SMUT 2 COB 2.49% DAMAGED SEED 1.13% DISCOLORED
1002177223,2025-11-22,Line 1,2025,SWCO,BSS1075-R,WAW099006X2J,LR,2157,20885652,Pass,,0.935,0.9425,0.00749999999999995,0.94,0.975,0.035,
1002177223,2025-11-22,Line 1,2025,SWCO,BSS1075-R,WAW099006X2J,LF,2482,20885653,Pass,,0.945,0.965,0.02,0.935,0.975,0.0399999999999999,
1002177223,2025-11-22,Line 1,2025,SWCO,BSS1075-R,WAW099006X2J,MR,4205,20885654,Pass,,0.945,0.9775,0.0325000000000001,0.91,0.92,0.01,
1002177223,2025-11-22,Line 1,2025,SWCO,BSS1075-R,WAW099006X2J,MF,6574,20885655,Pass,,0.9725,0.9925,0.02,0.91,0.96,0.0499999999999999,
2400007336,2025-11-23,Gravity,2022,SWCO,GH6462S,TVC066350X1,LR,704.5,20944625,Fail,Dent,,NA,,,NA,,12 DENT
1002186260,2025-11-23,Line 2,2025,BEBS,SB4909,TVG25S9518T,,1988.5,20776234,Pass,,0.935,0.82,-0.115,NA,NA,,
2400007272,2025-11-24,Gravity,2024,SWCO,HONEY SELECT,ORT088542,LF,3847,20949994,Fail,Discolored,,NA,,,NA,,1.39% DISCOLORED
2400007368,2025-11-24,Gravity,2024,SWCO,HONEY SELECT,ORT088608,MR,283.5,20957840,Fail,Discolored,,NA,,,NA,,1.64% DISCOLORED
1002186261,2025-11-24,Line 2,2025,BEBS,SB4910,TVG25S9519T,,1283,20776235,Pass,,0.8975,0.715,-0.1825,NA,NA,,
1002150144,2025-11-24,Line 1,2025,SWCO,BSS1075-R,WAW099006X2,LR,3117,20668069,Pass,,0.93,0.9375,0.00749999999999995,0.95,0.965,0.015,
1002150144,2025-11-24,Line 1,2025,SWCO,BSS1075-R,WAW099006X2,LF,3595.5,20668070,Pass,,0.9225,0.97,0.0475,0.91,0.965,0.0549999999999999,
1002150144,2025-11-24,Line 1,2025,SWCO,BSS1075-R,WAW099006X2,MR,5317,20668071,Pass,,0.975,0.9725,-0.00249999999999995,0.935,0.92,-0.015,
1002150144,2025-11-24,Line 1,2025,SWCO,BSS1075-R,WAW099006X2,MF,7752,20668072,Pass,,0.9525,0.985,0.0325,0.925,0.975,0.0499999999999999,
1002186262,2025-11-24,Line 2,2025,BEBS,SB4911,TVG25S9520T,,497,20776237,Fail,Discolored,0.9325,NA,,NA,NA,,3.72% DISCOLORED
1002186264,2025-11-25,Line 2,2025,BEBS,SB4913,TVG25S9522T,,3311.5,20776239,Fail,Discolored,0.8075,NA,,NA,NA,,4.11% DISCOLORED
1002186263,2025-11-25,Line 2,2025,BEBS,SB4912,TVG25S9521T,,2951.5,20776238,Fail,Broken,0.9425,NA,,NA,NA,,0.55% DAMAGED SEED
2400007420,2025-11-25,Gravity,2025,SWCO,CODE 646,WAW099093J,MR,279.5,20956196,Pass,,,0.9775,,,0.975,,
1002150142,2025-11-25,Line 1,2025,SWCO,ACCESSION,WAW099004X2,LR,895.5,20668061,Fail,Cob,0.955,NA,,0.935,NA,,2 COB
1002150142,2025-11-25,Line 1,2025,SWCO,ACCESSION,WAW099004X2,LF,2765,20668062,Fail,Discolored,0.95,NA,,0.91,NA,,0.72% DISCOLORED
1002150142,2025-11-25,Line 1,2025,SWCO,ACCESSION,WAW099004X2,MR,1159,20668063,Pass,,0.945,0.965,0.02,0.91,0.9,-0.01,
1002150142,2025-11-25,Line 1,2025,SWCO,ACCESSION,WAW099004X2,MF,2882,20668064,Fail,Cob,0.955,NA,,0.92,NA,,2 COB
1002186265,2025-11-25,Line 2,2025,BEBS,SB4914,TVG25S9523T,,2469,20776240,Pass,,0.89,0.82,-0.0700000000000001,NA,NA,,
2400007315,2025-11-25,Gravity,2025,SWCO,CODE 646,WAW099091J,LF,854.5,20957104,Fail,Cob,,NA,,,NA,,3 COB
1002163864,2025-11-26,Line 2,2025,BEBS,SB4918,TVG25S9528T,,466,20776243,Fail,Broken,0.8725,NA,,NA,NA,,4.82% CRACKED SEED COAT & COTYLENDON OVERGROWTH
2400007366,2025-11-26,Gravity,2025,SWCO,CODE 646,WAW099091,LF,1059.5,20956222,Fail,Discolored,,NA,,,NA,,0.52% DISCOLORED
1002163865,2025-11-26,Line 2,2025,BEBS,SB4920,TVG25S9530T,,448,20776245,Pass,,0.8375,0.725,-0.1125,NA,NA,,
2400007382,2025-11-26,Gravity,2025,SWCO,CODE 646,WAW099093J,LF,1268.5,20956194,Pass,,,0.975,,,0.895,,2 VAL: 1 COB
2400007384,2025-11-26,Gravity,2025,SWCO,CODE 646,WAW099093,MF,275,20957661,Fail,Cob,,NA,,,NA,,2 COB
2400007385,2025-11-26,Gravity,2025,SWCO,CODE 646,WAW099093,LF,1815.5,20957721,Pass,,,0.975,,,0.97,,
2400007345,2025-11-26,Gravity,2025,SWCO,CODE 646,WAW099091J,MF,76.5,20957319,Fail,Cob,,NA,,,NA,,5 COB 2.95% DAMAGED SEED 1.45% DISCOLORED
1002183877,2025-12-01,Line 1,2025,SWCO,GSS3951,WAW099057X1,LR,4511.5,20922060,Pass,,,0.9725,,,0.94,,
1002183877,2025-12-01,Line 1,2025,SWCO,GSS3951,WAW099057X1,LF,7173.5,20922061,Pass,,,0.985,,,0.985,,
1002183877,2025-12-01,Line 1,2025,SWCO,GSS3951,WAW099057X1,MR,7716,20922062,Pass,,,0.9775,,,0.95,,2 VAL: 1 COB
1002183877,2025-12-01,Line 1,2025,SWCO,GSS3951,WAW099057X1,MFL,12479.5,20922063,Fail,Cob,,0.9925,,,0.9925,,8 COB 0.67% DISCOLORED
1002183877,2025-12-01,Line 1,2025,SWCO,GSS3951,WAW099057X1,MFH,18225,20960942,Pass,,,0.98,,,0.97,,
1002172134,2025-12-01,Line 2,2025,PEBS,ZERUCO,TVP25T9130TK,,6456,20847641,Pass,,0.9775,0.9975,0.02,NA,NA,,
1002188076,2025-12-01,Line 2,2025,BEBS,19B1101,TVG25T9500T,,5446,20769461,Pass,,0.955,0.9025,-0.0525,NA,NA,,
2400007138,2025-12-01,Gravity,2025,SWCO,GARRISON-R,WAW099027X2,LF,3041.5,20898747,Pass,,,0.9675,,,0.94,,
1002188136,2025-12-02,Line 1,2025,BEBS,OKAPI,TVG25T9531,,7209,20776246,Fail,Discolored,0.89,NA,,NA,NA,,1.77% DISCOLORED 5.06% CRACKED SEED COAT & COTYLENDON OVERGROWTH
1002180997,2025-12-02,Line 1,2025,BECO,OKAPI,TVG099021,,9630.5,20785000,Fail,Broken,0.8725,NA,,NA,NA,,7.76% CRACKED SEED COAT & COTYLENDON OVERGROWTH
1002188081,2025-12-02,Line 2,2025,BEBS,20B00474,TVG25T9501T,,2401,20769463,Pass,,0.915,0.9075,-0.00750000000000006,NA,NA,,
2400007367,2025-12-03,Gravity,2023,SWCO,GSS8937,TVW077038X1,LR,509,20957469,Pass,,,0.97,,,0.945,,
2400007339,2025-12-03,Gravity,2024,SWCO,GSS3951,WAW088573X1,LR,5054.5,20944642,Pass,,,0.985,,,0.915,,
2400007278,2025-12-03,Gravity,2024,SWCO,007R,WAW088500X2,LF,1531.5,20959425,Pass,,,0.985,,,,,
2400007290,2025-12-03,Gravity,2025,SWCO,GSS8937,TVW099069X1,MF,765,20937273,Pass,,,0.945,,,0.86,,2 VAL: 1.80% DAMAGED SEED
300098945,2025-12-04,Gravity,2025,SWCO,GARRISON-R,WAW099026X2,LF,3762,20922074,Fail,Broken,,NA,,,NA,,2.52% DAMAGED SEED
300098946,2025-12-04,Gravity,2025,SWCO,GARRISON-R,WAW099026X2,MR,6647,20922076,Pass,,,0.97,,,0.93,,
300098947,2025-12-04,Gravity,2025,SWCO,GARRISON-R,WAW099026X2J,LR,1050.5,20922077,Fail,Broken,,NA,,,NA,,2.58% DAMAGED SEED
300098953,2025-12-04,Gravity,2025,SWCO,GARRISON-R,WAW099026X2J,LF,1394.5,20927807,Fail,Broken,,NA,,,NA,,2.38% DAMAGED SEED
300098930,2025-12-04,Gravity,2025,SWCO,GARRISON-R,WAW090027X2,MR,2992,20939113,Pass,,,0.965,,,0.88,,
2400007387,2025-12-05,Gravity,2025,SWCO,GARRISON-R,TVW099024X2,LR,862.5,20959395,Pass,,,0.9675,,,0.925,,
300098929,2025-12-05,Gravity,2025,SWCO,GARRISON-R,WAW099026X2J,MR,2240.5,20939112,Pass,,,0.985,,,0.955,,
2400007179,2025-12-05,Gravity,2025,SWCO,STARSHINE,WAC099085X1,MR,658.5,20903789,Fail,Dent,,NA,,,NA,,1 DENT
1002188138,2025-12-05,Line 2,2025,BEBS,R102066,TVG25U9536T,,15606,20776285,Pass,,0.955,0.94,-0.015,NA,NA,,
300098907,2025-12-05,Gravity,2025,SWCO,STARSHINE,WAC099085X1,LF,3231.5,20919151,Pass,,,0.9825,,,1,,
1002163890,2025-12-06,Line 2,2025,BEBS,R102066,TVG25S9535,,3960,20776260,Pass,,0.925,0.92,-0.005,NA,NA,,
1002188139,2025-12-07,Line 2,2025,BEBS,R102083,TVG25U9550T,,6980.5,20776330,Fail,Broken,0.96,NA,,NA,NA,,0.52% DAMAGED SEED
1002163892,2025-12-08,Line 2,2025,BEBS,R102083,TVG25S9537,,3308,20776307,Fail,Weed,0.9425,NA,,NA,NA,,0.12% PLANT & INSECT DEBRIS
1002180990,2025-12-08,Line 1,2025,BECO,BASTION,TVG099003,,2324.5,20784646,Fail,Weed,0.845,NA,,NA,NA,,0.01% PLANT & INSECT DEBRIS
1002188140,2025-12-09,Line 2,2025,BEBS,R302089,TVG25T9549,,11154.5,20776350,Pass,,0.8875,0.835,-0.0525,NA,NA,,
1002163895,2025-12-09,Line 2,2025,BEBS,R302089,TVG25S9548,,2992.5,20776349,Pass,,0.715,0.7325,0.0175000000000001,NA,NA,,
1002190173,2025-12-09,Line 2,2025,SWCO,BSS9224,TVW099016X2,UN,170.5,20949973,Pass,,,0.9775,,,0.98,,
1002150407,2025-12-09,Line 2,2025,SWCO,SILVER QUEEN,TVC099552,UN,302,20668166,Fail,Off-Type,,NA,,,NA,,8 OFFTYPES
1002180998,2025-12-09,Line 1,2025,BECO,POWERON,TVG099026,,6878,20785009,Pass,,0.8975,0.9075,0.01,NA,NA,,
1002180996,2025-12-10,Line 1,2025,BECO,KAMARON,TVG99015,,8693,20784972,Fail,Broken,0.9575,NA,,NA,NA,,0.75% DAMAGED SEED
1002174298,2025-12-11,Line 1,2025,SWCO,GSS39933,WAW099059,LR,3175,20864768,Pass,,0.96,0.9575,-0.00249999999999995,0.9,0.98,0.08,2 VAL: 1 COB
1002174298,2025-12-11,Line 1,2025,SWCO,GSS39933,WAW099059,LF,1262,20864769,Pass,,0.92,0.955,0.0349999999999999,0.935,0.945,0.0099999999999999,
1002174298,2025-12-11,Line 1,2025,SWCO,GSS39933,WAW099059,MR,564,20864770,Pass,,0.925,0.94,0.0149999999999999,0.915,0.935,0.02,
1002174298,2025-12-11,Line 1,2025,SWCO,GSS39933,WAW099059,MF,181.5,20864771,Fail,Cob,0.87,NA,,0.785,NA,,3 COB
1002180999,2025-12-11,Line 1,2025,BECO,VERDIGON,TVG099041,,22052,20785033,Pass,,0.93,0.915,-0.015,NA,NA,,
1002150392,2025-12-11,Line 2,2025,SWCO,DESERT FROST,TVW099019X2,LR,2790.5,20668103,Fail,Off-Type,0.9525,NA,,0.92,NA,,89 OFFTYPES
1002150392,2025-12-11,Line 2,2025,SWCO,DESERT FROST,TVW099019X2,LF,4436.5,20668104,Fail,Off-Type,0.97,NA,,0.975,NA,,99 OFFTYPES
1002150392,2025-12-11,Line 2,2025,SWCO,DESERT FROST,TVW099019X2,MR,677.5,20668105,Fail,Off-Type,,0.9825,,,0.9825,,88 OFFTYPES
1002150392,2025-12-11,Line 2,2025,SWCO,DESERT FROST,TVW099019X2,MF,1523.5,20668106,Fail,Off-Type,0.98,NA,,0.955,NA,,99 OFFTYPES 0.57% DISCOLORED
1002150393,2025-12-11,Line 2,2025,SWCO,DESERT FROST,TVW099020X2,LR,1393,20668107,Fail,Off-Type,,NA,,,NA,,83 OFFTYPES 2 SMUT 0.59% DISCOLORED
1002150393,2025-12-11,Line 2,2025,SWCO,DESERT FROST,TVW099020X2,LF,4215.5,20668108,Fail,Off-Type,,NA,,,NA,,140 OFFTYPES
1002150393,2025-12-11,Line 2,2025,SWCO,DESERT FROST,TVW099020X2,MR,753.5,20668109,Fail,Off-Type,,NA,,,NA,,130 OFFTYPES
1002150393,2025-12-11,Line 2,2025,SWCO,DESERT FROST,TVW099020X2,MF,2351,20668110,Fail,Off-Type,,0.985,,,0.985,,176 OFFTYPES 1 SMUT 3 COB
2400007374,2025-12-12,Gravity,2024,SWCO,GSS3951,WAW088573X1,MR,12114.5,20981319,Pass,,,0.9675,,,0.935,,
2400007375,2025-12-12,Gravity,2024,SWCO,GSS3951,WAW088598,MFH,9100.5,20981346,Pass,,,0.985,,,0.925,,
1002178999,2025-12-12,Line 1,2025,SWCO,BSS31212,TVW099011X2,LR,882,20893694,Pass,,0.7475,0.955,0.2075,0.74,0.885,0.145,2 VAL: 1 COB
1002178999,2025-12-12,Line 1,2025,SWCO,BSS31212,TVW099011X2,LF,2018.5,20893695,Fail,Cob,0.635,NA,,0.57,NA,,2 COB 0.97% DISCOLORED
1002178999,2025-12-12,Line 1,2025,SWCO,BSS31212,TVW099011X2,MR,255,20893696,Fail,Discolored,0.835,NA,,0.745,NA,,1.60% DISCOLORED
1002178999,2025-12-12,Line 1,2025,SWCO,BSS31212,TVW099011X2,MF,412.5,20893697,Fail,Cob,0.71,NA,,0.615,NA,,5 COB
1002180927,2025-12-12,Line 2,2025,SWCO,DESERT FROST,TVW099020X2J,LR,1964,20904035,Fail,Off-Type,,0.9525,,,0.9525,,105 OFFTYPES 1% DISCOLORED
1002180927,2025-12-12,Line 2,2025,SWCO,DESERT FROST,TVW099020X2J,LF,4781.5,20904036,Fail,Off-Type,,0.9875,,,0.9875,,93 OFTYPES 1 OTHER CROP SEED
1002180927,2025-12-12,Line 2,2025,SWCO,DESERT FROST,TVW099020X2J,MR,943,20904037,Fail,Off-Type,,0.9675,,,0.9675,,109 OFFTYPES
1002180927,2025-12-12,Line 2,2025,SWCO,DESERT FROST,TVW099020X2J,MF,2856,20904038,Fail,Off-Type,,0.98,,,0.98,,111 OFFTYPES
1002180992,2025-12-13,Line 1,2025,BECO,ESCADRON,TVG099006,,22934.5,20784845,Fail,Broken,0.9575,NA,,NA,NA,,0.98% DAMAGED SEED
1002183090,2025-12-13,Line 2,2025,SWBS,AC246Y,TVW25S9508,LR,304,20914643,Fail,Cob,0.7075,NA,,0.725,NA,,34 COB 3 DENT
1002183090,2025-12-13,Line 2,2025,SWBS,AC246Y,TVW25S9508,LF,302.5,20914644,Fail,Cob,0.7075,NA,,0.725,NA,,11 COB
1002184977,2025-12-13,Line 2,2025,SWBS,R00118,TVW25T9513X1,LF,249,20924515,Fail,Cob,0.8175,NA,,0.79,NA,,5 COB
1002184977,2025-12-13,Line 2,2025,SWBS,R00118,TVW25T9513X1,MR,282,20924516,Fail,Cob,0.8175,NA,,0.79,NA,,14 COB
1002184977,2025-12-13,Line 2,2025,SWBS,R00118,TVW25T9513X1,MF,483,20924517,Fail,Cob,0.8175,NA,,0.79,NA,,12 COB 2 OFFTYPES
1002184976,2025-12-13,Line 2,2025,SWBS,R00153,TVW25T9515X1K,UN,85,20924505,Fail,Cob,0.935,NA,,0.925,NA,,14 COB 3 SMUT
1002184730,2025-12-13,Line 1,2025,BEBS,ESCADRON,TVG25U9550,,10682,20924207,Pass,,0.965,0.79,-0.175,NA,NA,,
1002180993,2025-12-13,Line 1,2025,BECO,ESCADRON,TVG099043,,10022,20784846,Fail,Broken,0.905,0.8,-0.105,NA,NA,,4.07% DAMAGED SEED
1002184984,2025-12-14,Line 2,2025,SWBS,R14759,TVW25S9526X1,UN,118,20924545,Fail,Dent,0.8825,NA,,0.79,NA,,2 DENT
1002188135,2025-12-14,Line 1,2025,BEBS,MASAI,TVG25T9514,,1840.5,20769481,Pass,,0.9275,0.915,-0.0125,NA,NA,,
1002184982,2025-12-15,Line 2,2025,SWBS,R15309,TVW25S9527X1,UN,52.5,20924534,Fail,Cob,0.5225,NA,,0.66,NA,,9 COB 0.64% DISCOLORED
1002185006,2025-12-15,Line 2,2025,SWBS,R16826,TVW25S9530X1,UN,197,20924555,Fail,Cob,0.9625,NA,,0.97,NA,,3 COB 1 SMUT
1002181003,2025-12-15,Line 1,2025,BECO,MASAI,TVG099019,,5990,20784997,Pass,,0.96,0.9763,0.0163,NA,NA,,
1002184985,2025-12-15,Line 2,2025,SWBS,R11965,TVW25S9525X1,L,226.5,20924550,Fail,Cob,0.85,NA,,0.755,NA,,7 COB
1002184985,2025-12-15,Line 2,2025,SWBS,R11965,TVW25S9525X1,M,341.5,20924551,Fail,Cob,0.85,NA,,0.755,NA,,3 COB 2 SMUT
1002184983,2025-12-15,Line 2,2025,SWBS,R28153,TVW25T9533X1,UN,204.5,20924540,Fail,Cob,0.71,NA,,0.39,NA,,38 COB 2.09% DAMAGED SEED 1.69% DISCOLORED 2 OFFTYPES
1002185007,2025-12-16,Line 2,2025,SWBS,R39232,TVC25S9541X1,LR,527,20924559,Fail,Cob,0.91,NA,,0.935,NA,,1 COB 1 OFFTYPE
1002185007,2025-12-16,Line 2,2025,SWBS,R39232,TVC25S9541X1,LF,384.5,20924560,Fail,Dent,0.91,NA,,0.935,NA,,2 DENT
1002184973,2025-12-16,Line 2,2025,SWBS,W0767,TVC25S9554,LR,158.5,20924490,Fail,Dent,0.94,NA,,0.865,NA,,37 DENT
1002184973,2025-12-16,Line 2,2025,SWBS,W0767,TVC25S9554,LF,386,20924491,Fail,Dent,0.94,NA,,0.865,NA,,4 DENT
1002184973,2025-12-16,Line 2,2025,SWBS,W0767,TVC25S9554,MR,200,20924492,Fail,Dent,0.94,NA,,0.865,NA,,19 DENT 2.03% DISCOLORED
1002184973,2025-12-16,Line 2,2025,SWBS,W0767,TVC25S9554,MF,149,20924493,Pass,,0.94,0.9475,0.00750000000000006,0.865,0.945,0.08,
2400007397,2025-12-16,Gravity,2025,SWCO,STARSHINE,WAC099085X1,MR,607,20981181,Fail,Dent,,NA,,,NA,,2 DENT 0.52% DISCOLORED
2400007178,2025-12-16,Gravity,2025,SWCO,STARSHINE,WAC099085X1,LR,16357,20903773,Pass,,,0.9825,,,0.945,,
1002188279,2025-12-16,Line 2,2025,SWBS,R5001H,TVW25U9544H,UN,63,20942676,Fail,Cob,0.7075,NA,,0.515,NA,,27 COB 4 DENT 1 SMUT 1.36% DISCOLORED
1002188280,2025-12-16,Line 2,2025,SWBS,R5001H,TVW25U9545H,UN,207.5,20942680,Fail,Cob,0.625,NA,,0.425,NA,,13 COB 1 SMUT 1 DENT 1.62% DISCOLORED
1002184235,2025-12-16,Line 2,2025,SWCO,GSS9040,TVW099070X1,LR,256.5,20922230,Pass,,,0.9825,,,0.965,,
1002184235,2025-12-16,Line 2,2025,SWCO,GSS9040,TVW099070X1,LF,473,20922231,Pass,,,0.985,,,0.985,,2 VAL: 1 COB
1002184235,2025-12-16,Line 2,2025,SWCO,GSS9040,TVW099070X1,MR,518,20922232,Fail,Discolored,,NA,,,NA,,0.59% DISCOLORED
1002184235,2025-12-16,Line 2,2025,SWCO,GSS9040,TVW099070X1,MF,751,20922233,Fail,Discolored,,NA,,,NA,,0.99% DISCOLORED 1 SMUT
1002139921,2025-12-17,Line 2,2025,PEBS,SL3230,TVS25S9105T,,807,20560362,Pass,,0.9725,0.8025,-0.17,NA,NA,,
1002163024,2025-12-17,Line 2,2025,BEBS,COYOTE,TVG25U9504,,688,20769467,Pass,,0.855,0.6275,-0.2275,NA,NA,,
1002178917,2025-12-17,Line 2,2025,SWCO,GSS4479,WAW099060X1,LR,300.5,20893325,Fail,Smut,,NA,,,NA,,1 SMUT 1 COB
1002178917,2025-12-17,Line 2,2025,SWCO,GSS4479,WAW099060X1,LF,380,20893326,Fail,Discolored,,0.9625,,,0.9625,,0.57% DISCOLORED
1002178917,2025-12-17,Line 2,2025,SWCO,GSS4479,WAW099060X1,MR,294.5,20893327,Pass,,,0.96,,,0.95,,
1002178917,2025-12-17,Line 2,2025,SWCO,GSS4479,WAW099060X1,MF,545,20893328,Pass,,,0.965,,,0.925,,
1002163023,2025-12-17,Line 2,2025,BEBS,COYOTE,TVG25S9503,,2216,20769465,Fail,Broken,0.8525,0.75,-0.1025,NA,NA,,1.14% DAMAGED SEED
1002181004,2025-12-17,Line 1,2025,BECO,MONCAYO,TVG099020,,19364.5,20784999,Pass,,0.8325,0.81,-0.0225,NA,NA,,
1002163899,2025-12-18,Line 2,2025,BEBS,SB4780,TVG25T9540T,,4521,20776357,Pass,,0.9,0.845,-0.0550000000000001,NA,NA,,
1002184731,2025-12-18,Line 1,2025,BEBS,FURANO,TVG25V9548,,5788.5,20924242,Pass,,0.68,0.74,0.0599999999999999,NA,NA,,
1002181001,2025-12-18,Line 1,2025,BECO,FURANO,TVG099042,,18318,20784849,Fail,Broken,0.7925,NA,,NA,NA,,7.73% CRACKED SEED COAT & COTYLENDON OVERGROWTH
1002181000,2025-12-18,Line 2,2025,BECO,CERDON,TVG099004,,2325,20784740,Pass,,0.905,0.89,-0.015,NA,NA,,
1002186493,2025-12-19,Line 2,2025,BEBS,SB4881,TVG25T9543T,,3627,20776365,Pass,,0.96,0.87,-0.09,NA,NA,,
1002185121,2025-12-19,Line 2,2025,SWCO,GSS1474,WAW099042X1,L,328,20927301,Pass,,,0.945,,,0.88,,2 VAL: 1 COB
1002185121,2025-12-19,Line 2,2025,SWCO,GSS1474,WAW099042X1,M,148,20927302,Fail,Cob,,NA,,,NA,,2 COB 1 SMUT
1002181388,2025-12-19,Line 2,2025,SWCO,PATRON,ORW099076H,UN,320.5,20907005,Fail,Cob,,NA,,,NA,,8 COB
1002181297,2025-12-20,Line 1,2025,SWCO,SS3778R,WAW099084X2,LR,845.5,20906536,Pass,,0.85,0.99,0.14,0.985,0.995,0.01,
1002181297,2025-12-20,Line 1,2025,SWCO,SS3778R,WAW099084X2,LF,1190.5,20906537,Pass,,0.975,0.965,-0.01,0.98,0.995,0.015,
1002181297,2025-12-20,Line 1,2025,SWCO,SS3778R,WAW099084X2,MR,347.5,20906538,Pass,,0.9825,0.96,-0.0225000000000001,,0.965,,2 VAL: 2 OFFTYPES
1002181297,2025-12-20,Line 1,2025,SWCO,SS3778R,WAW099084X2,MF,151.5,20906539,Pass,,0.955,0.96,0.005,0.905,0.96,0.0549999999999999,
1002181889,2025-12-20,Line 1,2025,SWCO,GH6055,ORC099032X1,LR,10139,20910224,Pass,,,0.9975,,,0.995,,
1002181889,2025-12-20,Line 1,2025,SWCO,GH6055,ORC099032X1,LF,21818,20910225,Fail,Dent,,NA,,,NA,,6 DENT
1002181889,2025-12-20,Line 1,2025,SWCO,GH6055,ORC099032X1,MR,3396,20910226,Fail,Dent,,NA,,,NA,,10 DENT
1002181889,2025-12-20,Line 1,2025,SWCO,GH6055,ORC099032X1,MF,3206.5,20910227,Fail,Smut,,NA,,,NA,,3 SMUT 0.51% DISCOLORED
1002181889,2025-12-20,Line 1,2025,SWCO,GH6055,ORC099032X1,LRH,1126,21024149,Fail,Dent,,NA,,,NA,,340 DENT
1002181889,2025-12-20,Line 1,2025,SWCO,GH6055,ORC099032X1,LFH,2918.5,21024150,Fail,Dent,,NA,,,NA,,41 DENT
1002181886,2025-12-20,Line 1,2025,SWCO,EA COGENT,ORC099021J,LR,1346.5,20910183,Pass,,,0.97,,,0.99,,
1002181886,2025-12-20,Line 1,2025,SWCO,EA COGENT,ORC099021J,LF,685,20910184,Pass,,,0.9525,,,0.96,,
1002181886,2025-12-20,Line 1,2025,SWCO,EA COGENT,ORC099021J,MR,1543.5,20910185,Pass,,,0.9525,,,0.95,,
1002181886,2025-12-20,Line 1,2025,SWCO,EA COGENT,ORC099021J,MF,1208,20910186,Pass,,,0.97,,,0.99,,
1002181887,2025-12-20,Line 1,2025,SWCO,EA COGENT,ORC099021,LR,1248,20910191,Pass,,0.9675,0.9875,0.02,0.975,0.95,-0.025,
1002181887,2025-12-20,Line 1,2025,SWCO,EA COGENT,ORC099021,LF,701.5,20910192,Pass,,0.98,0.985,0.005,0.97,0.99,0.02,
1002181887,2025-12-20,Line 1,2025,SWCO,EA COGENT,ORC099021,MR,1655.5,20910193,Fail,Dent,0.9775,NA,,0.93,NA,,15 DENT
1002181887,2025-12-20,Line 1,2025,SWCO,EA COGENT,ORC099021,MF,947.5,20910194,Pass,,0.985,0.99,0.005,0.985,0.98,-0.005,
1002163230,2025-12-20,Line 2,2025,BEBS,HUNTINGTON,TVG25T9507,,1156.5,20769474,Pass,,0.8725,0.8425,-0.03,NA,NA,,
1002170050,2025-12-20,Line 2,2025,BEBS,HUNTINGTON,TVG25T9507K,,478,20833918,Pass,,0.7825,0.815,0.0325,NA,NA,,
1002170051,2025-12-20,Line 2,2025,BEBS,HUNTINGTON,TVG25U9508K,,1190.5,20833922,Pass,,0.9125,0.865,-0.0475,NA,NA,,
1002182356,2025-12-20,Line 2,2025,BECO,HUNTINGTON,WAG099008W,,6697,20912090,Fail,Discolored,0.86,NA,,NA,NA,,2.34% DISCOLORED
300099101,2025-12-20,Gravity,2025,SWCO,GSS1477S,WAW099043X1,MF,14538.5,20946182,Fail,Discolored,,NA,,,NA,,0.51% DISCOLORED
300099100,2025-12-21,Gravity,2025,SWCO,GSS1477S,WAW099043X1,MR,4762.5,20946181,Pass,,,0.9775,,,0.89,,
1002180929,2025-12-21,Line 1,2025,SWCO,GSS31004,WAW099049X2,LR,6218.5,20904050,Pass,,0.9525,0.9275,-0.025,0.945,0.975,0.03,
1002180929,2025-12-21,Line 1,2025,SWCO,GSS31004,WAW099049X2,LF,2108,20904051,Pass,,0.96,0.98,0.02,0.935,0.98,0.0449999999999999,
1002180929,2025-12-21,Line 1,2025,SWCO,GSS31004,WAW099049X2,MR,1804.5,20904052,Fail,Off-Type,0.96,NA,,0.935,NA,,3 OFFTYPES
1002180929,2025-12-21,Line 1,2025,SWCO,GSS31004,WAW099049X2,MF,694.5,20904053,Pass,,0.95,0.99,0.04,0.905,0.935,0.03,2 VAL: 1 COB
300099545,2025-12-21,Gravity,2025,SWCO,GSS1477S,WAW099043X1W,LR,1386,20986154,Fail,Smut,,NA,,,NA,,1 SMUT 1 COB
1002163231,2025-12-21,Line 2,2025,BEBS,HUNTINGTON,TVG25U9508,,20277,20769475,Pass,,0.7875,0.7775,-0.01,NA,NA,,
1002186449,2025-12-22,Line 1,2025,BECO,LOGON,TVG099017,,20046,20784983,Pass,,0.9575,0.855,-0.1025,NA,NA,,
1002163233,2025-12-26,Line 1,2025,BEBS,LOGON,TVG25S9510,,2695,20769477,Fail,Broken,0.92,NA,,NA,NA,,0.52% DAMAGED SEED
1002188134,2025-12-26,Line 1,2025,BEBS,LOGON,TVG25U9511T,,4700.5,20769478,Pass,,0.9225,0.8875,-0.035,NA,NA,,
1002184732,2025-12-26,Line 1,2025,BEBS,LOGON,TVG25V9549,,13593.5,20924309,Pass,,0.9275,0.815,-0.1125,NA,NA,,
1002163227,2025-12-26,Line 2,2025,BEBS,HUNTINGTON,TVG25S95H1,,237,20769470,Pass,,0.8925,0.74,-0.1525,NA,NA,,
1002164391,2025-12-26,Line 2,2025,BECO,HUNTINGTON,WAG099012,L,26582.5,20784860,Fail,Discolored,0.7875,NA,,NA,NA,,6.34% DISCOLORED 0.53% DAMAGED SEED
1002164391,2025-12-26,Line 2,2025,BECO,HUNTINGTON,WAG099012,M,3096,20785137,Fail,Discolored,0.7875,NA,,NA,NA,,6.73% DISCOLORED
1002164391,2025-12-26,Line 2,2025,BECO,HUNTINGTON,WAG099012,S,1327,21024242,Fail,Discolored,0.7875,NA,,NA,NA,,6.15% DISCOLORED
1002150395,2025-12-26,Line 2,2025,SWCO,FIJI,WAW099022X2,LR,405.5,20668116,Fail,Cob,0.9375,NA,,0.925,NA,,4 COB
1002150395,2025-12-26,Line 2,2025,SWCO,FIJI,WAW099022X2,LF,191,20668117,Fail,Smut,0.9625,NA,,0.955,NA,,1 SMUT
1002186446,2025-12-27,Line 2,2025,BEBS,SERENGETI,TVG25T9544,,3038.5,20776366,Pass,,0.965,0.905,-0.0599999999999999,NA,NA,,
1002186448,2025-12-27,Line 2,2025,BEBS,SERENGETI,TVG25V9546,,5681.5,20776368,Fail,Broken,0.9375,NA,,NA,NA,,0.52% DAMAGED SEED
1002181812,2025-12-27,Line 2,2025,SWCO,FIJI,TVW099023X2,LR,239.5,20910344,Fail,Weed,0.9275,NA,,0.955,NA,,5 OTHER CROP SEEDS
1002181812,2025-12-27,Line 2,2025,SWCO,FIJI,TVW099023X2,LF,234,20910343,Pass,,0.9275,0.93,0.00250000000000006,,0.95,,
1002165486,2025-12-28,Line 1,2025,BECO,HUNTINGTON,WAG099011J,,31229.5,20792445,Fail,Discolored,0.8875,NA,,NA,NA,,2.58% DISCOLORED
1002186447,2025-12-28,Line 2,2025,BEBS,SERENGETI,TVG25V9545,,13919.5,20776367,Fail,Broken,0.95,NA,,NA,NA,,1.33% DAMAGED SEED
1002164393,2025-12-29,Line 1,2025,BECO,HUNTINGTON,WAG099063,,15332,20784864,Pass,,0.875,0.7575,-0.1175,NA,NA,,
1002189811,2025-12-29,Line 2,2025,BEBS,BATALLION,TVG25U9547T,,5511.5,20776347,Pass,,0.9125,NA,,NA,NA,,
1002163908,2025-12-29,Line 2,2025,BEBS,THOMPSON,TVG25T9551,,10077,20776373,Pass,,0.915,0.735,-0.18,NA,NA,,
1002188133,2025-12-30,Line 2,2025,BEBS,JAMESON,TVG25T9509,,4633.5,20769476,Pass,,0.9275,0.88,-0.0475,NA,NA,,
1002164389,2025-12-30,Line 1,2025,BECO,HUNTINGTON,WAG099010,,37012.5,20784857,Fail,Discolored,0.89,NA,,NA,NA,,3.37% DISCOLORED 0.61% DAMAGED SEED
1002163887,2025-12-30,Line 2,2025,BEBS,PISMO,TVG25U9532,,15690,20776247,Fail,Discolored,0.905,NA,,NA,NA,,2.83% DISCOLORED
300099594,2026-01-06,VMEK,2025,SWCO,CODE 646,WAW099091,MR,206,21007033,Pass,,,0.99,,,0.96,,
1002164392,2026-01-06,Line 1,2025,BECO,HUNTINGTON,WAG099013,,36195,20784861,Pass,,0.865,0.6925,-0.1725,NA,NA,,
1002164605,2026-01-06,Line 1,2025,BECO,HUNTINGTON,WAG099010J,,16672.5,20792442,Fail,Discolored,0.8075,0.805,-0.00249999999999995,NA,NA,,4.40% DISCOLORED
2400007395,2026-01-07,VMEK,2025,SWCO,CODE 646,WAW099093,MF,251,20971502,Pass,,,0.92,,,0.94,,
1002164386,2026-01-07,Line 1,2025,BECO,GREENBACK,WAG099007,,23896.5,20784851,Pass,,0.9175,0.855,-0.0625,NA,NA,,
2400007298,2026-01-07,VMEK,2025,SWCO,CODE 646,WAW099091J,MF,58.5,20973841,Fail,Cob,,NA,,,NA,,4 COB
1002163226,2026-01-07,Line 1,2025,BEBS,GREENBACK,TVG25T9506,,3263,20769469,Pass,,0.785,0.705,-0.0800000000000001,NA,NA,,
2400007393,2026-01-08,VMEK,2025,SWCO,GSS3378,WAW099052X2,MR,241,20970098,Pass,,,0.965,,,0.99,,
1002164426,2026-01-08,Line 2,2025,BECO,PISMO,WAG099024,L,41427.5,20785003,Fail,Discolored,0.895,NA,,NA,NA,,2.85% DISCOLORED 0.53% DAMAGED SEED
1002164426,2026-01-08,Line 2,2025,BECO,PISMO,WAG099024,S,31546,20785148,Fail,Discolored,0.895,NA,,NA,NA,,4.07% DISCOLORED 1.01% DAMAGED SEED
1002164433,2026-01-08,Line 1,2025,BECO,REDEMPTION,WAG099035,,21487,20785024,Pass,,0.94,0.915,-0.0249999999999999,NA,NA,,
1002164427,2026-01-08,Line 2,2025,BECO,PISMO,WAG099025,L,5887.5,20785005,Fail,Discolored,0.925,NA,,NA,NA,,1.76% DISCOLORED
1002164427,2026-01-08,Line 2,2025,BECO,PISMO,WAG099025,S,3661,20785151,Fail,Discolored,0.925,NA,,NA,NA,,2.5% DISCOLORED
2400007350,2026-01-08,VMEK,2025,SWCO,GSS3378,WAW099052X2,LF,233,20962889,Pass,,,0.9675,,,0.975,,
1002139532,2026-01-09,Line 1,2025,PECO,SL3222,TVS099006,,17470,20553642,Fail,Broken,0.94,NA,,NA,NA,,6.32% CRACKED SEED COAT & COTYLENDON OVERGROWTH
1002139531,2026-01-09,Line 1,2025,PECO,SL3222,TVS099005,,22526,20553631,Pass,,0.91,0.8575,-0.0525,NA,NA,,
1002165487,2026-01-10,Line 2,2025,BECO,PISMO,WAG099061J,L,12774,20792448,Fail,Discolored,0.9175,NA,,NA,NA,,4.04% DISCOLORED 0.63% DAMAGED SEED
1002165487,2026-01-10,Line 2,2025,BECO,PISMO,WAG099061J,S,27551.5,20792449,Fail,Discolored,0.9175,NA,,NA,NA,,3.21% DISCOLORED
1002139586,2026-01-10,Line 1,2025,PECO,SUGAR LACE,ORS099035,,34322,20555278,Pass,,0.8175,0.755,-0.0625,NA,NA,,
1002163626,2026-01-12,Line 1,2025,PECO,SUGAR LACE,ORS099025K,,11213,20665484,Pass,,0.79,0.6,-0.19,NA,NA,,
2400007412,2026-01-12,VMEK,2025,SWCO,GSS39933,WAW099059,MF,167,20993084,Pass,,,0.9375,,,0.91,,
2400007276,2026-01-12,VMEK,2025,SWCO,GSS 8529,WAW099038X1,LR,154.5,20957458,Fail,Dent,,NA,,,NA,,4 DENT
1002164405,2026-01-12,Line 2,2025,BECO,PISMO,WAG099023,L,22796,20792449,Fail,Discolored,0.9175,NA,,NA,NA,,2.21% DISCOLORED
1002164405,2026-01-12,Line 2,2025,BECO,PISMO,WAG099023,S,9719.5,20785145,Fail,Discolored,0.86,NA,,NA,NA,,2.25% DISCOLORED
1002139583,2026-01-12,Line 1,2025,PECO,SUGAR LACE,TVS099023,,13093.5,20555227,Pass,,0.88,0.745,-0.135,NA,NA,,
1002139584,2026-01-13,Line 1,2025,PECO,SUGAR LACE,TVS099024,,668.5,20555241,Pass,,0.775,0.5975,-0.1775,NA,NA,,
1002139587,2026-01-13,Line 1,2025,PECO,SUGAR LACE,ORS099036,,10280,20555293,Pass,,0.835,0.6725,-0.1625,NA,NA,,
1002139585,2026-01-13,Line 1,2025,PECO,SUGAR LACE,ORS099025,,12588,20555262,Pass,,0.865,0.7525,-0.1125,NA,NA,,
2400007404,2026-01-13,VMEK,2025,SWCO,GH9335,WAC099035,LF,117.5,20957761,Pass,,,0.98,,,0.95,,2 VAL: 1 COB
2400007279,2026-01-13,VMEK,2025CL,SWBS,R565A,CCW25T9010X1,MR,189,20959437,Fail,Dent,,NA,,,NA,,1 DENT 2 COB
2400007309,2026-01-13,VMEK,2025CL,SWBS,AC111Y,CUW25T9023,UN,354.5,20944580,Pass,,,0.835,,,0.835,,
1002164428,2026-01-14,Line 2,2025,BECO,PISMO,WAG099061,L,8719.5,20785006,Fail,Discolored,0.93,NA,,NA,NA,,3.02% DISCOLORED 0.84% DAMAGED SEED
1002164428,2026-01-14,Line 2,2025,BECO,PISMO,WAG099061,S,20914,20785156,Fail,Discolored,0.93,NA,,NA,NA,,2.84% DISCOLORED 0.93% DAMAGED SEED
2400007277,2026-01-14,VMEK,2025,SWCO,GH9335,WAC099035,MF,53.5,20957776,Pass,,,0.9475,,,0.92,,
2400007317,2026-01-14,VMEK,2025,SWBS,AC157Y,TVW25T9505,LF,236.5,20957858,Fail,Dent,,NA,,,NA,,5 DENT 0.51% DISCOLORED
1002139401,2026-01-14,Line 1,2025,PECO,SL3123,ORS099001,,3573,20553414,Pass,,0.905,0.83,-0.0750000000000001,NA,NA,,
1002139402,2026-01-14,Line 1,2025,PECO,SL3123,ORS099002,,12196,20553431,Fail,Broken,0.9075,NA,,NA,NA,,0.77% DAMAGED SEED
2400007386,2026-01-14,VMEK,2025,SWBS,AC157Y,TVW25T9505,LR,136,20959242,Pass,,,0.975,,,0.985,,
300099143,2026-01-14,Colorsorter,2025,SWCO,GSS6924,WAW099066X1,LF,1261,20942108,Pass,,,0.99,,,1,,
300099040,2026-01-14,Colorsorter,2025,SWCO,GSS6924,WAW099067X1,LR,789,20942102,Pass,,,0.9725,,,0.935,,
1002137504,2026-01-15,Line 1,2025,PECO,SL3123,ORS099000,,19175,20526976,Pass,,0.875,0.8675,-0.00749999999999995,NA,NA,,
2400007422,2026-01-15,VMEK,2025,SWBS,R584A,TVW25T9549X1,LF,240.5,20960480,Pass,,,0.9925,,,0.995,,
2400007383,2026-01-15,VMEK,2025,SWBS,AC082Y,TVW25T9500,UN,312,20957457,Fail,Cob,,NA,,,NA,,5 COB
300099041,2026-01-15,Colorsorter,2025,SWCO,GSS6924,WAW099067X1,LF,1887.5,20942105,Pass,,,0.96,,,0.995,,
1002139404,2026-01-15,Line 1,2025,PECO,SL3123,TVS099004,,4887,20553459,Pass,,0.8725,0.855,-0.0175000000000001,NA,NA,,
1002139403,2026-01-15,Line 1,2025,PECO,SL3123,TVS099003,,1954.5,20553445,Fail,Broken,0.8475,NA,,NA,NA,,0.54% DAMAGED SEED
300099145,2026-01-15,Colorsorter,2025,SWCO,GSS6924,WAW099066X1,MF,4599.5,20942111,Pass,,,0.985,,,0.99,,
300099144,2026-01-15,Colorsorter,2025,SWCO,GSS6924,WAW099066X1,MR,2024.5,20942109,Pass,,,0.98,,,1,,
2400007388,2026-01-15,VMEK,2025,SWBS,R584A,WAW25T9547X1,LR,156,20959492,Pass,,,0.9375,,,0.935,,
1002150302,2026-01-16,Line 1,2025,PECO,SL3123,ORS099001K,,11141.5,20668027,Pass,,0.875,0.87,-0.005,NA,NA,,
2400007440,2026-01-16,VMEK,2025,SWBS,AC206Y,TVW25T9506,MF,64.5,20959438,Fail,Cob,,NA,,,NA,,14 COB
1002164429,2026-01-16,Line 2,2025,BECO,PISMO,WAG099062,L,35259.5,20785008,Pass,,0.9,0.755,-0.145,NA,NA,,
1002164429,2026-01-16,Line 2,2025,BECO,PISMO,WAG099062,S,12168,20785157,Pass,,0.9,0.875,-0.025,NA,NA,,
1002139530,2026-01-16,Line 1,2025,PECO,SL3123,WAS099039,,13310,20553606,Fail,Broken,0.825,NA,,NA,NA,,1.87% DAMAGED SEED
2400007443,2026-01-16,VMEK,2025,SWBS,R00681A,TVW25T9518X1,MR,118.5,20960654,Pass,,,0.505,,,0.535,,
2400007348,2026-01-16,VMEK,2025,SWBS,AC215Y,TVW25S9507,LF,251.5,20959394,Pass,,,0.9125,,,0.945,,
1002139343,2026-01-17,Line 1,2025,PECO,SP704-3-8,ORS099026,,16908.5,20554966,Pass,,0.875,0.6825,-0.1925,NA,NA,,
1002163889,2026-01-17,Line 2,2025,BEBS,PREVAIL,TVG25T9534,,1911,20776252,Pass,,0.8875,0.8425,-0.0449999999999999,NA,NA,,
1002164431,2026-01-17,Line 2,2025,BECO,PREVAIL,WAG099027,,20872.5,20785010,Pass,,0.9575,0.8875,-0.0700000000000001,NA,NA,,
2400007451,2026-01-17,VMEK,2025,SWBS,R28153,TVW25T9533X1,UN,171,21012889,Pass,,,0.6675,,,0.46,,2 VAL: 1 COB
2400007432,2026-01-17,VMEK,2025,SWBS,R14759,TVW25S9526X1,UN,99.5,21007261,Fail,Dent,,NA,,,NA,,2 DENT
2400007415,2026-01-17,VMEK,2025,SWBS,R00153,TVW25T9515X1K,UN,72.5,21007276,Pass,,,0.9675,,,0.9,,2 VAL: 1 COB 1 SMUT
2400007354,2026-01-17,VMEK,2025,SWBS,R5001H,TVW25U9544H,UN,52.5,21022940,Fail,Dent,,NA,,,NA,,12 DENT 4 COB
2400007449,2026-01-17,VMEK,2025,SWBS,R15309,TVW25S9527X1,UN,37.5,21012665,Fail,Smut,,NA,,,NA,,1 SMUT
1002139605,2026-01-18,Line 1,2025,PECO,SP704-3-8,TVS25U9108,,20823.5,20556167,Pass,,0.925,0.8,-0.125,NA,NA,,
1002139344,2026-01-20,Line 1,2025,PECO,SP704-3-8,WAS09030,,17410.5,20554975,Pass,,0.895,0.8525,-0.0425,NA,NA,,
1002139611,2026-01-20,Line 2,2025,PECO,SUPER SUGAR SNAP,TVS25V9115,,8016.5,20556180,Pass,,0.92,0.8925,-0.0275000000000001,NA,NA,,
2400007489,2026-01-20,VMEK,2025,SWBS,R5001H,TVW25U9545H,UN,184,21022943,Pass,,,0.785,,,0.42,,
300099095,2026-01-20,Colorsorter,2025,SWCO,GSS6924,WAW099065X1,LR,1898,20946170,Pass,,,0.91,,,0.955,,
300099142,2026-01-20,Colorsorter,2025,SWCO,GSS6924,WAW099067X1,MR,1884,20942106,Fail,Dent,,NA,,,NA,,1 DENT
1002139342,2026-01-21,Line 1,2025,PECO,SP704-3-8,TVS099010,,11370.5,20554951,Pass,,0.9,0.8125,-0.0875,NA,NA,,
1002139341,2026-01-21,Line 1,2025,PECO,SP704-3-8,TVS099009,,12798.5,20554941,Pass,,0.9625,0.9,-0.0625,NA,NA,,
1002139610,2026-01-21,Line 2,2025,PECO,SUPER SUGAR SNAP,TVS25U9114,,11936.5,20556178,Pass,,0.89,0.8425,-0.0475,NA,NA,,
2400007329,2026-01-21,VMEK,2025,SWBS,AC111Y,CUW25T9023K,LR,66,20942127,Pass,,,0.88,,,0.785,,
300099149,2026-01-21,Colorsorter,2025,SWCO,GSS8529,WAW099037X1,MF,2808.5,20942118,Pass,,,0.995,,,0.98,,
300099146,2026-01-21,Colorsorter,2025,SWCO,GSS6924,WAW099065X1,MF,16332.5,20942112,Pass,,,0.9875,,,0.985,,
300100093,2026-01-22,Handpick,2023,SWBS,R594A,TVW23S7583X1,LF,312,21070329,Pass,,,0.9775,,,0.965,,
1002163898,2026-01-22,Line 2,2025,BEBS,SB4735,TVG25T9539,,7495.5,20776354,Pass,,0.8175,0.62,-0.1975,NA,NA,,
300099148,2026-01-22,Colorsorter,2025,SWCO,GSS8529,WAW099037X1,LF,1629.5,20942115,Pass,,,0.97,,,0.99,,
300099097,2026-01-22,Colorsorter,2025,SWCO,GSS8529,WAW099094X1,LR,544,20946177,Pass,,,0.9625,,,0.965,,
300099147,2026-01-22,Colorsorter,2025,SWCO,GSS8529,WAW099037X1,LR,756.5,20942113,Pass,,,0.9575,,,0.965,,
300099096,2026-01-22,Colorsorter,2025,SWCO,GSS8529,WAW099094X1,MF,3123.5,20946173,Pass,,,0.985,,,0.995,,
2400007483,2026-01-22,VMEK,2025,SWBS,R00118,TVW25T9513X1,MR,273.5,21012798,Fail,Cob,,NA,,,NA,,19 COB
2400007417,2026-01-22,VMEK,2025,SWBS,R11965,TVW25S9525X1,L,215.5,21012856,Fail,Dent,,NA,,,NA,,3 DENT 4 COB
1002163900,2026-01-22,Line 2,2025,BEBS,SB4876,TVG25T9541T,,11903,20776358,Pass,,0.955,0.8375,-0.1175,NA,NA,,
1002178923,2026-01-23,Line 1,2025,SWCO,GH6462S,WAC099033,LR,20883,20893450,Pass,,0.9375,0.995,0.0575,0.99,0.99,0,
1002178923,2026-01-23,Line 1,2025,SWCO,GH6462S,WAC099033,LF,19631,20893451,Pass,,0.985,0.9975,0.0125000000000001,0.985,1,0.015,
1002178923,2026-01-23,Line 1,2025,SWCO,GH6462S,WAC099033,MR,20375,20893452,Pass,,0.9925,0.985,-0.00750000000000006,0.99,1,0.01,
1002178923,2026-01-23,Line 1,2025,SWCO,GH6462S,WAC099033,MF,21681,20893453,Pass,,0.9825,0.9875,0.005,0.985,0.995,0.01,
1002184978,2026-01-23,Line 2,2025,SWBS,AC157Y,TVW25S9504,L,93.5,20924518,Fail,Cob,0.9075,NA,,0.88,NA,,6 COB
1002184978,2026-01-23,Line 2,2025,SWBS,AC157Y,TVW25S9504,M,299,20924519,Fail,Cob,0.9075,NA,,0.88,NA,,2 COB
1002174301,2026-01-23,Line 2,2025,SWBS,AC144Y,TVW25T9503,LR,388,20864810,Pass,,0.895,0.935,0.04,0.88,0.89,0.01,
1002174301,2026-01-23,Line 2,2025,SWBS,AC144Y,TVW25T9503,LF,689.5,20864811,Pass,,0.895,0.885,-0.01,0.88,0.82,-0.0600000000000001,
300099625,2026-01-23,Handpick,2025,SWCO,GSS38823,TVW099053X2,UN,82,21012780,Pass,,,0.9375,,,0.835,,
2400007450,2026-01-23,VMEK,2025,SWBS,R00118,TVW25T9513X1,LF,238,21012775,Fail,Off-Type,,NA,,,NA,,2 OFFTYPES 2 COB
300100163,2026-01-24,Handpick,2015,SWBS,R00681A,TVW15T7507,MF,83,21075414,Pass,,,0.63,,,0.51,,
1002184980,2026-01-24,Line 2,2025,SWBS,AC247W,TVW25T9509,LR,434.5,20924526,Fail,Cob,0.81,NA,,0.84,NA,,36 COB
1002184980,2026-01-24,Line 2,2025,SWBS,AC247W,TVW25T9509,LF,519.5,20924527,Fail,Cob,0.81,NA,,0.84,NA,,17 COB
1002184980,2026-01-24,Line 2,2025,SWBS,AC247W,TVW25T9509,MF,236.5,20951735,Fail,Cob,0.81,NA,,0.84,NA,,12 COB
1002170965,2026-01-24,Line 1,2025,SWCO,GH6462S,WAC099034,LR,9301,20847502,Pass,,0.9925,0.99,-0.00250000000000006,0.99,1,0.01,
1002170965,2026-01-24,Line 1,2025,SWCO,GH6462S,WAC099034,LF,7402.5,20847503,Pass,,0.9825,0.9875,0.005,0.99,1,0.01,
1002170965,2026-01-24,Line 1,2025,SWCO,GH6462S,WAC099034,MR,8570.5,20847504,Pass,,0.985,0.9875,0.00250000000000006,0.97,1,0.03,
1002170965,2026-01-24,Line 1,2025,SWCO,GH6462S,WAC099034,MF,10691.5,20847505,Pass,,0.99,0.9925,0.00250000000000006,0.99,0.99,0,
1002178921,2026-01-24,Line 1,2025,SWCO,GSS3951,WAW099056,LR,1326.5,20893433,Pass,,0.9775,0.9775,0,0.93,0.955,0.0249999999999999,
1002178921,2026-01-24,Line 1,2025,SWCO,GSS3951,WAW099056,LF,3196.5,20893434,Pass,,0.97,0.985,0.015,0.985,0.98,-0.005,
1002178921,2026-01-24,Line 1,2025,SWCO,GSS3951,WAW099056,MR,2395,20893435,Pass,,0.985,0.98,-0.005,0.935,0.975,0.0399999999999999,
1002178921,2026-01-24,Line 1,2025,SWCO,GSS3951,WAW099056,MFL,2889,20893436,Fail,Smut,0.9775,NA,,0.965,NA,,1 SMUT 0.59% DISCOLORED 1 COB
1002178921,2026-01-24,Line 1,2025,SWCO,GSS3951,WAW099056,MFH,13569,20960947,Pass,,0.9775,0.965,-0.0125000000000001,0.965,0.94,-0.025,
300099543,2026-01-24,Gravity,2025,SWCO,GSS5649,WAW099064X1,LR,16302.5,20986125,Pass,,,0.9475,,,0.975,,
2400007369,2026-01-24,VMEK,2025,SWBS,R00681A,TVW25T9518X1,LR,378,20960768,Pass,,,0.495,,,0.5,,
300100165,2026-01-26,Handpick,2015,SWBS,R00681A,TVW15T7507,MR,160.5,21075417,Pass,,,0.56,,,0.58,,
2400007428,2026-01-26,Gravity,2025,SWCO,CODE 646,WAW099091,LF,987.5,20971295,Pass,,,0.9525,,,1,,
300099150,2026-01-26,Gravity,2025,SWCO,GSS5649,TVW099063X1,MR,4622.5,20942121,Pass,,,0.965,,,0.95,,
2400007349,2026-01-26,VMEK,2025,SWBS,R00681A,TVW25T9518X1,LF,376,20960772,Pass,,,,,,,,
300100164,2026-01-27,Handpick,2015,SWBS,R00681A,TVW15T7507,LR,87,21075415,Pass,,,0.6275,,,0.715,,
2400007418,2026-01-27,Gravity,2025,SWCO,CODE 646,WAW099091J,LF,772,21055604,Fail,Cob,,NA,,,NA,,2 COB
300099544,2026-01-27,Gravity,2025,SWCO,CODE 646,WAW099093J,LR,3376,20986128,Pass,,,0.9825,,,1,,
1002178922,2026-01-27,Line 1,2025,SWCO,GSS3951,WAW099056J,LR,1737,20893440,Pass,,0.9525,0.975,0.0225,0.955,0.98,0.025,
1002178922,2026-01-27,Line 1,2025,SWCO,GSS3951,WAW099056J,MR,2834.5,20893442,Fail,Dent,0.95,NA,,0.935,NA,,35 DENT
1002178922,2026-01-27,Line 1,2025,SWCO,GSS3951,WAW099056J,LF,3758,20893441,Fail,Dent,0.9575,NA,,0.97,NA,,24 DENT
1002178922,2026-01-27,Line 1,2025,SWCO,GSS3951,WAW099056J,MFL,8126.5,20893443,Pass,,0.96,0.98,0.02,0.895,0.95,0.0549999999999999,
1002178922,2026-01-27,Line 1,2025,SWCO,GSS3951,WAW099056J,MFH,8590.5,20960951,Pass,,0.96,0.9825,0.0225000000000001,0.895,0.96,0.065,
300100166,2026-01-28,Handpick,2023,SWBS,W0069,TVC23T7592,F,367.5,21075418,Pass,,,0.9775,,,0.95,,
1002164400,2026-01-28,Line 2,2025,BECO,MACALLAN,WAG099018,,56395,20784996,Pass,,0.8775,0.6725,-0.205,NA,NA,,
1002183876,2026-01-28,Line 1,2025,SWCO,GSS3951,WAW099054X1J,LR,4310.5,20922055,Pass,,,0.98,,,0.96,,
1002183876,2026-01-28,Line 1,2025,SWCO,GSS3951,WAW099054X1J,LF,4811.5,20922056,Pass,,,0.98,,,0.965,,
1002183876,2026-01-28,Line 1,2025,SWCO,GSS3951,WAW099054X1J,MR,7617.5,20922057,Pass,,,0.9925,,,0.965,,
1002183876,2026-01-28,Line 1,2025,SWCO,GSS3951,WAW099054X1J,MFL,4729,20922058,Fail,Discolored,,0.9775,,,0.9775,,0.74% DISCOLORED 1 COB
1002183876,2026-01-28,Line 1,2025,SWCO,GSS3951,WAW099054X1J,MFH,16248.5,20960937,Fail,Discolored,,0.9875,,,0.9875,,0.76% DISCOLORED
1002163235,2026-01-28,Line 2,2025,BEBS,MACALLAN,TVG25T9512,,3225.5,20769479,Fail,Discolored,0.745,NA,,NA,NA,,1.54% DISCOLORED
1002163236,2026-01-28,Line 2,2025,BEBS,MACALLAN,TVG25U9513,,5199,20769480,Pass,,0.9,0.8975,-0.00250000000000006,NA,NA,,
2400007525,2026-01-28,Gravity,2025,SWBS,R584A,TVW25T9548X1,MF,699,21078993,Pass,,,0.94,,,0.975,,
2400007524,2026-01-28,Gravity,2025,SWBS,R584A,TVW25T9549X1,MF,769,21078991,Pass,,,0.9075,,,0.945,,
2400007365,2026-01-28,Gravity,2025,SWCO,GLACIAL,WAW099036X2,LF,3281.5,20956072,Pass,,,0.9575,,,0.94,,
2400007431,2026-01-28,VMEK,2025,SWBS,AC246Y,TVW25S9508,LF,292,21006945,Fail,Cob,,NA,,,NA,,6 COB
1002163897,2026-01-29,Line 2,2025,BEBS,REDEMPTION,TVG25T9538,,3554,20776351,Pass,,0.8525,0.6025,-0.25,NA,NA,,
2400007460,2026-01-29,Gravity,2025,SWCO,GSS3378,WAW099052X2,MF,592.5,20962878,Pass,,,0.97,,,0.955,,
1002183878,2026-01-29,Line 1,2025,SWCO,GSS3951,WAW099058X1,LR,5167,20922065,Pass,,,0.975,,,0.965,,
1002183878,2026-01-29,Line 1,2025,SWCO,GSS3951,WAW099058X1,LF,8673.5,20922066,Pass,,,0.975,,,0.945,,
1002183878,2026-01-29,Line 1,2025,SWCO,GSS3951,WAW099058X1,MR,8963,20922067,Pass,,,0.985,,,0.96,,
1002183878,2026-01-29,Line 1,2025,SWCO,GSS3951,WAW099058X1,MFL,7824,20922068,Fail,Discolored,,0.9625,,,0.9625,,1.26% DISCOLORED
1002183878,2026-01-29,Line 1,2025,SWCO,GSS3951,WAW099058X1,MFH,25411.5,20960946,Fail,Dent,,0.9775,,,0.9775,,1 DENT
300100167,2026-01-30,Handpick,2023,SWBS,W0069,TVC23T7592,R,569,21075420,Pass,,,0.975,,,0.955,,
2400007463,2026-01-30,VMEK,2024,SWCO,WSS33739,TVW088565X2,UN,82,21052120,Fail,Off-Type,,NA,,,NA,,23 OFFTYPES 11 DENT 2 COB
1002140043,2026-01-30,Line 2,2025,PECO,FESTIVERT,TVP25V9167,,3373.5,20560413,Pass,,0.55,0.9475,0.3975,NA,NA,,
2400007370,2026-01-30,Gravity,2025,SWCO,GSS3378,WAW099052X2,LR,406,20964377,Pass,,,0.995,,,0.965,,
300100002,2026-01-30,VMEK,2025,SWCO,SS3778R,WAW099084X2,MR,332.5,21051981,Pass,,,0.9825,,,0.97,,
2400007447,2026-01-30,Gravity,2025,SWCO,GARRISON-R,WAW099026X2J,LF,1231.5,20979213,Pass,,,0.965,,,0.95,,
2400007482,2026-01-30,VMEK,2025,SWBS,AC246Y,TVW25S9508,LR,298.5,21012797,Fail,Cob,,NA,,,NA,,3 COB
1002181738,2026-01-30,Line 1,2025,SWCO,GSS3951,WAW099055X1J,LR,977,20909859,Pass,,,0.955,,,0.94,,
1002181738,2026-01-30,Line 1,2025,SWCO,GSS3951,WAW099055X1J,LF,2053.5,20909860,Pass,,,0.9575,,,0.925,,
1002181738,2026-01-30,Line 1,2025,SWCO,GSS3951,WAW099055X1J,MR,1671.5,20909861,Fail,Smut,,0.96,,,0.96,,1 SMUT
1002181738,2026-01-30,Line 1,2025,SWCO,GSS3951,WAW099055X1J,MFL,3559.5,20909862,Fail,Cob,,0.965,,,0.965,,2 COB
1002181738,2026-01-30,Line 1,2025,SWCO,GSS3951,WAW099055X1J,MFH,8906.5,20960930,Pass,,,0.9625,,,0.95,,
2400007542,2026-01-30,VMEK,2025,SWBS,R565A,CCW25T9010X1,MR,171.5,21060192,Fail,Dent,,NA,,,NA,,1 DENT 3 COB
2400007396,2026-01-31,Gravity,2025,SWCO,GARRISON-R,WAW099026X2J,LR,962,20979012,Pass,,,0.95,,,0.935,,
2400007495,2026-01-31,VMEK,2025,SWBS,R5001H,TVW25U9544H,UN,43.5,21073371,Fail,Off-Type,,NA,,,NA,,2 OFFTYPES 2 DENT
2400007492,2026-01-31,VMEK,2025,SWBS,AC206Y,TVW25T9506,MF,57.5,21073356,Fail,Cob,,NA,,,NA,,4 COB
1002183091,2026-01-31,Line 2,2025,SWBS,AC092YIMP,TVW25S9501,LR,212,20914647,Fail,Dent,0.84,NA,,0.81,NA,,1 DENT
1002183091,2026-01-31,Line 2,2025,SWBS,AC092YIMP,TVW25S9501,LF,180,20914648,Fail,Dent,0.84,NA,,0.81,NA,,1 DENT 3 COB
1002183091,2026-01-31,Line 2,2025,SWBS,AC092YIMP,TVW25S9501,MR,320,20914649,Fail,Cob,0.84,NA,,0.81,NA,,2 COB
1002183091,2026-01-31,Line 2,2025,SWBS,AC092YIMP,TVW25S9501,MF,252.5,20914650,Fail,Cob,0.84,NA,,0.81,NA,,2 COB
1002150402,2026-01-31,Line 1,2025,SWCO,PATRIARCH,ORW099075H / ORW099075HW,LR,4806,20668145,Pass,,0.9125,0.9025,-0.01,0.875,0.895,0.02,
1002150402,2026-01-31,Line 1,2025,SWCO,PATRIARCH,ORW099075H / ORW099075HW,LF,3977.5,20668146,Pass,,0.8475,0.9375,0.09,0.875,0.92,0.045,
1002150402,2026-01-31,Line 1,2025,SWCO,PATRIARCH,ORW099075H / ORW099075HW,MR,786.5,20668147,Pass,,0.9175,0.935,0.0175000000000001,0.91,0.935,0.025,
1002150402,2026-01-31,Line 1,2025,SWCO,PATRIARCH,ORW099075H / ORW099075HW,MF,653.5,20668148,Pass,,0.9,0.9425,0.0425,0.875,0.945,0.07,
1002181793,2026-01-31,Line 1,2025,SWCO,MS1074Y,WAW099074X2,LR,1288,20910296,Pass,,0.9725,0.96,-0.0125000000000001,0.94,0.96,0.02,
1002181793,2026-01-31,Line 1,2025,SWCO,MS1074Y,WAW099074X2,LF,4492.5,20910297,Pass,,0.975,0.97,-0.005,0.925,0.915,-0.01,
1002181793,2026-01-31,Line 1,2025,SWCO,MS1074Y,WAW099074X2,MR,1841,20910298,Pass,,0.98,0.975,-0.005,,0.96,,
1002181793,2026-01-31,Line 1,2025,SWCO,MS1074Y,WAW099074X2,MF,4779.5,20910299,Pass,,0.98,0.9675,-0.0125,0.92,0.88,-0.04,2 VAL: 1 COB
1002175201,2026-01-31,Line 2,2025,PECO,FESTIVERT,TVP25V9167W,,8723.5,20871261,Pass,,0.64,0.9575,0.3175,NA,NA,,
1002140044,2026-01-31,Line 2,2025,PECO,FESTIVERT,TVP25U9168,,1160,20560414,Pass,,0.54,0.9425,0.4025,NA,NA,,
2400007352,2026-01-31,Gravity,2025,SWCO,GARRISON-R,WAW099026X2,LF,3473,20977769,Pass,,,0.9725,,,0.95,,
1002183088,2026-02-01,Line 2,2025,SWBS,R00610,TVW25T9517X1,LR,508.5,20914634,Pass,,0.9675,0.98,0.0125,0.915,0.975,0.0599999999999999,
1002183088,2026-02-01,Line 2,2025,SWBS,R00610,TVW25T9517X1,LF,88,20914635,Pass,,0.9675,0.9475,-0.02,0.915,0.95,0.0349999999999999,2 VAL: 1 COB
1002181295,2026-02-02,Line 1,2025,SWCO,PATRIARCH,ORW099075HJ,LR,4433,20906509,Pass,,0.855,0.9425,0.0875,0.815,0.91,0.0950000000000001,
1002181295,2026-02-02,Line 1,2025,SWCO,PATRIARCH,ORW099075HJ,LF,2416.5,20906510,Pass,,0.8425,0.955,0.1125,0.84,0.92,0.0800000000000001,2 VAL: 1 COB
1002181295,2026-02-02,Line 1,2025,SWCO,PATRIARCH,ORW099075HJ,MR,1255,20906511,Pass,,0.86,0.91,0.05,0.825,0.895,0.0700000000000001,
1002181295,2026-02-02,Line 1,2025,SWCO,PATRIARCH,ORW099075HJ,MF,5925,20906512,Pass,,0.855,0.9375,0.0825,0.81,0.9,0.09,
1002185124,2026-02-02,Line 1,2025,SWCO,ROCKER,WAC099082,LR,10177,20927340,Pass,,0.9775,0.9725,-0.005,0.955,0.97,0.015,
1002185124,2026-02-02,Line 1,2025,SWCO,ROCKER,WAC099082,LF,8341,20927341,Pass,,0.9675,0.9975,0.03,0.97,0.99,0.02,
1002185124,2026-02-02,Line 1,2025,SWCO,ROCKER,WAC099082,MR,1872,20927342,Pass,,0.97,0.965,-0.005,0.94,0.985,0.045,
1002185124,2026-02-02,Line 1,2025,SWCO,ROCKER,WAC099082,MF,527,20927343,Pass,,0.885,0.98,0.095,0.915,0.975,0.0599999999999999,
1002182845,2026-02-02,Line 2,2025,SWBS,R594A,TVW25T9550X1,LR,488.5,20914619,Fail,Smut,0.9775,NA,,0.95,NA,,2 SMUT 3 COB
1002182845,2026-02-02,Line 2,2025,SWBS,R594A,TVW25T9550X1,LF,251.5,20914620,Fail,Cob,0.9775,NA,,0.95,NA,,7 COB
1002182845,2026-02-02,Line 2,2025,SWBS,R594A,TVW25T9550X1,MR,112,20914621,Fail,Smut,0.9775,NA,,0.95,NA,,2 SMUT
1002182845,2026-02-02,Line 2,2025,SWBS,R594A,TVW25T9550X1,MF,59,20914622,Fail,Cob,0.9775,NA,,0.95,NA,,21 COB 5 SMUT
1002183086,2026-02-02,Line 2,2025,SWBS,R747,TVW25T9551X1,LR,347.5,20914625,Pass,,0.935,0.9,-0.035,,0.905,,
1002183086,2026-02-02,Line 2,2025,SWBS,R747,TVW25T9551X1,LF,689,20914626,Pass,,0.935,0.95,0.0149999999999999,,0.875,,2 VAL: 1 COB
1002183086,2026-02-02,Line 2,2025,SWBS,R747,TVW25T9551X1,MR,107,20914628,Fail,Cob,0.935,NA,,,NA,,2 COB
1002183086,2026-02-02,Line 2,2025,SWBS,R747,TVW25T9551X1,MF,136,20914629,Fail,Broken,0.935,NA,,,NA,,2.98% DAMAGED SEED
300100134,2026-02-02,Handpick,2025,SWBS,R00681A,TVW25T9518X1,LR,367,21078950,Fail,Dent,,NA,,,NA,,1 DENT 1 COB
300099099,2026-02-02,Colorsorter,2025,SWCO,TYSON,WAW099086X1,LF,5674.5,20946180,Pass,,,0.94,,,0.845,,
1002174299,2026-02-03,Line 2,2025,SWBS,R293B,TVC25S9535,L,559,20864799,Fail,Dent,0.93,NA,,0.955,NA,,1 DENT
1002174299,2026-02-03,Line 2,2025,SWBS,R293B,TVC25S9535,M,140,20864800,Pass,,0.93,0.95,0.0199999999999999,0.955,0.95,-0.005,
1002185012,2026-02-03,Line 2,2025,SWCO,GSS3228,TVW099051X2,L,218.5,20924639,Fail,,,NA,,,NA,,
1002185012,2026-02-03,Line 2,2025,SWCO,GSS3228,TVW099051X2,M,232,20924640,Pass,,,0.9775,,,0.99,,
1002184972,2026-02-03,Line 2,2025,SWBS,R320E,TVW25T9538,UN,178.5,20924481,Fail,Cob,0.5725,NA,,0.48,NA,,7 COB
300099098,2026-02-03,Colorsorter,2025,SWCO,TYSON,WAW099086X1,LR,3824,20946178,Pass,,,0.9475,,,0.95,,
1002174302,2026-02-03,Line 2,2025,SWBS,G01110,TVW25T9512X1,L,296.5,20864815,Fail,Off-Type,0.43,NA,,0.425,NA,,6 OFFTYPES 5 COB
1002174302,2026-02-03,Line 2,2025,SWBS,G01110,TVW25T9512X1,M,150.5,20864816,Fail,Off-Type,0.43,NA,,0.425,NA,,1 OFFTYPE
1002150389,2026-02-03,Line 1,2025,SWCO,BSS8021,TVW099000X2,LR,1580.5,20668091,Pass,,0.9425,0.935,-0.00749999999999995,0.95,0.97,0.02,
1002150389,2026-02-03,Line 1,2025,SWCO,BSS8021,TVW099000X2,LF,4890,20668092,Pass,,0.98,0.99,0.01,0.93,0.925,-0.005,
1002150389,2026-02-03,Line 1,2025,SWCO,BSS8021,TVW099000X2,MR,1863,20668093,Pass,,0.98,0.9775,-0.00249999999999995,0.89,0.925,0.035,
1002150389,2026-02-03,Line 1,2025,SWCO,BSS8021,TVW099000X2,MF,8368.5,20668094,Pass,,0.9775,0.9725,-0.005,0.93,0.89,-0.04,
300100168,2026-02-04,Handpick,2023,SWBS,W0195,TVC23T7594,R,713,21075422,Pass,,,0.9625,,,0.995,,
300100162,2026-02-04,Handpick,2023,SWBS,W0195,TVC23T7594,F,47.5,21075413,Pass,,,0.9675,,,0.975,,
1002174304,2026-02-04,Line 2,2025,SWBS,R10457,TVW25S9521X1,LR,153,20864825,Fail,Cob,0.9325,NA,,0.94,NA,,2 COB
1002174304,2026-02-04,Line 2,2025,SWBS,R10457,TVW25S9521X1,LF,387,20864826,Pass,,0.9325,0.9725,0.04,0.94,0.935,-0.00499999999999989,
1002174304,2026-02-04,Line 2,2025,SWBS,R10457,TVW25S9521X1,MR,184,20864827,Pass,,0.9325,0.9625,0.03,0.94,0.96,0.02,2 VAL: 1 COB
1002174304,2026-02-04,Line 2,2025,SWBS,R10457,TVW25S9521X1,MF,392,20864828,Pass,,0.9325,0.965,0.0325,0.94,0.925,-0.0149999999999999,
1002174303,2026-02-04,Line 2,2025,SWBS,R11649,TVW25T9524X1,LR,176,20864821,Fail,Cob,0.84,NA,,0.82,NA,,63 COB 1 DENT
1002174303,2026-02-04,Line 2,2025,SWBS,R11649,TVW25T9524X1,LF,323,20864822,Fail,Cob,0.84,NA,,0.82,NA,,7 COB
1002174303,2026-02-04,Line 2,2025,SWBS,R11649,TVW25T9524X1,MR,219.5,20864823,Fail,Cob,0.84,NA,,0.82,NA,,11 COB 8 OTHER CROP SEEDS
1002174303,2026-02-04,Line 2,2025,SWBS,R11649,TVW25T9524X1,MF,390.5,20864824,Fail,Cob,0.84,NA,,0.82,NA,,17 COB
2400007307,2026-02-04,Colorsorter,2025,SWCO,TYSON,WAW099086X1,MF,13812.5,20932723,Pass,,,0.98,,,0.92,,
120000845,2026-02-04,Line 1,2025,SWTO,OBSESSION,105218308,LR,2695,21052134,,,NA,NA,,NA,NA,,
120000845,2026-02-04,Line 1,2025,SWTO,OBSESSION,105218308,LF,9130.5,21052135,,,NA,NA,,NA,NA,,
120000845,2026-02-04,Line 1,2025,SWTO,OBSESSION,105218308,MR,8086.5,21052136,,,NA,NA,,NA,NA,,
120000845,2026-02-04,Line 1,2025,SWTO,OBSESSION,105218308,MF,11290,21052137,,,NA,NA,,NA,NA,,
120000843,2026-02-04,Line 1,2025,SWTO,OBSESSION,105218311,LR,673.5,21052105,,,NA,NA,,NA,NA,,
120000843,2026-02-04,Line 1,2025,SWTO,OBSESSION,105218311,LF,2921.5,21052106,,,NA,NA,,NA,NA,,
120000843,2026-02-04,Line 1,2025,SWTO,OBSESSION,105218311,MR,3392.5,21052107,,,NA,NA,,NA,NA,,
120000843,2026-02-04,Line 1,2025,SWTO,OBSESSION,105218311,MF,4983.5,21052108,,,NA,NA,,NA,NA,,
1002174300,2026-02-04,Line 2,2025,SWBS,R00153,TVW25T9514X1,L,233.5,20864805,Fail,Cob,0.8625,NA,,0.685,NA,,27 COB 4 SMUT
1002174300,2026-02-04,Line 2,2025,SWBS,R00153,TVW25T9514X1,M,255.5,20864806,Fail,Cob,0.8625,NA,,0.685,NA,,5 COB
1002188271,2026-02-04,Line 2,2025,SWBS,R00153,TVW25T9515X1,UN,116,20942633,Fail,Cob,0.95,NA,,0.875,NA,,2 COB
1002188272,2026-02-05,Line 2,2025,SWBS,AC254Y,TVW25T9510,UN,146,20942645,Fail,Cob,0.905,NA,,0.855,NA,,7 COB
1002188273,2026-02-05,Line 2,2025,SWBS,AC273Y,TVW25S9511,UN,117,20942652,Pass,,0.935,0.935,0,0.94,0.955,0.015,
2400007313,2026-02-05,Gravity,2025,SWCO,P&C EARLY,WAC099077,LR,12015.5,20951659,Fail,Dent,,NA,,,NA,,227 DENT 1 OFFTYPE
120000848,2026-02-05,Line 1,2025,SWTO,OBSESSION,105211647,LR,3303,21052147,,,NA,NA,,NA,NA,,
120000848,2026-02-05,Line 1,2025,SWTO,OBSESSION,105211647,LF,3697,21052148,,,NA,NA,,NA,NA,,
120000848,2026-02-05,Line 1,2025,SWTO,OBSESSION,105211647,MR,5857.5,21052149,,,NA,NA,,NA,NA,,
120000848,2026-02-05,Line 1,2025,SWTO,OBSESSION,105211647,MF,1792.5,21052150,,,NA,NA,,NA,NA,,
120000846,2026-02-05,Line 1,2025,SWTO,OBSESSION,105218275,LR,759,21052138,,,NA,NA,,NA,NA,,
120000846,2026-02-05,Line 1,2025,SWTO,OBSESSION,105218275,LF,3569.5,21052139,,,NA,NA,,NA,NA,,
120000846,2026-02-05,Line 1,2025,SWTO,OBSESSION,105218275,MR,4411.5,21052140,,,NA,NA,,NA,NA,,
120000846,2026-02-05,Line 1,2025,SWTO,OBSESSION,105218275,MF,7596.5,21052141,,,NA,NA,,NA,NA,,
120000844,2026-02-05,Line 1,2025,SWTO,OBSESSION,105218309,LR,533.5,21052127,,,NA,NA,,NA,NA,,
120000844,2026-02-05,Line 1,2025,SWTO,OBSESSION,105218309,LF,1344,21052128,,,NA,NA,,NA,NA,,
120000844,2026-02-05,Line 1,2025,SWTO,OBSESSION,105218309,MR,2157,21052129,,,NA,NA,,NA,NA,,
120000844,2026-02-05,Line 1,2025,SWTO,OBSESSION,105218309,MF,2286.5,21052130,,,NA,NA,,NA,NA,,
1002188275,2026-02-05,Line 2,2025,SWBS,R4001H,TVW25T9542H,MRH,151,20942662,Fail,Dent,0.78,NA,,0.545,NA,,1 DENT
1002188275,2026-02-05,Line 2,2025,SWBS,R4001H,TVW25T9542H,MFH,376,20942663,Pass,,0.78,0.8725,0.0925,0.545,0.745,0.2,
1002188277,2026-02-05,Line 2,2025,SWBS,R4099H,TVW25S9543H,M,246,20942669,Fail,Cob,0.4225,NA,,0.36,NA,,7 COB
1002188277,2026-02-05,Line 2,2025,SWBS,R4099H,TVW25S9543H,UN,246,20942669,Fail,Cob,0.4225,NA,,0.36,NA,,7 COB
2400007493,2026-02-06,VMEK,2025,SWBS,AC157Y,TVW25T9505,LF,219.5,21073357,Pass,,,0.9425,,,0.94,,
2400007342,2026-02-06,Gravity,2025,SWCO,GSS3951,WAW099055X1,LR,920.5,20938943,Pass,,,0.9725,,,0.985,,
1002190515,2026-02-06,Line 2,2025,SWCO,GH1662,TVC099028,LR,134.5,20951649,Fail,Dent,0.9325,NA,,0.85,NA,,16 DENT 1 OFFTYPE
1002190515,2026-02-06,Line 2,2025,SWCO,GH1662,TVC099028,LF,309,20951650,Fail,Discolored,0.845,NA,,0.84,NA,,0.58% DISCOLORED
1002190515,2026-02-06,Line 2,2025,SWCO,GH1662,TVC099028,MR,168.5,20951651,Fail,Discolored,0.8275,NA,,0.83,NA,,0.97% DISCOLORED
1002190515,2026-02-06,Line 2,2025,SWCO,GH1662,TVC099028,MF,258.5,20951652,Fail,Discolored,0.845,NA,,0.77,NA,,1.34% DISCOLORED
1002181005,2026-02-06,Line 2,2025,SWCO,TRADITION,WAW099009X2,LR,636.5,20904175,Fail,Cob,0.9675,NA,,0.96,NA,,2 COB
1002181005,2026-02-06,Line 2,2025,SWCO,TRADITION,WAW099009X2,LF,336,20904176,Pass,,0.96,0.97,0.01,0.95,0.955,0.005,2 VAL: 1 COB
1002181005,2026-02-06,Line 2,2025,SWCO,TRADITION,WAW099009X2,MR,286,20904177,Pass,,0.9125,0.9425,0.03,0.915,0.945,0.0299999999999999,
1002181005,2026-02-06,Line 2,2025,SWCO,TRADITION,WAW099009X2,MF,392,20904178,Fail,Cob,0.9325,NA,,0.94,NA,,9 COB
120000847,2026-02-06,Line 1,2025,SWTO,OBSESSION,105218253,LR,794.5,21052143,,,NA,NA,,NA,NA,,
120000847,2026-02-06,Line 1,2025,SWTO,OBSESSION,105218253,LF,5287.5,21052144,,,NA,NA,,NA,NA,,
120000847,2026-02-06,Line 1,2025,SWTO,OBSESSION,105218253,MR,3807,21052145,,,NA,NA,,NA,NA,,
120000847,2026-02-06,Line 1,2025,SWTO,OBSESSION,105218253,MF,8626,21052146,,,NA,NA,,NA,NA,,
120000862,2026-02-06,Line 1,2025,SWTO,OBSESSION,105218263,LR,1412,21100454,,,NA,NA,,NA,NA,,
120000862,2026-02-06,Line 1,2025,SWTO,OBSESSION,105218263,LF,5927,21100455,,,NA,NA,,NA,NA,,
120000862,2026-02-06,Line 1,2025,SWTO,OBSESSION,105218263,MR,3768,21100457,,,NA,NA,,NA,NA,,
120000862,2026-02-06,Line 1,2025,SWTO,OBSESSION,105218263,MF,7209.5,21100458,,,NA,NA,,NA,NA,,
1002188285,2026-02-07,Line 2,2025,SWBS,R15468,TVW25S9528X1,L,85,20942706,Pass,,0.96,0.935,-0.0249999999999999,0.89,0.945,0.0549999999999999,
1002188285,2026-02-07,Line 2,2025,SWBS,R15468,TVW25S9528X1,M,128.5,20942707,Fail,Dent,0.96,NA,,0.89,NA,,2 DENT 1 COB
1002188281,2026-02-07,Line 2,2025,SWBS,R28153,TVW25T9532X1,UN,48.5,20942684,Fail,Cob,0.78,NA,,0.49,NA,,2 COB 1 SMUT
300099633,2026-02-07,Colorsorter,2025,SWCO,GSS9040,TVW099070X1,LF,454,21041736,Fail,Dent,,NA,,,NA,,1 DENT
2400007486,2026-02-07,Colorsorter,2025,SWCO,GSS9040,TVW099070X1,MF,728.5,21022722,Pass,,,0.9825,,,0.965,,
2400007494,2026-02-07,VMEK,2025,SWBS,AC082Y,TVW25T9500,UN,284,21073359,Fail,Cob,,NA,,,NA,,4 COB 1 DENT
1002188278,2026-02-07,Line 2,2025,SWBS,R10233,TVW25T9520X1,L,316,20942672,Pass,,0.975,0.9575,-0.0175,0.97,0.96,-0.01,
1002188278,2026-02-07,Line 2,2025,SWBS,R10233,TVW25T9520X1,M,59.5,20942673,Pass,,0.975,0.995,0.02,0.97,0.95,-0.02,
1002188387,2026-02-07,Line 2,2025,SWBS,R21807,TVW25S9531X1,UN,120,20942714,Fail,Dent,0.895,NA,,0.8,NA,,10 DENT 3 COB
1002188283,2026-02-07,Line 2,2025,SWBS,R16793,TVW25S9529X1,M,270.5,20942694,Fail,Dent,0.965,NA,,0.935,NA,,3 DENT
2400007446,2026-02-07,Gravity,2025,SWCO,GSS3951,WAW099057X1,MFL,10973,20973815,Pass,,,0.9475,,,0.925,,
300099632,2026-02-07,VMEK,2025,SWCO,GSS9040,TVW099070X1,LR,232,21041733,Pass,,,0.9775,,,0.985,,
300099069,2026-02-07,Colorsorter,2025,SWCO,PLAYA,WAW099078X2,LR,12459.5,20942080,Pass,,,0.96,,,0.955,,
1002188283,2026-02-07,Line 2,2025,SWBS,R16793,TVW25S9529X1,UN,270.5,20942694,Fail,Dent,0.965,NA,,0.935,NA,,3 DENT
2400007312,2026-02-08,Colorsorter,2025,SWCO,MATRIARCH,WAW099072H,LR,558,20950151,Pass,,,0.95,,,0.97,,
2400007464,2026-02-08,VMEK,2025,SWBS,R15309,TVW25S9527X1,UN,29.5,21070306,Pass,,,0.65,,,0.505,,2 VAL: 1 COB
1002188386,2026-02-08,Line 2,2025,SWBS,R30343,TVC25S9537X1,LR,298,20942710,Fail,Dent,0.9575,NA,,0.98,NA,,76 DENT
1002188386,2026-02-08,Line 2,2025,SWBS,R30343,TVC25S9537X1,LF,290,20942711,Pass,,0.9575,0.965,0.00749999999999995,0.98,0.99,0.01,
1002188282,2026-02-08,Line 2,2025,SWBS,R36291,TVC25S9540X1,LR,140.5,20942688,Fail,Dent,0.8875,NA,,0.92,NA,,3 DENT
1002188282,2026-02-08,Line 2,2025,SWBS,R36291,TVC25S9540X1,LF,235,20942689,Fail,Dent,0.8875,NA,,0.92,NA,,2 DENT 2 COB
2400007433,2026-02-08,Colorsorter,2025,SWCO,GSS9040,TVW099070X1,MR,497,21022759,Pass,,,0.9675,,,0.975,,
1002188269,2026-02-09,Line 2,2025,SWBS,R0662A,TVW25S9522X1,UN,143,20942619,Fail,Cob,0.8225,NA,,0.735,NA,,2 COB
2400007523,2026-02-09,VMEK,2025,SWBS,R14759,TVW25S9526X1,UN,90.5,21070342,Fail,Cob,,NA,,,NA,,2 COB
2400007117,2026-02-09,Colorsorter,2025,SWCO,MATRIARCH,WAW099072H,MR,1368,20950046,Pass,,,0.9575,,,0.93,,
2400007381,2026-02-09,Colorsorter,2025,SWCO,MATRIARCH,WAW099072H,LF,1253,20950120,Pass,,,0.9525,,,0.94,,
2400007116,2026-02-09,Gravity,2025,SWCO,GSS3951,WAW099055X1,MF,11562.5,20937438,Fail,Dent,,NA,,,NA,,1 DENT
2400007119,2026-02-09,Colorsorter,2025,SWCO,SILVER QUEEN,WAC099044,MF,1581,20954173,Fail,Off-Type,,NA,,,NA,,3 OFFTYPES
1002188276,2026-02-09,Line 2,2025,SWBS,R30007,TVC25T9536X1,LF,261,20942665,Pass,,0.9225,0.9125,-0.01,0.89,0.94,0.0499999999999999,
1002188276,2026-02-09,Line 2,2025,SWBS,R30007,TVC25T9536X1,MR,127,20942666,Pass,,0.9225,0.8975,-0.025,0.89,0.84,-0.05,
1002188276,2026-02-09,Line 2,2025,SWBS,R30007,TVC25T9536X1,MF,252,20942667,Pass,,0.9225,0.835,-0.0875,0.89,0.755,-0.135,
2400007271,2026-02-09,Colorsorter,2025,SWCO,MATRIARCH,WAW099072HJ1,LF,461.5,20949991,Pass,,,0.955,,,0.935,,
300100135,2026-02-09,Handpick,2025,SWBS,R00681A,TVW25T9518X1,LF,374.5,21082341,Pass,,,0.495,,,0.415,,
2400007314,2026-02-10,Colorsorter,2025,SWCO,SILVER QUEEN,WAC099044,MR,1947,20954237,Pass,,,0.9875,,,0.98,,
1002188270,2026-02-10,Line 2,2025,SWBS,R00398F-SMS,TVC25T9516X1,LR,199,20942623,Fail,Dent,0.965,NA,,0.97,NA,,5 DENT
1002188270,2026-02-10,Line 2,2025,SWBS,R00398F-SMS,TVC25T9516X1,LF,234.5,20942624,Fail,Dent,0.965,NA,,0.97,NA,,4 DENT
2400007362,2026-02-10,Gravity,2025,SWCO,GSS3951,WAW099055X1,LF,2136,20938942,Pass,,,0.9725,,,0.925,,
300100136,2026-02-10,Handpick,2025,SWBS,AC144Y,TVW25T9503,LF,289.5,21082364,Pass,,,0.9225,,,0.92,,
1002190514,2026-02-10,Line 2,2025,SWCO,GSS8871,TVW099068X1,UN,277,20951647,Pass,,,0.94,,,1,,2 VAL: 1 COB
2400007273,2026-02-10,Colorsorter,2025,SWCO,SILVER QUEEN,WAC099044,LR,10762,20954291,Pass,,,0.9825,,,0.985,,
2400007316,2026-02-10,Gravity,2025,SWBS,AC157Y,TVW25T9505,MF,481.5,20957841,Fail,Discolored,,NA,,,NA,,2.54% DISCOLORED
2400007414,2026-02-10,Gravity,2025,SWCO,BSS31212,TVW099011X2,MF,329,21007270,Fail,Cob,,NA,,,NA,,4 COB
1002185123,2026-02-10,Line 2,2025,SWCO,GSS5524,TVW099062X1,UN,445,20927336,Fail,Discolored,,NA,,,NA,,2.60% DISCOLORED
300100220,2026-02-11,Handpick,2024,SWBS,AC144Y,TVW24S8602W,L,18.44,21088596,Fail,Dent,,NA,,,NA,,DENT FOUND IN PHYSICAL PURITY
1002188268,2026-02-11,Line 2,2025,SWBS,W0168,TVC25T9553,LR,186.5,20942615,Fail,Discolored,0.8625,NA,,0.43,NA,,4.24% REJECT TOTAL (DISCOLORED AND DAMAGED SEED)
1002188268,2026-02-11,Line 2,2025,SWBS,W0168,TVC25T9553,LF,234.5,20942616,Pass,,0.8625,0.7475,-0.115,0.43,0.665,0.235,
1002188268,2026-02-11,Line 2,2025,SWBS,W0168,TVC25T9553,MR,119.5,20942617,Pass,,0.8625,0.8725,0.01,0.43,0.72,0.29,
1002188268,2026-02-11,Line 2,2025,SWBS,W0168,TVC25T9553,MF,94.5,20942618,Pass,,0.8625,0.78,-0.0825,0.43,0.72,0.29,
1002185210,2026-02-11,Line 2,2025,SWCO,GH3840,TVC099029,UN,90.5,20926679,Pass,,,0.975,,,0.965,,
2400007403,2026-02-11,Colorsorter,2025,SWCO,SILVER QUEEN,WAC099083,LR,18999.5,20954005,Pass,,,0.9975,,,0.96,,
300099798,2026-02-11,Gravity,2025,SWCO,GARRISON-R,TVW099024X2,MR,2824.5,21047364,Pass,,,0.9425,,,0.86,,
2400007270,2026-02-11,Gravity,2025,SWCO,BSS1075-R,WAW099005X2J,MF,1758,20935713,Pass,,,0.8925,,,0.885,,
2400007503,2026-02-11,Gravity,2025,SWCO,FIJI,WAW099022X2,LR,350,21032005,Pass,,,0.97,,,0.975,,
2400007409,2026-02-11,Gravity,2025,SWCO,ACCESSION,WAW099004X2,MF,2482,20967499,Pass,,,0.9575,,,0.9,,
2400007372,2026-02-11,Gravity,2025,SWCO,ACCESSION,WAW099004X2,LR,722.5,20971484,Pass,,,0.9725,,,0.94,,
300100137,2026-02-11,Handpick,2025,SWBS,AC157Y,TVW25S9504,M,67,21082393,Pass,,,0.9125,,,0.88,,
1002185125,2026-02-11,Line 2,2025,SWCO,WSS2524,TVW099088X2,L,429,20927344,Fail,Cob,,NA,,,NA,,4 COB
1002185125,2026-02-11,Line 2,2025,SWCO,WSS2524,TVW099088X2,M,167.5,20927345,Fail,Smut,,NA,,,NA,,1 SMUT 1 COB
1002188274,2026-02-11,Line 2,2025,SWBS,AC101Y,TVW25S9502,UN,238.5,20942656,Fail,Cob,0.9725,NA,,0.915,NA,,6 COB
2400007504,2026-02-12,Gravity,2023,PECO,ROMAGO,1284 3 000160,,8238,21052097,Pass,,0.98,0.93,-0.0499999999999999,NA,NA,,
1002185122,2026-02-12,Line 2,2025,SWCO,GSS4972,TVW099061X2,LR,737,20927332,Pass,,0.9825,0.975,-0.00750000000000006,0.945,0.97,0.025,
1002185122,2026-02-12,Line 2,2025,SWCO,GSS4972,TVW099061X2,LF,727.5,20927333,Pass,,0.96,0.97,0.01,0.97,0.955,-0.015,
1002185122,2026-02-12,Line 2,2025,SWCO,GSS4972,TVW099061X2,MR,122,20927334,Pass,,0.98,0.9725,-0.00749999999999995,0.96,0.99,0.03,
1002185122,2026-02-12,Line 2,2025,SWCO,GSS4972,TVW099061X2,MF,135.5,20927335,Fail,Discolored,0.965,NA,,0.925,NA,,0.50% DISCOLORED
2400007297,2026-02-12,Colorsorter,2025,SWCO,BSS3556,TVW099013X2,LF,696.5,20965489,Pass,,,0.9625,,,0.94,,2 VAL: 1 COB
2400007424,2026-02-12,Colorsorter,2025,SWCO,ACCENTUATE,WAW099003X2,MF,3833,20962209,Fail,Discolored,,NA,,,NA,,2.65% DISCOLORED
2400007399,2026-02-12,Colorsorter,2025,SWCO,BSS31212,TVW099011X2,LF,1968,20993164,Fail,Discolored,,NA,,,NA,,0.51% DISCOLORED
2400007405,2026-02-12,Gravity,2025,SWCO,GH9335,WAC099035,LR,456.5,20957813,Pass,,,0.9875,,,0.98,,
2400007394,2026-02-13,Colorsorter,2025,SWCO,SILVER QUEEN,WAC088582W,LR,11606,20970101,Fail,Dent,,NA,,,NA,,12 DENT
2400007376,2026-02-13,Colorsorter,2025,SWCO,SILVER QUEEN,TVC099552,UN,258,20986168,Pass,,,0.98,,,0.98,,
2400007353,2026-02-13,Line 2,2025,SWBS,W0767,TVC25S9554,LF,370,21012984,Fail,Dent,,NA,,,NA,,4 DENT
2400007461,2026-02-13,VMEK,2025,SWCO,BSS31212,TVW099011X2,MR,235.5,20993155,Pass,,,0.825,,,0.865,,2 VAL: 1 COB
2400007435,2026-02-13,Colorsorter,2025,SWCO,GSS31004,WAW099049X2,MR,1432.5,21025688,Pass,,,0.9875,,,0.955,,
2400007425,2026-02-13,Colorsorter,2025,SWCO,WSS33739,TVW099089X2,L,470.5,20962722,Pass,,,0.94,,,0.825,,
2400007484,2026-02-13,Gravity,2025,SWBS,R00118,TVW25T9513X1,MF,358.5,21012800,Pass,,,0.93,,,0.86,,2 VAL: 1 COB
2400007423,2026-02-13,Gravity,2025,SWBS,R325A,TVC25S9539X1,LF,541,20960865,Pass,,,0.96,,,0.93,,
1002214868,2026-02-13,Line 2,2025,SWCO,GH5171,ORC099031,LR,952.5,21046156,Pass,,,0.99,,,0.93,,
1002214868,2026-02-13,Line 2,2025,SWCO,GH5171,ORC099031,LF,489,21046157,Pass,,,0.9725,,,0.98,,
2400007408,2026-02-14,Gravity,2025,SWCO,BSS3556,TVW099013X2,LR,583.5,20965487,Pass,,,0.98,,,0.945,,2 VAL: 1 COB
300099944,2026-02-14,Gravity,2025,SWCO,GH6055,ORC099032X1,LR,9101.5,21051959,Fail,Dent,,NA,,,NA,,2 DENT
2400007540,2026-02-16,Gravity,2025,SWCO,EA COGENT,ORC099021,MR,1420.5,21025676,Pass,,,0.9775,,,0.97,,
300100369,2026-02-16,Gravity,2025,SWCO,GSS6924,WAW099066X1,MR,1408,21094009,Pass,,,0.985,,,0.99,,
300100342,2026-02-16,Handpick,2025,SWBS,AC215Y,TVW25S9507W,MF,187,21088607,Pass,,,0.9225,,,0.97,,
2400007487,2026-02-16,VMEK,2025,SWBS,W0767,TVC25S9554,LR,121,21022823,Fail,Dent,,NA,,,NA,,20 DENT
2400007426,2026-02-16,VMEK,2025,SWCO,WSS3949,TVW099090X2,UN,39.5,20962734,Fail,Off-Type,,NA,,,NA,,35 OFFTYPES
2400007379,2026-02-16,VMEK,2025,SWBS,W0767,TVC25S9554,MR,154,21012995,Pass,,,0.92,,,0.93,,
2400007299,2026-02-17,Colorsorter Line 2,2025,SWCO,DESERT FROST,TVW099020X2,LF,3309,20990927,Pass,,,0.985,,,0.96,,
2400007552,2026-02-17,VMEK,2025,SWCO,CODE 646,WAW099093J,MF,137,21111193,Pass,,,0.94,,,0.97,,
2400007560,2026-02-17,Gravity,2025,SWCO,CODE 646,WAW09901J,LF,661.5,21082436,Pass,,,0.96,,,0.95,,
2400007319,2026-02-17,Gravity,2025,SWCO,ACCENTUATE,WAW099003X2,LR,4023.5,20962265,Pass,,,0.9725,,,0.96,,
2400007452,2026-02-17,VMEK,2025,SWCO,GSS1474,WAW099042X1,M,131.5,21024247,Pass,,,0.885,,,0.705,,
2400007562,2026-02-18,Handpick,2024,SWBS,AC157Y,TVW24T8604,F,361,21094033,Pass,,,0.92,,,0.85,,
300100663,2026-02-18,VMEK,2025,SWCO,GH1662,TVC099028,LR,85.5,21121168,Pass,,,0.9075,,,0.905,,
2400007357,2026-02-18,Colorsorter Line 1,2025,SWCO,GH6055,ORC099032X1,LF,21083.5,21025557,Pass,,,0.9925,,,0.995,,
2400007488,2026-02-18,VMEK,2025,SWBS,R11965,TVW25S9525X1,M,325,21022824,Pass,,,0.8325,,,0.675,,2 VAL: 1 COB
2400007476,2026-02-18,Gravity,2025,BECO,HUNTINGTON,WAG099009,L,11091,21109901,Pass,,0.715,0.74,0.025,NA,NA,,
2400007476,2026-02-18,Gravity,2025,BECO,HUNTINGTON,WAG099009,,10759.5,21109900,Pass,,0.715,0.7725,0.0575,NA,NA,,
2400007356,2026-02-18,Colorsorter Line 1,2025,SWCO,GH6055,ORC099032X1,MR,3343,21025535,Fail,Dent,,NA,,,NA,,3 DENT
2400007358,2026-02-18,Colorsorter,2025,SWCO,GH6055,ORC099032X1,MF,3176.5,21025558,Pass,,,0.9925,,,0.975,,
2400007454,2026-02-19,Gravity,2024,SWCO,SERENDIPITY,ORT088554,MR,2407,21085488,Pass,,,0.9525,,,0.97,,
2400007456,2026-02-19,Gravity,2024,SWCO,SERENDIPITY,ORT088554,LR,3105,21085490,Pass,,,0.995,,,0.995,,
300100221,2026-02-19,Handpick,2024,SWBS,R00638,TVW24T8623X1W,MF,140.5,21088599,Pass,,,0.7675,,,0.65,,
2400007520,2026-02-19,Colorsorter Line 1,2025,SWBS,R39232,TVC25S9541X1,LR,513.5,21013007,Pass,,,0.915,,,0.915,,
2400007506,2026-02-19,Colorsorter Line 1,2025,SWBS,R00118,TVW25T9513X1,LF,226.5,21082321,Fail,Cob,,NA,,,NA,,2 COB
300099797,2026-02-19,Gravity,2025,SWCO,GARRISON-R,TVW099025X2,MF,10630.5,21047351,Fail,Discolored,,NA,,,NA,,1% DISCOLORED
2400007567,2026-02-19,Colorsorter Line 1,2025,SWBS,R16793,TVW25S9529X1,M,263.5,21107744,Pass,,,0.9775,,,0.95,,
2400007462,2026-02-19,Colorsorter,2025,SWCO,GSS1477S,WAW099043X1W,LR,1350,21028035,Pass,,,0.5625,,,0.48,,
2400007641,2026-02-19,VMEK,2025,SWBS,R21807,TVW25S9531X1,UN,97.5,21109659,Fail,Cob,,NA,,,NA,,9 COB
2400007490,2026-02-19,Colorsorter Line 1,2025,SWCO,GSS4479,WAW099060X1,LR,294,21024155,Pass,,,0.9475,,,0.975,,
2400007485,2026-02-19,VMEK,2025,SWBS,R39232,TVC25S9541X1,LF,365.5,21012948,Pass,,,0.9175,,,0.905,,
2400007550,2026-02-19,Colorsorter Line 1,2025,SWCO,TRADITION,WAW099009X2,MF,386,21107954,Fail,Cob,,NA,,,NA,,5 COB 1 SMUT
2400007622,2026-02-19,Colorsorter Line 1,2025,SWCO,TRADITION,WAW099009X2,LR,622,21107995,Pass,,,0.97,,,0.96,,
2400007351,2026-02-20,Colorsorter Line 1,2024,SWCO,HONEY SELECT,ORT088608,MR,264,20967395,Fail,Discolored,,NA,,,NA,,0.68% DISCOLORED
2400007455,2026-02-20,Gravity,2025,SWCO,SERENDIPITY,ORT088554,LF,4744,21085489,Pass,,,0.945,,,0.995,,
2400007582,2026-02-20,Colorsorter Line 2,2025,SWCO,P&C EARLY,WAC099077,LR,6241.5,21105142,Fail,Dent,,NA,,,NA,,43 DENT
2400007721,2026-02-20,Gravity,2025,SWBS,R584A,TVW25T9549X1,MF,682,21123833,Pass,,,0.9175,,,0.965,,
2400007508,2026-02-20,VMEK,2025,SWBS,AC157Y,TVW25S9504,L,80.5,21089850,Pass,,,0.9575,,,0.97,,
2400007507,2026-02-20,Colorsorter Line 1,2025,SWBS,R00118,TVW25T9513X1,MR,242,21089848,Fail,Cob,,NA,,,NA,,12 COB
2400007416,2026-02-20,VMEK,2025,SWBS,R16826,TVW25S9530X1,UN,175.5,21012662,Pass,,,0.975,,,0.955,,2 VAL: 1 COB
2400007585,2026-02-20,VMEK,2025,SWBS,R00153,TVW25T9515X1K,UN,47,21110095,Fail,Weed,,NA,,,NA,,3 NOXIOUS WEEDS (TRIBULUS TERRESTIS/ PUNCTURE VINE)
2400007474,2026-02-20,Colorsorter Line 2,2025,SWBS,R11649,TVW25T9524X1,LF,290,21101728,Fail,Cob,,NA,,,NA,,8 COB 1 DENT
2400007509,2026-02-20,Colorsorter Line 1,2025,SWBS,R594A,TVW25T9550X1,LR,463.5,21099898,Pass,,,0.9525,,,0.96,,
2400007457,2026-02-20,Gravity,2025,SWBS,AC246Y,TVW25S9508,LF,263,21088812,Fail,Cob,,NA,,,NA,,4 COB
2400007502,2026-02-20,VMEK,2025,SWCO,FIJI,WAW099022X2,LF,183.5,21029718,Fail,Cob,,NA,,,NA,,3 COB
2400007510,2026-02-20,VMEK,2025,SWBS,R320E,TVW25T9538,UN,158,21099967,Fail,Cob,,NA,,,NA,,14 COB
2400007295,2026-02-20,Gravity,2025,SWCO,BSS1075-R,WAW099008X2,MF,793.5,20964375,Pass,,,0.955,,,0.97,,
2400007722,2026-02-20,Gravity,2025,SWBS,R584A,TVW25T9548X1,MF,624,21123876,Pass,,,0.9325,,,0.96,,
2400007630,2026-02-20,Colorsorter Line 1,2025,SWBS,R11649,TVW25T9524X1,MF,381.5,21108091,Fail,Cob,,NA,,,NA,,3 COB
2400007624,2026-02-21,Colorsorter Line 1,2025,SWBS,R565A,CCW25T9010X1,MR,165.5,21108068,Pass,,,0.6275,,,0.18,,
2400007545,2026-02-21,VMEK,2025,SWBS,R11965,TVW25S9525X1,L,177.5,21093577,Pass,,,0.9225,,,0.775,,2 VAL: 1 COB
2400007327,2026-02-21,Gravity,2025,SWCO,BSS1075-R,WAW099007X2J,MF,6890,20936969,Fail,Cob,,NA,,,NA,,2 COB
2400007522,2026-02-21,Colorsorter Line 1,2025,SWCO,FIJI,TVW099023X2,LR,230,21032056,Pass,,,0.955,,,0.92,,
2400007471,2026-02-23,Colorsorter Line 2,2025,SWBS,AC092YIMP,TVW25S9501,MR,302,21097425,Pass,,,0.9375,,,0.93,,
2400007564,2026-02-23,Colorsorter Line 2,2025,SWBS,AC246Y,TVW25S9508,LR,268.5,21097261,Pass,,,0.79,,,0.72,,2 VAL: 1 COB
2400007660,2026-02-23,Colorsorter Line 2,2025,SWBS,AC157Y,TVW25S9504,M,211.5,21116749,Pass,,,0.9025,,,0.895,,
2400007642,2026-02-23,Colorsorter Line 2,2025,SWBS,R36291,TVC25S9540X1,LF,219.5,21109805,Fail,Dent,,NA,,,NA,,6 DENT
2400007720,2026-02-23,Colorsorter Line 1,2025,SWBS,AC157Y,TVW25T9505,MF,454.5,21121059,Pass,,,0.9325,,,0.93,,
2400007586,2026-02-23,VMEK,2025,SWBS,R36291,TVC25S9540X1,LR,122.5,21110096,Fail,Dent,,NA,,,NA,,5 DENT
2400007459,2026-02-23,VMEK,2025,SWBS,AC254Y,TVW25T9510,UN,132,21101782,Pass,,,0.9425,,,0.88,,2 VAL: 1 COB
2400007475,2026-02-23,Colorsorter Line 1,2025,SWBS,R00153,TVW25T9514X1,L,227,21104613,Pass,,,0.9225,,,0.9,,
2400007701,2026-02-23,Colorsorter Line 1,2025,SWCO,BSS31212,TVW099011X2,MF,318,21121095,Fail,Discolored,,NA,,,NA,,1.25% DISCOLORED 1 COB
2400007603,2026-02-23,Colorsorter Line 1,2025,SWBS,R00153,TVW25T9514X1,M,243,21101486,Fail,Cob,,NA,,,NA,,33 COB 9 SMUT
2400007511,2026-02-23,Colorsorter Line 1,2025,SWBS,R00153,TVW25T9515X1,UN,110.5,21100387,Fail,Cob,,NA,,,NA,,23 COB 5 SMUT 2 DENT
300099564,2026-02-23,Gravity,2025,SWCO,BSS1075-R,WAW099006X2J,MR,3825,20990979,Pass,,,0.9625,,,0.94,,
300099562,2026-02-23,Gravity,2025,SWCO,BSS1075-R,WAW099006X2,LF,3474.5,20990976,Pass,,,0.95,,,0.96,,
300099295,2026-02-23,Gravity,2025,SWCO,BSS1075-R,WAW099008X2,MR,2006.5,20981221,Pass,,,0.955,,,0.95,,
2400007621,2026-02-23,Colorsorter Line 1,2025,SWBS,AC082Y,TVW25T9500,UN,276.5,21107461,Fail,Dent,,NA,,,NA,,3 DENT 2 COB
2400007626,2026-02-23,VMEK,2025,SWBS,R747,TVW25T9551X1,MR,83.5,21108072,Pass,,,0.925,,,0.86,,
300100219,2026-02-24,Handpick,2022,SWBS,AC215Y,TVW22S6547X1W,R,43,21088592,Pass,,,0.9175,,,0.88,,
2400007566,2026-02-24,Gravity,2024,SWCO,HONEY SELECT,WAT088576,MF,3411.5,21104827,Fail,,,NA,,,NA,,0.81% DISCOLORED
2400007680,2026-02-24,Gravity,2025,SWCO,GSS5524,TVW099062X1,UN,378.5,21121019,Fail,Discolored,,0.9825,,,0.945,,0.59% DISCOLORED
2400007742,2026-02-24,Colorsorter Line 1,2025,SWCO,GH6055,ORC099032X1,LR,8973,21126334,Fail,Dent,,NA,,,NA,,1 DENT
2400007623,2026-02-24,Colorsorter Line 2,2025,SWBS,R293B,TVC25S9535,L,535,21108066,Pass,,,0.98,,,0.965,,
2400007628,2026-02-24,Colorsorter Line 2,2025,SWBS,AC092YIMP,TVW25S9501,MF,234,21108078,Fail,Cob,,NA,,,NA,,5 COB
2400007601,2026-02-24,Colorsorter Line 2,2025,SWBS,AC092YIMP,TVW25S9501,LR,199.5,21097360,Fail,Dent,,NA,,,NA,,1 DENT
2400007602,2026-02-24,VMEK,2025,SWBS,R594A,TVW25T9550X1,MF,39.5,21098954,Pass,,,0.96,,,0.925,,
2400007512,2026-02-24,Colorsorter Line 2,2025,SWBS,R00398F-SMS,TVC25T9516X1,LF,216,21112986,Fail,Dent,,NA,,,NA,,1 DENT
2400007588,2026-02-24,Colorsorter Line 1,2025,SWBS,R00398F-SMS,TVC25T9516X1,LR,187,21118974,Fail,,,NA,,,NA,,16 DENT
2400007458,2026-02-24,VMEK,2025,SWBS,R594A,TVW25T9550X1,MR,103.5,21098957,Pass,,,0.965,,,0.94,,
2400007568,2026-02-24,VMEK,2025,SWBS,R5001H,TVW25U9544H,UN,33.5,21109857,Fail,Dent,,NA,,,NA,,2 DENT 1 SMUT 1 COB
2400007472,2026-02-24,Colorsorter Line 2,2025,SWBS,G01110,TVW25T9512X1,L,249,21100398,Pass,,,0.5075,,,0.505,,
2400007604,2026-02-24,Colorsorter Line 2,2025,SWBS,R11649,TVW25T9524X1,MR,202,21101714,Fail,Cob,,NA,,,NA,,8 COB 2 DENT
2400007620,2026-02-24,VMEK,2025,SWBS,R4001H,TVW25T9542H,MR,140,21101807,Fail,Cob,,NA,,,NA,,2 COB
300099563,2026-02-24,Gravity,2025,SWCO,BSS1075-R,WAW099006X2,MF,7322.5,20990977,Fail,Cob,,NA,,,NA,,2 COB
300100424,2026-02-24,Handpick,2025,SWBS,R00681A,TVW25T9518X1,LR,354,21097446,Pass,,,0.735,,,0.495,,
2400007554,2026-02-24,Colorsorter Line 2,2025,SWBS,AC101Y,TVW25S9502,UN,227.5,21113960,Fail,Cob,,NA,,,NA,,2 COB 1 SMUT
300100218,2026-02-25,Handpick,2022,SWBS,R11204,TVW22S6529X1W,LF,41.5,21088586,Pass,,,0.935,,,0.99,,
300100756,2026-02-25,VMEK,2024,SWBS,AC144Y,TVW24S8602W,L,14.29,21128387,Pass,,,0.92,,,0.88,,
2400007584,2026-02-25,Gravity,2024,SWCO,OVERLAND,24-TUSY1507-X2,LR,3499,21107756,Pass,,,0.9575,,,0.92,,
2400007681,2026-02-25,Line 2,2025,SWBS,W0767,TVC25S9554,LF,348.5,21124269,Pass,,,0.965,,,0.98,,
2400007625,2026-02-25,Colorsorter Line 1,2025,SWBS,R594A,TVW25T9550X1,LF,237.5,21108069,Pass,,,0.9725,,,0.935,,
2400007600,2026-02-25,Colorsorter Line 2,2025,SWBS,AC092YIMP,TVW25S9501,LF,168.5,21097325,Pass,,,0.9675,,,0.965,,2 VAL: 1 COB
2400007627,2026-02-25,VMEK,2025,SWBS,AC206Y,TVW25T9506,MF,46.5,21108073,Fail,Cob,,NA,,,NA,,3 COB
2400007605,2026-02-25,VMEK,2025,SWBS,R28153,TVW25T9532X1,UN,39.5,21109585,Fail,Cob,,NA,,,NA,,5 COB 1 SMUT
2400007661,2026-02-25,VMEK,2025,SWBS,R14759,TVW25S9526X1,UN,82,21116767,Pass,,,0.8675,,,0.845,,
2400007643,2026-02-25,VMEK,2025,SWBS,R0662A,TVW25S9522X1,UN,127,21110147,Pass,,,0.87,,,0.825,,
300099557,2026-02-25,Colorsorter Line 1,2025,SWCO,GARRISON-R,WAW099026X2J,MR,2173,21024191,Pass,,,,,,,,
300099447,2026-02-25,Colorsorter Line 1,2025,SWCO,GARRISON-R,TVW099024X2,LF,2030.5,20979346,Pass,,,,,,,,
2400007407,2026-02-25,VMEK,2025,SWCO,BSS3556,TVW099013X2,MF,93,20965375,Pass,,,0.96,,,0.955,,
2400007662,2026-02-25,Gravity,2025,SWBS,W0168,TVC25T9553,LR,124,21118890,Pass,,,0.91,,,0.545,,
2400007549,2026-02-25,Gravity,2025,SWCO,GSS3228,TVW099051X2,L,209,21099980,Pass,,,0.975,,,0.99,,2 VAL: 1 COB
300099542,2026-02-25,Gravity,2025,SWCO,GSS2259P,WAW099046X1,LF,372,20986121,Pass,,,0.98,,,0.98,,
2400007583,2026-02-26,VMEK,2025,SWBS,R15468,TVW25S9528X1,M,117.5,21107724,Fail,Cob,,NA,,,NA,,2 COB
2400007629,2026-02-26,Colorsorter Line 2,2025,SWBS,R11649,TVW25T9524X1,LR,151,21108088,Fail,Cob,,NA,,,NA,,21 COB
2400007581,2026-02-26,VMEK,2025,SWBS,R10457,TVW25S9521X1,LR,140,21101326,Pass,,,0.96,,,0.93,,
2400007547,2026-02-26,Colorsorter Line 2,2025,SWBS,R747,TVW25T9551X1,MF,71.5,21098631,Fail,Broken,,NA,,,NA,,3.85% DAMAGE SEED
2400007724,2026-02-26,VMEK,2025,SWCO,WSS3949,TVW099090X2,UN,25,21124257,Fail,Off-Type,,NA,,,NA,,3 OFFTYPES
300099593,2026-02-26,Gravity,2025,SWCO,GSS3951,WAW099057X1,MR,6871,21007026,Pass,,,,,,,,
300100422,2026-02-26,Gravity,2025,SWCO,GSS31004,WAW099049X2,LR,5982,21093989,Pass,,,0.975,,,0.965,,
300099695,2026-02-26,Colorsorter Line 1,2025,SWCO,GARRISON-R,TVW099025X2,LR,2069.5,21028437,Pass,,,0.9375,,,0.905,,
300100519,2026-02-26,VMEK,2025,SWBS,R00681A,TVW25S9518X1,MR,105,21118979,Pass,,,0.5475,,,0.515,,
2400007281,2026-02-26,Colorsorter Line 1,2025,SWCO,GARRISON-R,WAW099027X2,MF,16939.5,20897290,Fail,Cob,,NA,,,NA,,2 COB
300100683,2026-02-26,Gravity,2025,SWCO,GSS8529,WAW099037X1,LR,530,21124304,Pass,,,0.945,,,0.94,,
300099361,2026-02-26,Gravity,2025,SWCO,GSS8529,WAW099094X1,LF,735,20986115,Fail,Dent,,NA,,,NA,,1 DENT
2400007292,2026-02-26,Gravity,2025,SWCO,CABO,WAW099018X2,MF,1033.5,20959508,Pass,,,0.975,,,1,,
300100686,2026-02-27,Gravity,2025,SWCO,GSS8529,WAW099094X1,LR,418,21124307,Pass,,,0.9475,,,0.99,,
300100520,2026-02-27,VMEK,2025,SWBS,R28153,TVW25T9533X1,UN,148,21118980,Fail,Cob,,NA,,,NA,,8 COB 1 SMUT
2400007551,2026-02-27,Colorsorter Line 2,2025,SWBS,R30343,TVC25S9537X1,LR,273,21109806,Fail,Dent,,NA,,,NA,,11 DENT
2400007740,2026-02-27,Colorsorter Line 2,2025,SWCO,WSS2524,TVW099088X2-L,L,376.5,21121237,Pass,,,0.9475,,,0.95,,
2400007682,2026-02-27,VMEK,2025,SWBS,W0767,TVC25S9554,LR,112,21128317,Fail,Dent,,NA,,,NA,,18 DENT
2400007491,2026-02-27,Gravity,2025,SWCO,GSS8529,WAW099038X1,LR,103.5,21055728,Pass,,,0.9675,,,0.97,,
300100684,2026-02-27,Gravity,2025,SWCO,GSS8529,WAW099037X1,LF,1129.5,21124305,Pass,,,0.99,,,0.975,,
300100685,2026-02-27,Gravity,2025,SWCO,GSS8529,WAW099037X1,MF,2130.5,21124306,Pass,,,1,,,0.995,,
300100521,2026-02-27,VMEK,2025,SWCO,BSS36922,TVW099014X2,M,187,21118981,Fail,Cob,,NA,,,NA,,2 COB
300100518,2026-02-27,VMEK,2025,SWBS,R584A,TVW25T9549X1,LF,227,21118978,Pass,,,0.9725,,,1,,
2400007359,2026-02-27,Colorsorter Line 2,2025,SWCO,GH6055,ORC099032X1,LRH,825.5,21025603,Fail,Dent,,NA,,,NA,,14 DENT
2400007705,2026-02-28,VMEK,2025,SWBS,R00153,TVW25T9515X1K,UN,36,21136522,Fail,Dent,,NA,,,NA,,1 DENT 1 SMUT
2400007800,2026-03-02,VMEK,2025,SWBS,R21807,TVW25S9531X1,UN,88.5,21129915,Fail,Cob,,NA,,,NA,,28 COB 3 DENT
2400007706,2026-03-02,Colorsorter Line 1,2025,SWBS,R00118,TVW25T9513X1,LF,220,21136523,Fail,Off-Type,,NA,,,NA,,3 OFFTYPES
2400007761,2026-03-02,Colorsorter Line 1,2025,SWBS,R00118,TVW25T9513X1,MR,235.5,21132657,Fail,Off-Type,,NA,,,NA,,9 OFFTYPES 3 COB
300100138,2026-03-02,Handpick,2025,SWBS,AC247W,TVW25T9509,LF,887.5,21124309,Pass,,,0.975,,,0.99,,
300100689,2026-03-02,Gravity,2025,SWCO,GSS6924,WAW099065X1,LR,1294.5,21124310,Pass,,,0.9975,,,0.97,,
300100687,2026-03-02,Gravity,2025,SWCO,GSS6924,WAW099067X1,LF,1313,21124308,Pass,,,0.9425,,,0.985,,2 VAL: 1 COB
300100615,2026-03-02,Gravity,2025,SWCO,GSS5649,WAW099064X1,LR,11464,21126429,Pass,,,0.94,,,0.94,,
2400007434,2026-03-02,Colorsorter Line 2,2025,SWCO,GH6055,ORC099032X1,LFH,2643.5,21025563,Pass,,,1,,,0.98,,
2400007118,2026-03-03,Gravity,2023,SWCO,GSS3951,WAW077180,MF,952.5,20954148,Fail,Discolored,,NA,,,NA,,1.10% DISCOLORED
2400007364,2026-03-03,Colorsorter Line 2,2025,SWCO,P&C EARLY,WAC099077,MR,3849.5,20951272,Fail,Dent,,NA,,,NA,,33 DENT
2400007760,2026-03-03,Colorsorter Line 1,2025,SWCO,ACCENTUATE,WAW099003X2,MF,3173.5,21123806,Fail,Discolored,,NA,,,NA,,2.85% DISCOLORED 1 COB
300100662,2026-03-03,Gravity,2025,SWCO,GSS3951,WAW099056J,MR,2587.5,21121143,Pass,,,0.99,,,0.96,,2 VAL: 0.58% DISCOLORED
2400007700,2026-03-03,Gravity,2025,SWCO,WSS2524,TVW099088X2,M,143,21121049,Fail,Smut,,NA,,,NA,,1 SMUT
300100792,2026-03-04,Gravity,2025,SWCO,TYSON,WAW099086X1,LR,2747,21139510,Pass,,,0.9725,,,0.91,,
300100139,2026-03-04,Handpick,2025,SWBS,AC247W,TVW25T9509,LF,497,21082409,Pass,,,0.875,,,0.85,,2 VAL: 2 COB
300100793,2026-03-04,Gravity,2025,SWCO,TYSON,WAW099086X1,LF,4149,21139514,Fail,Discolored,,NA,,,NA,,0.68% DISCOLORED
300100545,2026-03-05,Handpick,2024,SWBS,R00681A,TVW24S8625X1PW,R,39.5,21118895,Pass,,,0.6275,,,0.57,,
300100546,2026-03-05,Handpick,2025,SWBS,AC157Y,TVW25T9505W,MR,333,21118899,Pass,,,0.9425,,,0.91,,
2400007445,2026-03-05,Gravity,2025,SWCO,BSS1075-R,WAW099005X2,MF,1118,20962771,Pass,,,0.9775,,,0.97,,
2400007589,2026-03-05,Colorsorter Line 2,2025,SWCO,P&C EARLY,WAC099077,LF,3634.5,21118975,Pass,,,1,,,0.99,,
1002188284,2026-03-05,Line 2,2025,SWBS,R10785,TVW25S9523X1,UN,104,20942700,Pass,,0.9675,0.96,-0.00750000000000006,0.915,0.92,0.005,
2400007406,2026-03-06,Gravity,2025,SWCO,BSS1075-R,WAW099005X2,MR,3703,20965159,Pass,,,0.97,,,0.975,,
300100140,2026-03-06,Handpick,2025,SWBS,AC247W,TVW25T9509,MF,222,21082411,Pass,,,0.8375,,,0.735,,2 VAL: 2 COB
2400007748,2026-03-06,Gravity,2025,SWCO,GSS8529,WAW099094X1,LF,692,21148597,Pass,,,0.9675,,,0.985,,
2400007727,2026-03-06,Colorsorter Line 2,2025,SWCO,P&C EARLY,WAC099077,LR,5819.5,21139952,Pass,,,0.9625,,,0.995,,
2400007708,2026-03-06,Colorsorter Line 1,2025,SWCO,BSS1075-R,WAW099007X2J,MF,6846,21139065,Pass,,,0.99,,,0.96,,
300100547,2026-03-09,Handpick,2022,SWBS,G4075,WAW22T6560X1,LR,370,21118924,Pass,,,0.9475,,,0.93,,2 VAL: 1 COB
300100543,2026-03-09,Handpick,2023,SWBS,R00638,TVW23T7543X1W,LF,190.5,21118893,Pass,,,0.8225,,,0.785,,
300100548,2026-03-09,Handpick,2023,SWBS,G4075,TVW23T7530X1,LF,238,21118936,Pass,,,0.9425,,,0.94,,
300100471,2026-03-09,Gravity,2025,SWCO,GSS3951,WAW099058X1,MR,8584,21109902,Pass,,,0.985,,,0.95,,
2400007344,2026-03-09,Gravity,2025,SWCO,GLACIAL,WAW099036X2,MF,1440.5,20956092,Fail,Discolored,,NA,,,NA,,0.61% DISCOLORED
300100852,2026-03-09,Gravity,2025,SWCO,GSS940,TVW099070X1,MF,656.5,21151061,Pass,,,0.9875,,,0.99,,
2400007821,2026-03-09,Colorsorter Line 1,2025,SWCO,BSS1075-R,WAW099006X2,MF,7250,21139670,Pass,,,0.9825,,,0.94,,2 VAL: 1 COB
2400007294,2026-03-09,Colorsorter Line 2,2025,SWCO,WSS33739,TVW099089X2,M,128,20962726,Fail,Off-Type,,NA,,,NA,,5 OFFTYPES
300100544,2026-03-10,Handpick,2023,SWBS,R594A,TVW23S7583X1W,MF,262,21118894,Pass,,,0.965,,,0.935,,
300100851,2026-03-10,Handpick,2025,SWBS,AC215Y,TVW25S9507W,MF,176,21150663,Pass,,,0.9425,,,0.87,,
2400007587,2026-03-10,Colorsorter Line 2,2025,SWCO,MATRIARCH,WAW099072HJ1,MR,540.5,21110099,Pass,,,0.965,,,0.95,,
2400007565,2026-03-10,Colorsorter Line 2,2025,SWBS,R4099H,TVW25S9543H,UN,228.5,21101813,Pass,,,0.64,,,0.52,,
2400007763,2026-03-10,Colorsorter Line 1,2025,SWCO,GARRISON-R,WAW099027X2,MF,16855.5,21148558,Pass,,,0.98,,,0.815,,2 VAL: 1 COB
300100848,2026-03-11,Handpick,2023,SWBS,R660D,TVW23S7584X1W,F,130,21150427,Pass,,,0.98,,,0.845,,2 VAL: 1 COB
300100850,2026-03-11,Handpick,2023,SWBS,R660K,TVW23T7589X1,MR,320.5,21150438,Pass,,,0.87,,,0.825,,
300100849,2026-03-11,Handpick,2023,SWBS,R660K,TVW23S7591X1,F,291.5,21150433,Pass,,,0.915,,,0.525,,2 VAL: 4 COB
2400007768,2026-03-11,Handpick,2025,SWBS,R00153,TVW25T9515X1K,UN,31.5,21152788,Pass,,,0.9525,,,0.875,,
2400007707,2026-03-11,Colorsorter Line 1,2025,SWBS,R00153,TVW25T9514X1,M,234,21138083,Fail,Cob,,NA,,,NA,,12 COB
2400007555,2026-03-11,Colorsorter Line 2,2025,SWCO,SILVER QUEEN,WAC099044,MF,1534,21115519,Pass,,,0.985,,,0.995,,
2400007743,2026-03-11,Colorsorter Line 1,2025,SWCO,TRADITION,WAW099009X2,MF,378.5,21136378,Fail,Cob,,NA,,,NA,,19 COB
2400007771,2026-03-11,Colorsorter Line 1,2025,SWBS,R11649,TVW25T9524X1,LF,276.5,21152798,Pass,,,0.9025,,,0.8,,
2400007746,2026-03-11,Colorsorter Line 2,2025,SWBS,AC092YIMP,TVW25S9501,LR,187.5,21139354,Pass,,,0.985,,,0.97,,
2400007762,2026-03-11,Handpick,2025,SWBS,R28153,TVW25T9532X1,UN,32.5,21144248,Fail,Cob,,NA,,,NA,,3 COB
2400007825,2026-03-12,Colorsorter Line 1,2024,SWCO,SILVER QUEEN,WAC088582W,LR,11330,21151000,Fail,Dent,,NA,,,NA,,11 DENT
1002246397,2026-03-12,Line 2,2025,SWCO,GSS2271,TVW099047X2,LR,146,21152441,Pass,,,0.965,,,0.975,,
1002246397,2026-03-12,Line 2,2025,SWCO,GSS2271,TVW099047X2,LF,177,21152442,Pass,,,0.9825,,,0.985,,
1002246397,2026-03-12,Line 2,2025,SWCO,GSS2271,TVW099047X2,MR,195.5,21152443,Pass,,,0.9675,,,0.965,,
1002246397,2026-03-12,Line 2,2025,SWCO,GSS2271,TVW099047X2,MF,606.5,21152444,Pass,,,0.975,,,0.935,,2 VAL: 1 COB
300100880,2026-03-12,Gravity,2025,SWCO,ACCESSION,WAW099004X2,LR,640,21154058,Fail,Cob,,NA,,,NA,,4 COB
300100881,2026-03-12,Gravity,2025,SWCO,BSS3556,TVW099013X2,LF,632.5,21154173,Pass,,,0.9675,,,0.955,,
2400007772,2026-03-12,Handpick,2025,SWBS,R5001H,TVW25U9544H,UN,28,21152800,Pass,,,0.77,,,0.525,,
2400007752,2026-03-12,Handpick,2025,SWCO,WSS3949,TVW099090X2,UN,17.37,21154147,Pass,,,0.9325,,,0.875,,
2400007729,2026-03-12,Colorsorter Line 1,2025,SWBS,AC101Y,TVW25S9502,UN,218,21157157,Pass,,,0.9625,,,0.95,,2 VAL: 1 COB
1002246398,2026-03-12,Line 2,2025,SWCO,GSS2272,TVW099048X1,R,117.5,21152445,Pass,,,0.895,,,0.905,,2 VAL: 1 COB
1002246398,2026-03-12,Line 2,2025,SWCO,GSS2272,TVW099048X1,F,258.5,21152446,Fail,Cob,,NA,,,NA,,7 COB 0.74% DISCOLORED
2400007766,2026-03-12,Handpick,2025,SWBS,R21807,TVW25S9531X1,UN,82.5,21152784,Fail,Cob,,NA,,,NA,,7 COB
2400007749,2026-03-13,Handpick,2025,SWBS,W0767,TVC25S9554,LR,103,21148663,Fail,Dent,,NA,,,NA,,2 DENT
2400007765,2026-03-13,Colorsorter Line 2,2025,SWBS,R28153,TVW25T9533X1,UN,135.5,21148631,Fail,Cob,,NA,,,NA,,4 COB
2400007745,2026-03-13,Colorsorter Line 2,2025,SWBS,R36291,TVC25S9540X1,LR,104.5,21139145,Pass,,,0.97,,,0.98,,
2400007709,2026-03-13,Colorsorter Line 2,2025,SWBS,R11649,TVW25T9524X1,LR,134,21144524,Fail,Cob,,NA,,,NA,,11 COB
2400007754,2026-03-13,VMEK,2025,SWBS,R00398F-SMS,TVC25T9516X1,LR,177,21156683,Pass,,,0.985,,,0.985,,
2400007770,2026-03-13,Colorsorter Line 2,2025,SWBS,R11649,TVW25T9524X1,MR,183.5,21152796,Pass,,,0.9,,,0.79,,
2400007753,2026-03-13,VMEK,2025,SWBS,R00398F-SMS,TVC25T9516X1,LF,208.5,21156670,Pass,,,0.98,,,0.985,,
2400007725,2026-03-13,Colorsorter Line 2,2025,SWBS,R36291,TVC25S9540X1,LF,198.5,21139123,Pass,,,0.8925,,,0.89,,2 VAL: 1 COB
2400007769,2026-03-13,Colorsorter Line 2,2025,SWBS,AC082Y,TVW25T9500,UN,214,21152791,Fail,Dent,,NA,,,NA,,3 DENT
2400007710,2026-03-13,Colorsorter Line 1,2025,SWCO,ACCENTUATE,WAW099003X2,MF,2872.5,21160299,Fail,Discolored,,NA,,,NA,,5.05% DISCOLORED 1.62% DAMAGED SEED
2400007803,2026-03-16,Colorsorter Line 2,2025,SWCO,GH9335,WAC099035,MR,210.5,21162194,Pass,,,0.97,,,0.98,,
2400007828,2026-03-16,Handpick,2025,SWCO,WSS33739,TVW099089X2,M,120.5,21160085,Fail,Cob,,NA,,,NA,,2 COB
2400007775,2026-03-16,Handpick,2025,SWBS,R21807,TVW25S9531X1,UN,78,21165849,Pass,,,0.8525,,,0.82,,
2400007767,2026-03-16,Handpick,2025,SWBS,R00153,TVW25T9515X1,UN,104.5,21152786,Pass,,,0.88,,,0.89,,2 VAL: 2 COB
2400007802,2026-03-17,Handpick,2025,SWCO,WSS2524,TVW099088X2,M,136,21152867,Pass,,,0.9675,,,0.93,,
2400007780,2026-03-17,Colorsorter Line 2,2025,SWCO,GH6055,ORC099032X1,MR,3288,21128567,Fail,Dent,,NA,,,NA,,1 DENT
300098931,2026-03-17,Gravity,2025,SWCO,7210R,ORW099002X2,MR,1221,20939114,Fail,Discolored,,NA,,,NA,,0.92% DISCOLORED
2400007781,2026-03-17,Gravity,2025,SWCO,GSS3951,WAW099055X1J,MR,1552,21163221,Pass,,,0.935,,,0.975,,
2400007826,2026-03-17,Handpick,2025,SWCO,FIJI,WAW099022X2,LF,175.5,21151004,Pass,,,0.985,,,0.985,,2 VAL: 1 COB
2400007823,2026-03-17,Colorsorter Line 2,2025,SWCO,GH6055,ORC099032X1,LRH,797.5,21150704,Fail,Dent,,NA,,,NA,,3 DENT
2400007827,2026-03-17,Handpick,2025,SWCO,BSS36922,TVW099014X2,M,179.5,21151005,Fail,Broken,,NA,,,NA,,3.81% DAMAGED SEED
2400007782,2026-03-17,Gravity,2025,SWCO,GSS3951,WAW099058X1,MFH,23272,21163282,Fail,Dent,,NA,,,NA,,3 DENT 0.51% DISCOLORED
300100659,2026-03-18,Gravity,2025,SWCO,GSS9040,TVW099070X1,LF,362.5,21163291,Fail,Cob,,NA,,,NA,,2 COB
2400007764,2026-03-18,Handpick,2025,SWBS,R30343,TVC25S9537X1,LR,262.5,21148615,Pass,,,0.9525,,,0.995,,
2400007306,2026-03-18,Colorsorter Line 2,2025,SWCO,7210R,ORW099002X2,MF,1217.5,20914693,Fail,Discolored,,NA,,,NA,,0.86% DISCOLORED
2400007304,2026-03-18,Colorsorter Line 2,2025,SWCO,7210R,ORW099002X2,LF,985,20912214,Fail,Dent,,NA,,,NA,,28 DENT 2.60% DISCOLORED 1 COB
300101006,2026-03-19,VMEK,2017,SWBS,R20261,PL182562,R,96.5,21173961,Pass,,,0.665,,,0.805,,2 VAL: 1 COB
300101009,2026-03-19,Handpick,2021,SWBS,R00663,TVW21T5008X1,LR,94,21173995,Pass,,,0.8675,,,0.875,,
2400007688,2026-03-19,Colorsorter Line 2,2025,SWCO,ACCESSION,WAW099004X2,LR,621.5,21169165,Pass,,,0.9775,,,0.975,,
300101007,2026-03-19,VMEK,2025,SWBS,AC092YIMP,TVW25S9501,LR,180.5,21177429,Fail,Dent,,NA,,,NA,,4 DENT
2400007799,2026-03-19,Colorsorter Line 2,2025,SWCO,TRADITION,WAW099009X2,MF,346.5,21173733,Fail,Cob,,NA,,,NA,,3 COB
2400007773,2026-03-19,Handpick,2025,SWBS,R00118,TVW25T9513X1,LF,213,21152803,Pass,,,0.85,,,0.82,,
300100954,2026-03-19,Gravity,2025,SWCO,GARRISON-R,TVW099024X2,MF,10579.5,21165655,Pass,,,0.945,,,0.725,,
2400007258,2026-03-19,Colorsorter Line 2,2025,SWCO,7210R,ORW099002X2,LR,1184,20912478,Pass,,,0.96,,,0.94,,
300101002,2026-03-20,VMEK,2013,SWBS,AC256W,832052*BL-FLT,F,38.63,21173957,Pass,,,0.905,,,0.665,,
300101005,2026-03-20,VMEK,2017,SWBS,R20261,PL182562,F,229,21173960,Pass,,,0.8225,,,0.8,,
300100919,2026-03-20,VMEK,2018,SWBS,AC254Y,TVW18S2001,LR,58,21173954,Pass,,,0.8225,,,0.54,,2 VAL: 1 COB
300100920,2026-03-20,VMEK,2018,SWBS,AC254Y,TVW18S2001,MF,129.5,21173955,Fail,Cob,,NA,,,NA,,2 COB
300101012,2026-03-20,Handpick,2024,SWBS,R00681A,TVW24S8625X1P,R,96,21174001,Pass,,,0.535,,,0.535,,
300101013,2026-03-20,Handpick,2024,SWBS,R00681A,TVW24S8625X1P,F,97.5,21174003,Pass,,,0.45,,,0.33,,
2400007860,2026-03-20,Gravity,2025,SWCO,ACCENTUATE,WAW099003X2,MF,2121.5,21173736,Fail,Discolored,,NA,,,NA,,0.78% DISCOLORED 1 COB
2400007774,2026-03-20,Colorsorter Line 2,2025,SWCO,P&C EARLY,WAC099077,MR,3756.5,21162071,Pass,,,0.9575,,,0.98,,
300101003,2026-03-23,VMEK,2023,SWBS,AC294Y,TVW23S7520,R,97,21173958,Pass,,,0.975,,,0.92,,2 VAL: 1 COB
300101010,2026-03-23,Handpick,2023CL,SWBS,R0662A,SYNG22524X1,F,148.5,21173997,Pass,,,0.8425,,,0.54,,
300101011,2026-03-24,Handpick,2017,SWBS,W1471D,TVW17T1332X1,MF,207,21174000,Pass,,,0.595,,,0.585,,
300101014,2026-03-24,Handpick,2021,SWBS,R565A,TVW21S5028X1,MF,256.5,21174004,Pass,,,0.7475,,,0.37,,2 VAL: 7 COB
300101008,2026-03-24,VMEK,2023,SWBS,AC228W,TVW23T7510,LF,228,21173964,Pass,,,0.8875,,,0.93,,2 VAL: 10 COB
2400007377,2026-03-24,Colorsorter Line 2,2025,SWCO,DESERT FROST,TVW099020X2,MR,528,20990767,Pass,,,0.99,,,0.955,,
300101004,2026-03-25,VMEK,2023,SWBS,AC294Y,TVW23S7520,F,232,21173959,Pass,,,0.925,,,0.865,,2 VAL: 1 COB
2400007730,2026-03-25,Handpick,2025,SWCO,WSS33739,TVW099089X2,M,113.5,21175521,Fail,Broken,,NA,,,NA,,2.23% DAMAGED SEED
300100835,2026-03-25,Gravity,2025,SWCO,GH6055,ORC09932X1,LFH,2546,21181249,Pass,,,0.9925,,,0.995,,
2400007862,2026-03-25,Colorsorter Line 1,2025,SWCO,7210R,ORW099002X2,MR,1131,21179012,Pass,,,0.9375,,,0.94,,
300100921,2026-03-26,Handpick,2023,SWBS,AC256W,TVW23S7514,UN,263,21173956,Pass,,,0.94,,,0.78,,2 VAL: 3 COB
300100923,2026-03-26,Gravity,2025,SWCO,BSS1075-R,WAW099005X2,MR,3641.5,21181342,Pass,,,0.9475,,,0.99,,
2400007831,2026-03-27,Gravity,2024,SWCO,GSS3951,WAW088597X1,LR,3834,21184629,Pass,,,0.98,,,0.94,,
300101030,2026-03-27,Handpick,2025,SWBS,AC215Y,TVW25S9507,LR,127.5,21190578,Pass,,,0.91,,,0.905,,
2400007411,2026-03-27,Colorsorter Line 2,2025,SWCO,DESERT FROST,TVW099020X2,LR,1270.5,20990985,Fail,Off-Type,,NA,,,NA,,4 OFF-TYPES
2400007756,2026-03-27,VMEK,2025,SWCO,GSS2272,TVW099048X1,F,248.5,21165644,Fail,Cob,,NA,,,NA,,2 COB
300101033,2026-03-30,Handpick,2023,SWBS,R565A,WAW23T7579X1W,MF,131.5,21191103,Pass,,,0.7875,,,0.335,,
2400007832,2026-03-30,Gravity,2024,SWCO,GSS3071S,WAW088531X1,MR,4376.5,21184862,Pass,,,0.9525,,,0.735,,
2400007429,2026-03-30,Colorsorter Line 2,2025,SWCO,DESERT FROST,TVW099020X2,MF,2139.5,20990738,Pass,,,0.97,,,0.9,,2 VAL: 1.73% DAMAGED SEED
300101035,2026-03-31,Handpick,2023,SWBS,R00447A,TVW23T7536X1,LF,339,21191108,Pass,,,0.88,,,0.84,,
2400007842,2026-03-31,VMEK,2025,SWBS,W0767,TVC25S9554,LR,93,21188960,Pass,,,0.97,,,0.915,,
2400007711,2026-03-31,Gravity,2025,BECO,HUNTINGTON,WAG099009,,8600,21196667,Pass,,,0.75,,,NA,,
2400007413,2026-03-31,Colorsorter Line 2,2025,SWCO,DESERT FROST,TVW099020X2J,MF,2646.5,21007268,Pass,,,0.9925,,,0.95,,
300100927,2026-03-31,Gravity,2025,SWCO,BSS8021,TVW099000X2,MR,1824.5,21189026,Pass,,,0.97,,,0.93,,2 VAL: 1 COB
300101034,2026-04-01,Handpick,2023,SWBS,R00447A,TVW23T7536X1W,MF,338,21191105,Pass,,,0.875,,,0.84,,
2400007844,2026-04-01,VMEK,2025,SWBS,AC092YIMP,TVW25S9501,LR,171.5,21188962,Pass,,,0.9675,,,0.94,,
300100928,2026-04-01,Gravity,2025,SWCO,BSS8021,TVW099000X2,MF,8272,21189027,Pass,,,0.9375,,,0.9,,
300101036,2026-04-02,Handpick,2023,SWBS,R00378,TVC23U7534X1,LF,90,21191112,Fail,Dent,,NA,,,NA,,1 DENT
300101032,2026-04-02,Handpick,2025,SWBS,AC215Y,TVW25S9507,MF,142,21190580,Pass,,,0.9225,,,0.885,,
2400007378,2026-04-02,Colorsorter Line 2,2025,SWCO,DESERT FROST,TVW099020X2J,LF,4192,21006217,Pass,,,0.995,,,0.975,,
2400007430,2026-04-02,Colorsorter Line 2,2025,SWCO,DESERT FROST,TVW099019X2,MR,645,20992972,Pass,,,0.9875,,,0.985,,
2400007846,2026-04-02,VMEK,2025,SWCO,GSS9040,TVW099070X1,LF,354,21188964,Pass,,,0.995,,,0.99,,
2400007481,2026-04-06,Colorsorter Line 2,2025,SWCO,DESERT FROST,TVW099019X2,LR,2597.5,20993126,Pass,,,0.99,,,0.945,,
300101031,2026-04-06,Handpick,2025,SWBS,AC215Y,TVW25S9507,MR,215.5,21190579,Pass,,,0.9575,,,0.86,,
300101147,2026-04-06,Gravity,2025,SWCO,GSS6924,WAW099067X1,MR,1533.5,21221298,Pass,,,0.995,,,0.99,,
2400007480,2026-04-07,Colorsorter Line 2,2025,SWCO,DESERT FROST,TVW099019X2,MF,1414,20992999,Pass,,,0.975,,,0.975,,2 VAL: 1 COB
300101148,2026-04-07,Gravity,2025,SWCO,GSS9040,TVW099070X1,MF,536.5,21221351,Pass,,,0.985,,,0.96,,
2400007843,2026-04-07,VMEK,2025,SWBS,AC082Y,TVW25T9500,UN,206,21188961,Fail,Dent,,NA,,,NA,,3 DENT
300101143,2026-04-08,Handpick,2023,SWBS,AC215Y,TVW23T7509P,MF,386,21221204,Pass,,,0.86,,,0.795,,
2400007398,2026-04-08,Colorsorter Line 2,2025,SWCO,DESERT FROST,TVW099019X2,LF,4018.5,20993072,Pass,,,0.9875,,,0.98,,
300101144,2026-04-09,Handpick,2023,SWBS,AC215Y,TVW23T7509P,MR,175,21221208,Pass,,,0.9525,,,0.79,,
2400007834,2026-04-09,Colorsorter Line 2,2025,SWCO,DESERT FROST,TVW099020X2,LR,1270.5,21200860,Pass,,,0.9575,,,0.98,,
2400007500,2026-04-10,Colorsorter Line 2,2025,SWCO,DESERT FROST,TVW099020X2J,MR,882,20994827,Pass,,,0.975,,,0.955,,2 VAL: 0.61% DISCOLORED
2400007501,2026-04-10,Colorsorter Line 2,2025,SWCO,DESERT FROST,TVW099020X2J,LR,1810,21006963,Pass,,,0.9475,,,0.96,,
300101145,2026-04-10,Handpick,2025,SWBS,AC215Y,TVW25S9507,LR,127.5,21221212,Pass,,,0.945,,,0.865,,
300101263,2026-04-10,Handpick,2025,SWBS,R10457,TVW25S9521X1,LR,130,21237124,Pass,,,0.945,,,0.915,,
2400007712,2026-04-13,Colorsorter Line 2,2025,SWCO,7210R,ORW099002X2,LF,884,21209782,Pass,,,0.9625,,,0.955,,
300101264,2026-04-13,Handpick,2025,SWBS,R0662A,TVW25S9522X1,UN,119,21237126,Pass,,,0.935,,,0.74,,
2400007845,2026-04-14,Colorsorter Line 2,2025,SWCO,TRADITION,WAW099009X2,MF,328.5,21188963,Fail,Cob,,NA,,,NA,,4 COB
300101160,2026-04-14,Handpick,2025,SWBS,R30343,TVC25S9537X1,LF,275.5,21237116,Pass,,,0.9875,,,0.97,,
300101161,2026-04-14,Handpick,2025,SWBS,R30343,TVC25S9537X1,LR,250,21237118,Pass,,,0.965,,,0.95,,
2400007714,2026-04-14,Colorsorter Line 2,2025,SWCO,BSS36922,TVW099014X2,M,150.5,21209797,Pass,,,0.935,,,0.85,,2 VAL: 1 COB
2400007713,2026-04-14,Colorsorter Line 2,2025,SWCO,WSS33739,TVW099089X2,M,96,21209783,Pass,,,0.9075,,,0.85,,
300101262,2026-04-15,Handpick,2025,SWBS,R11965,TVW25S9525X1,L,167,21237122,Pass,,,0.895,,,0.87,,2 VAL: 1 COB
300101135,2026-04-15,Colorsorter Line 2,2025,SWCO,BSS31212,TVW099011X2,MR,193,21239925,Pass,,,0.89,,,0.825,,
2400007835,2026-04-15,Colorsorter Line 2,2025,SWCO,GSS2272,TVW099048X1,F,233,21204852,Pass,,,0.95,,,0.885,,
300101201,2026-04-16,Handpick,2023,SWBS,R00378,TVC23U7534X1,LF,81,21262176,Pass,,,0.93,,,0.95,,
2400007732,2026-04-16,Gravity,2025,SWCO,GSS1170-R,WAW099039X2,MFH,6230.5,21253452,Pass,,,0.9825,,,0.965,,
2400007732,2026-04-16,Gravity,2025,SWCO,GSS1170-R,WAW099039X2,MFL,2165,21253459,Pass,,,0.98,,,0.955,,2 VAL: 1 COB
300101310,2026-04-20,Handpick,2025,SWBS,R00153,TVW25T9515X1,UN,97.5,21266711,Pass,,,0.9,,,0.885,,
300101309,2026-04-20,Handpick,2025,SWBS,R747,TVW25T9551X1,MR,73,21266710,Pass,,,0.8975,,,0.815,,
300101311,2026-04-21,Handpick,2025,SWBS,R11649,TVW25T9524X1,LF,266.5,21266712,Pass,,,0.8875,,,0.78,,2 VAL: 1 COB
2400007783,2026-04-22,Colorsorter Line 2,2024,SWCO,SILVER QUEEN,WAC088582W,LR,9852.5,21165902,Pass,,,0.9875,,,0.97,,
2400007733,2026-04-22,Colorsorter Line 2,2025,SWBS,AC082Y,TVW25T9500,UN,184,21261893,Pass,,,0.9425,,,0.975,,
300101308,2026-04-23,Handpick,2025,SWBS,R594A,TVW25T9550X1,LR,438,21266709,Pass,,,0.96,,,0.925,,
2400007691,2026-04-23,Colorsorter Line 2,2025,SWCO,GH6055,ORC099032X1,MR,2974,21189123,Pass,,,0.99,,,0.995,,
300101307,2026-04-24,Gravity,2025,SWBS,R747,TVW25T9551X1,LF,635.5,21266608,Pass,,,0.95,,,0.83,,
2400007692,2026-04-24,Colorsorter Line 2,2025,SWCO,GH6055,ORC099032X1,LRH,669,21189127,Pass,,,0.9625,,,0.98,,
300101321,2026-04-24,Handpick,2025,SWBS,R11649,TVW25T9524X1,LR,123,21286201,Pass,,,0.89,,,0.87,,2 VAL: 1 COB
2400007734,2026-04-28,Gravity,2023,SWCO,BSS8040,WAW077016,MF,2092.5,21281856,Pass,,,0.9775,,,0.965,,
2400007690,2026-04-30,Colorsorter Line 2,2025,SWCO,GH6055,ORC099032X1,LR,8551.5,21189121,Pass,,,0.99,,,0.99,,
2400007829,2026-05-01,Gravity,2025,SWCO,GSS3951,WAW099058X1,MFH,21237,21177430,Pass,,,0.9825,,,0.98,,
2400007836,2026-05-01,Colorsorter Line 2,2025,SWCO,TRADITION,WAW099009X2,MF,304.5,21274456,Pass,,,0.96,,,0.89,,
300101462,2026-05-04,Gravity,2025,SWCO,7210R,ORW099002X2,MF,1020.5,21289726,Pass,,,0.925,,,0.92,,2 VAL: 1.18% DISCOLORED
300101374,2026-05-04,Colorsorter Line 2,2025,SWCO,GSS2271,TVW099047X2,LR,114,21281818,Pass,,,0.9325,,,0.99,,
300101375,2026-05-04,Colorsorter Line 2,2025,SWCO,GSS2271,TVW099047X2,MR,169,21281821,Pass,,,0.93,,,0.95,,
300101376,2026-05-04,Colorsorter Line 2,2025,SWCO,GSS2271,TVW099047X2,MF,552,21281822,Pass,,,0.9625,,,0.995,,
2400007499,2026-05-05,Gravity,2025,SWCO,GSS3951,WAW099055X1J,MFL,3143.5,21093838,Pass,,,0.94,,,0.9,,
2400007737,2026-05-06,Gravity,2024,SWCO,GSS8937,WAW088575X1,LR,5635.5,21314471,Pass,,,0.82,,,0.75,,
2400007735,2026-05-07,Gravity,2025,SWCO,GSS2259P,WAW099046X1,LR,206,21314463,Pass,,,0.9725,,,0.975,,
2400007736,2026-05-07,Gravity,2025,SWCO,GSS2259P,WAW099046X1,MF,1034.5,21314466,Pass,,,0.99,,,0.99,,
2400007900,2026-05-08,Gravity,2024,SWCO,GH7818,WAC088524,MF,6547.5,21314589,Pass,,,0.985,,,1,,
2400007738,2026-05-11,Colorsorter Line 2,2022,SWCO,WSS7070,WAW066325,LR,372.5,21314584,Pass,,,0.81,,,0.75,,
2400007920,2026-05-11,Gravity,2024,SWCO,SWEET G 90,WAC088587,LR,2930.5,21314762,Pass,,,0.9375,,,0.98,,
300101424,2026-05-11,Colorsorter Line 2,2025,SWCO,GSS5649,TVW099063X1,MFH,7133.5,21305582,Pass,,,0.965,,,0.88,,
300101424,2026-05-11,Colorsorter Line 2,2025,SWCO,GSS5649,TVW099063X1,MFL,4955,21308145,Pass,,,0.8775,,,0.77,,
2400007739,2026-05-12,Colorsorter Line 2,2022,SWCO,WSS7070,WAW066332,MR,859,21314585,Pass,,,0.765,,,0.71,,2 VAL: 1.45% DISCOLORED
2400007778,2026-05-12,Gravity,2024,SWCO,SWEET G 90,WAC088587,LF,6276,21325400,Pass,,,0.99,,,0.975,,
1002268648,2026-05-13,Line 2,2025,SWCO,TRADITION,TVW099010X2,LR,740,21335112,Pass,,,0.9325,,,0.94,,
1002268648,2026-05-13,Line 2,2025,SWCO,TRADITION,TVW099010X2,LF,270,21335113,Pass,,,0.98,,,0.97,,2 VAL: 1 COB
1002268648,2026-05-13,Line 2,2025,SWCO,TRADITION,TVW099010X2,MF,130,21335115,Fail,Cob,,NA,,,NA,,8 COB
1002268648,2026-05-13,Line 2,2025,SWCO,TRADITION,TVW099010X2,MR,181,21335114,Fail,Cob,,NA,,,NA,,3 COB
2400007922,2026-05-14,Colorsorter Line 2,2025,SWBS,R681 T,CCW25T9003X1W,M,396,21314764,Pass,,,0.675,,,0.65,,
2400007923,2026-05-14,Colorsorter Line 2,2025,SWBS,AC111Y T,CUW25T9023K,MR,87.5,21314766,Pass,,,0.7425,,,0.715,,
2400007921,2026-05-18,Gravity,2024,SWCO,SWEET G 90,WAC088584,LR,29657,21314763,Pass,,,0.9475,,,0.94,,
1002270166,2026-05-19,Line 2,2026CL,SWBS,R29153 T,CTW26U1062,LR,115.5,21346991,Pass,,,0.8175,,,0.795,,2 VAL: 1 COB
1002270166,2026-05-19,Line 2,2026CL,SWBS,R29153 T,CTW26U1062,LF,508.5,21346992,Pass,,,0.7629,,,0.8,,2 VAL: 1 COB
1002270166,2026-05-19,Line 2,2026CL,SWBS,R29153 T,CTW26U1062,MR,146.5,21346993,Pass,,,0.82,,,0.865,,2 VAL: 1 COB
1002270166,2026-05-19,Line 2,2026CL,SWBS,R29153 T,CTW26U1062,MF,622,21346994,Pass,,,0.8425,,,0.765,,2 VAL: 1 COB
300101431,2026-05-21,Colorsorter Line 2,2025,SWCO,GH6055,ORC099032X1,LRH,566,21321988,Pass,,,1,,,0.99,,
300101588,2026-05-22,Colorsorter Line 2,2025,SWBS,R00153,TVW25T9514X1,M,192,21330525,Fail,Cob,,NA,,,NA,,4 COB
2400007994,2026-05-22,Colorsorter Line 2,2025,SWCO,TRADITION,TVW099010X2,MF,67,21344766,Pass,,,0.965,,,0.955,,2 VAL: 1 COB
2400007926,2026-05-22,Colorsorter Line 2,2025,SWCO,TRADITION,TVW099010X2,MR,119.5,21344840,Pass,,,0.9325,,,0.945,,
2400007903,2026-05-26,Gravity,2024,SWCO,SWEET G 90,WAC088584,LF,40774,21345803,Pass,,,0.96,,,0.98,,
2400007925,2026-05-27,Line 2,2023,SWCO,WSS7620,WAW077056,MR,2420,21325418,Fail,Off-Type,,NA,,,NA,,5 OFF-TYPES
2400007884,2026-06-02,Handpick,2024,SWBS,AC206Y S,TVW24S8605,UN,16.52,21359157,Pass,,,0.5425,,,0.4,,
2400007891,2026-06-02,Colorsorter Line 2,2024,SWCO,8909MRW,TVW088505X2-LF,LF,3184,21359180,Pass,,,0.9725,,,0.905,,
2400007924,2026-06-02,Gravity,2024,SWCO,GSS3951,WAW088534X1,MFH,32069.5,21325415,Pass,,,0.9825,,,0.84,,
2400007779,2026-06-05,Gravity,2021,SWCO,SS3006,CBW055116X2,LR,5309.5,21325407,Pass,,,0.9825,,,0.995,,
2400007892,2026-06-05,Line 2 Gravity,2024,SWCO,8909MRW,TVW088505X2,LR,7770,21359182,Pass,,,0.9925,,,0.865,,
2400007995,2026-06-05,Colorsorter Line 2,2025,SWBS,R00153 T,TVW25T9514X1,M,163,21374714,Pass,,,0.94,,,0.795,,
300101736,2026-06-08,Colorsorter Line 2,2025,SWCO,TRADITION,TVW099010X2,LF,244.5,21374715,Pass,,,0.9725,,,0.935,,
2400008000,2026-06-09,Line 2 Gravity,2025,SWBS,A1111Y T,CUW25T9023K,LR,52.5,21376280,Pass,,,0.8125,,,0.705,,2 VAL: .26% DISCOLORED
2400007817,2026-06-09,Line 2 Gravity,2025,SWBS,R584A T,WAW25T9547X1,LR,132,21376276,Pass,,,0.945,,,0.94,,
2400007814,2026-06-10,Line 2 Gravity,2023,SWBS,R00447A,TVW23T7536X1W,MF,58,21376272,Pass,,,0.7875,,,0.415,,
2400007894,2026-06-10,Line 2 Gravity,2024,SWCO,LUNA,TVW088561X2,LR,623,21359185,Pass,,,0.99,,,0.975,,
2400008005,2026-06-10,Line 2 Gravity,2024,SWBS,R410G T,TVC24T8639X1,F,519,21376287,Pass,,,0.9675,,,0.965,,
2400007811,2026-06-11,Line 2 Gravity,2023,SWBS,G4075 T,WAW23T7528X1-LF,LF,45,21376267,Pass,,,0.94,,,0.89,,
2400007698,2026-07-06,Line 1 Gravity,2024,SWCO,LUNA,TVW088561X2,MF,648.5,21399961,Pass,,,0.975,,,0.835,,2 VAL: .67% DISCOLORED
2400007697,2026-07-06,Line 1 Gravity,2024,SWCO,LUNA,TVW088561X2,LF,506.5,21399960,Pass,,,0.995,,,0.97,,
300101762,2026-07-06,Line 1 Gravity,2025,SWCO,GH6055,ORC099032X1,LR,7673.5,21373015,Pass,,,0.99,,,0.995,,
300101924,2026-07-07,Line 1 Gravity,2025,SWCO,GSS2271,TVW099047X2,MR,153.5,21401898,Pass,,,0.9725,,,0.98,,
2400008100,2026-07-08,Handpick,2022,SWBS,AC228W S,TVW22S6552X1,LF,126.5,21446185,Pass,,,0.9675,,,0.92,,
2400007889,2026-07-09,Line 1 Gravity,2024,SWCO,GSS1170-R,WAW088528X2,MF,5451,21359176,Pass,,,0.9525,,,0.805,,
2400007777,2026-07-09,Line 1 Gravity,2024,SWCO,HONEY SELECT,WAT088576,MR,2531.5,21325397,Pass,,,0.975,,,0.955,,
300101738,2026-07-10,Line 1 Gravity,2025,SWCO,TRADITION,TVW099010X2,LR,706.5,21378627,Pass,,,0.9625,,,0.93,,2 VAL: .42% DISCOLORED
2400008120,2026-07-14,Line 1 Gravity,2023,SWCO,GOLDEN QUEEN,INC077132,LF,9676,21454477,Pass,,,0.9775,,,0.98,,
2400008009,2026-07-14,Line 1 Gravity,2025,SWCO,BSS1075-R,WAW099005X2J,LR,5719,21376313,Pass,,,0.8525,,,0.945,,
2400007818,2026-07-16,Line 1 Gravity,2024,SWBS,R00638,TVW24T8623X1W,MF,69.5,21376278,Pass,,,0.785,,,0.63,,
2400007888,2026-07-16,Line 1 Gravity,2024,SWCO,GLACIAL,WAW088526X2,MF,540.5,21359168,Fail,,,NA,,,NA,,6 OFF TYPES
2400007885,2026-07-16,Line 1 Gravity,2025,SWBS,AC144Y,TVW25T9503,LR,328,21359161,Pass,,,0.885,,,0.885,,
2400007890,2026-07-17,Colorsorter Line 2,2024,SWCO,SS7078Y,WAW088583X2,LF,2219,21359177,Pass,,,0.9825,,,0.97,,
300102086,2026-07-17,Handpick,2024,SWBS,R00638 T,TVW24T8623X1,MF,250,21461361,Pass,,,0.9025,,,0.8,,
2400008081,2026-07-17,Handpick,2024,SWBS,AC144Y S,TVW24S8602,M,9.45,21466384,Fail,,,NA,,,NA,,2 PC DENT
2400008021,2026-07-17,Handpick,2024,SWBS,AC144Y S,TVW24S8602,L,61,21376369,Pass,,,0.945,,,0.9,,1 COB
2400007883,2026-07-17,Line 2 Gravity,2025,SWBS,W0767 S,TVC25S9554,LF,312.5,21359150,Fail,,,NA,,,NA,,2 DENT
2400007887,2026-07-20,Line 1 Gravity,2024,SWBS,R20015 S,TVW24S8634X1,MF,156.5,21359164,Fail,,,NA,,,NA,,1 DENT
2400007893,2026-07-20,Line 1 Gravity,2024,SWBS,R22153 T,TVW24T8636X1,M,326,21359184,Fail,,,NA,,,NA,,.76% DISCOLORED
2400008006,2026-07-20,Line 1 Gravity,2024,SWBS,R10008 T,TVW24T8626X1,MR,189.5,21376288,Pass,,,0.9475,,,0.82,,
300102030,2026-07-20,Handpick,2025,SWBS,R00153 T,TVW25T9514X1,L,73.5,21473712,Pass,,,0.9275,,,0.88,,
2400007886,2026-07-20,Line 1 Gravity,2025,SWBS,G01110 T,TVW25T9512X1,L,225.5,21359163,Pass,,,0.4675,,,0.37,,2 OF-TYPES
2400007816,2026-07-21,Line 1 Gravity,2019,SWBS,R584A T,TVW19T3026X1,MR,210,21376274,Pass,,,0.5925,,,0.635,,
2400007819,2026-07-21,Line 1 Gravity,2024,SWBS,R00610 T,TVW24T8621X1,F,121,21376279,Pass,,,0.9025,,,0.795,,
2400008016,2026-07-21,Line 1 Gravity,2024,SWBS,R00660DM-SM T,TVW24T8624,F,262,21376357,Fail,,,NA,,,NA,,3 DENT
2400008013,2026-07-21,Line 1 Gravity,2024,SWBS,G0012 T,TVC24T8610X1,F,303,21376349,Pass,,0.96,0.99,0.03,,0.965,,
2400008014,2026-07-21,Line 2 Gravity,2024,SWBS,R00660DM-SMS S,TVW24S8659X1,M,252.5,21376352,Pass,,,0.9825,,,0.875,,
2400007813,2026-07-21,Line 1 Gravity,2024,SWBS,R398P T,TVC24T8638X1,R,319.5,21376270,Pass,,,0.8925,,,0.925,,
2400008015,2026-07-21,Line 1 Gravity,2025,SWBS,R00660DM-SMS T,TVW24T8624,R,279,21376355,Fail,Dent,,NA,,,NA,,11 DENT
2400007812,2026-07-21,Line 2 Gravity,2025,SWBS,R594A T,TVW25T9550X1,LF,217,21376269,Pass,,,0.9725,,,0.93,,
2400008001,2026-07-21,Line 2 Gravity,2025,SWBS,AC157Y T,TVW25T9505,MF,388.5,21376281,Pass,,,0.9525,,,0.835,,
2400008004,2026-07-21,Line 2 Gravity,2025,SWBS,AC247W T,TVW25T9509,LR,313,21376285,Pass,,,0.82,,,0.835,,1 COB
2400007810,2026-07-22,Line 1 Gravity,2017,SWBS,W1471D T,TVW17T1332X1,MF,35,21376266,Pass,,,0.6075,,,0.335,,
300102032,2026-07-22,Handpick,2021,SWBS,R20264 T,TVW21T5043X1,MR,32,21473721,Pass,,,0.9,,,0.805,,
2400008003,2026-07-22,Line 1 Gravity,2023,SWBS,AC230W T,TVW23T7511,MR,160.5,21376284,Pass,,,0.8925,,,0.825,,2 PC OFF-TYPES
2400008018,2026-07-22,Line 1 Gravity,2024,SWBS,R31001-CMS S,TVC24S8649X1,LF,58.5,21376362,Pass,,,0.965,,,0.89,,
2400008007,2026-07-22,Line 2 Gravity,2024,SWBS,R20005 S,TVW24S8631X1,MF,51,21376289,Fail,Cob,,NA,,,NA,,2 COB
2400008002,2026-07-22,Line 2 Gravity,2024,SWBS,AC157Y T,TVW24T8604,F,63.5,21376283,Pass,,,0.9225,,,0.86,,
300102031,2026-07-22,Handpick,2024,SWBS,R10016 T,TVW24T8627X1,R,7.99,21473718,Pass,,,0.9325,,,0.705,,
2400007815,2026-07-22,Line 1 Gravity,2025,SWBS,R747 T,TVW25T9551X1,MR,56,21376273,Pass,,,0.87,,,0.6,,
2400008022,2026-07-22,Line 1 Gravity,2025,SWBS,R21807 S,TVW25S9531X1,UN,45,21376371,Fail,Cob,,NA,,,NA,,12 PC COB
2400008020,2026-07-22,Line 2 Gravity,2025,SWBS,R10785 S,TVW25S9523X1,UN,43.5,21376367,Fail,Cob,,NA,,,NA,,2 PC COB
300102033,2026-07-23,Handpick,2025,SWBS,R00153 T,TVW25T9515X1K,UN,29,21473725,Pass,,,0.93,,,0.85,,
1002267914,2026-07-23,Line 2,2026,PEBS,OCONOR S,TVP26S1405,,5334,21325441,Pass,,0.9225,0.91,-0.0125,,,,
1002267634,2026-07-24,Line 2,2026,PEPB,DGL0114,TVP26S1414,,1781.5,21323929,Pass,,0.87,0.87,0,,0.87,,
300102183,2026-07-27,Handpick,2025,SWBS,AC111Y T,CUW25T9023K,LF,87,21481633,Pass,,,0.7675,,,,,
1002267913,2026-07-27,Line 2,2026,PEBS,NORVERT S,TVP26S1404,,4009.5,21325440,Fail,Off-Type,0.83,NA,,,NA,,10 PC NUMBER OF OTHER CROP SEEDS
1002267636,2026-07-27,Line 2,2026,PEPB,DGL0115,TVP26P1416,,1140.5,21323931,Pass,,0.855,0.855,0,,0.855,,
300102184,2026-07-28,Handpick,2020,SWBS,AC250Y U,TVW20U4004X1,MF,29.54,21485582,Pass,,,0.8925,,,,,
300102205,2026-07-28,Line 1 Gravity,2024,SWCO,LUNA,TVW088561X2,LF,173,21489831,Pass,,,0.99,,,,,2 VAL: 1 COB
300102185,2026-07-28,Handpick,2024,SWBS,R10016 T,TVW24T8627X1,F,18.075,21485583,Pass,,,0.9725,,,,,
1002267635,2026-07-28,Line 2,2026,PEPB,DGL0116,TVP26P1415,,446.5,21323930,Pass,,None,0.7575,#INVALID OPERATION,,,,
1002267917,2026-07-28,Line 2,2026,PEBS,VIVADO S,TVP26S1412,,3771.5,21325444,Pass,,0.935,0.9875,0.0525,,,,
1002267912,2026-07-29,Line 2,2026,PEBS,NOROIT,TVP26S1403,,8190.5,21325439,Pass,,0.9,0.97,0.07,,,,
300102015,2026-07-30,Handpick,2021,SWBS,R605 S,TVW21S5007X1,F,28.59,21492528,Pass,,,0.95,,,,,
300102014,2026-07-30,Handpick,2025,SWBS,R10233 T,TVW25T9520X1,L,67.5,21492525,Pass,,,0.9675,,,,,
1002268717,2026-07-30,Line 2,2026,PEBS,DGL0056,TVP26P1388,,550,21335056,Pass,,None,0.9625,#INVALID OPERATION,,,,2 VAL: 1 PC ROCK & CLODS
300102140,2026-07-31,Handpick,2024,SWBS,R20005S,TVW24S8631X1,LR,59,21485429,Pass,,,0.9575,,,,,
1002267911,2026-07-31,Line 2,2026,PEBS,KUDO S,TVP26S1401,,1959,21325438,Pass,,0.97,0.9725,0.00250000000000006,,,,
1002267909,2026-07-31,Line 2,2026,PEBS,IDALGO S,TVP26S1396,,13907.5,21325436,Pass,,0.965,0.9525,-0.0125,,,,
1002266118,2026-08-01,Line 1,2026,PECO,SL3123,ORS101253,,9561,21308013,Pass,,0.6875,0.835,0.1475,,,,
2400008010,2026-08-02,Line 1 Gravity,2025,SWCO,BSS107-R,WAW099007X2J,LF,5507.5,21376337,Pass,,,0.9725,,,,,
1002268718,2026-08-02,Line 2,2026,PEPB,GLORIVERT,TVP26P1393,,1139,21335057,Pass,,None,0.71,#INVALID OPERATION,,,,
1002268716,2026-08-02,Line 2,2026,PEPB,BINGO,TVP26P1381,,1590,21335054,Pass,,0.9825,0.9825,0,,0.9825,,
1002267855,2026-08-02,Line 2,2026,PEPS,DGF0104,TVP26S1386T,,6984,21325425,Pass,,0.865,0.825,-0.04,,,,
300102224,2026-08-03,Handpick,2024,SWBS,G9089S,TVW24S8614X1P,F,38.695,21496742,Pass,,,0.9425,,,,,2 VAL: 1 COB
300102223,2026-08-04,Handpick,2025,SWBS,R11649 T,TVW25T9524X1,MR,18.955,21496735,Pass,,,0.8875,,,0.735,,
2400007904,2026-08-04,Line 1 Gravity,2025,SWCO,GSS1453-R,WAW099041X1,MFH,2662,21355466,Pass,,,0.97,,,0.925,,
2400007904,2026-08-04,Line 1 Gravity,2025,SWCO,GSS1453-R,WAW099041X1,MFL,9541,21355467,Pass,,,0.975,,,,,
1002266113,2026-08-04,Line 1,2026,PECO,SL3123,TVS101252,,29406.5,21308003,Pass,,0.865,0.9075,0.0425,,,,
1002267626,2026-08-04,Line 2,2026,PECO,CONTIGO,TVP10T1382,,4571,21323920,Pass,,0.985,0.9825,-0.00249999999999995,,,,
1002267627,2026-08-04,Line 2,2026,PECO,DGL0099,TVP10T1390T,,5797,21323921,Pass,,0.9625,0.9625,0,,,,
1002278807,2026-08-04,Line 2,2026CL,SWCO,BSS23648-R,CCW101034X2,LF,458.5,21420086,Pass,,,0.9425,,,,,
1002278807,2026-08-04,Line 2,2026CL,SWCO,BSS23648-R,CCW101034X2,LR,672,21420085,Pass,,,0.87,,,,,
1002278807,2026-08-04,Line 2,2026CL,SWCO,BSS23648-R,CCW101034X2,MF,103,21420088,Pass,,,0.835,,,,,
300102193,2026-08-05,Handpick,2022,SWBS,G0024 T,TVW22T6538X1,R,48.635,21501769,Pass,,,0.94,,,,,
300102187,2026-08-05,Handpick,2023,SWBS,AC199YST S,TVW23S7507,LF,16.59,21501748,Pass,,,0.985,,,,,
300102189,2026-08-05,Handpick,2025,SWBS,AC092YIMP,TVW25S9501,MR,56.855,21501757,Pass,,,0.92,,,,,2 VAL: 1 COB
1002266120,2026-08-05,Line 2,2026,PECO,SL3123,ORS101282,,10836,21308019,Pass,,0.8675,0.8775,0.0099999999999999,,,,
1002266124,2026-08-06,Line 2,2026,PECO,SL3123,ORS101287,,10441.5,21308028,Pass,,0.9375,0.945,0.00749999999999995,,,,
1002266125,2026-08-07,Line 2,2026,PECO,SL3123,ORS101288,,18197,21308030,Pass,,0.8625,0.91,0.0475,,,,
1002267633,2026-08-04,Line 2,2026,PEPB,DGL0117,TVP26P1413,,1180,21323928,Pass,,0.9925,0.9925,0,,,,2 VAL: 1 PC ROCK AND & CLODS
300102190,2026-08-07,Handpick,2021,SWBS,AC096Y T,TVW21T5036X1,LF,59.145,21501758,Pass,,,0.9225,,,0.9,,2 VAL: 1.86% DAMAGED SEED
1002266111,2026-08-08,Line 2,2026,PECO,SL3123,TVS26T1250,,14270.5,21307998,Pass,,0.925,0.9325,0.00749999999999995,,,,
1002266112,2026-08-09,Line 2,2026,PECO,SL3123,TVS26T1251,,12998.5,21308002,Pass,,0.918,0.9125,-0.00550000000000006,,,,
300102191,2026-08-11,Handpick,2023,SWBS,AC128Y T,WAW23T7500,MR,58.265,21501759,Pass,,,0.9425,,,,,
300102192,2026-08-11,Handpick,2023,SWBS,AC208W T,TVW23T7508,L,175,21501762,Pass,,,0.79,,,0.765,,
2400008113,2026-08-10,Line 1 Gravity,2026,SWCO,PROTECTOR-R,ARP101072H,LR,490,21515484,Fail,Broken,,NA,,,,,2.26% DAMAGED SEED
2400008182,2026-08-08,Line 1 Gravity,2026,SWCO,PROTECTOR-R,ARP101072H,MR,1247,21515485,Fail,Dent,,NA,,,,,"5.58% DAMAGED SEED, 3PC COB, 19 DENT"
1002266121,2026-08-10,Line 1,2026,PECO,SL3123,ORS101283,,61958.5,21308021,Pass,,0.825,0.92,0.0950000000000001,,,,
1002266119,2026-08-12,Line 2,2026,PECO,SL3123,ORS101281,,25597.5,21308016,Pass,,0.755,0.9,0.145,,,,
2400008114,2026-08-12,Line 1 Gravity,2026,SWCO,PROTECTOR-R,ARP101072H,MR,1078.5,21521761,Pass,,,0.8525,,,,,
1002266346,2026-08-13,Line 2,2026,PECO,SL3123,ORS101289,,17727.5,21308032,Pass,,0.8725,0.935,0.0625,,,,
1002266123,2026-08-12,Line 1,2026,PECO,SL3123,WAS101286,,10108,21308025,Pass,,0.81,0.865,0.0549999999999999,,,,
1002267616,2026-08-12,Line 1,2026,PECO,SL3123,TVS10T1356,,1460,21323908,Pass,,0.9025,0.95,0.0475,,,,
1002267614,2026-08-12,Line 1,2026,PECO,SL3123,TVS10T1355,,21276,21323906,Pass,,0.915,0.9225,0.00749999999999995,,NA,,.93 DAMAGED SEED
300102194,2026-08-13,Handpick,2019,SWBS,R10002 S,19-TUSI301X1,F,28.645,21501770,Pass,,,0.6625,,,,,
300102195,2026-08-13,Handpick,2023,SWBS,R10795 S,TVW23S7553X1,M,48.5,21501772,Pass,,,0.8875,,,,,
1002267613,2026-08-14,Line 1,2026,PECO,SL3123,TVS10T1354,,34400.5,21323905,Pass,,0.9,0.915,0.015,,,,
1002267082,2026-08-14,Line 2,2026,PECO,SL3123,TVS10T1351,,29093.5,21323761,Pass,,0.903,0.9375,0.0345,,,,
300102034,2026-08-14,Colorsorter Line 2,2022,SWBS,G4075 T,WAW22T6560X1,MR,345,21473729,Pass,,,0.9725,,,,,
300102035,2026-08-14,Colorsorter Line 2,2023,SWBS,G4075 T,WAW23T7528X1,LR,185,21473730,Fail,Cob,,NA,,,NA,,2 COB
300102036,2026-08-14,Colorsorter Line 2,2023,SWBS,G4075 T,WAW23T7529X1,L,239.5,21473731,Pass,,,0.9675,,,,,
300102037,2026-08-14,Colorsorter Line 2,2023,SWBS,G4075 T,TVW23T7530X1,L,97.5,21473732,Pass,,,0.9775,,,,,2 VAL: 1 COB
300102038,2026-08-15,Colorsorter Line 2,2023,SWBS,G4075 T,WAW23T7528X1-MR,MR,476,21473733,Fail,Cob,,NA,,,NA,,3 PC COB
300102039,2026-08-15,Colorsorter Line 2,2023,SWBS,G4075 T,TVW23T7530X1,MF,1211,21473736,Fail,Cob,,NA,,,NA,,2 PC COB
300102040,2026-08-15,Colorsorter Line 2,2022,SWBS,G4075 T,WAW22T6560X1,LR,345,21473737,Fail,Cob,,NA,,,NA,,3 PC COB
1002291054,2026-08-15,Line 2,2026,SWBS,G4075 U,NNW25U99038,LF,514.5,21494665,Fail,Cob,,NA,,,,,6 COB
1002291054,2026-08-15,Line 2,2026,SWBS,G4075 U,NNW25U99038,MF,1273,21494667,Fail,Cob,,NA,,,,,6 COB
1002291054,2026-08-15,Line 2,2026,SWBS,G4075 U,NNW25U99038,MR,192.5,21494666,Pass,,,0.8175,,,,,2 VAL: 1 COB
1002266117,2026-08-15,Line 1,2026,PECO,SL3123,TVS101323,,27987,21308011,Pass,,0.89,0.935,0.045,,,,
300102280,2026-08-18,Line 1 Gravity,2023,SWBS,G4075 T,WAW23T7528X1,MR,476,21539978,Pass,,,0.9775,,,,,
1002267495,2026-08-17,Line 1,2026,PECO,SL3123,TVS10T1352,,38473,21323765,Pass,,0.93,0.93,0,,,,
1002266892,2026-08-18,Line 2,2026,PECO,SUGAR 188,WAS101264,,13639,21315013,Pass,,0.885,0.8975,0.0125,,,,
1002267612,2026-08-19,Line 1,2026,PECO,SL3123,TVS10T1353,,35238.5,21323904,Pass,,0.933,0.935,0.002,,,,
120000882,2026-08-13,Line 1 Gravity,2025,SWTO,TOLLING SWEETCORN,105218275-LR,LR,696.5,21522358,,,,,,,,,
1002267742,2026-08-19,Line 2,2026,PEBS,SUGAR 188,TVS26S1364,,2100.5,21325429,Pass,,0.908,0.945,0.0369999999999999,,,,
1002267619,2026-08-19,Line 2,2026,PECO,SUGAR 188,TVS10T1365,,11005.5,21323912,Pass,,0.885,0.95,0.065,,,,
1002266891,2026-08-21,Line 2,2026,PECO,SUGAR 188,TVS101263,,21065.5,21315012,Pass,,0.8825,0.795,-0.0874999999999999,,,,
1002267745,2026-08-22,Line 2,2026,PEBS,DGF0105 S,TVP26S1387T,,6062,21325432,Pass,,0.913,0.9675,0.0545,,,,
1002266115,2026-08-22,Line 1,2026,PECO,SL3123,TVS101321,,33758,21308006,Pass,,0.92,0.8925,-0.0275000000000001,,,,
1002267910,2026-08-22,Line 2,2026,PEBS,JOF S,TVP26S1399,,1019,21325437,Pass,,0.92,0.94,0.0199999999999999,,,,
1002267918,2026-08-24,Line 2,2026,PEBS,ZERUCO S,TVP26S1417,,2097.5,21325445,Pass,,0.92,0.98,0.0599999999999999,,,,
1002268719,2026-08-22,Line 2,2026,PEPB,JOF,TVP26P1398,,895.5,21335061,Pass,,0.975,0.8925,-0.0825,,,,
1002266348,2026-08-21,Line 1,2026,PECO,SL3123,WAS101299,,94741,21308037,Pass,,0.8225,0.8775,0.0549999999999999,,,,
1002266347,2026-08-25,Line 1,2026,PECO,SL3123,ORS101290,,4672,21308035,Fail,Broken,0.82,NA,,,NA,,1.14% CRACKED SEED COAT & COTYLENDON OVERGROWTH
1002268715,2026-08-24,Line 2,2026,PEPB,SUGAR SPARK,TVS26P1373,,1087.5,21335053,Pass,,0.853,0.93,0.0770000000000001,,,,
1002267625,2026-08-24,Line 2,2026,PECO,SUGAR SPARK,TVS10T1374,,1195,21323919,Pass,,0.88,0.9175,0.0375,,,,
1002267869,2026-08-25,Line 1,2026,PEBS,SL3123,TVS26S1350,,7031,21325613,Fail,Broken,0.87,0.8625,-0.00749999999999995,,,,1.24 DAMAGED SEED
1002266116,2026-08-24,Line 1,2026,PECO,SL3123,TVS101322,,14757.5,21308009,Pass,,0.8975,0.9475,0.05,,,,
1002266114,2026-08-24,Line 1,2026,PECO,SL3123,TVS101320,,26067.5,21308005,Pass,,0.935,0.9275,-0.00750000000000006,,,,
1002267908,2026-08-25,Line 2,2026,PEBS,DGL0112 S,TVP26S1392T,,6744.5,21325435,Pass,,0.953,0.9875,0.0345000000000001,,,,
2400008082,2026-08-25,Line 1 Gravity,2024,SWCO,SS7403RY,INW088612X2,,382,21481771,Pass,,,,,,,,
1002266122,2026-08-11,Line 1,2026,PECO,SL3123,WAS101285,,31588,21308023,Pass,,0.7975,0.8825,0.085,,,,
2400008072,2026-08-26,Line 1 Gravity,2023,SWBS,AC128Y T,WAW23T7500,,633,21559325,Pass,,,0.895,,,,,
1002266909,2026-08-27,Line 1,2026,PECO,SUGAR LAC II,ORS101274,,49992.5,21315031,Pass,,0.85,0.8625,0.0125000000000001,,,,
1002266910,2026-08-28,Line 1,2026,PECO,SUGAR LAC II,ORS26V1277,,18676,21315032,Pass,,0.925,0.8825,-0.0425000000000001,,,,
300102188,2026-08-28,Handpick,2023,SWBS,R660D U,TVW23U7585X1,,1625.5,21501753,Pass,,,0.975,,,,,
1002268723,2026-08-29,Line 2,2026,PEPB,SNOW MAX,TVP26P1410,,946,21335069,Fail,Off-Type,0.935,NA,,,,,1 PC NUMBER OF OTHER CROP SEEDS
1002267632,2026-08-29,Line 2,2026,PECO,SNOW MAX,TVP10V1411,,25491,21323927,Pass,,0.928,0.9775,0.0495,,,,
1002266900,2026-08-29,Line 1,2026,PECO,SUGAR FORCE,WAS101291,,17528.5,21315022,Pass,,0.815,0.91,0.0950000000000001,,,,
1002266898,2026-08-29,Line 1,2026,PECO,SUGAR FORCE,TVS101270,,30972.5,21315020,Pass,,0.905,0.87,-0.035,,,,
1002268722,2026-08-29,Line 2,2026,PEPB,RUSELAGO,TVP26P1407,,549.5,21335067,Pass,,0.963,0.9725,0.00950000000000006,,,,
2400008083,2026-08-31,Line 1 Gravity,2025,SWCO,GSS3951,WAW099054X1,,19326.5,21519284,Pass,,,,,,,,
1002267915,2026-08-31,Line 2,2026,PEBS,RUSELAGO S,TVP26S1408,,5891,21325442,Pass,,0.923,0.975,0.0519999999999999,,,,
1002267906,2026-09-01,Line 2,2026,PEBS,DGL0056 S,TVP26S1389T,,1621.5,21325433,Pass,,None,0.8375,#INVALID OPERATION,,,,
1002268720,2026-08-31,Line 2,2026,PEPB,KUDO,TVP26P1400,,641.5,21335062,Pass,,0.973,0.9725,-0.000499999999999945,,,,
300102285,2026-08-31,Handpick,2023,SWBS,R00660DM U,TVW23U7544X1,,27.65,21539727,Pass,,,0.95,,,,,
1002266899,2026-08-31,Line 1,2026,PECO,SUGAR FORCE,TVS26V1324,,9788,21315021,Pass,,0.863,0.855,-0.00800000000000001,,,,
1002267744,2026-09-01,Line 2,2026,PEBS,DGF0093 S,TVP26S1385,,2551.5,21325431,Pass,,0.953,0.965,0.012,,,,
1002267907,2026-09-01,Line 2,2026,PEBS,DGL0107 S,TVP26S1391T,,1344.5,21325434,Pass,,0.878,0.885,0.00700000000000001,,,,
1002268721,2026-09-02,Line 2,2026,PEPB,NOROIT,TVP26P1402,,1365.5,21335063,Pass,,,0.9525,,,,,
1002266897,2026-09-02,Line 1,2026,PECO,SUGAR FORCE,WAS101269,,54528,21315019,Pass,,0.633,0.755,0.122,,,,
1002267916,2026-09-03,Line 2,2026,PEBS,SALTINGO S,TVP26S1409,,3132,21325443,Pass,,0.968,0.9875,0.0195000000000001,,,,
1002267631,2026-09-02,Line 2,2026,PECO,RALLFI,TVP10T1406,,2028,21323925,Pass,,0.98,0.995,0.015,,,,
1002266896,2026-09-03,Line 1,2026,PECO,SUGAR FLASH,WAS101295,,27215,21315018,Pass,,0.845,0.9175,0.0725,,,,
1002266894,2026-09-03,Line 1,2026,PECO,SUGAR FLASH,WAS101268,,15351.5,21315016,Pass,,0.855,0.9,0.045,,,,
1002267919,2026-09-04,Line 2,2026,PEBS,ZONVERT S,TVP26S1418,,10813,21325446,Pass,,0.91,0.94,0.0299999999999999,,,,
300102202,2026-09-03,Line 1 Gravity,2025,SWCO,GSS1477S,WAW099043X1,,7149,21485471,Pass,,,0.895,,,,,
300102221,2026-09-04,Handpick,2024,SWBS,R20264 S,TVW24S8635X1,,51,21528023,Pass,,,0.9325,,,,,
1002266895,2026-09-04,Line 1,2026,PECO,SUGAR FLASH,WAS101279,,8796.5,21315017,Pass,,0.89,0.93,0.04,,,,
2400008127,2026-09-04,Line 1 Gravity,2018,SWBS,R565A T,TVW18T2043X1K,,244.5,21579890,Pass,,,0.1,,,,,
1002266893,2026-09-05,Line 1,2026,PECO,SUGAR FLASH,TVS101267,,44216.5,21315015,Fail,Broken,0.92,NA,,,,,0.9% CRACKED SEED COAT & COTYLENDON OVERGROWTH
1002300326,2026-09-05,Line 2,2026,BECO,HUNTINGTON,WAG101498W,,10489.5,21562009,Pass,,,0.7275,,,,,
1002266902,2026-09-06,Line 1,2026,PECO,SUGAR LAC,ORS101272,,23228.5,21315024,Fail,Broken,0.853,NA,,,,,3.86% CRACKED SEED COAT & COTYLENDON OVERGROWTH
1002267854,2026-09-06,Line 2,2026,PEBS,SL3227,TVS26S1360,,4049.5,21325424,Pass,,0.943,0.975,0.032,,,,
300102176,2026-09-07,Line 1 Gravity,2024,SWCO,LUNA,TVW088561X2,,134,21519315,Pass,,,0.9625,,,,,2 VAL: .83% DISCOLORED
2400008124,2026-09-07,Line 1 Gravity,2024CL,SWCO,OVERLAND,24-TUSY1507-X2,,3050,21539858,Pass,,,0.955,,,,,2 VAL: 0.82% DISCOLORED
1002266901,2026-09-08,Line 1,2026,PECO,SUAR LAC,ORS101271,,41323.5,21315023,Pass,,0.918,0.8475,-0.0705,,,,
2400008118,2026-09-08,Line 1 Gravity,2024CL,SWCO,OVERLAND,24-TUSY1507-X2,,3875,21568754,Pass,,,,,,,,2 VAL: .52% DISCOLORED
300102336,2026-09-08,Handpick,2023,SWBS,AC128Y T,WAW23T7500,,612,21568884,Pass,,,0.9175,,,,,
2400008117,2026-09-08,Line 1 Gravity,2023,SWCO,OVERLAND-R,WAW077111X1,,2475,21563629,Pass,,,0.985,,,,,
1002266903,2026-09-09,Line 1,2026,PECO,SUGAR LAC,ORS101273,,29919.5,21315025,Pass,,0.825,0.8425,0.0175000000000001,,,,
1002267629,2026-09-08,Line 2,2026,PECO,GRUNDY,TVP10T1395,,822,21323923,Pass,,0.908,0.935,0.027,,,,
1002267628,2026-09-08,Line 2,2026,PECO,GRUNDY,TVP10T1394,,17442.5,21323922,Pass,,0.883,0.9225,0.0395,,,,
2400008208,2026-09-08,Line 1 Gravity,2026,SWBS,G4075,NNW25U99038,,1158,21564745,Pass,,,0.3275,,,,,2 VAL: 1 COB
1002266904,2026-09-10,Line 1,2026,PECO,SUGAR LAC,ORS101275,,28666,21315026,Pass,,0.895,0.91,0.015,,,,
1002267743,2026-09-10,Line 1,2026,PEBS,SUGAR LAC,TVS26S1372,,7836.5,21325430,Pass,,0.933,0.845,-0.0880000000000001,,,,
2400008207,2026-09-10,Line 1 Gravity,2026,SWBS,G4075,NNW25U99038,,470.5,21564744,Fail,Cob,,NA,,,NA,,1 COB 1 SMUT
1002266907,2026-09-10,Line 1,2026,PECO,SUGAR LAC,TVS26V1292,,11754,21315029,Pass,,0.92,0.8625,-0.0575,,,,
1002266908,2026-09-10,Line 1,2026,PECO,SUGAR LAC,TVS26V1278,,11815,21315030,Pass,,0.923,0.8825,-0.0405000000000001,,,,
1002291142,2026-09-11,Line 1,2026,PECO,SUGAR LAC,ORS101276K,,7040.5,21492781,Pass,,0.835,0.815,-0.02,,,,
1002266906,2026-09-11,Line 1,2026,PECO,SUGAR LAC,ORS101276,,7712,21315028,Pass,,0.86,0.8125,-0.0475,,,,
2400008259,2026-09-11,Line 1 Gravity,2025,SWCO,GSS3228,TVW099051X2,,178.5,21579976,Pass,,,0.9825,,,,,2 VAL: 1 COB
2400007941,2026-09-11,Line 1 Gravity,2024,SWCO,GSS3951,WAW088597X1,,9615.5,21361126,Pass,,,0.9775,,,,,
1002266353,2026-09-12,Line 1,2026,PECO,SP704-3-8,TVS26V1257,,15644.5,21308054,Pass,,,0.94,,,,,
1002266890,2026-09-12,Line 1,2026,PECO,SP704-3-8,ORS101284,,21778.5,21315011,Pass,,,0.7825,,,,,
1002266905,2026-09-11,Line 1,2026,PECO,SUGAR LAC,ORS26V1294,,10124,21315027,Pass,,,0.81,,,,,
1002266911,2026-09-13,Line 2,2026,PECO,FESTIVERT,ORP101351,,29875,21315033,Pass,,,0.525,,,,,
2400008225,2026-09-14,Line 1 Gravity,2026,PECO,SL3123,ORS101290,,4177.5,21578272,Fail,Broken,,NA,,,,,1.14% CRACKED SEED COAT & COTYLENDON OVERGROWTH
1002267617,2026-09-14,Line 2,2026,PEPB,SL3233,TVS26P1362,,2319,21323910,Fail,Discolored,,NA,,,,,1.07% DISCOLORED AND .64% CRACKED SEED COAT & COTYLENDON OVERGROWTH
2400008227,2026-09-14,Handpick,2025,BEBS,SERENGETI,TVG25T9544,,893,21587434,Fail,Broken,,NA,,,,,6.3% CRACKED SEED AND COTYLENDON OVERGROWTH AND 2.81% DAMAGED SEED
1002267871,2026-09-14,Line 2,2026,PECO,SL3211,TVS10V1358T,,604,21325637,,,,,,,,,
1002267870,2026-09-14,Line 2,2026,PEPB,SL3211,TVS26P1357,,457,21325619,Fail,Broken,,NA,,,,,.24% CRACKED SEED COAT AND COTYLENDON OVERGROWTH
1002266358,2026-09-14,Line 1,2026,PECO,SP704-3-8,ORS101262,,34485.5,21308061,,,,0.93,,,,,
1002266355,2026-09-16,Line 1,2026,PECO,SP704-3-8,ORS101259,,30987,21308057,Pass,,,,,,,,
1002267615,2026-09-15,Line 2,2026,PECO,SL3123,TVS10T1376,,7874,21323907,Pass,,,,,,,,
300101741,2026-09-15,Handpick,2025,SWCO,TRADITION,TVW099010X2,,54,21398588,,,,,,,,,
2400008209,2026-09-16,Line 1 Gravity,2025,SWCO,GSS3951,WAW099054X1J,,15003.5,21585388,,,,,,,,,
2400008063,2026-09-16,Line 1 Gravity,2024,SWCO,GH4927,WAC088521,,4329.5,21444434,Pass,,,,,,,,
1002268714,2026-09-16,Line 2,2026,PEPB,SUGAR FORCE,TVS26P1376,,466.5,21335052,Pass,,,,,,,,
1002266645,2026-09-16,Line 1,2026,PECO,SP704-3-8,ORS101300,,9965,21315004,Pass,,,,,,,,
1002266354,2026-09-17,Line 1,2026,PECO,SP704-3-8,ORS101258,,9301,21308055,Pass,,,,,,,,
1002267624,2026-09-16,Line 2,2026,PECO,SUGAR FORCE,TVS10V1371,,6228,21323918,Fail,Broken,,,,,,,.92% CRACKED SEED COAT & COTYLENDON OVERGROWTH AND .65% DISCOLORED
300101922,2026-09-17,Handpick,2025,SWCO,TRADITION,TVW099010X2,,113,21398590,Pass,,,,,,,,
1002267741,2026-09-18,Line 2,2026,PEBS,SL3229,TVS26S1361T,,1993,21325428,Pass,,,,,,,,
1002267623,2026-09-17,Line 2,2026,PECO,SUGAR FORCE,TVS10V1370,,12348,21323917,,,,,,,,,
1002266352,2026-09-17,Line 1,2026,PECO,SP704-3-8,TVS101256,,18854,21308053,Pass,,,,,,,,
1002266357,2026-09-18,Line 1,2026,PECO,SP704-3-8,ORS101261,,19995,21308059,Pass,,,,,,,,
300102448,2026-09-18,Handpick,2026,SWBS,G4075 U,NNW25U99038,,175.5,21596356,Pass,,,,,,,,
1002267872,2026-09-18,Line 2,2026,PEBS,SL3226 S,TVS26S1359,,4164.5,21325640,Pass,,,,,,,,
1002266888,2026-09-18,Line 1,2026,PECO,SP704-3-8,TVS101298,,11902,21315009,Pass,,,,,,,,
1002267618,2026-09-19,Line 1,2026,PECO,SP704-3-8,TVS10T1363,,2711.5,21323911,Pass,,,,,,,,
1002286381,2026-09-19,Line 1,2026,PECO,SP704-3-8,TVS10T1363K,,1328,21468572,Pass,,,,,,,,
1002266887,2026-09-18,Line 1,2026,PECO,SP704-3-8,TVS101297,,17586,21315008,Pass,,,,,,,,
2400008092,2026-09-19,Line 1 Gravity,2023,PECO,SUPER SUG SN,TVS077041,,9384,21598542,Pass,,,,,,,,
1002267620,2026-09-19,Line 2,2026,PECO,SUGAR 204,TVS10V1367,,10829,21323913,Pass,,,,,,,,
1002268713,2026-09-19,Line 2,2026,PEPB,SUGAR 208,TVS26P1368,,571.5,21335051,Pass,,,,,,,,
1002267622,2026-09-21,Line 2,2026,PECO,SUGAR 208,TVS10V1375,,7080.5,21323916,Pass,,,,,,,,
300102377,2026-09-21,Handpick,2025,SWPB,R00153,TVW25T9515X1,,85,21599727,Pass,,,,,,,,2 VAL: 1 COB
2400008210,2026-09-21,Line 1 Gravity,2023,SWBS,R6660D,TVW23U7586X1,,7122.5,21601725,Pass,,,,,,,,
2400008095,2026-09-22,Line 1 Gravity,2023,SWBS,R660D T,TVW23U7585X1,,4507.5,21604906,,,,,,,,,
2400008096,2026-09-22,Colorsorter Line 2,2023,SWBS,R660D T,TVW23U7586X1,,6899,21605027,Pass,,,,,,,,
1002267621,2026-09-23,Line 2,2026,PECO,SUGAR 208,TVS10V1369,,7049.5,21323915,Pass,,,,,,,,
2400008097,2026-09-23,Line 1 Gravity,2023,SWBS,AC128Y T,WAW23T7500,,368.5,21608805,Pass,,,,,,,,
300102380,2026-09-23,Handpick,2024,SWPB,R20264,TVW24S8635X1P,,177,21599735,Pass,,,,,,,,
2400008134,2026-09-23,Line 1 Gravity,2024,SWCO,GSS7877,WAW088539X2,,1167.5,21601774,Pass,,,,,,,,
2400008098,2026-09-23,Line 1 Gravity,2023,SWBS,AC128Y,WAW23T7500,,548.5,21608806,Pass,,,,,,,,
1002291141,2026-09-24,Line 2,2026,PECO,SUGAR FLASH,WAS101279K,,6691,21492768,Pass,,,,,,,,
2400008099,2026-09-24,Line 2,2023,SWBS,R660D T,TVW23U7585X1,MF,4284.5,21604906,,,,,,,,,
300102376,2026-09-24,Handpick,2024,SWPB,G9089,TVW24S8614X1P,R,103.5,21599725,Pass,,,,,,,,
2400008075,2026-09-24,Line 1 Gravity,2023,SWCO,OVERLAND-R,WAW077111X1,LR,2265.5,21599936,,,,,,,,,
1002266912,2026-09-19,Line 1,2026,PECO,IDALGO,ORP101353,,117907.5,21315034,Pass,,,,,,,,
