PO Number,Equipment ID,Operator,Date,Crop Year,Species,Variety Name,Lot Number,Input KG,Prep Time (Hours),Run Time (Hours),Cleandown Time (Hours),Output KGs,Loss KG,Scrap Rate,KG per hour,KG per Total hour,RAW KG per hour,RAW KG per Total hour,Week,Week Number,Year,Week Info,Size Fraction
100184897,Line 1,,2023-06-26,2023CL,SWCO,GSS3951,23-MZ1713X1,11941,1.5,13,0.5,9621.5,2319.5,0.194246713005611,740.115384615385,641.433333333333,918.538461538462,796.066666666667,Week,26,2023,2023 - Week 26,
1001859908,Line 1,,2023-06-29,2023CL,SWCO,GSS3951,23-MZ1712X1,22715.5,2.16,16,3,16797,5918.5,0.26054896436354,1049.8125,793.809073724008,1419.71875,1073.51134215501,Week,26,2023,2023 - Week 26,
1001858227,Line 1,,2023-07-03,2023CL,SWCO,BSS1075-R,P23-1330,3306,0.5,3.5,2,2683.5,622.5,0.188294010889292,766.714285714286,447.25,944.571428571429,551,Week,27,2023,2023 - Week 27,
1001853334,Line 1,,2023-07-06,2023CL,SWCO,BSS8040,23-MZ1742,16989,1,18,0.5,14797,2192,0.129024663017246,822.055555555556,758.820512820513,943.833333333333,871.230769230769,Week,27,2023,2023 - Week 27,
1001859907,Line 1,,2023-07-07,2023CL,SWCO,BSS8040,P23-1331,6222,0.75,6.5,3,5364,858,0.137897782063645,825.230769230769,523.317073170732,957.230769230769,607.024390243902,Week,27,2023,2023 - Week 27,
1001856122,Line 1,,2023-07-10,2023CL,SWCO,8909MRW,23-TUSY401-X2,9775,0.5,7,0,8747,1028,0.105166240409207,1249.57142857143,1166.26666666667,1396.42857142857,1303.33333333333,Week,28,2023,2023 - Week 28,
1001859036,Line 1,,2023-07-11,2023CL,SWCO,8909MRW,23-U094X2,3961,0.25,3.5,1.5,3551,410,0.103509214844736,1014.57142857143,676.380952380952,1131.71428571429,754.476190476191,Week,28,2023,2023 - Week 28,
1001859041,Line 1,,2023-07-12,2023CL,SWCO,BSS8021,23-TUSY701,4912,0.83,7.75,1.17,4119,793,0.161441368078176,531.483870967742,422.461538461538,633.806451612903,503.794871794872,Week,28,2023,2023 - Week 28,
1001859035,Line 1,,2023-07-13,2023CL,SWCO,GOLDEN QUEEN,P23-1333,3816,0.67,4.5,0.17,3306.5,509.5,0.13351677148847,734.777777777778,619.194756554307,848,714.606741573034,Week,28,2023,2023 - Week 28,
1001859034,Line 1,,2023-07-13,2023CL,SWCO,GOLDEN QUEEN,SYNG22502,3526,0.42,3.25,1,3274.5,251.5,0.0713272830402723,1007.53846153846,701.17773019272,1084.92307692308,755.032119914347,Week,28,2023,2023 - Week 28,
1001863424,Line 1,,2023-07-26,2023CL,SWCO,GSS3951,P22-1334-X1,25859,1.83,23.84,1.5,20508,5351,0.206929889013496,860.234899328859,754.803091645197,1084.68959731544,951.748251748252,Week,30,2023,2023 - Week 30,
1001884747,Line 1,,2023-09-01,2023,SWCO,GH6055,WAC077061X1,20772,1.5,25,0.42,18537,2235,0.107596764875794,741.48,688.595839524517,830.88,771.619613670134,Week,35,2023,2023 - Week 35,
1001884748,Line 1,,2023-09-01,2023,SWCO,GH6055,WAC077061X1K,7734,0.25,4.5,4,6754.5,979.5,0.126648564778898,1501,771.942857142857,1718.66666666667,883.885714285714,Week,35,2023,2023 - Week 35,
1001883359,Line 1,,2023-09-03,2023,SWCO,GH6462S,WAC077062,59204,2,42,3,50852.5,8351.5,0.141063103844335,1210.77380952381,1081.96808510638,1409.61904761905,1259.65957446809,Week,35,2023,2023 - Week 35,
1001884760,Line 1,,2023-09-04,2023,SWCO,SS7078Y,WAW077050X2,9270,2,6.5,3.5,7581,1689,0.182200647249191,1166.30769230769,631.75,1426.15384615385,772.5,Week,36,2023,2023 - Week 36,
1001885313,Line 1,,2023-09-04,2023,SWCO,GH4927,WAC077060,22504.5,1.5,13,3,18675.5,3829,0.170143749027972,1436.57692307692,1067.17142857143,1731.11538461538,1285.97142857143,Week,36,2023,2023 - Week 36,
1001885518,Line 1,,2023-09-05,2023,SWCO,TYSON,ORW077116X1,9412,1.5,14,2.5,7018.5,2393.5,0.254303017424564,501.321428571429,389.916666666667,672.285714285714,522.888888888889,Week,36,2023,2023 - Week 36,
1001865196,Line 1,,2023-09-05,2023,SWCO,GSS1170-R,ORW077022X2,3971,1.5,4,3,2669,1302,0.327877109040544,667.25,314,992.75,467.176470588235,Week,36,2023,2023 - Week 36,
1001886704,Line 1,,2023-09-06,2023,SWCO,GSS3951,WAW077119X1J1,3014,2,3,1.5,2026.5,987.5,0.327637690776377,675.5,311.769230769231,1004.66666666667,463.692307692308,Week,36,2023,2023 - Week 36,
1001886244,Line 1,,2023-09-06,2023,SWCO,GSS3951,ORW077140X1,17412.5,1.5,10,0.33,12595.5,4817,0.276640344580043,1259.55,1064.70836855452,1741.25,1471.89349112426,Week,36,2023,2023 - Week 36,
1001886927,Line 1,,2023-09-08,2023,SWCO,GSS3951,WAW077119X1J,3789,0.33,3,0.42,2668,1121,0.295856426497757,889.333333333333,711.466666666667,1263,1010.4,Week,36,2023,2023 - Week 36,
1001886926,Line 1,,2023-09-08,2023,SWCO,GSS3951,WAW077119X1,59240,1.5,40,0.25,45142,14098,0.237981093855503,1128.55,1081.24550898204,1481,1418.92215568862,Week,36,2023,2023 - Week 36,
1001887445,Line 1,,2023-09-09,2023,SWCO,GSS3951,WAW077160,29086,0.5,17,2,19554.5,9531.5,0.327700611978271,1150.26470588235,1002.79487179487,1710.94117647059,1491.58974358974,Week,36,2023,2023 - Week 36,
1001878131,Line 1,,2023-09-09,2023,SWCO,REVISION,ORT077085HK,10804.5,0.25,5.25,0.33,9239,1565.5,0.144893331482253,1759.80952380952,1584.73413379074,2058,1853.2590051458,Week,36,2023,2023 - Week 36,
1001878130,Line 1,,2023-09-09,2023,SWCO,REVISION,ORT077085H,20385,0.17,6,0.42,17927.5,2457.5,0.120554329163601,2987.91666666667,2720.40971168437,3397.5,3093.32321699545,Week,36,2023,2023 - Week 36,
1001878134,Line 1,,2023-09-10,2023,SWCO,REVISION,ORT077085HKW,6234.5,0.33,6,3,5271,963.5,0.154543267302911,878.5,564.951768488746,1039.08333333333,668.220793140407,Week,36,2023,2023 - Week 36,
1001878132,Line 1,,2023-09-10,2023,SWCO,REVISION,ORT077085HK1,4502.5,0.25,3.5,0.33,3648.5,854,0.189672404219878,1042.42857142857,894.240196078431,1286.42857142857,1103.55392156863,Week,36,2023,2023 - Week 36,
1001878129,Line 1,,2023-09-12,2023,SWCO,QUICK TRIP,ORT077083H,28516,0.5,50.5,4,19176,9340,0.327535418712302,379.722772277228,348.654545454545,564.673267326733,518.472727272727,Week,37,2023,2023 - Week 37,
1001878137,Line 1,,2023-09-14,2023,SWCO,SERENDIPITY,WAT077086,29689,0.5,23.5,3.5,24782,4907,0.165280070059618,1054.55319148936,901.163636363636,1263.36170212766,1079.6,Week,37,2023,2023 - Week 37,
1001876070,Line 1,,2023-09-15,2023,SWCO,ACCESSION,WAW077006X2,37791,2,46,4,31419.5,6371.5,0.168598343520944,683.032608695652,604.221153846154,821.54347826087,726.75,Week,37,2023,2023 - Week 37,
1001876067,Line 1,,2023-09-16,2023,SWCO,7401 IMP,WAW077087X2,21475,2,24,3,18332,3143,0.146356228172293,763.833333333333,632.137931034483,894.791666666667,740.51724137931,Week,37,2023,2023 - Week 37,
1001889721,Line 1,,2023-09-18,2023,SWCO,GH6462S,WAC077095,74925,1.33,45.5,0.5,58431.5,16493.5,0.220133466800133,1284.20879120879,1234.55525036974,1646.7032967033,1583.03401648003,Week,38,2023,2023 - Week 38,
1001890021,Line 1,,2023-09-19,2023,SWCO,GH6462S,WAC077058,46434,0.67,22.5,3,38503,7931,0.170801567816686,1711.24444444444,1471.26480703095,2063.73333333333,1774.32174245319,Week,38,2023,2023 - Week 38,
1001890147,Line 1,,2023-09-21,2023,SWCO,TYSON,WAW07751X1,65207,0.33,36,0.5,53269.5,11937.5,0.183070835953195,1479.70833333333,1446.36166168884,1811.30555555556,1770.4860168341,Week,38,2023,2023 - Week 38,
1001892257,Line 1,,2023-09-22,2023,SWCO,TYSON,WAW077004X1,6426,0.5,5.5,2.5,4618,1808,0.28135698723934,839.636363636364,543.294117647059,1168.36363636364,756,Week,38,2023,2023 - Week 38,
1001876146,Line 1,,2023-09-22,2023,SWCO,HONEY SELECT,WAT077079,15569,1.5,8.5,2.5,13003.5,2565.5,0.164782580769478,1529.82352941176,1040.28,1831.64705882353,1245.52,Week,38,2023,2023 - Week 38,
1001890148,Line 1,,2023-09-22,2023,SWCO,TYSON,WAW077051X1P,21859,0.42,10,0.5,17429,4430,0.202662518870946,1742.9,1596.06227106227,2185.9,2001.73992673993,Week,38,2023,2023 - Week 38,
1001892381,Line 1,,2023-09-23,2023,SWBS,G4075,WAW23T7528X1,4516,0.83,6,1,3612,904,0.200177147918512,602,461.302681992337,752.666666666667,576.756066411239,Week,38,2023,2023 - Week 38,
1001886347,Line 1,,2023-09-23,2023,SWBS,R00638,WAW23T7541X1,5278,1.5,4,2,3681.5,1596.5,0.302482000757863,920.375,490.866666666667,1319.5,703.733333333333,Week,38,2023,2023 - Week 38,
1001892534,Line 1,,2023-09-26,2023,SWCO,OVERLAND-R,WAW077068X1,116543,2,75.5,0.5,96786.5,19756.5,0.169521120959646,1281.94039735099,1240.85256410256,1543.61589403974,1494.14102564103,Week,39,2023,2023 - Week 39,
1001892535,Line 1,,2023-09-29,2023,SWCO,OVERLAND-R,WAW077070X1J1,4629,0.33,5.5,0.5,3840.5,788.5,0.170339166126593,698.272727272727,606.714060031596,841.636363636364,731.279620853081,Week,39,2023,2023 - Week 39,
1001892536,Line 1,,2023-09-29,2023,SWCO,OVERLAND-R,WAW077070X1J2,4704,1.5,3.5,3,3967.5,736.5,0.15656887755102,1133.57142857143,495.9375,1344,588,Week,39,2023,2023 - Week 39,
1001892533,Line 1,,2023-09-29,2023,SWCO,OVERLAND-R,WAW077070X1,100285.5,0.5,60,0.5,82895.5,17390,0.173404928927911,1381.59166666667,1358.94262295082,1671.425,1644.02459016393,Week,39,2023,2023 - Week 39,
1001894737,Line 1,,2023-09-30,2023,SWBS,R00447A,TVW23T7536X1,4360.5,1.5,3.5,3,3637.5,723,0.165806673546612,1039.28571428571,454.6875,1245.85714285714,545.0625,Week,39,2023,2023 - Week 39,
1001877945,Line 1,,2023-09-30,2023,SWCO,JACKPOT,INC077134,23132.5,0.92,15.5,2,19862.5,3270,0.141359559061926,1281.45161290323,1078.31161780673,1492.41935483871,1255.83604777416,Week,39,2023,2023 - Week 39,
1001876148,Line 1,,2023-10-01,2023,SWCO,HONEY SELECT,INT077031,20139,0.83,16,0.5,16375,3764,0.186901037787378,1023.4375,944.893248701674,1258.6875,1162.08886324293,Week,39,2023,2023 - Week 39,
1001876147,Line 1,,2023-10-01,2023,SWCO,HONEY SELECT,WAT077105,12225,0.5,8.75,0.5,10091.5,2133.5,0.174519427402863,1153.31428571429,1035.02564102564,1397.14285714286,1253.84615384615,Week,39,2023,2023 - Week 39,
1001894781,Line 1,,2023-10-02,2023,SWCO,HONEY SELECT,WAT077105K,5686,0.5,5.5,2.5,4303.5,1382.5,0.243141048188533,782.454545454546,506.294117647059,1033.81818181818,668.941176470588,Week,40,2023,2023 - Week 40,
1001878093,Line 1,,2023-10-03,2023,SWCO,MS1074Y,WAW077042X2,31777,0.67,30.5,2,26953,4824,0.151807911382446,883.704918032787,812.571600844136,1041.86885245902,958.004220681339,Week,40,2023,2023 - Week 40,
1001895104,Line 1,,2023-10-04,2023,SWBS,AC157Y,TVW23T7504,2582,1.5,2.5,3,2138,444,0.171959721146398,855.2,305.428571428571,1032.8,368.857142857143,Week,40,2023,2023 - Week 40,
1001894739,Line 1,,2023-10-04,2023,SWCO,CODE 646,WAW077018,34745.5,0.92,22,1.5,28223,6522.5,0.187722151069923,1282.86363636364,1155.73300573301,1579.34090909091,1422.82964782965,Week,40,2023,2023 - Week 40,
1001865532,Line 1,,2023-10-06,2023,SWCO,CABO,WAW077017X2P,3525,0.83,17.5,0.5,2792,733,0.207943262411348,159.542857142857,148.274030801912,201.428571428571,187.201274561869,Week,40,2023,2023 - Week 40,
1001891184,Line 1,,2023-10-06,2023,SWCO,CABO,WAW077094X2,8719,1.5,6.75,1.25,7012,1707,0.195779332492258,1038.81481481481,738.105263157895,1291.7037037037,917.789473684211,Week,40,2023,2023 - Week 40,
1001865531,Line 1,,2023-10-06,2023,SWCO,CABO,WAW077017X2,42989,0.5,31,1,35918.5,7070.5,0.164472306869199,1158.66129032258,1105.18461538462,1386.74193548387,1322.73846153846,Week,40,2023,2023 - Week 40,
1001890146,Line 1,,2023-10-07,2023,SWCO,GH1703,WAC077059X1,3764,2,4.5,2.5,3020.5,743.5,0.197529224229543,671.222222222222,335.611111111111,836.444444444445,418.222222222222,Week,40,2023,2023 - Week 40,
1001865529,Line 1,,2023-10-07,2023,SWCO,BSS8021,WAW077093X2,20676,0.5,13,0.5,17112,3564,0.172373766686013,1316.30769230769,1222.28571428571,1590.46153846154,1476.85714285714,Week,40,2023,2023 - Week 40,
1001865530,Line 1,,2023-10-08,2023,SWCO,BSS8021,INW077044X2,13145.5,2,11.25,2.75,9390,3755.5,0.285687117264463,834.666666666667,586.875,1168.48888888889,821.59375,Week,40,2023,2023 - Week 40,
1001896595,Line 1,,2023-10-10,2023,SWCO,GSS1453-R,WAW077024X1P,8995.5,0.5,7,1.5,6546,2449.5,0.272302818075705,935.142857142857,727.333333333333,1285.07142857143,999.5,Week,41,2023,2023 - Week 41,
1001876083,Line 1,,2023-10-10,2023,SWCO,GSS31004,WAW077100X2,4048,1.5,3.5,2.5,3367,681,0.168231225296443,962,448.933333333333,1156.57142857143,539.733333333333,Week,41,2023,2023 - Week 41,
1001896594,Line 1,,2023-10-10,2023,SWCO,GSS1453-R,WAW077024X1,61061.5,2,45.33,0.17,46723.5,14338,0.234812443192519,1030.74123097287,983.652631578947,1347.04390028679,1285.50526315789,Week,41,2023,2023 - Week 41,
1001892501,Line 1,,2023-10-11,2023,SWCO,GSS3951,WAW077119X1W,10825.5,2,7.42,0.5,8595,2230.5,0.206041291395317,1158.35579514825,866.431451612903,1458.96226415094,1091.28024193548,Week,41,2023,2023 - Week 41,
1001897723,Line 1,,2023-10-12,2023,SWCO,GSS3951,WAW077150X1,45546,0.25,21.5,0.5,35076,10470,0.229877486497168,1631.44186046512,1576.44943820225,2118.41860465116,2047.01123595506,Week,41,2023,2023 - Week 41,
1001896593,Line 1,,2023-10-14,2023,SWCO,GSS3951,WAW077180,2565.5,0.5,2.75,0.5,1971.5,594,0.231533814071331,716.909090909091,525.733333333333,932.909090909091,684.133333333333,Week,41,2023,2023 - Week 41,
1001894569,Line 1,,2023-10-14,2023,SWCO,GSS3951,WAW077120,125875,0.75,59.5,0.5,100047.5,25827.5,0.205183714001986,1681.47058823529,1646.87242798354,2115.5462184874,2072.01646090535,Week,41,2023,2023 - Week 41,
1001900230,Line 1,,2023-10-15,2023,SWBS,R00638,WAW23T7542X1,3235,1.5,3.5,2,2726.5,508.5,0.157187017001546,779,389.5,924.285714285714,462.142857142857,Week,41,2023,2023 - Week 41,
1001900191,Line 1,,2023-10-15,2023,SWCO,GSS3951,WAW077110X1,41404,1.5,22.5,1.5,32090.5,9313.5,0.22494203458603,1426.24444444444,1258.45098039216,1840.17777777778,1623.6862745098,Week,41,2023,2023 - Week 41,
1001876081,Line 1,,2023-10-16,2023,SWCO,GSS1198-R,WAW077099X2,3414,0.5,3,1.5,2851,563,0.164909197422378,950.333333333333,570.2,1138,682.8,Week,42,2023,2023 - Week 42,
1001900295,Line 1,,2023-10-17,2023,SWBS,AC199YST,TVW23S7507,3448,0.5,2.25,2,2978,470,0.13631090487239,1323.55555555556,626.947368421053,1532.44444444444,725.894736842105,Week,42,2023,2023 - Week 42,
1001900062,Line 1,,2023-10-17,2023,SWCO,ROCKER,WAC077073,44180,2,14.5,3.5,40159,4021,0.091014033499321,2769.58620689655,2007.95,3046.89655172414,2209,Week,42,2023,2023 - Week 42,
1001899733,Line 1,,2023-10-20,2023,SWCO,OVERLAND-R,WAW077106X1,103131.5,0.58,63.33,0.5,76319.5,26812,0.259978764974814,1205.10816358756,1184.9014128241,1628.47781462182,1601.17217823319,Week,42,2023,2023 - Week 42,
1001900247,Line 1,,2023-10-22,2023,SWCO,OVERLAND-R,WAW077106X1P,18240,0.5,10,0.5,12817,5423,0.297313596491228,1281.7,1165.18181818182,1824,1658.18181818182,Week,42,2023,2023 - Week 42,
1001899734,Line 1,,2023-10-22,2023,SWCO,OVERLAND-R,WAW077111X1,87906,0.5,48.5,0.5,66244.5,21661.5,0.246416626851409,1365.86597938144,1338.27272727273,1812.49484536082,1775.87878787879,Week,42,2023,2023 - Week 42,
1001892499,Line 1,,2023-10-24,2023,SWCO,OVERLAND-R,WAW077045X1,60069,0.5,35.5,2.5,43823.5,16245.5,0.270447318916579,1234.46478873239,1138.27272727273,1692.08450704225,1560.23376623377,Week,43,2023,2023 - Week 43,
1001865528,Line 1,,2023-10-25,2023,SWCO,BSS1075-R,WAW077091X2P,4302.5,0.5,3,0.5,3495.5,807,0.187565368971528,1165.16666666667,873.875,1434.16666666667,1075.625,Week,43,2023,2023 - Week 43,
1001865527,Line 1,,2023-10-25,2023,SWCO,BSS1075-R,WAW077091X2,25912.5,2,12,0.5,23185,2727.5,0.105258080077183,1932.08333333333,1598.96551724138,2159.375,1787.06896551724,Week,43,2023,2023 - Week 43,
1001865526,Line 1,,2023-10-25,2023,SWCO,BSS1075-R,WAW077007X2,32928,0.5,14,0.5,29929,2999,0.0910775024295432,2137.78571428571,1995.26666666667,2352,2195.2,Week,43,2023,2023 - Week 43,
1001902284,Line 1,,2023-10-26,2023,SWCO,BSS1075-R,ORW077089X2,13659.5,0.5,7,2.5,11124,2535.5,0.185621728467367,1589.14285714286,1112.4,1951.35714285714,1365.95,Week,43,2023,2023 - Week 43,
1001897721,Line 1,,2023-10-26,2023,SWCO,GSS3071S,WAW077117X1,25224.5,0.5,13,0.5,22900,2324.5,0.0921524708121073,1761.53846153846,1635.71428571429,1940.34615384615,1801.75,Week,43,2023,2023 - Week 43,
1001897722,Line 1,,2023-10-27,2023,SWCO,GSS3071S,WAW077027X1,54378,1.5,26,2,49417.5,4960.5,0.091222553238442,1900.67307692308,1675.16949152542,2091.46153846154,1843.32203389831,Week,43,2023,2023 - Week 43,
1001865198,Line 1,,2023-10-28,2023,SWCO,GSS1170-R,WAW077098X2,2379,0.5,5.5,0.5,1711.5,667.5,0.280580075662043,311.181818181818,263.307692307692,432.545454545455,366,Week,43,2023,2023 - Week 43,
1001865197,Line 1,,2023-10-28,2023,SWCO,GSS1170-R,WAW077067X2,6730,0.5,7.25,0.75,4667.5,2062.5,0.306463595839525,643.793103448276,549.117647058824,928.275862068966,791.764705882353,Week,43,2023,2023 - Week 43,
1001878139,Line 1,,2023-10-28,2023,SWCO,SILVER KING,INC077139,11906.5,1.5,8.75,2.75,10388,1518.5,0.127535379834544,1187.2,799.076923076923,1360.74285714286,915.884615384615,Week,43,2023,2023 - Week 43,
1001904526,Line 1,,2023-10-29,2023,SWCO,GSS1477S,WAW077025X1,23523,0.5,12.67,0.33,19653.5,3869.5,0.164498575861922,1551.18389897395,1455.81481481481,1856.59037095501,1742.44444444444,Week,43,2023,2023 - Week 43,
1001904527,Line 1,,2023-10-29,2023,SWCO,GSS1477S,WAW077025X1P,20216.5,2,11,0.5,17281,2935.5,0.145203175623872,1571,1280.07407407407,1837.86363636364,1497.51851851852,Week,43,2023,2023 - Week 43,
1001901292,Line 1,,2023-10-31,2023,SWCO,GARRISON-R,WAW077021X1,53494,1.5,41.75,1.75,38207,15287,0.285770366770105,915.137724550898,849.044444444445,1281.29341317365,1188.75555555556,Week,44,2023,2023 - Week 44,
1001899314,Line 1,,2023-11-01,2023,SWCO,GSS8937,TVW077118X1,12542,0.5,10,0.25,10817.5,1724.5,0.137498006697496,1081.75,1006.27906976744,1254.2,1166.6976744186,Week,44,2023,2023 - Week 44,
1001899386,Line 1,,2023-11-01,2023,SWCO,GSS8937,TVW077143X1,20302,0.5,14,0.5,18052.5,2249.5,0.110801891439267,1289.46428571429,1203.5,1450.14285714286,1353.46666666667,Week,44,2023,2023 - Week 44,
1001899387,Line 1,,2023-11-02,2023,SWCO,GSS8937,TVW077038X1,2660,0.5,3.75,2.25,2093,567,0.213157894736842,558.133333333333,322,709.333333333333,409.230769230769,Week,44,2023,2023 - Week 44,
1001876076,Line 1,,2023-11-02,2023,SWCO,DESERT SNOW,TVW077126X2,14907,1.5,11.5,1.5,13365,1542,0.103441336284967,1162.17391304348,921.724137931035,1296.26086956522,1028.06896551724,Week,44,2023,2023 - Week 44,
1001878097,Line 1,,2023-11-03,2023,SWCO,P&C EARLY,COC077138,15605.5,0.58,16.75,1.5,12499.5,3106,0.199032392425747,746.238805970149,663.807753584705,931.671641791045,828.757302177377,Week,44,2023,2023 - Week 44,
1001878096,Line 1,,2023-11-03,2023,SWCO,P&C EARLY,COC077137,9235,0.5,8.5,0.5,7435.5,1799.5,0.194856524093124,874.764705882353,782.684210526316,1086.47058823529,972.105263157895,Week,44,2023,2023 - Week 44,
1001878091,Line 1,,2023-11-04,2023,SWCO,MATRIARCH,WAW077041H,9315,1.5,8.5,2.5,7308,2007,0.215458937198068,859.764705882353,584.64,1095.88235294118,745.2,Week,44,2023,2023 - Week 44,
1001876075,Line 1,,2023-11-04,2023,SWCO,CROWN,ORW077019H,6853,0.75,5,2.5,5631.5,1221.5,0.178243105209397,1126.3,682.606060606061,1370.6,830.666666666667,Week,44,2023,2023 - Week 44,
1001878102,Line 1,,2023-11-05,2023,SWCO,PROTECTOR-R,ORW077048H,6483,0.5,11,0.5,4301,2182,0.33657257442542,391,358.416666666667,589.363636363636,540.25,Week,44,2023,2023 - Week 44,
1001878105,Line 1,,2023-11-05,2023,SWCO,PROTECTOR-R,ORW077048HK,4472,0.5,5,0.5,3466.5,1005.5,0.224843470483005,693.3,577.75,894.4,745.333333333333,Week,44,2023,2023 - Week 44,
1001878126,Line 1,,2023-11-05,2023,SWCO,PROTECTOR-R,ORW077048HKJ,3928,0.5,3.5,0.75,3083.5,844.5,0.214994908350306,881,649.157894736842,1122.28571428571,826.947368421053,Week,44,2023,2023 - Week 44,
1001902283,Line 1,,2023-11-06,2023,SWCO,PROTECTOR-R,WAW077121H,38165,0.5,29.5,0.25,30360.5,7804.5,0.204493646010743,1029.16949152542,1003.65289256198,1293.72881355932,1261.65289256198,Week,45,2023,2023 - Week 45,
1001878127,Line 1,,2023-11-07,2023,SWCO,PROTECTOR-R,WAW077112H,34851,1.5,21,2.5,26803.5,8047.5,0.230911595076181,1276.35714285714,1072.14,1659.57142857143,1394.04,Week,45,2023,2023 - Week 45,
1001878136,Line 1,,2023-11-08,2023,SWCO,REMEDY,ORT077084H,37681,2,26.75,1.75,31099.5,6581.5,0.174663623576869,1162.59813084112,1019.65573770492,1408.63551401869,1235.44262295082,Week,45,2023,2023 - Week 45,
1001876078,Line 1,,2023-11-09,2023,SWCO,EA SUNGLOW,COC077128,15788,1.5,18,1,10314.5,5473.5,0.346687357486699,573.027777777778,503.146341463415,877.111111111111,770.146341463415,Week,45,2023,2023 - Week 45,
1001876082,Line 1,,2023-11-09,2023,SWCO,GSS1198-R,TVW077023X2,4249,1.5,4,2.25,3490,759,0.178630265944928,872.5,450.322580645161,1062.25,548.258064516129,Week,45,2023,2023 - Week 45,
1001876080,Line 1,,2023-11-10,2023,SWCO,GOLDEN QUEEN,INC077132,28592,1.5,18.75,2,26006.5,2585.5,0.0904273922775602,1387.01333333333,1168.83146067416,1524.90666666667,1285.03370786517,Week,45,2023,2023 - Week 45,
1001878089,Line 1,,2023-11-11,2023,SWCO,KANDY KORN,COC077135,5076.5,0.5,6,0.5,3853.5,1223,0.240914015561903,642.25,550.5,846.083333333333,725.214285714286,Week,45,2023,2023 - Week 45,
1001878087,Line 1,,2023-11-11,2023,SWCO,KANDY KORN,INC077136,14110,1.5,14.5,0.5,11644,2466,0.174769666902906,803.034482758621,705.69696969697,973.103448275862,855.151515151515,Week,45,2023,2023 - Week 45,
1001878088,Line 1,,2023-11-11,2023,SWCO,KANDY KORN,COC077129,9255,1.5,5.5,0.5,7331,1924,0.207887628309022,1332.90909090909,977.466666666667,1682.72727272727,1234,Week,45,2023,2023 - Week 45,
1001878140,Line 1,,2023-11-11,2023,SWCO,SILVER QUEEN,WAC077075,33447,0.5,14.75,0.42,30761.5,2685.5,0.0802912069841839,2085.52542372881,1963.08232291002,2267.59322033898,2134.46075303127,Week,45,2023,2023 - Week 45,
1001878090,Line 1,,2023-11-12,2023,SWCO,KANDY KORN,COC077090,7874.5,2,7.25,2.25,6364,1510.5,0.191821702965268,877.793103448276,553.391304347826,1086.13793103448,684.739130434783,Week,45,2023,2023 - Week 45,
1001886929,Line 1,,2023-11-13,2023,SWCO,GSS5649,WAW077035X1,45586.5,1.5,25.75,1.5,39117.5,6469,0.141906046746296,1519.12621359223,1360.60869565217,1770.34951456311,1585.61739130435,Week,46,2023,2023 - Week 46,
1001878141,Line 1,,2023-11-14,2023,SWCO,SILVER QUEEN,WAC077122,10877,2,8,0.5,9618,1259,0.115748827801784,1202.25,916,1359.625,1035.90476190476,Week,46,2023,2023 - Week 46,
1001878143,Line 1,,2023-11-15,2023,SWCO,SILVER QUEEN,COC077141,9344,1.5,9.5,2,7319.5,2024.5,0.216663099315069,770.473684210526,563.038461538462,983.578947368421,718.769230769231,Week,46,2023,2023 - Week 46,
1001878142,Line 1,,2023-11-15,2023,SWCO,SILVER QUEEN,WAW077071,13082,0.5,7.33,0.5,11902,1180,0.0902002751872802,1623.7380627558,1428.81152460984,1784.72032742156,1570.46818727491,Week,46,2023,2023 - Week 46,
1001904533,Line 1,,2023-11-19,2023,SWCO,GSS3951,WAW077170X1,149574.5,1.5,97.52,0.5,100248,49326.5,0.329778805879344,1027.97374897457,1007.31511254019,1533.78281378179,1502.95920418006,Week,46,2023,2023 - Week 46,
1001910026,Line 1,,2023-11-20,2023,SWBS,R00378 U,TVC23U7534X1,3162,1.5,3.5,1.08,2782.5,379.5,0.120018975332068,795,457.64802631579,903.428571428572,520.065789473684,Week,47,2023,2023 - Week 47,
1001904534,Line 1,,2023-11-20,2023,SWCO,GSS3951,ORW077130X1,26408,0.75,17.5,2.25,19460.5,6947.5,0.263083156619206,1112.02857142857,949.292682926829,1509.02857142857,1288.19512195122,Week,47,2023,2023 - Week 47,
1001899736,Line 1,,2023-11-21,2023,SWCO,TYSON,INW077142X1,9157,2,11.17,0.5,4977,4180,0.456481380364748,445.5684870188,364.081931236284,819.785138764548,669.861009509876,Week,47,2023,2023 - Week 47,
1001901289,Line 1,,2023-11-21,2023,SWCO,TYSON,WAW077074X1,18216,0.5,14,0.25,14437.5,3778.5,0.207427536231884,1031.25,978.813559322034,1301.14285714286,1234.98305084746,Week,47,2023,2023 - Week 47,
1001901290,Line 1,,2023-11-22,2023,SWCO,TYSON,WAW077123X1,8959.5,0.5,7.25,2,6322,2637.5,0.294380266755957,872,648.410256410257,1235.79310344828,918.923076923077,Week,47,2023,2023 - Week 47,
1001906164,Line 1,,2023-11-22,2023,SWCO,007R,WAW077000X2,8250,0.5,6.5,2,7005.5,1244.5,0.150848484848485,1077.76923076923,778.388888888889,1269.23076923077,916.666666666667,Week,47,2023,2023 - Week 47,
1001876069,Line 1,,2023-11-28,2023,SWCO,ACCENTUATE,WAW077088X2,36995.5,1.5,26,2.5,30116.5,6879,0.185941533429741,1158.32692307692,1003.88333333333,1422.90384615385,1233.18333333333,Week,48,2023,2023 - Week 48,
1001906165,Line 1,,2023-11-30,2023,SWCO,3511R,WAW077003X2,64253.5,1.5,37.25,3,55693,8560.5,0.133230096414981,1495.11409395973,1333.96407185629,1724.92617449664,1539.00598802395,Week,48,2023,2023 - Week 48,
1001913445,Line 1,,2023-12-01,2023,SWCO,KRISPY KING,TVW077040X1,22951,1,15,2,20607.5,2343.5,0.102108840573395,1373.83333333333,1144.86111111111,1530.06666666667,1275.05555555556,Week,48,2023,2023 - Week 48,
1001894740,Line 1,,2023-12-02,2023,SWCO,PATRIARCH,ORW077046H,8263,1.5,9.25,3.5,7010.5,1252.5,0.151579329541329,757.891891891892,491.964912280702,893.297297297297,579.859649122807,Week,48,2023,2023 - Week 48,
1001876085,Line 1,,2023-12-02,2023,SWCO,GSS36599,TVW077029X2,18349,2,11.75,3.25,16205,2144,0.116845604665104,1379.14893617021,953.235294117647,1561.6170212766,1079.35294117647,Week,48,2023,2023 - Week 48,
1001903539,Line 1,,2023-12-03,2023,SWCO,WSS7070,WAW077055,11141,2,7.5,2.75,9876,1265,0.113544565119828,1316.8,806.204081632653,1485.46666666667,909.469387755102,Week,48,2023,2023 - Week 48,
1001913485,Line 1,,2023-12-03,2023,SWCO,WSS7620,WAW077056,26971.5,1.5,16.25,2.75,24331,2640.5,0.097899634799696,1497.29230769231,1186.87804878049,1659.78461538462,1315.68292682927,Week,48,2023,2023 - Week 48,
1001878098,Line 1,,2023-12-04,2023,SWCO,P&C MID,WAC077108,23048,0.5,11.42,0.5,20832,2216,0.0961471711211385,1824.16812609457,1677.29468599034,2018.21366024518,1855.71658615137,Week,49,2023,2023 - Week 49,
1001903537,Line 1,,2023-12-07,2023,SWCO,GSS4628,TVW077033,3937,0.5,4,0.25,3260,677,0.171958343916688,815,686.315789473684,984.25,828.842105263158,Week,49,2023,2023 - Week 49,
1001899315,Line 1,,2023-12-07,2023,SWCO,GH6055,TVC077015X1,5688,0.5,4,0.5,4999.5,688.5,0.121044303797468,1249.875,999.9,1422,1137.6,Week,49,2023,2023 - Week 49,
1001894736,Line 1,,2023-12-07,2023,SWCO,GH6055,TVC077181X1,2875,0.5,1.5,3,2276,599,0.208347826086957,1517.33333333333,455.2,1916.66666666667,575,Week,49,2023,2023 - Week 49,
1001878099,Line 1,,2023-12-07,2023,SWCO,P&C MID,WAC077072,161795,1.5,57.5,2,149369.5,12425.5,0.0767977996847863,2597.73043478261,2448.68032786885,2813.82608695652,2652.37704918033,Week,49,2023,2023 - Week 49,
1001904410,Line 1,,2023-12-08,2023,SWCO,GSS4628,WAW077102X2,3301,0.5,3.25,3,2357.5,943.5,0.285822478036959,725.384615384615,349.259259259259,1015.69230769231,489.037037037037,Week,49,2023,2023 - Week 49,
1001876068,Line 1,,2023-12-08,2023,SWCO,8909MRW,TVW077005X2,20397,0.5,13,2.5,17440,2957,0.144972299848017,1341.53846153846,1090,1569,1274.8125,Week,49,2023,2023 - Week 49,
1001877944,Line 1,,2023-12-09,2023,SWCO,IMPERIAL SNOW,WAW077039X2,16623,0.5,11,1.5,14637.5,1985.5,0.119442940504121,1330.68181818182,1125.96153846154,1511.18181818182,1278.69230769231,Week,49,2023,2023 - Week 49,
1001878138,Line 1,,2023-12-10,2023,SWCO,SERENDIPITY,WAT077114,36464,0.5,25,1,29586,6878,0.188624396665204,1183.44,1116.45283018868,1458.56,1376,Week,49,2023,2023 - Week 49,
1001878144,Line 1,,2023-12-10,2023,SWCO,SWEET G 90,ORC077076,19190,2,10.5,2.25,16824.5,2365.5,0.123267326732673,1602.33333333333,1140.64406779661,1827.61904761905,1301.01694915254,Week,49,2023,2023 - Week 49,
1001893869,Line 1,,2023-12-12,2023,SWCO,GH6462S,WAC077058W,32310,1.5,16,1.5,24169.5,8140.5,0.251949860724234,1510.59375,1272.07894736842,2019.375,1700.52631578947,Week,50,2023,2023 - Week 50,
1001878128,Line 1,,2023-12-12,2023,SWCO,PROVIDENCE,TVT077082,34938,2,18.5,2.75,29065,5873,0.168097773198237,1571.08108108108,1250.10752688172,1888.54054054054,1502.70967741936,Week,50,2023,2023 - Week 50,
1001865200,Line 1,,2023-12-13,2023,SWCO,2182MR,TVW077002X2,7385,2,6.5,3,6360.5,1024.5,0.138727149627624,978.538461538462,553.086956521739,1136.15384615385,642.173913043478,Week,50,2023,2023 - Week 50,
1001876077,Line 1,,2023-12-13,2023,SWCO,DESERT SNOW,TVW077020X2,15498,1.5,9.5,1.5,13680,1818,0.117305458768873,1440,1094.4,1631.36842105263,1239.84,Week,50,2023,2023 - Week 50,
1001878092,Line 1,,2023-12-14,2023,SWCO,MILKY WAY,ORT077080H,19437,1.5,12.25,1.75,15966,3471,0.178576940885939,1303.34693877551,1030.06451612903,1586.69387755102,1254,Week,50,2023,2023 - Week 50,
1001892500,Line 1,,2023-12-14,2023,SWCO,BSS8040,WAW077016,25907.5,0.75,12,2,23572,2335.5,0.090147640644601,1964.33333333333,1598.10169491525,2158.95833333333,1756.4406779661,Week,50,2023,2023 - Week 50,
1001878094,Line 1,,2023-12-15,2023,SWCO,PATRIARCH,ORW077107H,12893,0.5,9.5,3.5,10008.5,2884.5,0.223726052896921,1053.52631578947,741.37037037037,1357.15789473684,955.037037037037,Week,50,2023,2023 - Week 50,
1001876071,Line 1,,2023-12-15,2023,SWCO,BC 0805,ORT077078H,10372,2,6,3,9253.5,1118.5,0.107838411106826,1542.25,841.227272727273,1728.66666666667,942.909090909091,Week,50,2023,2023 - Week 50,
1001865199,Line 1,,2023-12-16,2023,SWCO,1760MR,WAW077001X2,12806,1.5,38,2.5,10435,2371,0.185147587068562,274.605263157895,248.452380952381,337,304.904761904762,Week,50,2023,2023 - Week 50,
1001878086,Line 1,,2023-12-16,2023,SWCO,JUBILEE-C,WAC077069,6873,1.5,6,2.5,5756,1117,0.162520005819875,959.333333333333,575.6,1145.5,687.3,Week,50,2023,2023 - Week 50,
1001878101,Line 1,,2023-12-17,2023,SWCO,PRIMUS,WAT077081,9905.5,2,5.5,2,8302,1603.5,0.161879763767604,1509.45454545455,873.894736842105,1801,1042.68421052632,Week,50,2023,2023 - Week 50,
1001878135,Line 1,,2023-12-17,2023,SWCO,REVISION,ORT077113H,3981,0.5,2,0.25,3506.5,474.5,0.119191158000502,1753.25,1275.09090909091,1990.5,1447.63636363636,Week,50,2023,2023 - Week 50,
1001878133,Line 1,,2023-12-17,2023,SWCO,REVISION,ORT077113HK,16669.5,0.5,7.5,0.25,14995,1674.5,0.100452923003089,1999.33333333333,1817.57575757576,2222.6,2020.54545454545,Week,50,2023,2023 - Week 50,
1001909921,Line 1,,2023-12-18,2023,SWBS,R441,TVC23T7573,4329,2,4,2,3836.5,492.5,0.113767613767614,959.125,479.5625,1082.25,541.125,Week,51,2023,2023 - Week 51,
1001899345,Line 1,,2023-12-18,2023,SWCO,REVISION,ORT077085HKW1,5081,0.5,4,0.5,4330.5,750.5,0.14770714426294,1082.625,866.1,1270.25,1016.2,Week,51,2023,2023 - Week 51,
1001899344,Line 1,,2023-12-18,2023,SWCO,REVISION,ORT077085HK1W,14050,0.5,5,0.5,12129,1921,0.136725978647687,2425.8,2021.5,2810,2341.66666666667,Week,51,2023,2023 - Week 51,
1001899343,Line 1,,2023-12-18,2023,SWCO,REVISION,ORT077113HK1,47521,1.5,6,0.42,41992.5,5528.5,0.11633804002441,6998.75,5302.08333333333,7920.16666666667,6000.12626262626,Week,51,2023,2023 - Week 51,
1001903533,Line 1,,2023-12-19,2023,SWBS,R660K U,TVW23U7590X1,6440,1.5,6,2.5,5409,1031,0.160093167701863,901.5,540.9,1073.33333333333,644,Week,51,2023,2023 - Week 51,
1001876084,Line 1,,2023-12-19,2023,SWCO,GSS31004,TVW077028X2,4401,2,3,2,3828,573,0.130197682344922,1276,546.857142857143,1467,628.714285714286,Week,51,2023,2023 - Week 51,
1001925099,Line 1,,2023-12-20,2023,SWCO,GSS3951,WAW077030X1,31374.5,0.5,13.5,0.5,26430.5,4944,0.157580200481283,1957.81481481481,1822.79310344828,2324.03703703704,2163.75862068966,Week,51,2023,2023 - Week 51,
1001925100,Line 1,,2023-12-21,2023,SWCO,GSS3951,WAW077101X1,16890.5,0.5,12.5,0.5,14274,2616.5,0.154909564548119,1141.92,1057.33333333333,1351.24,1251.14814814815,Week,51,2023,2023 - Week 51,
1001925101,Line 1,,2023-12-22,2023,SWCO,GSS3951,INW077133,11094,1.5,14.5,2.5,9050.5,2043.5,0.184198665945556,624.172413793104,489.216216216216,765.103448275862,599.675675675676,Week,51,2023,2023 - Week 51,
1001889440,Line 1,,2023-12-23,2023,SWCO,PROTEGE-S,WAW077049,7965,1,7,2.5,7242.5,722.5,0.0907093534212178,1034.64285714286,689.761904761905,1137.85714285714,758.571428571429,Week,51,2023,2023 - Week 51,
1001899737,Line 1,,2024-01-09,2023,SWBS,R660D,TVW23U7585X1,24215.5,2,21,0.5,11019.5,13196,0.544940224236543,524.738095238095,468.914893617021,1153.11904761905,1030.44680851064,Week,2,2024,2024 - Week 2,
1001918706,Line 1,,2024-01-11,2023,SWBS,R00664H,ORW23T7546H,5048,0.5,8.75,2.25,3777,1271,0.251782884310618,431.657142857143,328.434782608696,576.914285714286,438.95652173913,Week,2,2024,2024 - Week 2,
1001896688,Line 1,,2024-01-11,2023,SWBS,W0234,TVC23S7595,3190.5,2,6,2.5,2744.5,446,0.139790001567152,457.416666666667,261.380952380952,531.75,303.857142857143,Week,2,2024,2024 - Week 2,
1001909983,Line 1,,2024-01-11,2023,SWBS,R660D,TVW23U7586X1,22263,2,19.5,2.5,12791,9472,0.425459282217132,655.948717948718,532.958333333333,1141.69230769231,927.625,Week,2,2024,2024 - Week 2,
1001918710,Line 1,,2024-01-12,2023,SWBS,R565A,WAW23T7579X1,5687,0.25,8.5,3,4066,1621,0.285036047125022,478.352941176471,346.042553191489,669.058823529412,484,Week,2,2024,2024 - Week 2,
2400006502,Gravity,Rey Hernandez,2024-01-13,2024,SWCO,PATRON,WAW088557H,329,0.25,5,0.33,294.5,34.5,0.104863221884498,58.9,52.7777777777778,65.8,58.9605734767025,Week,2,2024,2024 - Week 2,LF
1001903534,Line 1,,2024-01-13,2023,SWBS,R660K,TVW23T7589X1,6730,2,7.5,3,5931,799,0.118722139673106,790.8,474.48,897.333333333333,538.4,Week,2,2024,2024 - Week 2,
1001907213,Line 1,,2024-01-16,2023,SWBS,R373A,WAW23T7565X1,4215,1.5,7.5,2.5,3651,564,0.133807829181495,486.8,317.478260869565,562,366.521739130435,Week,3,2024,2024 - Week 3,
1001907211,Line 1,,2024-01-17,2023,SWBS,G1232,TVW23T7526,2379,2,14.5,2.5,894,1485,0.62421185372005,61.6551724137931,47.0526315789474,164.068965517241,125.210526315789,Week,3,2024,2024 - Week 3,
1001903535,Line 1,,2024-01-22,2023,SWBS,R00660DM,TVW23U7544X1,5578,1.5,9,1,3623,1955,0.35048404446038,402.555555555556,315.04347826087,619.777777777778,485.04347826087,Week,4,2024,2024 - Week 4,
1001899340,Line 1,,2024-01-22,2023,SWBS,R00660DM,TVW23U7544X1K,6572,0.5,11.5,0.5,5133.5,1438.5,0.21888314059647,446.391304347826,410.68,571.478260869565,525.76,Week,4,2024,2024 - Week 4,
1001907215,Line 1,,2024-01-23,2023,SWBS,AC230W,TVW23T7511,8434,1.5,13.5,2,4472,3962,0.469765235949727,331.259259259259,263.058823529412,624.740740740741,496.117647058824,Week,4,2024,2024 - Week 4,
1001903536,Line 1,,2024-01-23,2023,SWBS,W0180,WAC23T7593,3444,2,4,3,1773.5,1670.5,0.485046457607433,443.375,197.055555555556,861,382.666666666667,Week,4,2024,2024 - Week 4,
1001906984,Line 1,,2024-01-24,2023,SWBS,G0232,TVC23T7525,7819,2,6.5,3.5,5513,2306,0.294922624376519,848.153846153846,459.416666666667,1202.92307692308,651.583333333333,Week,4,2024,2024 - Week 4,
2400005885,Colorsorter,James Rowland,2024-03-15,2023,SWBS,R10233,TVW23S7552X1,102,0.61,1.5,0.5,93,9,0.0882352941176471,62,35.632183908046,68,39.0804597701149,Week,11,2024,2024 - Week 11,
2400005862,Gravity,Juan Garcia,2024-03-15,2023,SWBS,R320D,TVW23U7563,298.5,0.53,2.5,0.5,265.5,33,0.110552763819095,106.2,75.2124645892351,119.4,84.5609065155807,Week,11,2024,2024 - Week 11,
2400005900,Gravity,Juan Garcia,2024-03-15,2023,SWBS,R373A,WAW23T7565X1,2272.5,0.53,2.5,0.5,2183.5,89,0.0391639163916392,873.4,618.555240793201,909,643.767705382436,Week,11,2024,2024 - Week 11,
2400005886,Colorsorter,James Rowland,2024-03-18,2023,SWBS,R11649,TVW23S7554x1,93,0.37,4,0.5,84,9,0.0967741935483871,21,17.2484599589322,23.25,19.0965092402464,Week,12,2024,2024 - Week 12,
2400005859,Gravity,Janette Betancourt,2024-03-18,2023,SWBS,R594,TVW23S7582X1,329,0.53,1.75,0.5,269.5,59.5,0.180851063829787,154,96.9424460431655,188,118.345323741007,Week,12,2024,2024 - Week 12,
2400005860,Gravity,Janette Betancourt,2024-03-18,2023,SWBS,R594,TVW23S7582X1,366,0.53,2,0.5,320.5,45.5,0.12431693989071,160.25,105.775577557756,183,120.792079207921,Week,12,2024,2024 - Week 12,
2400005657,Gravity,Janette Betancourt,2024-03-18,2023,SWBS,W0195,TVC23T7594,411,0.53,1.75,0.5,367,44,0.10705596107056,209.714285714286,132.014388489209,234.857142857143,147.841726618705,Week,12,2024,2024 - Week 12,
2400005883,Colorsorter,Janette Betancourt,2024-03-19,2023,SWBS,R22153,TVW23S7561X1,132,0.53,5.5,0.5,116.5,15.5,0.117424242424242,21.1818181818182,17.8407350689127,24,20.2143950995406,Week,12,2024,2024 - Week 12,
300091876,Gravity,Janette Betancourt,2024-03-19,2023,SWBS,W0234,TVC23S7595,580.5,0.45,1,0.33,491,89.5,0.154177433247201,491,275.842696629214,580.5,326.123595505618,Week,12,2024,2024 - Week 12,
1001975824,Colorsorter,Mario Martinez,2024-03-20,2023,SWBS,R5001H,ORW23S7575H,20.54,0.53,2.5,0.33,11.69,8.85,0.430866601752678,4.676,3.47916666666667,8.216,6.11309523809524,Week,12,2024,2024 - Week 12,
2400005843,Colorsorter,James Rowland,2024-03-20,2023,SWBS,R320D,Tvw23s7564,78,0.53,4,0.05,62.5,15.5,0.198717948717949,15.625,13.646288209607,19.5,17.0305676855895,Week,12,2024,2024 - Week 12,
300091860,Gravity,Juan Garcia,2024-03-20,2023,SWCO,GSS31004,TVW077028X2,1451,0.25,3,0.25,1384,67,0.0461750516884907,461.333333333333,395.428571428571,483.666666666667,414.571428571429,Week,12,2024,2024 - Week 12,
2400005858,Gravity,Mario Martinez,2024-03-21,2023,SWBS,R660F,TVW23U7588X1,47,0.37,2,0.08,37,10,0.212765957446809,18.5,15.1020408163265,23.5,19.1836734693878,Week,12,2024,2024 - Week 12,
2400005853,Colorsorter,James Rowland,2024-03-21,2023,SWBS,R594A,TVW23S7583X1,136,0.5,3,0.5,124.5,11.5,0.0845588235294118,41.5,31.125,45.3333333333333,34,Week,12,2024,2024 - Week 12,
2400005861,Colorsorter,James Rowland,2024-03-21,2023,SWBS,R320D,TVW23U7563,195.5,1,4,0.5,182,13.5,0.0690537084398977,45.5,33.0909090909091,48.875,35.5454545454545,Week,12,2024,2024 - Week 12,
2400005854,Colorsorter,James Rowland,2024-03-22,2023,SWBS,R594A,TVW23S7583X1,135,0.08,2,0.5,125,10,0.0740740740740741,62.5,48.4496124031008,67.5,52.3255813953488,Week,12,2024,2024 - Week 12,
300091909,Gravity,Juan Garcia,2024-03-22,2023,SWCO,GSS5649,WAW077035X1,8836,0.5,10,0.5,8395,441,0.0499094612947035,839.5,763.181818181818,883.6,803.272727272727,Week,12,2024,2024 - Week 12,
2400005809,Colorsorter,James Rowland,2024-03-25,2023,SWBS,R660K,TVW23S7591X1,149.5,0.17,4,0.5,138,11.5,0.0769230769230769,34.5,29.5503211991435,37.375,32.0128479657388,Week,13,2024,2024 - Week 13,
2400005810,Colorsorter,James Rowland,2024-03-25,2023,SWBS,R660K,TVW23S7591X1,1042.5,0.85,5,0.5,1021.5,21,0.0201438848920863,204.3,160.866141732283,208.5,164.173228346457,Week,13,2024,2024 - Week 13,
2400005964,Colorsorter,James Rowland,2024-03-26,2023,SWBS,R660D,TVW23S7587X1,306,0.7,4,0.5,292,14,0.0457516339869281,73,56.1538461538462,76.5,58.8461538461539,Week,13,2024,2024 - Week 13,
2400005940,Gravity,Juan Garcia,2024-03-26,2023,SWCO,GSS36599,TVW077029X2,10730,0.83,12,0.33,10456,274,0.0255358807082945,871.333333333333,794.528875379939,894.166666666667,815.349544072948,Week,13,2024,2024 - Week 13,
2400005918,Colorsorter,James Rowland,2024-03-27,2023,SWBS,W0234,TVC23S7595,491,0.17,4,0.5,475.5,15.5,0.0315682281059063,118.875,101.820128479657,122.75,105.139186295503,Week,13,2024,2024 - Week 13,
2400006091,Gravity,Juan Garcia,2024-03-27,2023,SWCO,G0012,TVC23T7521,225.5,0.08,1,0.42,174.5,51,0.226164079822616,174.5,116.333333333333,225.5,150.333333333333,Week,13,2024,2024 - Week 13,
2400006101,Gravity,Juan Garcia,2024-03-27,2023,SWCO,MATRIARCH,WAW077041H,2377,0.25,4,0.5,2103.5,273.5,0.115061001262095,525.875,442.842105263158,594.25,500.421052631579,Week,13,2024,2024 - Week 13,
2400005804,Gravity,Juan Garcia,2024-04-01,2023,SWCO,REVISION,ORT077113H,801,0.25,4,0.5,548,253,0.31585518102372,137,115.368421052632,200.25,168.631578947368,Week,14,2024,2024 - Week 14,
300092408,Gravity,Juan Garcia,2024-04-01,2023,SWCO,BSS1075-R,WAW077007X2,5693,0.25,12,0.5,5397.5,295.5,0.0519058492886,449.791666666667,423.333333333333,474.416666666667,446.509803921569,Week,14,2024,2024 - Week 14,
2400005931,Colorsorter,Mario Martinez,2024-04-02,2023,SWBS,AC206Y,TVW23S7548,24.58,0.5,1.5,0.17,19.9,4.68,0.19039869812856,13.2666666666667,9.1705069124424,16.3866666666667,11.3271889400922,Week,14,2024,2024 - Week 14,
2400006092,Colorsorter,Mario Martinez,2024-04-02,2023,SWBS,R320D,TVW23S7564,62.5,0.25,2.5,0.17,60,2.5,0.04,24,20.5479452054795,25,21.4041095890411,Week,14,2024,2024 - Week 14,
2400005930,Colorsorter,Mario Martinez,2024-04-02,2023,SWBS,R00660DM,TVW23S7545X1,60.5,0.5,2,0.17,49.5,11,0.181818181818182,24.75,18.5393258426966,30.25,22.6591760299625,Week,14,2024,2024 - Week 14,
2400005929,Colorsorter,Mario Martinez,2024-04-02,2023,SWBS,R11649,TVW23S7554X1,84,0.5,2,0.17,75,9,0.107142857142857,37.5,28.0898876404494,42,31.4606741573034,Week,14,2024,2024 - Week 14,
2400005917,Colorsorter,James Rowland,2024-04-02,2023,SWBS,R594,TVW23S7582X1,320,0.17,6,0.5,304,16,0.05,50.6666666666667,45.5772113943029,53.3333333333333,47.976011994003,Week,14,2024,2024 - Week 14,
2400006094,Colorsorter,Mario Martinez,2024-04-03,2023,SWBS,R00153,TVW23T7532X1,73.5,0.25,3.5,0.17,67,6.5,0.0884353741496599,19.1428571428571,17.0918367346939,21,18.75,Week,14,2024,2024 - Week 14,
2400006099,Colorsorter,Mario Martinez,2024-04-03,2023,SWBS,R5001H,ORW23S7575H,11.69,0.25,0.5,0.17,9.75,1.94,0.16595380667237,19.5,10.5978260869565,23.38,12.7065217391304,Week,14,2024,2024 - Week 14,
2400006090,Colorsorter,James Rowland,2024-04-03,2023,SWBS,R584A,TVW23T7580X1,144,0.25,4,0.5,132,12,0.0833333333333333,33,27.7894736842105,36,30.3157894736842,Week,14,2024,2024 - Week 14,
2400005805,Gravity,Juan Garcia,2024-04-03,2023,SWCO,REVISION,ORT077113HK1,9499,0.25,12,0.5,9220,279,0.0293715127908201,768.333333333333,723.137254901961,791.583333333333,745.019607843137,Week,14,2024,2024 - Week 14,
2400006038,Colorsorter,Mario Martinez,2024-04-04,2023,SWCO,GH6055,TVC077181X1,108,0.33,2,0.17,97,11,0.101851851851852,48.5,38.8,54,43.2,Week,14,2024,2024 - Week 14,
2400006036,Colorsorter,Mario Martinez,2024-04-04,2023,SWCO,GSS8937,ORW077104X1,106,0.25,1,0.17,97.5,8.5,0.080188679245283,97.5,68.6619718309859,106,74.6478873239437,Week,14,2024,2024 - Week 14,
300092655,Gravity,Juan Garcia,2024-04-04,2023,SWCO,TYSON,INW077142X1,202,0.08,1.5,0.5,178,24,0.118811881188119,118.666666666667,85.5769230769231,134.666666666667,97.1153846153846,Week,14,2024,2024 - Week 14,
2400006098,Gravity,Juan Garcia,2024-04-04,2023,SWBS,R160DS,TVW23T7555,224.5,0.08,1,0.5,192.5,32,0.142538975501114,192.5,121.835443037975,224.5,142.088607594937,Week,14,2024,2024 - Week 14,
300092656,Gravity,Rey Hernandez,2024-04-04,2023,SWCO,TYSON,WAW077123X1,943,0.17,1.5,0.08,809,134,0.142099681866384,539.333333333333,462.285714285714,628.666666666667,538.857142857143,Week,14,2024,2024 - Week 14,
2400006093,Colorsorter,Mario Martinez,2024-04-08,2023,SWBS,R00303,TVW23T7533X1,188.5,0.5,3,0.17,177.5,11,0.0583554376657825,59.1666666666667,48.3651226158038,62.8333333333333,51.3623978201635,Week,15,2024,2024 - Week 15,
300092657,Gravity,Juan Garcia,2024-04-08,2023,SWCO,TYSON,INW077142X1,2426.5,0.17,7,0.25,2366.5,60,0.0247269730063878,338.071428571429,318.935309973046,346.642857142857,327.021563342318,Week,15,2024,2024 - Week 15,
2400006102,Gravity,Juan Garcia,2024-04-08,2023,SWCO,TYSON,ORW077116X1,757.5,0.08,2,0.17,690.5,67,0.0884488448844885,345.25,306.888888888889,378.75,336.666666666667,Week,15,2024,2024 - Week 15,
2400006103,Gravity,Juan Garcia,2024-04-09,2023,SWCO,TYSON,ORW077116X1,227.5,0.08,1,0.08,193,34.5,0.151648351648352,193,166.379310344828,227.5,196.120689655172,Week,15,2024,2024 - Week 15,
2400006104,Gravity,Juan Garcia,2024-04-09,2023,SWCO,TYSON,INW077142X1,1004.5,0.17,2,0.25,918.5,86,0.0856147336983574,459.25,379.545454545455,502.25,415.082644628099,Week,15,2024,2024 - Week 15,
300092885,Gravity,Juan Garcia,2024-04-10,2023,SWBS,R00660DM-SMS,TVW23S7545X1,49.5,0.25,3,0.17,38,11.5,0.232323232323232,12.6666666666667,11.1111111111111,16.5,14.4736842105263,Week,15,2024,2024 - Week 15,
300092833,Gravity,Juan Garcia,2024-04-10,2023,SWCO,TYSON,WAW077074X1,1800.5,0.17,5,0.5,1567,233.5,0.129686198278256,313.4,276.36684303351,360.1,317.548500881834,Week,15,2024,2024 - Week 15,
2400005977,Gravity,Rey Hernandez,2024-04-12,2023,SWCO,GH4927,WAC077060,3203.5,0.25,8,0.5,3147.5,56,0.0174808802871859,393.4375,359.714285714286,400.4375,366.114285714286,Week,15,2024,2024 - Week 15,
300092653,Gravity,Juan Garcia,2024-04-15,2023,SWCO,GSS3951,WAW077030X1,4897,0.33,9,0.5,4805.5,91.5,0.0186849091280376,533.944444444444,488.860630722279,544.111111111111,498.168870803662,Week,16,2024,2024 - Week 16,
2400006068,Colorsorter,Mario Martinez,2024-04-16,2023CL,SWBS,AC206Y,SYNG22522X1,69.5,0.08,1,0.17,62.5,7,0.100719424460432,62.5,50,69.5,55.6,Week,16,2024,2024 - Week 16,
300092654,Gravity,Juan Garcia,2024-04-16,2023,SWCO,GSS3951,WAW077101X1,2742,0.25,7,0.17,2635.5,106.5,0.0388402625820569,376.5,355.188679245283,391.714285714286,369.541778975741,Week,16,2024,2024 - Week 16,
300092660,Gravity,Juan Garcia,2024-04-18,2023,SWCO,GSS3951,WAW077030X1,6307.5,0.92,12,0.25,6164,143.5,0.0227506936187079,513.666666666667,468.033409263478,525.625,478.929384965831,Week,16,2024,2024 - Week 16,
2400006095,Colorsorter,Mario Martinez,2024-04-19,2023,SWBS,AC283Y,TVW23S7519,32.5,0.25,3,0.17,28,4.5,0.138461538461538,9.33333333333333,8.18713450292398,10.8333333333333,9.50292397660819,Week,16,2024,2024 - Week 16,
2400006105,Colorsorter,Mario Martinez,2024-04-19,2023,SWBS,R660F,TVW23U7588X1,37,0.25,2,0.17,31,6,0.162162162162162,15.5,12.8099173553719,18.5,15.2892561983471,Week,16,2024,2024 - Week 16,
300092703,Gravity,Rey Hernandez,2024-04-23,2023,SWCO,GSS3951,WAW077030X1,7989.5,0.83,18,0.5,7697,292.5,0.0366105513486451,427.611111111111,398.189342990171,443.861111111111,413.321262286601,Week,17,2024,2024 - Week 17,
300092559,Colorsorter,Rey Hernandez,2024-04-24,2023,SWBS,R10233,TVW23S7552X1,93,0.25,2,0.17,84.5,8.5,0.0913978494623656,42.25,34.9173553719008,46.5,38.4297520661157,Week,17,2024,2024 - Week 17,
300092661,Gravity,Rey Hernandez,2024-04-24,2023,SWCO,GH6055,WAC077061X1,1446,0.83,3,0.33,1198.5,247.5,0.171161825726141,399.5,288.100961538462,482,347.596153846154,Week,17,2024,2024 - Week 17,
300092702,Gravity,Juan Garcia,2024-04-25,2023,SWCO,GH6055,TVC077015X1,2369,0.17,6,0.17,2032.5,336.5,0.142043056141832,338.75,320.583596214511,394.833333333333,373.659305993691,Week,17,2024,2024 - Week 17,
2400006039,Gravity,Juan Garcia,2024-04-25,2023,SWCO,GH6055,TVC077181X1,1027,0.08,1.5,0.42,834.5,192.5,0.187439143135346,556.333333333333,417.25,684.666666666667,513.5,Week,17,2024,2024 - Week 17,
2400006037,Gravity,Juan Garcia,2024-04-25,2023,SWCO,GH6055,TVC077181X1,745,0.08,1,0.25,626,119,0.159731543624161,626,470.676691729323,745,560.15037593985,Week,17,2024,2024 - Week 17,
2400006089,Colorsorter,Mario Martinez,2024-04-26,2023,SWBS,R441,TVC23T7573,478,0.42,5.5,0.25,451.5,26.5,0.0554393305439331,82.0909090909091,73.1766612641815,86.9090909090909,77.4716369529984,Week,17,2024,2024 - Week 17,
300092658,Gravity,Juan Garcia,2024-04-26,2023,SWCO,GSS8937,TVW077038X1,815,0.08,1.5,0.5,709,106,0.130061349693252,472.666666666667,340.865384615385,543.333333333333,391.826923076923,Week,17,2024,2024 - Week 17,
300092558,Colorsorter,Mario Martinez,2024-04-29,2023,SWBS,R00153,TVW23T7532X1,39,0.25,2,0.25,33,6,0.153846153846154,16.5,13.2,19.5,15.6,Week,18,2024,2024 - Week 18,
300092886,Gravity,Juan Garcia,2024-04-29,2023,SWBS,R660D,TVW23S7587X1,292,0.08,1,0.5,263,29,0.0993150684931507,263,166.455696202532,292,184.810126582279,Week,18,2024,2024 - Week 18,
2400006096,Gravity,Juan Garcia,2024-04-29,2023,SWBS,R373A,WAW23T7565X1,2182,0.08,5,0.5,1931.5,250.5,0.114802933088909,386.3,346.146953405018,436.4,391.039426523298,Week,18,2024,2024 - Week 18,
300092634,Colorsorter,Mario Martinez,2024-04-30,2023,SWCO,GSS8937,ORW077104X1,97.5,0.25,2,0.25,87.5,10,0.102564102564103,43.75,35,48.75,39,Week,18,2024,2024 - Week 18,
2400006097,Gravity,Juan Garcia,2024-04-30,2023,SWBS,R00660DM,TVW23U7544X1,724.5,0.08,1,0.5,675.5,49,0.0676328502415459,675.5,427.53164556962,724.5,458.544303797468,Week,18,2024,2024 - Week 18,
2400006111,Gravity,Juan Garcia,2024-05-02,2023,SWCO,P&C EARLY,coc077138,2539.5,0.08,10,0.5,1854.5,685,0.269738137428628,185.45,175.283553875236,253.95,240.028355387524,Week,18,2024,2024 - Week 18,
2400005807,Gravity,Juan Garcia,2024-05-03,2023,SWCO,REVISION,ORT077085HK1W,1023,0.08,1.5,0.25,727,296,0.289345063538612,484.666666666667,397.267759562842,682,559.016393442623,Week,18,2024,2024 - Week 18,
2400005806,Gravity,Juan Garcia,2024-05-03,2023,SWCO,REVISION,ORT077085HK1W,2900.5,0.08,4,0.5,2246.5,654,0.225478365799,561.625,490.502183406114,725.125,633.296943231441,Week,18,2024,2024 - Week 18,
2400005710,Gravity,Juan Garcia,2024-05-06,2023,SWCO,REVISION,ORT077113HK,4447,0.25,5,0.5,4258,189,0.0425005621767484,851.6,740.521739130435,889.4,773.391304347826,Week,19,2024,2024 - Week 19,
2400005709,Gravity,Juan Garcia,2024-05-06,2023,SWCO,REVISION,ORT077113HK,5350.5,0.25,6,0.42,5143.5,207,0.0386879730866274,857.25,771.139430284858,891.75,802.173913043478,Week,19,2024,2024 - Week 19,
2400006171,Gravity,Juan Garcia,2024-05-10,2023,SWCO,WH1428PR,WAC077077,487,0.08,1,0.5,426.5,60.5,0.124229979466119,426.5,269.93670886076,487,308.227848101266,Week,19,2024,2024 - Week 19,
300093203,Gravity,Juan Garcia,2024-05-13,2023,SWCO,GSS4479,WAW077032X2,441,0.08,1,0.5,392,49,0.111111111111111,392,248.101265822785,441,279.113924050633,Week,20,2024,2024 - Week 20,
2400006142,Gravity,Juan Garcia,2024-05-14,2023,SWCO,GRAVE MAN,WAW066224X2,1266,0.17,4,0.5,1016.5,249.5,0.197077409162717,254.125,217.665952890792,316.5,271.092077087794,Week,20,2024,2024 - Week 20,
2400006137,Gravity,Juan Garcia,2024-05-14,2023,SWCO,P&C MID,WAC077108,2346.5,0.5,3,0.5,2173,173.5,0.0739399105050075,724.333333333333,543.25,782.166666666667,586.625,Week,20,2024,2024 - Week 20,
2400006148,Gravity,Juan Garcia,2024-05-28,2023,SWBS,R00660DM,TVW23U7544X1,675.5,0.17,1,0.5,628,47.5,0.0703182827535159,628,376.047904191617,675.5,404.491017964072,Week,22,2024,2024 - Week 22,
2400006145,Gravity,Juan Garcia,2024-05-28,2023,SWBS,R373A,WAW23T7565X1,1931.5,0.17,2,0.5,1702.5,229,0.118560704115972,851.25,637.640449438202,965.75,723.408239700375,Week,22,2024,2024 - Week 22,
2400006149,Gravity,Juan Garcia,2024-06-11,2023,SWCO,P&C MID,WAC077108,2171,0.17,2.5,0.5,1944,227,0.104560110548135,777.6,613.249211356467,868.4,684.858044164038,Week,24,2024,2024 - Week 24,
300093365,Gravity,Mario Martinez,2024-06-17,2023,SWCO,TYSON,WAW077074X1,1561.5,0.42,2.5,0.5,1427.5,134,0.0858149215497919,571,417.397660818713,624.6,456.578947368421,Week,25,2024,2024 - Week 25,
300093426,Gravity,Mario Martinez,2024-06-18,2023,SWBS,R00660DM,TVW23U7544X1,628,0.17,1,0.5,578.5,49.5,0.0788216560509554,578.5,346.407185628743,628,376.047904191617,Week,25,2024,2024 - Week 25,
2400006200,Gravity,Rey Hernandez,2024-06-24,2024CL,SWBS,R30006,SYNG23501X1,471.5,0.08,2,0.75,447.5,24,0.0509013785790032,223.75,158.127208480565,235.75,166.60777385159,Week,26,2024,2024 - Week 26,
300093532,Gravity,Rey Hernandez,2024-07-03,2024CL,SWBS,AC265Y,SYNG23504W,224.5,0.17,2,0.17,206.5,18,0.0801781737193764,103.25,88.2478632478633,112.25,95.940170940171,Week,27,2024,2024 - Week 27,
1002011683,Line 2,Rey Hernandez,2024-07-15,2024CL,SWBS,AC077W,24-MZ2286,381,1.5,13.58,1.5,294,87,0.228346456692913,21.6494845360825,17.7322074788902,28.0559646539028,22.9794933655006,Week,29,2024,2024 - Week 29,
1002034638,Line 2,Rey Hernandez,2024-09-17,2024,SWBS,AC206Y,TVW24T8606,458,0.33,9,1.5,345.5,112.5,0.245633187772926,38.3888888888889,31.9021237303786,50.8888888888889,42.2899353647276,Week,38,2024,2024 - Week 38,
1002034639,Line 1,Rey Hernandez,2024-09-20,2024,SWCO,P&C EARLY,WAC088547,7436,2,22,5,6672.5,763.5,0.102676169983862,303.295454545455,230.086206896552,338,256.413793103448,Week,38,2024,2024 - Week 38,
1002031743,Line 1,Rey Hernandez,2024-09-22,2024,SWCO,EA SUNGLOW,WAC088518,45293.5,2,37.83,2,38060,7233.5,0.159702827116474,1006.0798308221,909.873296677026,1197.29051017711,1082.7994262491,Week,38,2024,2024 - Week 38,
1002037128,Line 1,Rey Hernandez,2024-09-24,2024,SWCO,GSS8937,TVW088581X1,25440.5,2,30.5,2.5,21365.5,4075,0.160177669464044,700.508196721312,610.442857142857,834.114754098361,726.871428571429,Week,39,2024,2024 - Week 39,
1002034758,Line 1,Rey Hernandez,2024-09-25,2024,SWCO,GSS8937,WAW088604X1,3437.5,0.5,20,0.5,2789.5,648,0.188509090909091,139.475,132.833333333333,171.875,163.690476190476,Week,39,2024,2024 - Week 39,
1002037130,Line 1,Rey Hernandez,2024-09-25,2024,SWCO,GSS8937,WAW088575X1,25080.5,1,15.83,0.25,20749.5,4331,0.172683957656347,1310.77068856601,1214.84192037471,1584.36512950095,1468.41334894614,Week,39,2024,2024 - Week 39,
1002037129,Line 1,Rey Hernandez,2024-09-26,2024,SWCO,GSS8937,WAW088540X1,24129,2,13,3,20017,4112,0.170417340130134,1539.76923076923,1112.05555555556,1856.07692307692,1340.5,Week,39,2024,2024 - Week 39,
1002036817,Line 1,Rey Hernandez,2024-09-27,2024,SWCO,GARRISON-R,WAW088572X1,24195,2,44,4,16801.5,7393.5,0.305579665220087,381.852272727273,336.03,549.886363636364,483.9,Week,39,2024,2024 - Week 39,
1002039320,Line 2,Erick Perez,2024-09-29,2024,SWBS,R20005,TVW24S8631X1,1555.5,0.5,14,1.5,1239.5,316,0.203150112504018,88.5357142857143,77.46875,111.107142857143,97.21875,Week,39,2024,2024 - Week 39,
1002039322,Line 2,Rey Hernandez,2024-10-01,2024,SWBS,R20005,TVW24T8632X1,267,0.5,4,1.5,198,69,0.258426966292135,49.5,33,66.75,44.5,Week,40,2024,2024 - Week 40,
1002039199,Line 2,Erick Perez,2024-10-02,2024,SWBS,R20005,TVW24U8633X1,1278.5,1,10.5,1.5,897,381.5,0.298396558466953,85.4285714285714,69,121.761904761905,98.3461538461538,Week,40,2024,2024 - Week 40,
1002038994,Line 1,Erick Perez,2024-10-04,2024,SWCO,GSS3951,WAW088534X1,104019.5,3,140.08,4,74819,29200.5,0.280721403198439,534.116219303255,508.695947783519,742.572101656196,707.230758770737,Week,40,2024,2024 - Week 40,
1002035644,Line 1,Erick Perez,2024-10-04,2024,SWCO,BSS1075-R,WAW088580X2,27100,2,26.5,0.5,21851,5249,0.193690036900369,824.566037735849,753.48275862069,1022.64150943396,934.48275862069,Week,40,2024,2024 - Week 40,
1002035643,Line 1,Janette Betancourt,2024-10-07,2024,SWCO,BSS1075-R,WAW088570X2,4110,1.5,6,3,3222.5,887.5,0.215936739659367,537.083333333333,306.904761904762,685,391.428571428571,Week,41,2024,2024 - Week 41,
1002035642,Line 1,Rey Hernandez,2024-10-07,2024,SWCO,BSS1075-R,WAW08869X2,31418,1,32,1,22051.5,9366.5,0.298125278502769,689.109375,648.573529411765,981.8125,924.058823529412,Week,41,2024,2024 - Week 41,
1002040185,Line 1,Rey Hernandez,2024-10-08,2024,SWCO,BSS5234,WAW088513X2,4909,2,7.5,2,4010.5,898.5,0.183031167243838,534.733333333333,348.739130434783,654.533333333333,426.869565217391,Week,41,2024,2024 - Week 41,
1002042679,Line 2,Rey Hernandez,2024-10-09,2024,SWBS,R00404X,TVC24S8618X1P,217.5,0.5,1.5,0.67,167,50.5,0.232183908045977,111.333333333333,62.5468164794008,145,81.4606741573034,Week,41,2024,2024 - Week 41,
1002036816,Line 1,Rey Hernandez,2024-10-09,2024,SWCO,GARRISON-R,WAW088519X1,3951.5,2,7,3,3080.5,871,0.220422624319879,440.071428571429,256.708333333333,564.5,329.291666666667,Week,41,2024,2024 - Week 41,
1002036815,Line 1,Erick Perez,2024-10-09,2024,SWCO,GARRISON-R,TVW088589X1,9343.5,2,14.5,0.5,7578.5,1765,0.188901375287633,522.655172413793,445.794117647059,644.379310344828,549.617647058824,Week,41,2024,2024 - Week 41,
1002040182,Line 1,Rey Hernandez,2024-10-10,2024,SWCO,SILVER QUEEN,WAC088591,22708.5,1,28,0.5,17526.5,5182,0.228196490300989,625.946428571429,594.118644067797,811.017857142857,769.779661016949,Week,41,2024,2024 - Week 41,
1002042680,Line 2,Janette Betancourt,2024-10-11,2024,SWBS,AC245Y,TVW24T8607,2578,1.5,33,2,1826.5,751.5,0.291505042668735,55.3484848484849,50.041095890411,78.1212121212121,70.6301369863014,Week,41,2024,2024 - Week 41,
1002040183,Line 1,Rey Hernandez,2024-10-11,2024,SWCO,SILVER QUEEN,WAC088586,19683.5,1,21.75,0.67,16231.5,3452,0.175375314349582,746.275862068966,693.061485909479,904.988505747126,840.456874466268,Week,41,2024,2024 - Week 41,
1002036819,Line 1,Rey Hernandez,2024-10-11,2024,SWCO,SILVER QUEEN,ORC088556,7609.5,1.5,5.5,3,6142.5,1467,0.192785334121821,1116.81818181818,614.25,1383.54545454545,760.95,Week,41,2024,2024 - Week 41,
1002040179,Line 2,Janette Betancourt,2024-10-12,2024,SWCO,EA COGENT,WAC088517,2282,1.5,11,2,1905.5,376.5,0.16498685363716,173.227272727273,131.413793103448,207.454545454545,157.379310344828,Week,41,2024,2024 - Week 41,
1002040973,Line 1,Erick Perez,2024-10-13,2024,SWCO,GH6462S,WAC088523,12175,2,26,3,7762.5,4412.5,0.362422997946612,298.557692307692,250.403225806452,468.269230769231,392.741935483871,Week,41,2024,2024 - Week 41,
1002035875,Line 2,Erick Perez,2024-10-15,2024,SWCO,BSS31212,TVW088600X2,838,0.83,11,1.5,440,398,0.474940334128878,40,33.0082520630158,76.1818181818182,62.8657164291073,Week,42,2024,2024 - Week 42,
1002040974,Line 1,Janette Betancourt,2024-10-15,2024,SWCO,GSS4628,WAW088536X1,31367,1.5,60,3,25271,6096,0.194344374661268,421.183333333333,391.798449612403,522.783333333333,486.31007751938,Week,42,2024,2024 - Week 42,
2400006308,Line 2,Rey Hernandez,2024-10-16,2024,SWBS,AC206Y,TVW24T8606,345.5,0.42,1,0.5,275.5,70,0.20260492040521,275.5,143.489583333333,345.5,179.947916666667,Week,42,2024,2024 - Week 42,
1002036491,Line 1,Rey Hernandez,2024-10-16,2024,SWCO,PLAYA,WAW088549X2,5575.5,1,13.5,2.5,4342.5,1233,0.221146085552865,321.666666666667,255.441176470588,413,327.970588235294,Week,42,2024,2024 - Week 42,
1002044551,Line 2,Erick Perez,2024-10-17,2024,SWCO,YETI,WAW088566X2,1480,0.5,10.5,0.5,1249.5,230.5,0.155743243243243,119,108.652173913043,140.952380952381,128.695652173913,Week,42,2024,2024 - Week 42,
2400006304,Gravity,Rey Hernandez,2024-10-17,2024,SWCO,P&C EARLY,WAC088547MR,752.5,0.5,1,0.5,523.5,229,0.304318936877076,523.5,261.75,752.5,376.25,Week,42,2024,2024 - Week 42,
2400006303,Gravity,Rey Hernandez,2024-10-17,2024,SWCO,P&C EARLY,WAC088547LR,4836.5,0.5,6,0.5,3303.5,1533,0.31696474723457,550.583333333333,471.928571428571,806.083333333333,690.928571428572,Week,42,2024,2024 - Week 42,
1002043946,Line 1,Erick Perez,2024-10-18,2024,SWCO,GSS5649,WAW088538X1,29752.5,2,33.5,0.25,24872.5,4880,0.164019830266364,742.462686567164,695.734265734266,888.134328358209,832.237762237762,Week,42,2024,2024 - Week 42,
1002043947,Line 1,Rey Hernandez,2024-10-19,2024,SWCO,GSS5649,WAW088538X1J,21358,1,26.5,2,16730.5,4627.5,0.216663545275775,631.339622641509,567.135593220339,805.962264150943,724,Week,42,2024,2024 - Week 42,
1002043951,Line 1,Janette Betancourt,2024-10-19,2024,SWCO,ROCKER,WAC088553,12800,1.5,11,3,10454.5,2345.5,0.1832421875,950.409090909091,674.483870967742,1163.63636363636,825.806451612903,Week,42,2024,2024 - Week 42,
1002035876,Line 2,Rey Hernandez,2024-10-21,2024,SWCO,BSS3556,WAW088509X2,306,0.83,2,1.5,241.5,64.5,0.21078431372549,120.75,55.7736720554273,153,70.6697459584296,Week,43,2024,2024 - Week 43,
1002035876,Line 2,Rey Hernandez,2024-10-21,2024,SWCO,BSS3556,WAW088509X2,306,0.83,2,1.5,241.5,64.5,0.21078431372549,120.75,55.7736720554273,153,70.6697459584296,Week,43,2024,2024 - Week 43,
1002035876,Line 2,Rey Hernandez,2024-10-21,2024,SWCO,BSS3556,WAW088509X2,306,0.83,2,1.5,241.5,64.5,0.21078431372549,120.75,55.7736720554273,153,70.6697459584296,Week,43,2024,2024 - Week 43,
2400006305,Gravity,Janette Betancourt,2024-10-21,2024,SWCO,EA SUNGLOW,WAC088518,11600,1.5,13.5,1.5,10832,768,0.0662068965517241,802.37037037037,656.484848484849,859.259259259259,703.030303030303,Week,43,2024,2024 - Week 43,LR
1002044373,Line 2,Erick Perez,2024-10-22,2024,SWCO,GH4927-C,WAC088522,278,0.5,3,1.5,226,52,0.18705035971223,75.3333333333333,45.2,92.6666666666667,55.6,Week,43,2024,2024 - Week 43,
2400006231,Gravity,Janette Betancourt,2024-10-22,2024,SWCO,GSS8937,TVW088581X1,6493.5,0.5,9.75,0.5,6121,372.5,0.0573650573650574,627.794871794872,569.395348837209,666,604.046511627907,Week,43,2024,2024 - Week 43,LF
2400006232,Gravity,Rey Hernandez,2024-10-23,2024,SWCO,R20005,TVW24T8632X1,198,0.42,2,0.83,147,51,0.257575757575758,73.5,45.2307692307692,99,60.9230769230769,Week,43,2024,2024 - Week 43,
2400006232,Gravity,Rey Hernandez,2024-10-23,2024,SWCO,R20005,TVW24T8632X1,199.5,0.42,2,0.83,147,52.5,0.263157894736842,73.5,45.2307692307692,99.75,61.3846153846154,Week,43,2024,2024 - Week 43,UN
1002035882,Line 1,Rey Hernandez,2024-10-23,2024,SWCO,GSS1170-R,WAW088528X2,31728.5,1,56.5,3,24577.5,7151,0.225380966638826,435,406.239669421488,561.566371681416,524.438016528926,Week,43,2024,2024 - Week 43,
1002033329,Line 1,Erick Perez,2024-10-23,2024,SWCO,3552R,WAW088502X2,7599,0.5,9,0.25,5146.5,2452.5,0.322739834188709,571.833333333333,527.846153846154,844.333333333333,779.384615384615,Week,43,2024,2024 - Week 43,
1002045030,Line 2,Janette Betancourt,2024-10-24,2024,SWCO,7210R,WAW088503X2,3930,1.5,59.5,1.5,3151,779,0.198218829516539,52.9579831932773,50.416,66.0504201680672,62.88,Week,43,2024,2024 - Week 43,
1002044549,Line 1,Rey Hernandez,2024-10-24,2024,SWCO,3552R,WAW088502X2K,4012,1,9.17,1.5,2707,1305,0.325274177467597,295.201744820065,231.962296486718,437.513631406761,343.787489288775,Week,43,2024,2024 - Week 43,
1002048132,Line 2,Janette Betancourt,2024-10-25,2024,SWCO,DESERT FROST,TVW088562X2,631,0.5,7.5,1.5,386,245,0.388272583201268,51.4666666666667,40.6315789473684,84.1333333333333,66.421052631579,Week,43,2024,2024 - Week 43,
2400006254,Gravity,Rey Hernandez,2024-10-25,2024,SWCO,BSS1075-R,WAW088580X2,1472,0.25,3,0,1308.5,163.5,0.111073369565217,436.166666666667,402.615384615385,490.666666666667,452.923076923077,Week,43,2024,2024 - Week 43,MF
2400006405,Gravity,Rey Hernandez,2024-10-25,2024,SWCO,BSS1075-R,WAW088580X2,3951,0.25,6,0.17,3726,225,0.0569476082004556,621,580.373831775701,658.5,615.420560747664,Week,43,2024,2024 - Week 43,MR
1002035640,Line 1,Rey Hernandez,2024-10-25,2024,SWCO,BSS1075-R,TVW088543X2,9525,1,8.5,0,7881.5,1643.5,0.17254593175853,927.235294117647,829.631578947369,1120.58823529412,1002.63157894737,Week,43,2024,2024 - Week 43,
1002043802,Line 2,Janette Betancourt,2024-10-26,2024,SWBS,AC206Y,TVW24S8605K,25,0.08,1.5,0.17,10.25,14.75,0.59,6.83333333333333,5.85714285714286,16.6666666666667,14.2857142857143,Week,43,2024,2024 - Week 43,
1002043801,Line 2,Rey Hernandez,2024-10-26,2024,SWBS,AC206Y,TVW24S8605,151,0.83,3.5,1.5,85,66,0.437086092715232,24.2857142857143,14.5797598627787,43.1428571428571,25.9005145797599,Week,43,2024,2024 - Week 43,
1002048131,Line 2,Rey Hernandez,2024-10-26,2024,SWCO,DESERT FROST,TVW088567X2,1644,0.83,12,1.5,1088,556,0.338199513381995,90.6666666666667,75.9246336357292,137,114.724354501047,Week,43,2024,2024 - Week 43,
2400006255,Gravity,Janette Betancourt,2024-10-26,2024,SWCO,BSS1075-R,WAW088569X2,12961,1,26.5,0,12545,416,0.0320962888665998,473.396226415094,456.181818181818,489.094339622642,471.309090909091,Week,43,2024,2024 - Week 43,LR
1002035641,Line 1,Rey Hernandez,2024-10-26,2024,SWCO,BSS1075-R,WAW088507X2,28694,1.5,29.5,4,24498,4196,0.146232661880533,830.440677966102,699.942857142857,972.677966101695,819.828571428571,Week,43,2024,2024 - Week 43,
1002045712,Line 1,Erick Perez,2024-10-27,2024,SWCO,TYSON,WAW088585X1,22478,1,18.25,3,17295.5,5182.5,0.230558768573717,947.698630136986,777.325842696629,1231.67123287671,1010.24719101124,Week,43,2024,2024 - Week 43,
2400006404,Gravity,Rey Hernandez,2024-10-28,2024,SWCO,BSS1075-R,WAW088570X2,1508,0.25,3,0.5,1381,127,0.0842175066312997,460.333333333333,368.266666666667,502.666666666667,402.133333333333,Week,44,2024,2024 - Week 44,LR
1002044955,Line 1,Janette Betancourt,2024-10-28,2024,SWCO,CODE 646,WAW088588,4852.5,1.5,8,3,3759,1093.5,0.225347758887172,469.875,300.72,606.5625,388.2,Week,44,2024,2024 - Week 44,
1002040291,Line 2,Janette Betancourt,2024-10-29,2024,SWBS,W0016,TVC24T8647,611.5,1.5,7.25,1.5,528,83.5,0.136549468520033,72.8275862068966,51.5121951219512,84.3448275862069,59.6585365853659,Week,44,2024,2024 - Week 44,
1002048133,Line 2,Erick Perez,2024-10-29,2024,SWCO,GSS4479,WAW088535X2,1384,1.5,12,2,899.5,484.5,0.35007225433526,74.9583333333333,58.0322580645161,115.333333333333,89.2903225806452,Week,44,2024,2024 - Week 44,
2400006211,Gravity,Rey Hernandez,2024-10-29,2024,SWBS,R00404X,TVC24S8618X1P,167,0.25,0.5,0.5,112.5,54.5,0.326347305389222,225,90,334,133.6,Week,44,2024,2024 - Week 44,UN
2400006351,Gravity,Rey Hernandez,2024-10-29,2024,SWBS,AC245Y,TVW24T8607,517.5,0.25,1.5,0.17,430.5,87,0.168115942028986,287,224.21875,345,269.53125,Week,44,2024,2024 - Week 44,MF
2400006408,Gravity,Janette Betancourt,2024-10-29,2024,SWBS,AC245Y,TVW24T8607,767,0.5,2,0.5,713,54,0.0704041720990874,356.5,237.666666666667,383.5,255.666666666667,Week,44,2024,2024 - Week 44,LF
2400006218,Colorsorter,Mario Martinez,2024-10-30,2024,SWBS,R00404X,TVC24S8618X1P,112.5,0.58,2,0.25,91,21.5,0.191111111111111,45.5,32.1554770318021,56.25,39.7526501766784,Week,44,2024,2024 - Week 44,UN
1002043958,Line 1,Janette Betancourt,2024-10-30,2024,SWCO,GARRISON-R,WAW088519X1W,25987,1.5,47.5,3,20280,5707,0.219609804902451,426.947368421053,390,547.094736842105,499.75,Week,44,2024,2024 - Week 44,
2400006407,Gravity,Rey Hernandez,2024-10-30,2024,SWCO,SILVER QUEEN,ORC088556,2969,0.25,4,0.5,2812.5,156.5,0.0527113506231054,703.125,592.105263157895,742.25,625.052631578947,Week,44,2024,2024 - Week 44,LF
1002041904,Line 2,Rey Hernandez,2024-10-31,2024,SWBS,R00565H,TVW24S8619H,78,0.42,1,0.17,42.5,35.5,0.455128205128205,42.5,26.7295597484277,78,49.0566037735849,Week,44,2024,2024 - Week 44,
1002048130,Line 2,Rey Hernandez,2024-10-31,2024,SWCO,GSS3378,WAW088568X2,1424.5,0.42,16,1.5,733.5,691,0.485082485082485,45.84375,40.9319196428571,89.03125,79.4921875,Week,44,2024,2024 - Week 44,
1002041905,Line 2,Rey Hernandez,2024-10-31,2024,SWBS,R00565H,TVW24U8620H,349,0.42,3.5,1,215,134,0.383954154727794,61.4285714285714,43.6991869918699,99.7142857142857,70.9349593495935,Week,44,2024,2024 - Week 44,
1002044956,Line 1,Rey Hernandez,2024-10-31,2024,SWCO,GH9335,WAC088525,4494,2,7,3,3456.5,1037.5,0.230863373386738,493.785714285714,288.041666666667,642,374.5,Week,44,2024,2024 - Week 44,
2400006234,Gravity,Rey Hernandez,2024-10-31,2024,SWCO,GARRISON-R,TVW088589X1,1308.5,0.25,2.5,0.17,1235.5,73,0.0557890714558655,494.2,423.116438356164,523.4,448.116438356164,Week,44,2024,2024 - Week 44,MR
1002036820,Line 1,Janette Betancourt,2024-10-31,2024,SWCO,SILVER QUEEN,ORC088605,6298,1.5,8.5,2.5,5015.5,1282.5,0.203636074944427,590.058823529412,401.24,740.941176470588,503.84,Week,44,2024,2024 - Week 44,
1002041986,Line 2,Rey Hernandez,2024-11-01,2024,SWBS,R5001H,TVW24T8640H,138,0.42,2,1,44,94,0.681159420289855,22,12.8654970760234,69,40.3508771929825,Week,44,2024,2024 - Week 44,
1002040296,Line 2,Erick Perez,2024-11-01,2024,SWBS,AC144Y,TVW24U8603,810,0.08,11,0.08,521,289,0.35679012345679,47.3636363636364,46.6845878136201,73.6363636363636,72.5806451612903,Week,44,2024,2024 - Week 44,
2400006309,Gravity,Rey Hernandez,2024-11-01,2024,SWCO,GSS4628,WAW088536X1,3786.5,0.25,7.5,0.5,3557.5,229,0.060478013997095,474.333333333333,431.212121212121,504.866666666667,458.969696969697,Week,44,2024,2024 - Week 44,MR
1002035881,Line 1,Janette Betancourt,2024-11-01,2024,SWCO,CROWN,ORW088516H,7802,1.5,11,3,6263,1539,0.197257113560625,569.363636363636,404.064516129032,709.272727272727,503.354838709677,Week,44,2024,2024 - Week 44,
1002037131,Line 1,Erick Perez,2024-11-01,2024,SWCO,SS7078Y,WAW088583X2,6713,2,8.5,3,5420.5,1292.5,0.192536868762103,637.705882352941,401.518518518519,789.764705882353,497.259259259259,Week,44,2024,2024 - Week 44,
1002040293,Line 2,Janette Betancourt,2024-11-02,2024,SWBS,R31001-CMS,TVC24S8649X1,1419.5,1.5,12.5,1.5,1261,158.5,0.111659034871434,100.88,81.3548387096774,113.56,91.5806451612903,Week,44,2024,2024 - Week 44,
1002040297,Line 2,Erick Perez,2024-11-04,2024,SWBS,R00610,TVW24T8621X1,901.5,1.5,11,1.5,851.5,50,0.0554631170271769,77.4090909090909,60.8214285714286,81.9545454545455,64.3928571428571,Week,45,2024,2024 - Week 45,
1002040295,Line 2,Janette Betancourt,2024-11-04,2024,SWBS,R31001,TVC24S8650X1,964,1.5,9.5,1.5,874.5,89.5,0.0928423236514523,92.0526315789474,69.96,101.473684210526,77.12,Week,45,2024,2024 - Week 45,
1002038692,Line 1,Rey Hernandez,2024-11-04,2024,SWCO,GH7818,WAC088524,39441.5,2,40.75,2.5,33746,5695.5,0.144403737180381,828.122699386503,745.767955801105,967.889570552147,871.635359116022,Week,45,2024,2024 - Week 45,
1002043803,Line 2,Janette Betancourt,2024-11-05,2024,SWBS,AC144Y,TVW24S8602,229.5,0.5,5.5,0.5,149.17,80.33,0.350021786492375,27.1218181818182,22.9492307692308,41.7272727272727,35.3076923076923,Week,45,2024,2024 - Week 45,
300094434,Gravity,Mario Martinez,2024-11-05,2024,SWBS,R20005,TVW24U8633X1,164,0.25,4,0.5,150.5,13.5,0.0823170731707317,37.625,31.6842105263158,41,34.5263157894737,Week,45,2024,2024 - Week 45,MF
1002040298,Line 2,Janette Betancourt,2024-11-05,2024,SWBS,G01110,TVW24T8611X1,128,0.5,1,1.5,84,44,0.34375,84,28,128,42.6666666666667,Week,45,2024,2024 - Week 45,
1002035636,Line 1,Mario Martinez,2024-11-05,2024,SWCO,7401 IMP,WAW088504X2,14245,2,22,3,11951,2294,0.161038961038961,543.227272727273,442.62962962963,647.5,527.592592592593,Week,45,2024,2024 - Week 45,
1002043805,Line 2,Rey Hernandez,2024-11-06,2024,SWBS,R11649,TVW24T8630X1,290,1.5,11,1.5,190.5,99.5,0.343103448275862,17.3181818181818,13.6071428571429,26.3636363636364,20.7142857142857,Week,45,2024,2024 - Week 45,
2400006409,Gravity,Mario Martinez,2024-11-06,2024,SWBS,AC206Y,TVW24T8606,274.5,0.25,5,0.25,264.5,10,0.0364298724954463,52.9,48.0909090909091,54.9,49.9090909090909,Week,45,2024,2024 - Week 45,UN
2400006352,Gravity,Mario Martinez,2024-11-07,2024,SWBS,R20005,TVW24T8632X1,147,0.25,3,0.25,136.5,10.5,0.0714285714285714,45.5,39,49,42,Week,45,2024,2024 - Week 45,UN
2400006426,Gravity,Janette Betancourt,2024-11-07,2024,SWCO,PLAYA,WAW088549X2,2890.5,0.5,11,0.5,2644.5,246,0.0851063829787234,240.409090909091,220.375,262.772727272727,240.875,Week,45,2024,2024 - Week 45,LR
1002051115,Line 1,Janette Betancourt,2024-11-08,2024,SWCO,GSS3071S,WAW088531X1,76391.5,2,73,3,69156,7235.5,0.09471603516098,947.342465753425,886.615384615385,1046.45890410959,979.378205128205,Week,45,2024,2024 - Week 45,
1002035966,Line 2,Janette Betancourt,2024-11-11,2024,SWCO,BSS23648,WAW088590X2,254.5,0.5,6.5,0.5,177,77.5,0.304518664047151,27.2307692307692,23.6,39.1538461538462,33.9333333333333,Week,46,2024,2024 - Week 46,
1002047055,Line 2,Rey Hernandez,2024-11-11,2024,SWBS,W0234,TVC24T8648,1255,1.5,5.5,1.5,1110,145,0.115537848605578,201.818181818182,130.588235294118,228.181818181818,147.647058823529,Week,46,2024,2024 - Week 46,
2400006388,Gravity,Rey Hernandez,2024-11-11,2024,SWCO,BSS1075-R,TVW088543X2,960,0.42,3,0.17,913,47,0.0489583333333333,304.333333333333,254.317548746518,320,267.409470752089,Week,46,2024,2024 - Week 46,MF
2400006217,Gravity,Rey Hernandez,2024-11-11,2024,SWCO,BSS1075-R,TVW088543X2,1506.5,1,3,0.5,1456,50.5,0.0335214072353136,485.333333333333,323.555555555556,502.166666666667,334.777777777778,Week,46,2024,2024 - Week 46,LF
1002052924,Line 1,Rey Hernandez,2024-11-11,2024,SWCO,SILVER QUEEN,WAC088582W,51233,2,40,0.5,45400,5833,0.113852399820428,1135,1068.23529411765,1280.825,1205.48235294118,Week,46,2024,2024 - Week 46,
2400006387,Gravity,Rey Hernandez,2024-11-12,2024,SWCO,BSS1075-R,TVW088543X2,1740.5,0.5,6,0.08,1452,288.5,0.165756966388969,242,220.668693009119,290.083333333333,264.51367781155,Week,46,2024,2024 - Week 46,MR
1002047056,Line 2,Rey Hernandez,2024-11-12,2024,SWBS,R20015,TVW24S8634X1,1206,0.5,3,1.5,1007.5,198.5,0.164593698175788,335.833333333333,201.5,402,241.2,Week,46,2024,2024 - Week 46,
1002036821,Line 1,Erick Perez,2024-11-12,2024,SWCO,SILVER QUEEN,WAC088582,19278.5,2,12.5,2.5,17066,2212.5,0.114765152890526,1365.28,1003.88235294118,1542.28,1134.02941176471,Week,46,2024,2024 - Week 46,
300094614,Gravity,Rey Hernandez,2024-11-13,2024,SWCO,GSS8937,WAW088540X1,1104.5,0.42,3,0.83,1020.5,84,0.076052512449072,340.166666666667,240.117647058824,368.166666666667,259.882352941176,Week,46,2024,2024 - Week 46,MR
300094614,Gravity,Rey Hernandez,2024-11-13,2024,SWCO,GSS8937,WAW088540X1,1104.5,0.42,3,0.83,1020.5,84,0.076052512449072,340.166666666667,240.117647058824,368.166666666667,259.882352941176,Week,46,2024,2024 - Week 46,MR
2400006386,Gravity,Rey Hernandez,2024-11-13,2024,SWCO,BSS1075-R,TVW088543X2,3683.5,0.17,6,0.25,3482,201.5,0.0547034070856522,580.333333333333,542.367601246106,613.916666666667,573.753894080997,Week,46,2024,2024 - Week 46,LR
1002047059,Line 2,Janette Betancourt,2024-11-14,2024,SWBS,R29153,TVW24S8652X1,89.5,0.5,2.5,0.5,68,21.5,0.240223463687151,27.2,19.4285714285714,35.8,25.5714285714286,Week,46,2024,2024 - Week 46,
1002047057,Line 2,Erick Perez,2024-11-14,2024,SWBS,R22153,TVW24T8636X1,769,0.08,11,0.08,585.5,183.5,0.238621586475943,53.2272727272727,52.4641577060932,69.9090909090909,68.9068100358423,Week,46,2024,2024 - Week 46,
1002047058,Line 2,Janette Betancourt,2024-11-14,2024,SWBS,R30167,TVC24S8653X1,683.5,1.5,9.5,1.5,619,64.5,0.0943672275054865,65.1578947368421,49.52,71.9473684210526,54.68,Week,46,2024,2024 - Week 46,
2400006215,Gravity,Erick Perez,2024-11-14,2024,SWCO,GSS5649,WAW088538X1J,4898,0.5,11,0.08,4389.5,508.5,0.10381788485096,399.045454545455,379.05872193437,445.272727272727,422.970639032815,Week,46,2024,2024 - Week 46,LR
2400006216,Gravity,Janette Betancourt,2024-11-14,2024,SWCO,GSS5649,WAW088538X1J,4024.5,0.5,9,0.5,3637.5,387,0.096161013790533,404.166666666667,363.75,447.166666666667,402.45,Week,46,2024,2024 - Week 46,LF
1002047060,Line 2,Rey Hernandez,2024-11-15,2024,SWBS,R39415,TVW24S8646X1,763.5,1.5,11,1.5,670.33,93.17,0.122030124426981,60.9390909090909,47.8807142857143,69.4090909090909,54.5357142857143,Week,46,2024,2024 - Week 46,
1002047063,Line 2,Janette Betancourt,2024-11-15,2024,SWBS,AC265Y,TVW24T8647,497.5,1.5,6,1.5,402.5,95,0.190954773869347,67.0833333333333,44.7222222222222,82.9166666666667,55.2777777777778,Week,46,2024,2024 - Week 46,
2400006214,Gravity,Rey Hernandez,2024-11-15,2024,SWCO,GSS5649,WAW088538X1,6853.5,0.5,11,0.25,6744.5,109,0.0159042824834026,613.136363636364,574,623.045454545455,583.276595744681,Week,46,2024,2024 - Week 46,MF
1002047062,Line 2,Janette Betancourt,2024-11-16,2024,SWBS,R00610,TVW24T8621X1K,580.5,1.5,16,1.5,476,104.5,0.180017226528854,29.75,25.0526315789474,36.28125,30.5526315789474,Week,46,2024,2024 - Week 46,
1002047064,Line 2,Janette Betancourt,2024-11-16,2024,SWBS,R10233,TVW24T8628X1,276,1.5,5,1.5,235,41,0.148550724637681,47,29.375,55.2,34.5,Week,46,2024,2024 - Week 46,
1002053408,Line 2,Erick Perez,2024-11-18,2024,SWCO,GLACIAL,WAW088593X2,1931,1.5,15.5,1.5,1558.5,372.5,0.192905230450544,100.548387096774,84.2432432432432,124.58064516129,104.378378378378,Week,47,2024,2024 - Week 47,
1002035645,Line 2,Janette Betancourt,2024-11-19,2024,SWCO,BSS23648,TVW088510X2,65,0.5,2.5,0.5,46.5,18.5,0.284615384615385,18.6,13.2857142857143,26,18.5714285714286,Week,47,2024,2024 - Week 47,
1002036488,Line 1,Janette Betancourt,2024-11-19,2024,SWCO,MATRIARCH,WAW088545H,4749,1.5,11.5,2,3850.5,898.5,0.189197725837018,334.826086956522,256.7,412.95652173913,316.6,Week,47,2024,2024 - Week 47,
1002036814,Line 1,Janette Betancourt,2024-11-20,2024,SWCO,SILVER KING,TVC088607,14549,1.5,21,2,12949.5,1599.5,0.109938827410819,616.642857142857,528.551020408163,692.809523809524,593.836734693878,Week,47,2024,2024 - Week 47,
1002035874,Line 2,Janette Betancourt,2024-11-21,2024,SWCO,BSS31212,TVW088558X2,1239,1.5,15,1.5,953,286,0.230831315577078,63.5333333333333,52.9444444444444,82.6,68.8333333333333,Week,47,2024,2024 - Week 47,
1002036487,Line 1,Janette Betancourt,2024-11-21,2024,SWCO,KANDY KORN,WAC088544,31569,1.5,26,3,27601.5,3967.5,0.125677088282809,1061.59615384615,904.967213114754,1214.19230769231,1035.04918032787,Week,47,2024,2024 - Week 47,
2400006442,Line 2,Mario Martinez,2024-11-22,2024,SWCO,GSS4479,WAW088535X2,159,0.25,4,0.17,142,17,0.106918238993711,35.5,32.1266968325792,39.75,35.972850678733,Week,47,2024,2024 - Week 47,
2400006440,Gravity,Mario Martinez,2024-11-22,2024,SWCO,CODE 646,WAW088588,1045,0.17,2.5,0.5,1002,43,0.0411483253588517,400.8,316.08832807571,418,329.652996845426,Week,47,2024,2024 - Week 47,LF
300094561,Gravity,Erick Perez,2024-11-22,2024,SWCO,GSS3951,WAW088534X1,4607.5,1.5,7,1.5,4546.5,61,0.0132392837764514,649.5,454.65,658.214285714286,460.75,Week,47,2024,2024 - Week 47,LR
2400006443,Gravity,Mario Martinez,2024-11-23,2024,SWCO,DESERT FROST,TVW088567X2,159.5,0.25,4,0.17,142.5,17,0.106583072100313,35.625,32.2398190045249,39.875,36.0859728506787,Week,47,2024,2024 - Week 47,MF
300094743,Gravity,Mario Martinez,2024-11-23,2024,SWCO,GSS4628,WAW088536X1,2342.5,0.25,8,0.42,2081.5,261,0.111419423692636,260.1875,240.080738177624,292.8125,270.184544405998,Week,47,2024,2024 - Week 47,LF
300094744,Gravity,Mario Martinez,2024-11-23,2024,SWCO,GSS4628,WAW088536X1,4622.5,0.25,12,1,4430,192.5,0.0416441319632234,369.166666666667,334.339622641509,385.208333333333,348.867924528302,Week,47,2024,2024 - Week 47,LF
1002035639,Line 1,Mario Martinez,2024-11-23,2024,SWCO,ACCENTUATE,WAW088506X2,28390.5,2,38.5,0.5,22595,5795.5,0.204135186065761,586.883116883117,551.09756097561,737.415584415584,692.451219512195,Week,47,2024,2024 - Week 47,
1002052925,Line 1,Erick Perez,2024-11-24,2024,SWCO,ACCENTUATE,WAW088506X2J,25755.5,1.5,30,3.08,20586,5169.5,0.200714410514259,686.2,595.315211104685,858.516666666667,744.809138230191,Week,47,2024,2024 - Week 47,
1002054349,Line 2,Mario Martinez,2024-11-25,2024,SWCO,PATRON,WAW088557H,2150,1.5,45,1.5,1823,327,0.152093023255814,40.5111111111111,37.9791666666667,47.7777777777778,44.7916666666667,Week,48,2024,2024 - Week 48,
1002054355,Line 1,Mario Martinez,2024-11-25,2024,SWCO,GSS1198-R,TVW088594X2,3467,1,14.5,3,2767,700,0.201903663109316,190.827586206897,149.567567567568,239.103448275862,187.405405405405,Week,48,2024,2024 - Week 48,
2400006441,Gravity,Mario Martinez,2024-11-25,2024,SWCO,7210R,WAW088503X2,730,0.25,2,1,606.5,123.5,0.169178082191781,303.25,186.615384615385,365,224.615384615385,Week,48,2024,2024 - Week 48,MF
2400006395,Gravity,Mario Martinez,2024-11-26,2024,SWCO,GSS2577,PL41102404,518.5,0.17,2,0.5,463,55.5,0.107039537126326,231.5,173.408239700375,259.25,194.194756554307,Week,48,2024,2024 - Week 48,18C
1002054851,Line 1,Erick Perez,2024-11-26,2024,SWCO,GSS8937,TVW088599X1,17953,2,22.75,3.75,14718,3235,0.180192725449786,646.945054945055,516.421052631579,789.142857142857,629.929824561404,Week,48,2024,2024 - Week 48,
2400006259,Gravity,Mario Martinez,2024-11-27,2024,SWCO,GH4927-C,WAC088522,226,0.25,4,0.17,204.5,21.5,0.0951327433628319,51.125,46.2669683257919,56.5,51.131221719457,Week,48,2024,2024 - Week 48,UN
1002051152,Line 1,Erick Perez,2024-11-27,2024,SWCO,007R,WAW088500X2,8535.26,2,8.25,2,7508.5,1026.76,0.120296276856241,910.121212121212,612.938775510204,1034.57696969697,696.755918367347,Week,48,2024,2024 - Week 48,
2400006310,Gravity,Rey Hernandez,2024-12-02,2024,SWBS,R5001H,TVW24T8640H,44,0.25,1,0.17,40,4,0.0909090909090909,40,28.169014084507,44,30.9859154929578,Week,49,2024,2024 - Week 49,UN
1002035880,Line 1,Rey Hernandez,2024-12-02,2024,SWCO,CRAVE MAN,WAW088515X2,7493.5,1,13,3,4328,3165.5,0.422432775071729,332.923076923077,254.588235294118,576.423076923077,440.794117647059,Week,49,2024,2024 - Week 49,
2400006258,Gravity,Janette Betancourt,2024-12-02,2024,SWCO,TYSON,WAW088585X1,10841,1,25,0.5,10477.5,363.5,0.0335301171478646,419.1,395.377358490566,433.64,409.094339622642,Week,49,2024,2024 - Week 49,MF
300094742,Gravity,Janette Betancourt,2024-12-03,2024,SWCO,GSS8937,WAW088604X1,225.5,0.25,2.5,0.25,213,12.5,0.0554323725055432,85.2,71,90.2,75.1666666666667,Week,49,2024,2024 - Week 49,MR
1002055902,Line 2,Janette Betancourt,2024-12-03,2024,SWCO,KANDY KORN,WAC088544J,1109,0.08,5,0.17,957.5,151.5,0.136609558160505,191.5,182.380952380952,221.8,211.238095238095,Week,49,2024,2024 - Week 49,
1002043948,Line 1,Rey Hernandez,2024-12-03,2024,SWCO,GSS3951,WAW088533,13349.5,2,15.5,0.42,7885,5464.5,0.409341173826735,508.709677419355,440.011160714286,861.258064516129,744.949776785714,Week,49,2024,2024 - Week 49,
2400006431,Gravity,Janette Betancourt,2024-12-03,2024,SWCO,OVERLAND-R,WAW077070X1,22454,1.5,27,0.5,20697.5,1756.5,0.0782265965974882,766.574074074074,713.706896551724,831.62962962963,774.275862068966,Week,49,2024,2024 - Week 49,MF
2400006428,Gravity,Rey Hernandez,2024-12-04,2024,SWBS,AC245Y,TVW24T8607,712,0.17,1,0.25,592.5,119.5,0.167837078651685,592.5,417.253521126761,712,501.408450704225,Week,49,2024,2024 - Week 49,LF
1002043949,Line 1,Rey Hernandez,2024-12-04,2024,SWCO,GSS3951,WAW088533J,25464,0.92,22.92,2,14881,10583,0.415606346214263,649.258289703316,575.890092879257,1110.99476439791,985.448916408669,Week,49,2024,2024 - Week 49,
2400006427,Gravity,Janette Betancourt,2024-12-05,2024,SWBS,AC245Y,TVW24T8607,430.5,0.5,12.5,0.5,400,30.5,0.0708478513356562,32,29.6296296296296,34.44,31.8888888888889,Week,49,2024,2024 - Week 49,MF
300094729,Gravity,Janette Betancourt,2024-12-05,2024,SWCO,PLAYA,WAW088549X2,1270,0.5,2,0.5,1147,123,0.0968503937007874,573.5,382.333333333333,635,423.333333333333,Week,49,2024,2024 - Week 49,LF
1002036940,Line 1,Rey Hernandez,2024-12-05,2024,SWCO,GH4927,WAC088521,27092.5,2.5,16.25,3.25,20187.5,6905,0.254867583279505,1242.30769230769,917.613636363636,1667.23076923077,1231.47727272727,Week,49,2024,2024 - Week 49,
2400006410,Gravity,Mario Martinez,2024-12-06,2024,SWBS,R31001-CMS,TVC24S8649X1,297,0.17,3,0.33,269,28,0.0942760942760943,89.6666666666667,76.8571428571429,99,84.8571428571429,Week,49,2024,2024 - Week 49,LF
2400006411,Gravity,Rey Hernandez,2024-12-06,2024,SWCO,SILVER QUEEN,ORC088605,2823.5,0.17,2,0.25,2360.5,463,0.163980874800779,1180.25,975.413223140496,1411.75,1166.73553719008,Week,49,2024,2024 - Week 49,LR
2400006430,Gravity,Mario Martinez,2024-12-07,2024,SWBS,R11649,TVW24T8630X1,37,0.33,1.5,0.17,29.5,7.5,0.202702702702703,19.6666666666667,14.75,24.6666666666667,18.5,Week,49,2024,2024 - Week 49,M
2400006238,Gravity,Mario Martinez,2024-12-07,2024,SWBS,R11649,TVW24T8630X1,153.5,0.17,2.5,0.33,129.5,24,0.156351791530945,51.8,43.1666666666667,61.4,51.1666666666667,Week,49,2024,2024 - Week 49,L
1002036810,Line 2,Rey Hernandez,2024-12-07,2024,SWCO,SILVER KING,ORC088508,2006,0.5,9,1.5,1371.5,634.5,0.31630109670987,152.388888888889,124.681818181818,222.888888888889,182.363636363636,Week,49,2024,2024 - Week 49,
1002054354,Line 2,Rey Hernandez,2024-12-07,2024,SWCO,SILVER KING,ORC088579K,621.8,0.5,2.5,0.75,432,189.8,0.305242843357993,172.8,115.2,248.72,165.813333333333,Week,49,2024,2024 - Week 49,
2400006355,Gravity,Rey Hernandez,2024-12-07,2024,SWCO,7401 IMP,WAW088504X2,1910,0.17,2,0.25,1607,303,0.158638743455497,803.5,664.04958677686,955,789.256198347108,Week,49,2024,2024 - Week 49,MR
1002054850,Line 1,Janette Betancourt,2024-12-07,2024,SWCO,TYSON,WAW088559X1,103826,3,57,3,81900.5,21925.5,0.211175428120124,1436.85087719298,1300.00793650794,1821.50877192982,1648.03174603175,Week,49,2024,2024 - Week 49,
1002045029,Line 1,Erick Perez,2024-12-08,2024,SWCO,GSS3951,WAW088574,33302,2,12.25,0.5,27299,6003,0.180259443877245,2228.48979591837,1850.77966101695,2718.5306122449,2257.76271186441,Week,49,2024,2024 - Week 49,
2400006237,Gravity,Rey Hernandez,2024-12-09,2024,SWBS,R00610,TVW24T8621X1,676,0.17,1,0.25,541.5,134.5,0.19896449704142,541.5,381.338028169014,676,476.056338028169,Week,50,2024,2024 - Week 50,R
1002054350,Line 2,Rey Hernandez,2024-12-10,2024,SWCO,BSS37654,TVW088511X2,435.5,1,7,1,301.5,134,0.307692307692308,43.0714285714286,33.5,62.2142857142857,48.3888888888889,Week,50,2024,2024 - Week 50,
2400006311,Gravity,Mario Martinez,2024-12-10,2024,SWBS,AC144Y,TVW24S8602,129.5,0.17,2,0.17,109.5,20,0.154440154440154,54.75,46.7948717948718,64.75,55.3418803418804,Week,50,2024,2024 - Week 50,L
2400006414,Gravity,Janette Betancourt,2024-12-10,2024,SWCO,GH7818,WAC088524,6186.5,0.08,13,0.08,5250.5,936,0.151297179342116,403.884615384615,398.974164133739,475.884615384615,470.098784194529,Week,50,2024,2024 - Week 50,/
2400006429,Gravity,Rey Hernandez,2024-12-10,2024,SWCO,GH7818,WAC088524,4385,0.17,9,0.25,3863,522,0.119042189281642,429.222222222222,410.084925690021,487.222222222222,465.498938428875,Week,50,2024,2024 - Week 50,LR
2400006312,Gravity,Mario Martinez,2024-12-11,2024,SWBS,R20005,TVW24T8632X1,136.5,0.17,2,0.17,125,11.5,0.0842490842490843,62.5,53.4188034188034,68.25,58.3333333333333,Week,50,2024,2024 - Week 50,UN
1002054352,Line 2,Rey Hernandez,2024-12-11,2024,SWCO,YETI,TVW088560X2,284,1,1.5,1,201.5,82.5,0.290492957746479,134.333333333333,57.5714285714286,189.333333333333,81.1428571428571,Week,50,2024,2024 - Week 50,
1002054351,Line 2,Rey Hernandez,2024-12-11,2024,SWCO,WSS33739,TVW088565X2,338,1,1.5,1,211,127,0.375739644970414,140.666666666667,60.2857142857143,225.333333333333,96.5714285714286,Week,50,2024,2024 - Week 50,
2400006433,Gravity,Janette Betancourt,2024-12-11,2024,SWCO,GSS1198-R,TVW088594X2,330,0.5,1,0.5,307.5,22.5,0.0681818181818182,307.5,153.75,330,165,Week,50,2024,2024 - Week 50,MF
2400006317,Gravity,Rey Hernandez,2024-12-11,2024,SWCO,BSS1075-R,TVW088543X2,1452.5,0.17,2,0.25,1212,240.5,0.165576592082616,606,500.826446280992,726.25,600.206611570248,Week,50,2024,2024 - Week 50,MR
300094933,Gravity,Janette Betancourt,2024-12-11,2024,SWCO,BSS1075-R,TVW088543X2,913,0.08,1,0.08,880,33,0.036144578313253,880,758.620689655173,913,787.068965517241,Week,50,2024,2024 - Week 50,MF
2400006314,Gravity,Mario Martinez,2024-12-11,2024,SWBS,W0234,TVC25T8648,610.5,0.08,0.5,0.25,497,113.5,0.185913185913186,994,598.795180722892,1221,735.542168674699,Week,50,2024,2024 - Week 50,LF
2400006444,Gravity,Rey Hernandez,2024-12-11,2024,SWCO,GH7818,WAC088524,12859.5,0.33,12,0.25,12051.5,808,0.0628329250748474,1004.29166666667,957.988871224165,1071.625,1022.21780604134,Week,50,2024,2024 - Week 50,LF
1002051116,Line 1,Janette Betancourt,2024-12-11,2024,SWCO,GSS3951,WAW088573X1,126608,3.5,85,0.5,105665.5,20942.5,0.165412138253507,1243.12352941176,1187.25280898876,1489.50588235294,1422.56179775281,Week,50,2024,2024 - Week 50,
2400006236,Gravity,Mario Martinez,2024-12-12,2024,SWBS,R00610,TVW24T8621X1,175,0.08,7,0.17,161,14,0.08,23,22.2068965517241,25,24.1379310344828,Week,50,2024,2024 - Week 50,F
2400006413,Gravity,Mario Martinez,2024-12-12,2024,SWCO,GSS3378,WAW088568X2,204,0.17,3,0.17,193,11,0.053921568627451,64.3333333333333,57.7844311377246,68,61.0778443113773,Week,50,2024,2024 - Week 50,LF
1002054353,Line 2,Rey Hernandez,2024-12-12,2024,SWCO,WSS2524,TVW088563X2,335.5,1,2,1,238.5,97,0.289120715350224,119.25,59.625,167.75,83.875,Week,50,2024,2024 - Week 50,
2400006358,Gravity,Janette Betancourt,2024-12-12,2023,SWCO,DESERT SNOW,TVW077020X2,2812,0.08,3,0.08,2587.5,224.5,0.0798364153627312,862.5,818.829113924051,937.333333333333,889.873417721519,Week,50,2024,2024 - Week 50,LF
1002051117,Line 1,Rey Hernandez,2024-12-12,2024,SWCO,GSS3951,WAW088603X1,11166,1,7,0.5,9486.5,1679.5,0.150411964893426,1355.21428571429,1116.05882352941,1595.14285714286,1313.64705882353,Week,50,2024,2024 - Week 50,
2400006412,Gravity,Mario Martinez,2024-12-13,2024,SWCO,GSS3378,WAW088568X2,277.5,0.08,3,0.17,262,15.5,0.0558558558558559,87.3333333333333,80.6153846153846,92.5,85.3846153846154,Week,50,2024,2024 - Week 50,LR
300094822,Gravity,Janette Betancourt,2024-12-13,2024,SWCO,GSS5649,WAW088538X1,4338.5,0.5,9.5,0.67,4048.5,290,0.0668433790480581,426.157894736842,379.428303655108,456.684210526316,406.607310215558,Week,50,2024,2024 - Week 50,MR
1002051118,Line 1,Erick Perez,2024-12-13,2024,SWCO,GSS3951,WAW088598,50095,2,22.25,0.5,41501,8594,0.171554047310111,1865.21348314607,1676.80808080808,2251.4606741573,2024.0404040404,Week,50,2024,2024 - Week 50,
2400006356,Gravity,Mario Martinez,2024-12-14,2024,SWBS,W0234,TVC24T8648,134.5,0.08,6,0.17,119,15.5,0.115241635687732,19.8333333333333,19.04,22.4166666666667,21.52,Week,50,2024,2024 - Week 50,LR
2400006473,Gravity,Erick Perez,2024-12-14,2024,SWBS,R20015,TVW24S8634X1,429,0.08,1,0.08,390,39,0.0909090909090909,390,336.206896551724,429,369.827586206897,Week,50,2024,2024 - Week 50,LF
1002043950,Line 1,Erick Perez,2024-12-14,2024,SWCO,GSS3951,WAW088597X1,43290,2,19,3,35950,7340,0.16955416955417,1892.10526315789,1497.91666666667,2278.42105263158,1803.75,Week,50,2024,2024 - Week 50,
1002043956,Line 1,Janette Betancourt,2024-12-16,2024,SWCO,LUNA,TVW088561X2,3164,1.5,4.5,1.5,2480,684,0.216182048040455,551.111111111111,330.666666666667,703.111111111111,421.866666666667,Week,51,2024,2024 - Week 51,
1002040975,Line 1,Janette Betancourt,2024-12-16,2024,SWCO,GLACIAL,WAW088526X2,8557,1.5,5,2.5,7111,1446,0.168984457169569,1422.2,790.111111111111,1711.4,950.777777777778,Week,51,2024,2024 - Week 51,
1002045031,Line 1,Rey Hernandez,2024-12-16,2024,SWCO,GSS1477S,WAW088530X1,61294.5,3,26,3,51234,10060.5,0.164133812984852,1970.53846153846,1601.0625,2357.48076923077,1915.453125,Week,51,2024,2024 - Week 51,
1002036492,Line 1,Erick Perez,2024-12-17,2024,SWCO,PROTECTOR-R,WAW088550H,3214,2,3.75,0.25,2136,1078,0.335407591785937,569.6,356,857.066666666667,535.666666666667,Week,51,2024,2024 - Week 51,
1002036493,Line 1,Erick Perez,2024-12-17,2024,SWCO,PROTECTOR-R,WAW088577H,3887.5,0.5,3,3,2470,1417.5,0.364630225080386,823.333333333333,380,1295.83333333333,598.076923076923,Week,51,2024,2024 - Week 51,
1002063854,Line 1,Erick Perez,2024-12-17,2024,SWCO,GH6462S,WAC088592,3834,1.5,2.5,2.5,2441.5,1392.5,0.363197704747001,976.6,375.615384615385,1533.6,589.846153846154,Week,51,2024,2024 - Week 51,
1002040180,Line 1,Janette Betancourt,2024-12-17,2024,SWCO,PATRIARCH,ORW088546H,8353,1.5,6,2.5,6445.5,1907.5,0.228361067879804,1074.25,644.55,1392.16666666667,835.3,Week,51,2024,2024 - Week 51,
2400006445,Gravity,Erick Perez,2024-12-18,2024,SWBS,R22153,TVW24T8636X1,435.5,0.08,1,0.08,412.5,23,0.052812858783008,412.5,355.603448275862,435.5,375.431034482759,Week,51,2024,2024 - Week 51,M
1002044550,Line 1,Janette Betancourt,2024-12-18,2024,SWCO,GSS1198-R,WAW088529X2,11574,1.5,6.5,2.5,9182.5,2391.5,0.206626922412303,1412.69230769231,874.52380952381,1780.61538461538,1102.28571428571,Week,51,2024,2024 - Week 51,
1002035638,Line 1,Mario Martinez,2024-12-18,2024,SWCO,8909MRW,TVW088505X2,16737,1.5,7.5,3,14862,1875,0.11202724502599,1981.6,1238.5,2231.6,1394.75,Week,51,2024,2024 - Week 51,
2400006476,Gravity,Erick Perez,2024-12-19,2024,SWBS,R39415,TVW24S8646X1,653,0.08,2,0.08,632,21,0.0321592649310873,316,292.592592592593,326.5,302.314814814815,Week,51,2024,2024 - Week 51,L
300094923,Gravity,Mario Martinez,2024-12-19,2024,SWCO,GARRISON-R,WAW088519X1W,2045,1,5,1,1784.5,260.5,0.127383863080685,356.9,254.928571428571,409,292.142857142857,Week,51,2024,2024 - Week 51,MR
1002035878,Line 1,Janette Betancourt,2024-12-19,2024,SWCO,CABO,WAW088514X2,4923,1.5,4,0.5,3559.5,1363.5,0.276965265082267,889.875,593.25,1230.75,820.5,Week,51,2024,2024 - Week 51,
300094983,Gravity,Erick Perez,2024-12-19,2024,SWCO,BSS1075-R,WAW088580X2,1308,0.08,1,0.08,1283.5,24.5,0.0187308868501529,1283.5,1106.46551724138,1308,1127.58620689655,Week,51,2024,2024 - Week 51,MF
1002037593,Line 1,Janette Betancourt,2024-12-19,2024,SWCO,GSS7877,WAW088539X2,16322,1.5,8.75,2.5,12871,3451,0.211432422497243,1470.97142857143,1009.49019607843,1865.37142857143,1280.1568627451,Week,51,2024,2024 - Week 51,
1002064914,Line 2,Mario Martinez,2024-12-20,2024,SWCO,BC39064,ORW088541,80,0.42,4,0.5,70,10,0.125,17.5,14.2276422764228,20,16.260162601626,Week,51,2024,2024 - Week 51,
300095044,Gravity,Janette Betancourt,2024-12-20,2024,SWCO,GSS4628,WAW088536X1,3557.5,0.08,6,0.08,3417,140.5,0.0394940267041462,569.5,554.707792207792,592.916666666667,577.516233766234,Week,51,2024,2024 - Week 51,MR
1002035879,Line 1,Erick Perez,2024-12-20,2024,SWCO,CABO,WAW088571X2,4971,1.5,3.25,2.75,3666.5,1304.5,0.262422047877691,1128.15384615385,488.866666666667,1529.53846153846,662.8,Week,51,2024,2024 - Week 51,
1002036486,Line 1,Janette Betancourt,2024-12-20,2024,SWCO,HONEY SELECT,ORT088542K,15370,1.5,7.25,0.5,12062,3308,0.215224463240078,1663.72413793103,1304,2120,1661.62162162162,Week,51,2024,2024 - Week 51,
1002040181,Line 1,Mario Martinez,2024-12-20,2024,SWCO,HONEY SELECT,WAT088576,23858,2.5,10.5,0.5,19653.5,4204.5,0.176230195322324,1871.7619047619,1455.81481481481,2272.19047619048,1767.25925925926,Week,51,2024,2024 - Week 51,
2400006415,Gravity,Mario Martinez,2024-12-21,2024,SWBS,W0234,TVC24T8648,149,0.17,17.5,0.17,112.5,36.5,0.24496644295302,6.42857142857143,6.30605381165919,8.51428571428571,8.35201793721973,Week,51,2024,2024 - Week 51,MR
2400006500,Colorsorter,Mario Martinez,2024-12-21,2024,SWCO,ACCENTUATE,WAW088506X2J,5208,0.5,12.5,0.58,5069,139,0.026689708141321,405.52,373.269513991164,416.64,383.505154639175,Week,51,2024,2024 - Week 51,MF
1002036494,Line 1,Janette Betancourt,2024-12-21,2024,SWCO,PROVIDENCE,TVT088552,8932,1.5,4.25,2.5,7741,1191,0.133340797133901,1821.41176470588,938.30303030303,2101.64705882353,1082.66666666667,Week,51,2024,2024 - Week 51,
1002036264,Line 1,Erick Perez,2024-12-21,2024,SWCO,HONEY SELECT,ORT088542,13347,0.5,4.5,3,10612.5,2734.5,0.204877500561924,2358.33333333333,1326.5625,2966,1668.375,Week,51,2024,2024 - Week 51,
1002036809,Line 1,Erick Perez,2024-12-22,2024,SWCO,SERENDIPITY,WAT088578,12306,0.5,5.5,2.5,10675,1631,0.132536973833902,1940.90909090909,1255.88235294118,2237.45454545455,1447.76470588235,Week,51,2024,2024 - Week 51,
1002033328,Line 1,Janette Betancourt,2024-12-22,2024,SWCO,1760MR,WAW088501X2,19093,2.5,8,2,15597,3496,0.183103755302991,1949.625,1247.76,2386.625,1527.44,Week,51,2024,2024 - Week 51,
1002036808,Line 1,Erick Perez,2024-12-22,2024,SWCO,SERENDIPITY,ORT088554,15949,2.5,6.5,0.25,13412.5,2536.5,0.159038184212176,2063.46153846154,1450,2453.69230769231,1724.21621621622,Week,51,2024,2024 - Week 51,
2400006392,Gravity,Mario Martinez,2024-12-23,2024,SWCO,3552R,WAW088502X2K,152,0.17,3,0.25,134,18,0.118421052631579,44.6666666666667,39.1812865497076,50.6666666666667,44.4444444444444,Week,52,2024,2024 - Week 52,MF
300094959,Gravity,Rey Hernandez,2024-12-23,2024,SWCO,GSS5649,WAW088538X1J,4385,0.25,7.5,0.5,4263,122,0.0278221208665907,568.4,516.727272727273,584.666666666667,531.515151515152,Week,52,2024,2024 - Week 52,LR
2400006393,Gravity,Erick Perez,2024-12-23,2024,SWCO,GSS5649,WAW088538X1,6746.5,0.08,8,0.08,6145.5,601,0.0890832283406211,768.1875,753.125,843.3125,826.776960784314,Week,52,2024,2024 - Week 52,MF
1002036812,Line 1,Janette Betancourt,2024-12-23,2024,SWCO,SILVER KING,TVC088555,32473,1.5,8.75,0.5,27142,5331,0.164167154251224,3101.94285714286,2524.83720930233,3711.2,3020.74418604651,Week,52,2024,2024 - Week 52,
300094924,Gravity,Erick Perez,2024-12-24,2024,SWCO,GARRISON-R,WAW088572X1,2871.5,0.08,3.5,0.08,2571.5,300,0.104475013059377,734.714285714286,702.595628415301,820.428571428572,784.562841530055,Week,52,2024,2024 - Week 52,LF
2400006391,Gravity,Mario Martinez,2024-12-26,2024,SWCO,BSS23648,WAW088590X2,177,0.17,5.5,0.25,156.5,20.5,0.115819209039548,28.4545454545455,26.4358108108108,32.1818181818182,29.8986486486487,Week,52,2024,2024 - Week 52,U
300094930,Gravity,Mario Martinez,2024-12-26,2024,SWCO,GARRISON-R,TVW088589X1,1230.5,0.17,2,0.33,1130.5,100,0.0812677773262901,565.25,452.2,615.25,492.2,Week,52,2024,2024 - Week 52,MR
1002036813,Line 1,Mario Martinez,2024-12-26,2024,SWCO,SILVER KING,TVC088606,28464,1.5,8.5,2.5,23621,4843,0.170144744238336,2778.94117647059,1889.68,3348.70588235294,2277.12,Week,52,2024,2024 - Week 52,
300094931,Gravity,Mario Martinez,2024-12-27,2024,SWCO,7401 IMP,WAW088504X2,3079,0.25,5,0.25,2830.5,248.5,0.0807080220850926,566.1,514.636363636364,615.8,559.818181818182,Week,52,2024,2024 - Week 52,LR
1002043804,Line 1,Erick Perez,2024-12-27,2024,SWBS,R00638,TVW24T8623X1,5332,1.5,5,3,4737.5,594.5,0.111496624156039,947.5,498.684210526316,1066.4,561.263157894737,Week,52,2024,2024 - Week 52,
1002037158,Line 1,Mario Martinez,2024-12-27,2024,SWCO,SWEET G 90,WAC088584,82324.5,3,21.5,0.5,75036,7288.5,0.0885337900624966,3490.04651162791,3001.44,3829.04651162791,3292.98,Week,52,2024,2024 - Week 52,
1002037159,Line 1,Janette Betancourt,2024-12-28,2024,SWCO,SWEET G 90,WAC088587,24626,1,6,4,21930.5,2695.5,0.109457483960042,3655.08333333333,1993.68181818182,4104.33333333333,2238.72727272727,Week,52,2024,2024 - Week 52,
2400006315,Gravity,Mario Martinez,2024-12-30,2024,SWBS,W0234,TVC24T8648,215,0.08,3.5,0.17,188.5,26.5,0.123255813953488,53.8571428571429,50.2666666666667,61.4285714285714,57.3333333333333,Week,1,2024,2024 - Week 1,MF
2400006471,Gravity,Mario Martinez,2024-12-30,2024,SWBS,R00610,TVW24T8621X1K,337,0.33,3,0.5,289,48,0.142433234421365,96.3333333333333,75.4569190600522,112.333333333333,87.9895561357702,Week,1,2024,2024 - Week 1,L
2400006472,Gravity,Janette Betancourt,2024-12-31,2024,SWBS,AC265Y,TVW24T8647,114,0.08,4,0.17,99.5,14.5,0.12719298245614,24.875,23.4117647058824,28.5,26.8235294117647,Week,1,2024,2024 - Week 1,L
2400006470,Gravity,Janette Betancourt,2024-12-31,2024,SWBS,R00610,TVW24T8621X1K,139,0.33,2.5,0.5,125.5,13.5,0.0971223021582734,50.2,37.6876876876877,55.6,41.7417417417417,Week,1,2024,2024 - Week 1,M
300094932,Gravity,Janette Betancourt,2024-12-31,2024,SWCO,7401 IMP,WAW088504X2,4875,0.25,9,0.42,4444,431,0.0884102564102564,493.777777777778,459.565667011375,541.666666666667,504.136504653568,Week,1,2024,2024 - Week 1,LF
2400006432,Gravity,Rey Hernandez,2025-01-02,2024,SWBS,R29153,TVW24S8652X1,68,0.17,2,0.17,57.5,10.5,0.154411764705882,28.75,24.5726495726496,34,29.0598290598291,Week,1,2025,2025 - Week 1,UN
2400006316,Gravity,Mario Martinez,2025-01-02,2024,SWBS,R20015,TVW24S8634X1,207,0.42,4,0.33,196,11,0.0531400966183575,49,41.2631578947368,51.75,43.5789473684211,Week,1,2025,2025 - Week 1,MF
300094700,Gravity,Mario Martinez,2025-01-02,2024,SWCO,BSS31212,TVW088600X2,67,0.25,1,0.25,51.5,15.5,0.23134328358209,51.5,34.3333333333333,67,44.6666666666667,Week,1,2025,2025 - Week 1,R
2400006475,Gravity,Mario Martinez,2025-01-02,2024,SWBS,R10233,TVW24T8628X1,152,0.33,2.5,0.25,141.5,10.5,0.0690789473684211,56.6,45.9415584415584,60.8,49.3506493506494,Week,1,2025,2025 - Week 1,L
2400006394,Gravity,Mario Martinez,2025-01-03,2024,SWCO,GLACIAL,WAW088593X2,203.5,0.33,4,0.17,191,12.5,0.0614250614250614,47.75,42.4444444444444,50.875,45.2222222222222,Week,1,2025,2025 - Week 1,MF
1002035637,Line 2,Janette Betancourt,2025-01-03,2024,SWCO,7401 IMP,INW088609X2,2770,1.5,30.5,1.5,1622,1148,0.414440433212996,53.1803278688525,48.4179104477612,90.8196721311475,82.6865671641791,Week,1,2025,2025 - Week 1,
2400006419,Gravity,Mario Martinez,2025-01-03,2024,SWBS,R11649,TVW24T8630X1,128.5,0.17,2,0.17,116.5,12,0.0933852140077821,58.25,49.7863247863248,64.25,54.9145299145299,Week,1,2025,2025 - Week 1,L
2400006469,Gravity,Mario Martinez,2025-01-03,2024,SWBS,R20015,TVW24S8634X1,233,0.17,3.5,0.17,207.5,25.5,0.109442060085837,59.2857142857143,54.0364583333333,66.5714285714286,60.6770833333333,Week,1,2025,2025 - Week 1,LR
300095043,Gravity,Rey Hernandez,2025-01-06,2024,SWCO,GSS3071S,WAW088531X1,13718.5,0.42,16,0.25,13109,609.5,0.0444290556547728,819.3125,786.382723455309,857.40625,822.945410917816,Week,2,2025,2025 - Week 2,MF
1002064913,Line 2,Mario Martinez,2025-01-07,2024,SWCO,GSS3378,TVW088532X2P,64,0.08,1,0.08,31.5,32.5,0.5078125,31.5,27.1551724137931,64,55.1724137931035,Week,2,2025,2025 - Week 2,
1002035877,Line 2,Janette Betancourt,2025-01-07,2024,SWCO,CABO,INW088611X2,2394.5,1.5,16.75,1.5,1738.5,656,0.273961160993944,103.791044776119,88.0253164556962,142.955223880597,121.240506329114,Week,2,2025,2025 - Week 2,
1002057321,Line 2,Mario Martinez,2025-01-08,2024,SWBS,34B1R1SH2,TVW24T8600,510,0.25,13,0.5,317,193,0.37843137254902,24.3846153846154,23.0545454545455,39.2307692307692,37.0909090909091,Week,2,2025,2025 - Week 2,
1002036265,Line 2,Janette Betancourt,2025-01-08,2024,SWCO,HONEY SELECT,ORT088608,2580,1.5,21,1.5,2215.5,364.5,0.141279069767442,105.5,92.3125,122.857142857143,107.5,Week,2,2025,2025 - Week 2,
1002057941,Line 2,Rey Hernandez,2025-01-09,2024,SWBS,R320E,TVW24S8637X1,95,0.33,4,0.5,53.5,41.5,0.436842105263158,13.375,11.0766045548654,23.75,19.6687370600414,Week,2,2025,2025 - Week 2,
2400006503,Gravity,Mario Martinez,2025-01-09,2024,SWCO,PATRON,WAW088557H,305.5,0.17,6,0.33,251,54.5,0.178396072013093,41.8333333333333,38.6153846153846,50.9166666666667,47,Week,2,2025,2025 - Week 2,MR
1002057973,Line 2,Mario Martinez,2025-01-09,2024,SWBS,R10037,TVW24S8655X1,130,0.33,2,0.5,93,37,0.284615384615385,46.5,32.8621908127209,65,45.9363957597173,Week,2,2025,2025 - Week 2,
300094960,Gravity,Rey Hernandez,2025-01-09,2024,SWCO,GSS3071S,WAW088531X1,24817,1,56,0.5,23223,1594,0.0642301648063827,414.696428571429,403.878260869565,443.160714285714,431.6,Week,2,2025,2025 - Week 2,LR
1002057970,Line 2,Mario Martinez,2025-01-10,2024,SWBS,G3003,TVC24T8613X1,504.5,0.33,4,0.5,410,94.5,0.187314172447968,102.5,84.8861283643892,126.125,104.451345755694,Week,2,2025,2025 - Week 2,
1002036824,Line 2,Janette Betancourt,2025-01-10,2024,SWCO,SS7403RY,INW088612X1,2143,1.5,13,1.5,1598,545,0.254316378908073,122.923076923077,99.875,164.846153846154,133.9375,Week,2,2025,2025 - Week 2,
300094864,Gravity,Janette Betancourt,2025-01-10,2024,SWCO,GARRISON-R,WAW088572X1,3908,0.17,6,0.25,3318.5,589.5,0.150844421699079,553.083333333333,516.90031152648,651.333333333333,608.722741433022,Week,2,2025,2025 - Week 2,MR
2400006438,Gravity,Rey Hernandez,2025-01-13,2024,SWCO,PROTECTOR-R,WAW088550H,1555.5,0.17,2,0.25,1363,192.5,0.123754419800707,681.5,563.223140495868,777.75,642.768595041322,Week,3,2025,2025 - Week 3,LR
2400006504,Gravity,Rey Hernandez,2025-01-13,2024,SWCO,PATRON,WAW088557H,873.5,0.17,1,0.25,820,53.5,0.0612478534630796,820,577.464788732394,873.5,615.140845070423,Week,3,2025,2025 - Week 3,MF
2400006437,Gravity,Rey Hernandez,2025-01-14,2024,SWCO,PROTECTOR-R,WAW088577H,179,0.25,6,0.33,145.5,33.5,0.187150837988827,24.25,22.112462006079,29.8333333333333,27.2036474164134,Week,3,2025,2025 - Week 3,MF
1002057324,Line 2,Janette Betancourt,2025-01-14,2024,SWBS,R681,TVW24T8643X1,1400,1.5,14.34,1.5,1034,366,0.261428571428571,72.1059972105997,59.6309111880046,97.629009762901,80.7381776239908,Week,3,2025,2025 - Week 3,
2400006439,Gravity,Rey Hernandez,2025-01-14,2024,SWCO,PROTECTOR-R,WAW088550H,456.5,0.08,1,0.25,390,66.5,0.145673603504929,390,293.233082706767,456.5,343.233082706767,Week,3,2025,2025 - Week 3,LF
2400006525,Gravity,Rey Hernandez,2025-01-14,2024,SWCO,PROTECTOR-R,WAW088577H,1590.5,0.17,1.5,0.25,1324.5,266,0.167243005344231,883,689.84375,1060.33333333333,828.385416666667,Week,3,2025,2025 - Week 3,LR
1002057972,Line 2,Rey Hernandez,2025-01-15,2024,SWBS,R22659,TVW24S8645X1,51,0.25,5.5,0.5,31.5,19.5,0.382352941176471,5.72727272727273,5.04,9.27272727272727,8.16,Week,3,2025,2025 - Week 3,
2400006397,Gravity,Rey Hernandez,2025-01-15,2024,SWCO,GH4927,WAC088521,2510.5,0.17,5,0.25,2037.5,473,0.188408683529177,407.5,375.922509225092,502.1,463.191881918819,Week,3,2025,2025 - Week 3,MR
1002057943,Line 2,Rey Hernandez,2025-01-16,2024,SWBS,AC092YIMP,TVW24S8656,35.5,0.25,1,0.5,19.8,15.7,0.442253521126761,19.8,11.3142857142857,35.5,20.2857142857143,Week,3,2025,2025 - Week 3,
1002057936,Line 2,Janette Betancourt,2025-01-16,2024,SWBS,R00681A,TVW24S8625X1P,762.5,1.5,12,1.5,494.5,268,0.351475409836066,41.2083333333333,32.9666666666667,63.5416666666667,50.8333333333333,Week,3,2025,2025 - Week 3,
1002057323,Line 2,Rey Hernandez,2025-01-16,2024,SWBS,R629,TVW24S8642X1,289,0.33,1.5,0.5,170,119,0.411764705882353,113.333333333333,72.9613733905579,192.666666666667,124.034334763949,Week,3,2025,2025 - Week 3,
1002057934,Line 2,Janette Betancourt,2025-01-16,2024,SWBS,R584A,TVW24S8641X1,1891,1.5,8.5,1.5,1599,292,0.154415653093601,188.117647058824,139.04347826087,222.470588235294,164.434782608696,Week,3,2025,2025 - Week 3,
2400006488,Gravity,Rey Hernandez,2025-01-16,2024,SWCO,PATRON,WAW088557H,820,0.08,1.5,0.25,618,202,0.246341463414634,412,337.704918032787,546.666666666667,448.087431693989,Week,3,2025,2025 - Week 3,MF
2400006485,Gravity,Rey Hernandez,2025-01-16,2024,SWCO,1760MR,WAW088501X2,991,0.17,1.5,0.25,884.5,106.5,0.107467204843592,589.666666666667,460.677083333333,660.666666666667,516.145833333333,Week,3,2025,2025 - Week 3,MF
2400006398,Gravity,Rey Hernandez,2025-01-16,2024,SWCO,007R,WAW088500X2,3336.5,0.17,3,0.25,3019,317.5,0.0951595983815375,1006.33333333333,882.748538011696,1112.16666666667,975.584795321638,Week,3,2025,2025 - Week 3,LR
1002057320,Line 2,Janette Betancourt,2025-01-17,2024,SWBS,W0168,TVC24T8657,138.5,0.33,2,0.5,93.5,45,0.324909747292419,46.75,33.0388692579505,69.25,48.9399293286219,Week,3,2025,2025 - Week 3,
1002057937,Line 2,Janette Betancourt,2025-01-17,2024,SWBS,R00681A,TVW24T8658X1,920,1.5,6.25,1.5,563.5,356.5,0.3875,90.16,60.9189189189189,147.2,99.4594594594595,Week,3,2025,2025 - Week 3,
2400006540,Gravity,Rey Hernandez,2025-01-17,2024,SWBS,W0234,TVC24T8648,498,0.08,1,0.25,445,53,0.106425702811245,445,334.586466165414,498,374.436090225564,Week,3,2025,2025 - Week 3,LF
2400006524,Gravity,Rey Hernandez,2025-01-21,2024,SWCO,PROTECTOR-R,WAW088577H,164,0.25,3.5,0.33,148.5,15.5,0.0945121951219512,42.4285714285714,36.3970588235294,46.8571428571429,40.1960784313726,Week,4,2025,2025 - Week 4,MR
1002057935,Line 2,Janette Betancourt,2025-01-21,2024,SWBS,R00303,TVC24T8617X1,756.5,1.5,6,1.5,612,144.5,0.191011235955056,102,68,126.083333333333,84.0555555555556,Week,4,2025,2025 - Week 4,
2400006449,Gravity,Rey Hernandez,2025-01-21,2024,SWCO,1760MR,WAW088501X2,5307.5,0.17,5,0.25,4888,419.5,0.0790390956194065,977.6,901.845018450185,1061.5,979.243542435424,Week,4,2025,2025 - Week 4,LF
2400006450,Gravity,Rey Hernandez,2025-01-21,2024,SWCO,1760MR,WAW088501X2,1288.5,0.08,1,0.25,1115.5,173,0.134264648816453,1115.5,838.721804511278,1288.5,968.796992481203,Week,4,2025,2025 - Week 4,MR
1002057940,Line 2,Janette Betancourt,2025-01-22,2024,SWBS,AC247W,TVW24T8608,176,0.33,8,0.5,91.5,84.5,0.480113636363636,11.4375,10.3624009060023,22,19.9320498301246,Week,4,2025,2025 - Week 4,
1002057325,Line 2,Janette Betancourt,2025-01-22,2024,SWBS,R398P,TVC24T8638X1,1943,1.5,9.5,1.5,1713,230,0.118373648996397,180.315789473684,137.04,204.526315789474,155.44,Week,4,2025,2025 - Week 4,
1002057971,Line 2,Rey Hernandez,2025-01-23,2024,SWBS,R10559,TVW24S8629X1,105.5,0.33,2.5,0.5,83,22.5,0.213270142180095,33.2,24.9249249249249,42.2,31.6816816816817,Week,4,2025,2025 - Week 4,
2400006478,Gravity,Rey Hernandez,2025-01-23,2024,SWCO,GSS3378,WAW088568X2,192.5,0.17,3.5,0.25,169,23.5,0.122077922077922,48.2857142857143,43.1122448979592,55,49.1071428571429,Week,4,2025,2025 - Week 4,LF
1002057322,Line 2,Janette Betancourt,2025-01-23,2024,SWBS,47BB3SH2RGI,TVW24T8601,626,1.5,6,1.5,425,201,0.321086261980831,70.8333333333333,47.2222222222222,104.333333333333,69.5555555555556,Week,4,2025,2025 - Week 4,
2400006448,Gravity,Rey Hernandez,2025-01-23,2024,SWCO,1760MR,WAW088501X2,8059,0.25,11,0.25,7613.5,445.5,0.0552798113909914,692.136363636364,662.04347826087,732.636363636364,700.782608695652,Week,4,2025,2025 - Week 4,LR
2400006508,Gravity,Rey Hernandez,2025-01-24,2024,SWCO,GSS3378,WAW088568X2,262.5,0.17,3.5,0.25,246,16.5,0.0628571428571429,70.2857142857143,62.7551020408163,75,66.9642857142857,Week,4,2025,2025 - Week 4,LR
1002057939,Line 2,Janette Betancourt,2025-01-24,2024,SWBS,AC157Y,TVW24T8604,1085.5,1.5,6.5,1.5,814,271.5,0.250115154306771,125.230769230769,85.6842105263158,167,114.263157894737,Week,4,2025,2025 - Week 4,
2400006474,Gravity,Rey Hernandez,2025-01-27,2024,SWBS,R22153,TVW24T8636X1,151,0.17,3.5,0.25,139,12,0.0794701986754967,39.7142857142857,35.4591836734694,43.1428571428571,38.5204081632653,Week,5,2025,2025 - Week 5,L
2400006436,Gravity,Rey Hernandez,2025-01-27,2024,SWCO,YETI,TVW088560X2,201.5,0.25,3,0.17,183,18.5,0.0918114143920596,61,53.5087719298246,67.1666666666667,58.9181286549708,Week,5,2025,2025 - Week 5,UN
1002057938,Line 2,Janette Betancourt,2025-01-27,2024,SWBS,G9089,TVW24S8614X1P,745,1.5,6.5,1.5,547,198,0.265771812080537,84.1538461538462,57.5789473684211,114.615384615385,78.421052631579,Week,5,2025,2025 - Week 5,
2400006580,Gravity,Rey Hernandez,2025-01-28,2024,SWCO,PROTECTOR-R,WAW088550H,128,0.25,4,0.17,112,16,0.125,28,25.3393665158371,32,28.9592760180996,Week,5,2025,2025 - Week 5,MR
2400006543,Gravity,Rey Hernandez,2025-01-28,2024,SWBS,W0234,TVC24T8648,118,0.25,2.5,0.25,103,15,0.127118644067797,41.2,34.3333333333333,47.2,39.3333333333333,Week,5,2025,2025 - Week 5,LR
1002057942,Line 2,Janette Betancourt,2025-01-28,2024,SWBS,R20264,TVW24S8635X1P,923.5,1.5,6,1.5,676,247.5,0.268002165674066,112.666666666667,75.1111111111111,153.916666666667,102.611111111111,Week,5,2025,2025 - Week 5,
1002057944,Line 2,Janette Betancourt,2025-01-28,2024,SWBS,R410G,TVC24T8639X1,1527.5,1.5,7,1.5,1259.5,268,0.175450081833061,179.928571428571,125.95,218.214285714286,152.75,Week,5,2025,2025 - Week 5,
2400006479,Gravity,Rey Hernandez,2025-01-29,2024,SWBS,R31001-CMS,TVC24S8649X1,269,0.25,4.5,0.17,246.5,22.5,0.0836431226765799,54.7777777777778,50.1016260162602,59.7777777777778,54.6747967479675,Week,5,2025,2025 - Week 5,LF
300095042,Gravity,Rey Hernandez,2025-01-29,2024,SWCO,GSS3071S,WAW088531X1,15386,0.25,22,0.25,14682.5,703.5,0.0457233848953594,667.386363636364,652.555555555556,699.363636363636,683.822222222222,Week,5,2025,2025 - Week 5,MR
2400006548,Gravity,Rey Hernandez,2025-01-30,2024,SWCO,SILVER KING,ORC088508,344,0.33,4,0.5,306,38,0.11046511627907,76.5,63.3540372670807,86,71.2215320910973,Week,5,2025,2025 - Week 5,F
1002057945,Line 2,Janette Betancourt,2025-01-30,2024,SWBS,R10008,TVW24T8626X1,1951,1.5,10.5,1.5,1453,498,0.255253716043055,138.380952380952,107.62962962963,185.809523809524,144.518518518519,Week,5,2025,2025 - Week 5,
2400006521,Line 2,Rey Hernandez,2025-01-30,2024,SWCO,GSS1198-R,TVW088594X2,307.5,0.33,2,0.5,285.5,22,0.0715447154471545,142.75,100.883392226148,153.75,108.657243816254,Week,5,2025,2025 - Week 5,
300095280,Gravity,Rey Hernandez,2025-01-31,2024,SWBS,R31001-CMS,TVC24S8649X1,163,0.33,3,0.5,132,31,0.190184049079755,44,34.4647519582245,54.3333333333333,42.5587467362924,Week,5,2025,2025 - Week 5,MR
1002057966,Line 2,Janette Betancourt,2025-01-31,2024,SWBS,G0012,TVC24T8610X1,640.5,1.5,6.5,1.5,549.5,91,0.14207650273224,84.5384615384615,57.8421052631579,98.5384615384615,67.421052631579,Week,5,2025,2025 - Week 5,
1002057968,Line 2,Janette Betancourt,2025-01-31,2024,SWBS,R00660DM-SMS,TVW24S8659X1,567,1.5,4,1.5,474.5,92.5,0.163139329805996,118.625,67.7857142857143,141.75,81,Week,5,2025,2025 - Week 5,
2400006557,Gravity,Rey Hernandez,2025-02-03,2024,SWCO,PROTECTOR-R,WAW088577H,145.5,0.33,4,0.5,125.5,20,0.13745704467354,31.375,25.9834368530021,36.375,30.1242236024845,Week,6,2025,2025 - Week 6,MF
2400006550,Gravity,Rey Hernandez,2025-02-03,2024,SWBS,W0234,TVC24T8648,112.5,0.33,2,0.5,95,17.5,0.155555555555556,47.5,33.5689045936396,56.25,39.7526501766784,Week,6,2025,2025 - Week 6,MR
1002057967,Line 2,Janette Betancourt,2025-02-03,2024,SWBS,R10016,TVW24T8627X1,879,1.5,6,1.5,765.5,113.5,0.129124004550626,127.583333333333,85.0555555555556,146.5,97.6666666666667,Week,6,2025,2025 - Week 6,
300094961,Gravity,Rey Hernandez,2025-02-03,2024,SWCO,GSS3071S,WAW088531X1,15164,0.33,20,0.25,14974,190,0.012529675547349,748.7,727.599611273081,758.2,736.831875607386,Week,6,2025,2025 - Week 6,LF
2400006319,Gravity,Rey Hernandez,2025-02-04,2024,SWCO,GSS2271,TVW088595,85.5,0.08,3.5,0.08,71.5,14,0.16374269005848,20.4285714285714,19.5355191256831,24.4285714285714,23.3606557377049,Week,6,2025,2025 - Week 6,F
2400006585,Gravity,Rey Hernandez,2025-02-04,2024,SWBS,R320E,TVW24S8637X1,52.5,0.25,2,0.17,44.5,8,0.152380952380952,22.25,18.3884297520661,26.25,21.6942148760331,Week,6,2025,2025 - Week 6,UN
1002057969,Line 2,Janette Betancourt,2025-02-04,2024,SWBS,R00660DM-SMS,TVW24T8624,758.5,1.5,6.5,1.5,590.5,168,0.221489782465392,90.8461538461538,62.1578947368421,116.692307692308,79.8421052631579,Week,6,2025,2025 - Week 6,
1002091654,Line 2,Rey Hernandez,2025-02-05,2024,SWBS,G1232,TVW24S8612,24,0.25,1,0.25,16.85,7.15,0.297916666666667,16.85,11.2333333333333,24,16,Week,6,2025,2025 - Week 6,
1002091656,Line 2,Rey Hernandez,2025-02-05,2024,SWBS,R28153,TVW24S8651X1,21.5,0.25,0.5,0.25,11.94,9.56,0.444651162790698,23.88,11.94,43,21.5,Week,6,2025,2025 - Week 6,
2400006451,Gravity,Rey Hernandez,2025-02-05,2024,SWCO,CABO,WAW088514X2,276,0.08,4,0.08,253,23,0.0833333333333333,63.25,60.8173076923077,69,66.3461538461538,Week,6,2025,2025 - Week 6,MR
2400006452,Gravity,Janette Betancourt,2025-02-05,2024,SWBS,W0234,TVC24T8648,188.5,0.08,2.5,0.08,160,28.5,0.151193633952255,64,60.1503759398496,75.4,70.8646616541353,Week,6,2025,2025 - Week 6,
1002091655,Line 2,Janette Betancourt,2025-02-05,2024,SWCO,SILVER QUEEN,TVC24U8644,181,0.5,2,0.5,151,30,0.165745856353591,75.5,50.3333333333333,90.5,60.3333333333333,Week,6,2025,2025 - Week 6,
300095138,Gravity,Rey Hernandez,2025-02-06,2024,SWCO,TYSON,WAW088559X1,10106,0.25,18,0.25,9251.5,854.5,0.0845537304571542,513.972222222222,500.081081081081,561.444444444444,546.27027027027,Week,6,2025,2025 - Week 6,LR
2400006511,Line 2,Rey Hernandez,2025-02-07,2024,SWBS,G3003,TVC24T8613X1,410,0.08,5,0.08,382.5,27.5,0.0670731707317073,76.5,74.1279069767442,82,79.4573643410853,Week,6,2025,2025 - Week 6,
2400006477,Gravity,Rey Hernandez,2025-02-07,2024,SWBS,AC245Y,TVW24T8607,593.5,0.17,1.5,0.25,533.5,60,0.101095197978096,355.666666666667,277.864583333333,395.666666666667,309.114583333333,Week,6,2025,2025 - Week 6,LF
2400006584,Gravity,Rey Hernandez,2025-02-07,2024,SWCO,SS7403RY,INW088612X2,461.5,0.08,1,0.25,431.5,30,0.0650054171180932,431.5,324.436090225564,461.5,346.992481203008,Week,6,2025,2025 - Week 6,LR
300095137,Gravity,Rey Hernandez,2025-02-07,2024,SWCO,007R,WAW088500X2,2784.5,0.17,5,0.25,2415.5,369,0.132519303286048,483.1,445.664206642066,556.9,513.745387453875,Week,6,2025,2025 - Week 6,LF
2400006601,Gravity,Rey Hernandez,2025-02-10,2024,SWBS,R29153,TVW24S8652X1,57.5,0.08,2.5,0.17,47.5,10,0.173913043478261,19,17.2727272727273,23,20.9090909090909,Week,7,2025,2025 - Week 7,UN
2400006435,Gravity,Rey Hernandez,2025-02-10,2024,SWCO,3552R,WAW088502X2,205,0.08,2.5,0.17,191.5,13.5,0.0658536585365854,76.6,69.6363636363636,82,74.5454545454546,Week,7,2025,2025 - Week 7,MR
2400006583,Gravity,Rey Hernandez,2025-02-10,2024,SWCO,PROTECTOR-R,WAW088550H,1362,0.08,2.5,0.25,1127,235,0.172540381791483,450.8,398.233215547703,544.8,481.272084805654,Week,7,2025,2025 - Week 7,LR
2400006457,Gravity,Rey Hernandez,2025-02-10,2024,SWCO,PROTECTOR-R,WAW088577H,1323.5,0.08,1.5,0.25,1173,150.5,0.113713638080846,782,640.983606557377,882.333333333333,723.224043715847,Week,7,2025,2025 - Week 7,LR
300095110,Gravity,Rey Hernandez,2025-02-11,2024,SWBS,R00610,TVW24T8621X1,161,0.08,2,0.17,140.5,20.5,0.127329192546584,70.25,62.4444444444444,80.5,71.5555555555556,Week,7,2025,2025 - Week 7,F
300095720,Gravity,Rey Hernandez,2025-02-11,2024,SWBS,R00610,TVW24T8621X1K,125.5,0.08,1.5,0.17,109,16.5,0.131474103585657,72.6666666666667,62.2857142857143,83.6666666666667,71.7142857142857,Week,7,2025,2025 - Week 7,M
2400006523,Gravity,Rey Hernandez,2025-02-11,2024,SWCO,CRAVE MAN,WAW088515X2,490,0.08,1.5,0.25,444,46,0.0938775510204082,296,242.622950819672,326.666666666667,267.75956284153,Week,7,2025,2025 - Week 7,LR
2400006520,Gravity,Rey Hernandez,2025-02-11,2024,SWCO,SILVER KING,ORC088579K,433.5,0.08,1,0.25,372,61.5,0.141868512110727,372,279.699248120301,433.5,325.93984962406,Week,7,2025,2025 - Week 7,UN
2400006558,Gravity,Rey Hernandez,2025-02-11,2024,SWBS,R584A,TVW24S8641X1,626.5,0.08,1,0.25,556.5,70,0.111731843575419,556.5,418.421052631579,626.5,471.052631578947,Week,7,2025,2025 - Week 7,R
2400006602,Gravity,Rey Hernandez,2025-02-12,2024,SWCO,7401 IMP,INW088609X2,102,0.08,2.5,0.17,87.5,14.5,0.142156862745098,35,31.8181818181818,40.8,37.0909090909091,Week,7,2025,2025 - Week 7,MR
2400006453,Gravity,Rey Hernandez,2025-02-12,2024,SWBS,R00610,TVW24T8621X1K,289,0.08,3.5,0.17,278,11,0.0380622837370242,79.4285714285714,74.1333333333333,82.5714285714286,77.0666666666667,Week,7,2025,2025 - Week 7,L
2400006553,Gravity,Rey Hernandez,2025-02-13,2024,SWCO,7401 IMP,INW088609X2,52,0.08,5,0.17,46.5,5.5,0.105769230769231,9.3,8.85714285714286,10.4,9.90476190476191,Week,7,2025,2025 - Week 7,MF
2400006554,Gravity,Rey Hernandez,2025-02-13,2024,SWBS,R10037,TVW24S8655X1,93,0.08,2,0.17,82.5,10.5,0.112903225806452,41.25,36.6666666666667,46.5,41.3333333333333,Week,7,2025,2025 - Week 7,UN
2400006454,Gravity,Rey Hernandez,2025-02-14,2024,SWBS,R00638,TVW24T8623X1,360,0.08,4.5,0.17,337.5,22.5,0.0625,75,71.0526315789474,80,75.7894736842105,Week,7,2025,2025 - Week 7,MR
2400006560,Gravity,Rey Hernandez,2025-02-14,2024,SWCO,GH7818,WAC088524,12049.5,0.25,18,0.25,11630.5,419,0.0347732271048591,646.138888888889,628.675675675676,669.416666666667,651.324324324324,Week,7,2025,2025 - Week 7,LF
2400006487,Gravity,Rey Hernandez,2025-02-17,2024,SWBS,R20015,TVW24S8634X1,196,0.08,3,0.17,183.5,12.5,0.0637755102040816,61.1666666666667,56.4615384615385,65.3333333333333,60.3076923076923,Week,8,2025,2025 - Week 8,MF
2400006455,Gravity,Rey Hernandez,2025-02-17,2024,SWCO,BSS23648,WAW088590X2,156.5,0.08,2,0.17,143,13.5,0.0862619808306709,71.5,63.5555555555556,78.25,69.5555555555556,Week,8,2025,2025 - Week 8,UN
2400006547,Gravity,Rey Hernandez,2025-02-17,2024,SWBS,R22153,TVW24T8636X1,419,0.08,1,0.25,373,46,0.109785202863962,373,280.451127819549,419,315.037593984962,Week,8,2025,2025 - Week 8,M
2400006590,Gravity,Rey Hernandez,2025-02-17,2024,SWCO,007R,WAW088500X2,2414,0.08,4,0.25,2122.5,291.5,0.120753935376968,530.625,490.184757505774,603.5,557.505773672055,Week,8,2025,2025 - Week 8,LF
2400006581,Gravity,Rey Hernandez,2025-02-18,2024,SWBS,R11649,TVW24T8630X1,116.5,0.08,2,0.17,105,11.5,0.0987124463519313,52.5,46.6666666666667,58.25,51.7777777777778,Week,8,2025,2025 - Week 8,L
2400006559,Gravity,Rey Hernandez,2025-02-18,2024,SWBS,R00681A,TVW24T8658X1,194,0.08,2,0.17,168.5,25.5,0.131443298969072,84.25,74.8888888888889,97,86.2222222222222,Week,8,2025,2025 - Week 8,R
2400006545,Gravity,Rey Hernandez,2025-02-18,2024,SWCO,LUNA,TVW088561X2,592,0.08,1,0.25,496,96,0.162162162162162,496,372.932330827068,592,445.112781954887,Week,8,2025,2025 - Week 8,MR
2400006509,Gravity,Rey Hernandez,2025-02-18,2024,SWCO,GH6462S,WAC088592,584,0.08,1,0.25,517,67,0.11472602739726,517,388.721804511278,584,439.097744360902,Week,8,2025,2025 - Week 8,LF
2400006546,Gravity,Rey Hernandez,2025-02-18,2024,SWCO,GH6462S,WAC088592,996,0.08,1.5,0.25,889,107,0.107429718875502,592.666666666667,485.792349726776,664,544.262295081967,Week,8,2025,2025 - Week 8,MR
2400006556,Gravity,Rey Hernandez,2025-02-19,2024,SWBS,34B1R1SH2,TVW24T8600,317,0.08,5,0.17,300.5,16.5,0.0520504731861199,60.1,57.2380952380952,63.4,60.3809523809524,Week,8,2025,2025 - Week 8,UN
300095525,Gravity,Rey Hernandez,2025-02-19,2024,SWBS,R00638,TVW24T8623X1,232.5,0.08,2.5,0.17,218.5,14,0.0602150537634409,87.4,79.4545454545455,93,84.5454545454546,Week,8,2025,2025 - Week 8,LR
2400006603,Gravity,Rey Hernandez,2025-02-19,2024,SWBS,R398P,TVC24T8638X1,367,0.08,3,0.17,353.5,13.5,0.0367847411444142,117.833333333333,108.769230769231,122.333333333333,112.923076923077,Week,8,2025,2025 - Week 8,R
2400006544,Gravity,Rey Hernandez,2025-02-19,2024,SWCO,GLACIAL,WAW088526X2,637,0.08,1,0.25,578.5,58.5,0.0918367346938776,578.5,434.962406015038,637,478.947368421053,Week,8,2025,2025 - Week 8,MF
300095278,Gravity,Rey Hernandez,2025-02-19,2024,SWBS,R00610,TVW24T8621X1,541,0.08,0.5,0.25,479.5,61.5,0.113678373382625,959,577.710843373494,1082,651.807228915663,Week,8,2025,2025 - Week 8,R
300095279,Gravity,Rey Hernandez,2025-02-19,2024,SWCO,PLAYA,WAW088549X2,1148.5,0.08,1,0.25,1070.5,78,0.0679146713104049,1070.5,804.887218045113,1148.5,863.533834586466,Week,8,2025,2025 - Week 8,LF
2400006522,Gravity,Rey Hernandez,2025-02-19,2024,SWCO,BSS1075-R,TVW088543X2,1209,0.08,1,0.25,1175,34,0.0281224152191894,1175,883.458646616541,1209,909.022556390977,Week,8,2025,2025 - Week 8,MR
2400006512,Gravity,Rey Hernandez,2025-02-20,2024,SWBS,W0168,TVC24T8657,93,0.08,4,0.17,72.5,20.5,0.220430107526882,18.125,17.0588235294118,23.25,21.8823529411765,Week,8,2025,2025 - Week 8,U
2400006562,Gravity,Rey Hernandez,2025-02-20,2024,SWCO,GSS1198-R,WAW088529X2,1000,0.08,1.5,0.25,882,118,0.118,588,481.967213114754,666.666666666667,546.448087431694,Week,8,2025,2025 - Week 8,MR
2400006564,Gravity,Rey Hernandez,2025-02-20,2024,SWCO,GSS3951,WAW088603X1,1164,0.08,1,0.25,1042.5,121.5,0.104381443298969,1042.5,783.834586466165,1164,875.187969924812,Week,8,2025,2025 - Week 8,MR
2400006458,Gravity,Rey Hernandez,2025-02-21,2024,SWBS,R00681A,TVW24S8625X1P,330.5,0.08,4.5,0.17,319,11.5,0.0347957639939486,70.8888888888889,67.1578947368421,73.4444444444444,69.5789473684211,Week,8,2025,2025 - Week 8,F
2400006529,Gravity,Rey Hernandez,2025-02-24,2024,SWBS,R00681A,TVW24S8625X1P,164,0.08,2.5,0.17,152.5,11.5,0.0701219512195122,61,55.4545454545455,65.6,59.6363636363636,Week,9,2025,2025 - Week 9,R
2400006604,Gravity,Rey Hernandez,2025-02-24,2024,SWBS,R20264,TVW24S8635X1P,254,0.08,3.5,0.17,241.5,12.5,0.0492125984251969,69,64.4,72.5714285714286,67.7333333333333,Week,9,2025,2025 - Week 9,R
2400006563,Gravity,Rey Hernandez,2025-02-24,2024,SWCO,GSS3951,WAW088573X1,13743,0.33,14,0.25,12884.5,858.5,0.0624681656115841,920.321428571429,883.710562414266,981.642857142857,942.592592592593,Week,9,2025,2025 - Week 9,LF
2400006592,Gravity,Rey Hernandez,2025-02-25,2024,SWBS,R00610,TVW24T8621X1K,278,0.08,3.5,0.17,264.5,13.5,0.0485611510791367,75.5714285714286,70.5333333333333,79.4285714285714,74.1333333333333,Week,9,2025,2025 - Week 9,L
2400006588,Gravity,Rey Hernandez,2025-02-25,2024,SWBS,R10008,TVW24T8626X1,231.5,0.08,2,0.17,217,14.5,0.0626349892008639,108.5,96.4444444444444,115.75,102.888888888889,Week,9,2025,2025 - Week 9,MR
2400006527,Gravity,Rey Hernandez,2025-02-25,2024,SWCO,SERENDEPITY,ORT088554,3677,0.17,3,0.25,3532.5,144.5,0.0392983410388904,1177.5,1032.89473684211,1225.66666666667,1075.14619883041,Week,9,2025,2025 - Week 9,LR
2400006447,Gravity,Rey Hernandez,2025-02-25,2024,SWCO,SERENDIPITY,ORT088554,1391,0.08,1,0.25,1217.5,173.5,0.124730409777139,1217.5,915.413533834587,1391,1045.86466165414,Week,9,2025,2025 - Week 9,MF
2400006591,Gravity,Rey Hernandez,2025-02-26,2024,SWCO,PROTECTOR,WAW088550H,390,0.08,4.5,0.17,366,24,0.0615384615384615,81.3333333333333,77.0526315789474,86.6666666666667,82.1052631578947,Week,9,2025,2025 - Week 9,LF
30006015,Gravity,Rey Hernandez,2025-02-26,2024,SWCO,GSS3378,WAW088568X2,246,0.08,2.5,0.17,233.5,12.5,0.0508130081300813,93.4,84.9090909090909,98.4,89.4545454545455,Week,9,2025,2025 - Week 9,LR
2400006551,Gravity,Rey Hernandez,2025-02-26,2024,SWCO,SERENDIPITY,ORT088554,5624.5,0.25,6,0.25,5250,374.5,0.0665836963285625,875,807.692307692308,937.416666666667,865.307692307692,Week,9,2025,2025 - Week 9,LF
2400006587,Gravity,Rey Hernandez,2025-02-27,2024,SWBS,W0234,TVC24T8648,103,0.08,3.5,0.17,93,10,0.0970873786407767,26.5714285714286,24.8,29.4285714285714,27.4666666666667,Week,9,2025,2025 - Week 9,LR
300096101,Gravity,Rey Hernandez,2025-02-27,2024,SWCO,GSS3378,WAW088568X2,169,0.08,2,0.17,158.5,10.5,0.0621301775147929,79.25,70.4444444444444,84.5,75.1111111111111,Week,9,2025,2025 - Week 9,LF
2400006492,Gravity,Rey Hernandez,2025-02-27,2024,SWCO,GSS3378,WAW088568X2,116,0.08,1,1.7,104,12,0.103448275862069,104,37.410071942446,116,41.726618705036,Week,9,2025,2025 - Week 9,MR
2400006600,Gravity,Rey Hernandez,2025-02-27,2024,SWCO,SERENDIPITY,ORT088554,2715.5,0.17,21.5,0.33,2559,156.5,0.0576321119499172,119.023255813953,116.318181818182,126.302325581395,123.431818181818,Week,9,2025,2025 - Week 9,MR
300096216,Gravity,Rey Hernandez,2025-02-28,2024,SWBS,R10016,TVW24T8627X1,154.5,0.08,2,0.17,143,11.5,0.0744336569579288,71.5,63.5555555555556,77.25,68.6666666666667,Week,9,2025,2025 - Week 9,R
2400006589,Gravity,Rey Hernandez,2025-02-28,2024,SWBS,G0012,TVC24T8610X1,215,0.08,2.5,0.17,198,17,0.0790697674418605,79.2,72,86,78.1818181818182,Week,9,2025,2025 - Week 9,R
2400006486,Gravity,Rey Hernandez,2025-02-28,2024,SWCO,SERENDIPITY,WAT088578,4075.5,0.17,7,0.25,3832,243.5,0.0597472702735861,547.428571428571,516.44204851752,582.214285714286,549.258760107817,Week,9,2025,2025 - Week 9,LF
300096275,Gravity,Rey Hernandez,2025-03-03,2024,SWBS,R22659,TVW24S8645X1,31.5,0.08,1.5,0.17,27.5,4,0.126984126984127,18.3333333333333,15.7142857142857,21,18,Week,10,2025,2025 - Week 10,UN
300096215,Gravity,Rey Hernandez,2025-03-03,2024,SWBS,R00660DM,TVW24S8659X1,178,0.08,2,0.17,167,11,0.0617977528089888,83.5,74.2222222222222,89,79.1111111111111,Week,10,2025,2025 - Week 10,L
2400006510,Gravity,Rey Hernandez,2025-03-03,2024,SWCO,SERENDIPITY,WAT088578,2548.5,0.17,5,0.25,2450.5,98,0.0384539925446341,490.1,452.121771217712,509.7,470.20295202952,Week,10,2025,2025 - Week 10,MR
2400006456,Gravity,Rey Hernandez,2025-03-03,2024,SWCO,GARRISON-R,TVW088589X1,1127,0.08,1.5,0.25,980,147,0.130434782608696,653.333333333333,535.51912568306,751.333333333333,615.846994535519,Week,10,2025,2025 - Week 10,MR
300096015,Gravity,Rey Hernandez,2025-03-03,2024,SWCO,GSS3378,WAW088568X2,246,2.5,0.08,0.17,233.5,12.5,0.0508130081300813,2918.75,84.9090909090909,3075,89.4545454545455,Week,10,2025,2025 - Week 10,LR
300096274,Gravity,Rey Hernandez,2025-03-04,2024,SWBS,R10559,TVW24S8629X1,83,0.08,1.5,0.17,74.5,8.5,0.102409638554217,49.6666666666667,42.5714285714286,55.3333333333333,47.4285714285714,Week,10,2025,2025 - Week 10,U
2400006490,Gravity,Rey Hernandez,2025-03-04,2024,SWBS,W0234,TVC24T8648,445,0.08,3.5,0.17,429.5,15.5,0.0348314606741573,122.714285714286,114.533333333333,127.142857142857,118.666666666667,Week,10,2025,2025 - Week 10,LF
300095359,Gravity,Rey Hernandez,2025-03-04,2024,SWCO,GSS1477S,WAW088530X1,5884,0.17,5,0.25,5710,174,0.0295717199184228,1142,1053.50553505535,1176.8,1085.60885608856,Week,10,2025,2025 - Week 10,MR
300096273,Gravity,Rey Hernandez,2025-03-05,2024,SWBS,R20264,TVW24S8635X1P,422,0.08,3,0.17,410,12,0.028436018957346,136.666666666667,126.153846153846,140.666666666667,129.846153846154,Week,10,2025,2025 - Week 10,F
300095358,Gravity,Rey Hernandez,2025-03-06,2024,SWCO,GSS1477S,WAW088530X1,18861,0.42,15,0.25,18437,424,0.0224802502518424,1229.13333333333,1176.5794511806,1257.4,1203.63752393108,Week,10,2025,2025 - Week 10,LF
300096126,Gravity,Rey Hernandez,2025-03-07,2024,SWCO,GH9335,TVC077066,628.5,0.08,7,0.17,628,0.5,0.000795544948289578,89.7142857142857,86.6206896551724,89.7857142857143,86.6896551724138,Week,10,2025,2025 - Week 10,LR
300096127,Gravity,Rey Hernandez,2025-03-07,2023,SWCO,GH9335,TVC077066,422,0.08,4.5,0.17,410.5,11.5,0.0272511848341232,91.2222222222222,86.421052631579,93.7777777777778,88.8421052631579,Week,10,2025,2025 - Week 10,MR
2400006528,Gravity,Rey Hernandez,2025-03-07,2024,SWCO,SWEET G 90,WAC088587,1457.5,0.08,2.5,0.25,1287,170.5,0.116981132075472,514.8,454.770318021201,583,515.017667844523,Week,10,2025,2025 - Week 10,MR
2400006552,Gravity,Rey Hernandez,2025-03-07,2024,SWCO,7401 IMP,INW088609X2,737.5,0.08,1,0.25,668.5,69,0.0935593220338983,668.5,502.631578947368,737.5,554.511278195489,Week,10,2025,2025 - Week 10,LR
300096368,Gravity,Rey Hernandez,2025-03-07,2024,SWCO,007R,WAW088500X2,2121,0.08,2.5,0.25,1900,221,0.104196133899104,760,671.378091872792,848.4,749.469964664311,Week,10,2025,2025 - Week 10,LF
300096343,Gravity,Rey Hernandez,2025-03-10,2024,SWCO,GSS2271,TVW088595,71.5,0.08,1.5,0.17,61,10.5,0.146853146853147,40.6666666666667,34.8571428571429,47.6666666666667,40.8571428571429,Week,11,2025,2025 - Week 11,F
300095621,Gravity,Rey Hernandez,2025-03-10,2024,SWCO,GSS7877,WAW088539X2,1353,0.08,2,0.25,1230,123,0.0909090909090909,615,527.896995708154,676.5,580.68669527897,Week,11,2025,2025 - Week 11,MF
300095620,Gravity,Rey Hernandez,2025-03-10,2024,SWCO,GSS7877,WAW088539X2,5855.5,0.17,4,0.25,5801,54.5,0.00930748868585091,1450.25,1312.44343891403,1463.875,1324.77375565611,Week,11,2025,2025 - Week 11,LR
300096217,Gravity,Rey Hernandez,2025-03-11,2024,SWBS,R10016,TVW24T8627X1,611,0.08,6.5,0.17,598.5,12.5,0.0204582651391162,92.0769230769231,88.6666666666667,94,90.5185185185185,Week,11,2025,2025 - Week 11,F
300095914,Gravity,Rey Hernandez,2025-03-11,2024,SWCO,7401 IMP,INW088609X2,730,0.08,2,0.25,664,66,0.0904109589041096,332,284.978540772532,365,313.304721030043,Week,11,2025,2025 - Week 11,LF
300095999,Gravity,Rey Hernandez,2025-03-11,2023,SWCO,GH6055,TVC077181X1,828.5,0.08,1,0.25,702,126.5,0.152685576342788,702,527.81954887218,828.5,622.932330827068,Week,11,2025,2025 - Week 11,LR
2400006691,Gravity,Rey Hernandez,2025-03-12,2019,SWBS,R584A,TVW19T3026X1,179,0.08,5,0.17,157.5,21.5,0.120111731843575,31.5,30,35.8,34.0952380952381,Week,11,2025,2025 - Week 11,LF
2400006695,Gravity,Rey Hernandez,2025-03-12,2023,SWBS,R584A,TVW23T7580X1,651,0.08,1,0.25,479,172,0.2642089093702,479,360.15037593985,651,489.473684210526,Week,11,2025,2025 - Week 11,MF
300096272,Gravity,Rey Hernandez,2025-03-12,2024,SWBS,R584A,TVW24S8641X1,973.5,0.08,1,0,743,230.5,0.236774524910118,743,687.962962962963,973.5,901.388888888889,Week,11,2025,2025 - Week 11,F
2400006690,Gravity,Rey Hernandez,2025-03-12,2024,SWBS,R584A,TVW24S8641X1,555.5,0.08,0.5,0,501,54.5,0.0981098109810981,1002,863.793103448276,1111,957.758620689655,Week,11,2025,2025 - Week 11,R
300095998,Gravity,Rey Hernandez,2025-03-12,2023,SWCO,GH6055,TVC077181X1,621.5,0.08,0.5,0.25,502,119.5,0.192276749798874,1004,604.819277108434,1243,748.795180722892,Week,11,2025,2025 - Week 11,LF
2400006694,Gravity,Rey Hernandez,2025-03-12,2019,SWBS,R584A,TVW19T3026X1,98,1,0.08,0.17,92.5,5.5,0.0561224489795918,1156.25,74,1225,78.4,Week,11,2025,2025 - Week 11,LR
2400006693,Gravity,Rey Hernandez,2025-03-13,2020,SWBS,R584A,TVW20T4033X1,223,0.08,2.5,0.17,203,20,0.0896860986547085,81.2,73.8181818181818,89.2,81.0909090909091,Week,11,2025,2025 - Week 11,LF
2400006696,Gravity,Rey Hernandez,2025-03-13,2023,SWBS,R584A,TVW23U7581X1,161.5,0.08,1,0.17,149,12.5,0.0773993808049536,149,119.2,161.5,129.2,Week,11,2025,2025 - Week 11,L
2400006692,Gravity,Rey Hernandez,2025-03-13,2019,SWBS,R584A,TVW19T3026X1,247.5,0.08,1.5,0.17,234,13.5,0.0545454545454545,156,133.714285714286,165,141.428571428571,Week,11,2025,2025 - Week 11,MR
2400006697,Gravity,Rey Hernandez,2025-03-13,2024,SWBS,AC206Y,TVW24T8606,263.5,0.08,0.5,0.25,242.5,21,0.079696394686907,485,292.168674698795,527,317.469879518072,Week,11,2025,2025 - Week 11,UN
2400006689,Gravity,Rey Hernandez,2025-03-13,2021,SWBS,R325A,TVC21T5047X1,1563.5,0.08,1.5,0.25,1450.5,113,0.0722737448033259,967,792.622950819672,1042.33333333333,854.371584699454,Week,11,2025,2025 - Week 11,LR
2400006507,Gravity,Rey Hernandez,2025-03-14,2024,SWCO,P&C EARLY,WAC088547,498.5,0.08,1,0.25,324,174.5,0.350050150451354,324,243.609022556391,498.5,374.812030075188,Week,11,2025,2025 - Week 11,MR
2400006506,Gravity,Rey Hernandez,2025-03-14,2024,SWCO,P&C EARLY,WAC088547,3296.5,0.17,3,0.25,2698,598.5,0.181556195965418,899.333333333333,788.888888888889,1098.83333333333,963.888888888889,Week,11,2025,2025 - Week 11,LR
2400006670,Gravity,Rey Hernandez,2025-03-14,2024,SWCO,PROTECTOR-R,WAW088550H,1125,0.08,1,0.25,1004.5,120.5,0.107111111111111,1004.5,755.263157894737,1125,845.864661654135,Week,11,2025,2025 - Week 11,LR
2400006620,Gravity,Rey Hernandez,2025-03-17,2024,SWBS,G9089,TVW24S8614X1P,334,0.08,13,0.17,324,10,0.029940119760479,24.9230769230769,24.4528301886792,25.6923076923077,25.2075471698113,Week,12,2025,2025 - Week 12,F
300096488,Gravity,Rey Hernandez,2025-03-19,2024,SWBS,R00681A,TVW24T8658X1,168.5,0.08,2.5,0.17,158,10.5,0.0623145400593472,63.2,57.4545454545455,67.4,61.2727272727273,Week,12,2025,2025 - Week 12,R
300096489,Gravity,Rey Hernandez,2025-03-19,2024,SWBS,R00610,TVW24T8621X1K,264.5,0.08,3.5,0.17,254,10.5,0.0396975425330813,72.5714285714286,67.7333333333333,75.5714285714286,70.5333333333333,Week,12,2025,2025 - Week 12,L
300096270,Gravity,Rey Hernandez,2025-03-19,2024,SWCO,GSS3071S,WAW088531X1,14657.5,1,21,0.17,14465.5,192,0.0130990960259253,688.833333333333,652.480829950383,697.976190476191,661.141181777176,Week,12,2025,2025 - Week 12,MR
300096490,Gravity,Rey Hernandez,2025-03-20,2024,SWBS,R20264,TVW24S8635X1P,241.5,0.08,2.75,0.17,232,9.5,0.0393374741200828,84.3636363636364,77.3333333333333,87.8181818181818,80.5,Week,12,2025,2025 - Week 12,R
2400006671,Gravity,Rey Hernandez,2025-03-20,2024,SWCO,GH9335,WAC088525,730,0.25,1.75,0.5,588.5,141.5,0.193835616438356,336.285714285714,235.4,417.142857142857,292,Week,12,2025,2025 - Week 12,LF
2400006760,Gravity,Rey Hernandez,2025-03-20,2024,SWBS,R584A,TVW24S8641X1,501,0.08,0.5,0.17,480.5,20.5,0.0409181636726547,961,640.666666666667,1002,668,Week,12,2025,2025 - Week 12,R
300096430,Gravity,Rey Hernandez,2025-03-21,2024,SWCO,GSS3951,WAW088603X1,1042.5,0.08,1.75,0.17,826.5,216,0.207194244604317,472.285714285714,413.25,595.714285714286,521.25,Week,12,2025,2025 - Week 12,MR
300096213,Gravity,Rey Hernandez,2025-03-21,2024,SWCO,GSS8937,WAW088575X1,956,0.25,1.5,0.5,851,105,0.109832635983264,567.333333333333,378.222222222222,637.333333333333,424.888888888889,Week,12,2025,2025 - Week 12,MR
300096953,Gravity,Rey Hernandez,2025-04-04,2024,SWCO,GSS3951,24-MZ2031X1,14164,1.5,20,0.5,12833.5,1330.5,0.0939353290031065,641.675,583.340909090909,708.2,643.818181818182,Week,14,2025,2025 - Week 14,MF
300096952,Gravity,Rey Hernandez,2025-04-08,2024,SWCO,GSS3951,WAW088573X1,15412.5,1,16,0.5,14483,929.5,0.0603081914030819,905.1875,827.6,963.28125,880.714285714286,Week,15,2025,2025 - Week 15,MR
300097030,Gravity,Rey Hernandez,2025-04-09,2024,SWBS,R10016,TVW24T8627X1,598.5,0.17,1,0.5,434,164.5,0.274853801169591,434,259.880239520958,598.5,358.383233532934,Week,15,2025,2025 - Week 15,F
2400006570,LINE 3(NORTH STAR),Jesus Alvarez,2025-04-10,2023,SWBS,R660D,TVW23U7586X1,9480.5,0.08,66.5,0.5,9421,59.5,0.00627604029323348,141.669172932331,140.444245676804,142.563909774436,141.331246273107,Week,15,2025,2025 - Week 15,MF
300097164,Gravity,Rey Hernandez,2025-04-16,2024,SWCO,GSS8937,WAW088575X1,851,0.17,1.5,0.25,680,171,0.200940070505288,453.333333333333,354.166666666667,567.333333333333,443.229166666667,Week,16,2025,2025 - Week 16,MR
2400006783,Gravity,Rey Hernandez,2025-04-17,2024,SWBS,R10016,TVW24T8627X1,433.5,0.08,3,0.17,415.5,18,0.041522491349481,138.5,127.846153846154,144.5,133.384615384615,Week,16,2025,2025 - Week 16,F
300097071,Gravity,Luisa Salas,2025-04-23,2024,SWBS,R10008,TVW24T8626X1,215.5,0.25,3,0.33,205.5,10,0.0464037122969838,68.5,57.4022346368715,71.8333333333333,60.195530726257,Week,17,2025,2025 - Week 17,MR
300097118,Gravity,Ana Ramirez,2025-04-28,2024CL,SWCO,GSS3951,24-MZ2031X1,12833,0.42,22.5,0.25,12348.5,484.5,0.0377542273825294,548.822222222222,532.952093223997,570.355555555556,553.862753560639,Week,18,2025,2025 - Week 18,MF
2400006860,Gravity,Rey Hernandez,2025-05-10,2024,SWCO,GSS1477S,WAW088530X1,13436.5,0.5,8.5,1,12548.5,888,0.0660886391545417,1476.29411764706,1254.85,1580.76470588235,1343.65,Week,19,2025,2025 - Week 19,LR
300097823,Gravity,Ana Ramirez,2025-05-19,2024,SWCO,GSS2577,PL41102406,3833.5,0.25,5,0.5,3564.5,269,0.0701708621364289,712.9,619.913043478261,766.7,666.695652173913,Week,21,2025,2025 - Week 21,16C
1002135596,Line 1,Mario Martinez,2025-05-23,2025CL,SWCO,GH6055,CPW099056X1,18488.75,1,11,4,16774,1714.75,0.0927455885335677,1524.90909090909,1048.375,1680.79545454545,1155.546875,Week,21,2025,2025 - Week 21,
300097715,Gravity,Ana Ramirez,2025-06-06,2023,SWCO,BSS8021,INW077044X2,1818.5,0.25,2.5,0.25,1730,88.5,0.0486664833654111,692,576.666666666667,727.4,606.166666666667,Week,23,2025,2025 - Week 23,MF
300097790,Gravity,Ana Ramirez,2025-06-09,2023,SWCO,GH6055,WAC077061X1K,3006,0.25,2,0.25,2719,287,0.0954757152361943,1359.5,1087.6,1503,1202.4,Week,24,2025,2025 - Week 24,LF
2400007020,Gravity,Ana Ramirez,2025-06-10,2024CL,SWCO,GSS3951,24-MZ2031X1,14024,0.75,11,0.25,13314,710,0.0506274957216201,1210.36363636364,1109.5,1274.90909090909,1168.66666666667,Week,24,2025,2025 - Week 24,MR
2400007000,Gravity,Ana Ramirez,2025-06-12,2025CL,SWCO,GH6055,CPW099056X1,1403.5,0.25,2,0.25,1283.5,120,0.0855005343783399,641.75,513.4,701.75,561.4,Week,24,2025,2025 - Week 24,MR
2400006963,Gravity,Ana Ramirez,2025-06-12,2024,SWCO,SILVER KING,TVC088555,8151,0.25,8,0.25,7678,473,0.058029689608637,959.75,903.294117647059,1018.875,958.941176470588,Week,24,2025,2025 - Week 24,LR
2400007001,Gravity,Ana Ramirez,2025-06-16,2025CL,SWCO,GH6055,CPW099056X1,3196,0.25,4,0.25,3070,126,0.039424280350438,767.5,682.222222222222,799,710.222222222222,Week,25,2025,2025 - Week 25,LR
2400006902,Gravity,Ana Ramirez,2025-06-17,2025CL,SWCO,GH6055,CPW099056X1,10571,0.33,9,0.25,9933,638,0.0603537981269511,1103.66666666667,1036.84759916493,1174.55555555556,1103.44467640919,Week,25,2025,2025 - Week 25,LF
2400006924,Gravity,Ana Ramirez,2025-06-20,2024,SWCO,GSS1477S,WAW088530X1,18360.5,0.33,13,0.5,17004.5,1356,0.0738541978704284,1308.03846153846,1229.53723788865,1412.34615384615,1327.58496023138,Week,25,2025,2025 - Week 25,LF
2400006925,Gravity,Luisa Salas,2025-06-23,2023,SWCO,PROVIDENCE,TVT077082,7143,0.33,9.5,0.5,6335,808,0.113117737645247,666.842105263158,613.262342691191,751.894736842105,691.481122942885,Week,26,2025,2025 - Week 26,MF
1002127860,Line 1,Rey Hernandez,2025-06-23,2025CL,SWCO,BSS1075-R,CPW099053X2,4514,0.33,3,3,3689,825,0.18276473194506,1229.66666666667,582.780410742496,1504.66666666667,713.112164296999,Week,26,2025,2025 - Week 26,
1002127859,Line 1,Rey Hernandez,2025-06-26,2025CL,SWCO,BSS8021,CPW099054X2,3576,0.33,3,3,2992.5,583.5,0.163171140939597,997.5,472.748815165877,1192,564.928909952607,Week,26,2025,2025 - Week 26,
2400007100,Gravity,Luisa Salas,2025-07-02,2025,SWCO,BSS1075-R,CP099053X2,474,0.25,1.5,0.25,428,46,0.0970464135021097,285.333333333333,214,316,237,Week,27,2025,2025 - Week 27,MF
2400007161,Gravity,Luisa Salas,2025-07-02,2025CL,SWCO,BSS1075-R,CW099053X2,537,0.33,1.5,0.25,485,52,0.0968342644320298,323.333333333333,233.173076923077,358,258.173076923077,Week,27,2025,2025 - Week 27,LF
2400006923,Gravity,Luisa Salas,2025-07-02,2024,SWCO,GSS3951,WAW0885573X1,26349,0.33,36,0.5,25161.5,1187.5,0.0450681240274773,698.930555555556,683.179473255498,731.916666666667,715.422210154765,Week,27,2025,2025 - Week 27,MFL
2400007060,Gravity,Luisa Salas,2025-07-03,2025CL,SWCO,GH6055,CPW099056X1,1278,0.25,12,0.17,1237,41,0.0320813771517997,103.083333333333,99.597423510467,106.5,102.898550724638,Week,27,2025,2025 - Week 27,MR
2400007140,Gravity,Rey Hernandez,2025-07-03,2025CL,SWCO,BSS8021,CPW099054X2,233.5,0.17,0.5,0.25,207,26.5,0.113490364025696,414,225,467,253.804347826087,Week,27,2025,2025 - Week 27,MF
2400007160,Gravity,Rey Hernandez,2025-07-03,2025CL,SWCO,BSS1075-R,CPW099053X2,1636.5,0.17,2,0.25,1419,217.5,0.132905591200733,709.5,586.363636363636,818.25,676.239669421488,Week,27,2025,2025 - Week 27,LR
2400007101,Gravity,Ana Ramirez,2025-07-03,2025CL,SWCO,BSS8021,CPW099054X2,480.5,0.17,0.5,0.25,450.5,30,0.0624349635796046,901,489.673913043478,961,522.282608695652,Week,27,2025,2025 - Week 27,LF
2400007120,Gravity,Rey Hernandez,2025-07-03,2025CL,SWCO,BSS1075-R,CPW099053X2,1040,0.17,1,0.25,935,105,0.100961538461538,935,658.450704225352,1040,732.394366197183,Week,27,2025,2025 - Week 27,MR
2400007141,Gravity,Ana Ramirez,2025-07-03,2025CL,SWCO,BSS8021,CPW099054X2,560,0.17,0.5,0.25,524,36,0.0642857142857143,1048,569.565217391304,1120,608.695652173913,Week,27,2025,2025 - Week 27,MR
2400007082,Gravity,Ana Ramirez,2025-07-07,2025CL,SWCO,BSS8021,CPW099054X2,1717,0.17,1.5,0.25,1570,147,0.0856144437973209,1046.66666666667,817.708333333333,1144.66666666667,894.270833333333,Week,28,2025,2025 - Week 28,LR
2400007066,Gravity,Luisa Salas,2025-07-08,2025CL,SWCO,GH6055,CPW099056X1,1581,0.25,13.5,0.17,1515.5,65.5,0.0414294750158128,112.259259259259,108.872126436782,117.111111111111,113.577586206897,Week,28,2025,2025 - Week 28,MF
1002147936,Line 1,Rey Hernandez,2025-07-14,2025CL,SWCO,BSS8021,CTW099010X2,19349.5,1.5,10,3,16170,3179.5,0.164319491459728,1617,1115.1724137931,1934.95,1334.44827586207,Week,29,2025,2025 - Week 29,
1002147937,Line 1,Rey Hernandez,2025-07-15,2025CL,SWCO,BSS1075-R,CTW099007X2,3225,0.5,2.5,0.5,2695,530,0.164341085271318,1078,770,1290,921.428571428572,Week,29,2025,2025 - Week 29,
1002147938,Line 1,Rey Hernandez,2025-07-15,2025CL,SWCO,BSS1075-R,CTW099008X2,4020.5,0.5,2.5,0.5,3546,474.5,0.118020146747917,1418.4,1013.14285714286,1608.2,1148.71428571429,Week,29,2025,2025 - Week 29,
1002147939,Line 1,Rey Hernandez,2025-07-16,2025CL,SWCO,BSS1075-R,CTW099009X2,7781.5,1,3,2.5,6823,958.5,0.123176765405128,2274.33333333333,1049.69230769231,2593.83333333333,1197.15384615385,Week,29,2025,2025 - Week 29,
2400007081,Gravity,Luisa Salas,2025-07-18,2024,SWCO,GSS3951,WAW088534X1,34976,1,31,0.25,33309.5,1666.5,0.0476469579139982,1074.5,1032.85271317829,1128.25806451613,1084.52713178295,Week,29,2025,2025 - Week 29,MFH
2400007080,Gravity,Ana Ramirez,2025-07-21,2024,SWCO,EARLY SUNGLOW,WAC088518,10274.5,0.5,7,0.5,9748,526.5,0.051243369507032,1392.57142857143,1218.5,1467.78571428571,1284.3125,Week,30,2025,2025 - Week 30,LF
1002140059,Line 2,Rey Hernandez,2025-07-29,2025,PEBS,ROMAGO,TVP25T9137,24622,1,40,1.5,21813.5,2808.5,0.114064657623264,545.3375,513.258823529412,615.55,579.341176470588,Week,31,2025,2025 - Week 31,
1002140033,Line 2,Ana Ramirez,2025-07-30,2025,PEBS,DGF0106,TVP25S9144T,581,0.5,3,1.5,486,95,0.163511187607573,162,97.2,193.666666666667,116.2,Week,31,2025,2025 - Week 31,
1002140034,Line 2,Ana Ramirez,2025-07-30,2025,PEBS,DGL0056,TVP25S9131T,477,0.5,1.5,1.5,372.5,104.5,0.219077568134172,248.333333333333,106.428571428571,318,136.285714285714,Week,31,2025,2025 - Week 31,
1002140037,Line 2,Ana Ramirez,2025-07-31,2025,PEBS,DGL0107,TVP25S9127T,636,0.5,1,1.5,563.5,72.5,0.113993710691824,563.5,187.833333333333,636,212,Week,31,2025,2025 - Week 31,
1002140027,Line 2,Ana Ramirez,2025-07-31,2025,PEBS,D85404,TVP25S9149,1133.5,0.5,1,1.5,852.5,281,0.247904719894133,852.5,284.166666666667,1133.5,377.833333333333,Week,31,2025,2025 - Week 31,
1002140028,Line 2,Ana Ramirez,2025-08-01,2025,PEBS,DGF0084,TVP25S9150T,1378,0.5,3,1.5,1123,255,0.185050798258345,374.333333333333,224.6,459.333333333333,275.6,Week,31,2025,2025 - Week 31,
1002140031,Line 2,Ana Ramirez,2025-08-01,2025,PEBS,DGF0104,TVP25S9125T,984,0.5,2,1.5,797,187,0.190040650406504,398.5,199.25,492,246,Week,31,2025,2025 - Week 31,
1002140032,Line 2,Ana Ramirez,2025-08-04,2025,PEBS,DGF0105,TVP25S9126T,3155,0.5,3,1.5,2868.5,286.5,0.0908082408874802,956.166666666667,573.7,1051.66666666667,631,Week,32,2025,2025 - Week 32,
1002140039,Line 2,Rey Hernandez,2025-08-05,2025,PEBS,DGL0109,TVP25S9145T,869,0.5,2,1.5,778,91,0.104718066743383,389,194.5,434.5,217.25,Week,32,2025,2025 - Week 32,
1002127858,Line 2,Ana Ramirez,2025-08-06,2025CL,SWBS,R565A,CPW25T9020X1,209,0.5,4,1.5,138,71,0.339712918660287,34.5,23,52.25,34.8333333333333,Week,32,2025,2025 - Week 32,
1002152826,Line 2,Rey Hernandez,2025-08-07,2025CL,SWBS,R565,CCW25T9010X1,1750,0.5,7,2.5,1396.5,353.5,0.202,199.5,139.65,250,175,Week,32,2025,2025 - Week 32,
1002147941,Line 2,Luisa Salas,2025-08-08,2025CL,SWCO,DESERT FROST,CTW099011K,146.5,0.17,3,2.5,114,32.5,0.221843003412969,38,20.1058201058201,48.8333333333333,25.8377425044092,Week,32,2025,2025 - Week 32,
1002147940,Line 2,Luisa Salas,2025-08-11,2025CL,SWCO,DESERT FROST,CTW099011,1667.5,0.17,8,2.5,1159.5,508,0.304647676161919,144.9375,108.669165885661,208.4375,156.279287722587,Week,33,2025,2025 - Week 33,
1002140040,Line 2,Ana Ramirez,2025-08-11,2025,PEBS,DGL0110,TVP25S9128T,2178,0.5,5,2.5,2024.5,153.5,0.0704775022956841,404.9,253.0625,435.6,272.25,Week,33,2025,2025 - Week 33,
1002140041,Line 2,Rey Hernandez,2025-08-11,2025,PEBS,DGL0111,TVP25S9129T,1721,0.5,3.5,1.5,1602,119,0.0691458454386984,457.714285714286,291.272727272727,491.714285714286,312.909090909091,Week,33,2025,2025 - Week 33,
1002140038,Line 2,Ana Ramirez,2025-08-12,2025,PEBS,DGL0108,TVP25S9147T,647,0.5,6,1.5,206.5,440.5,0.680834621329212,34.4166666666667,25.8125,107.833333333333,80.875,Week,33,2025,2025 - Week 33,
1002140050,Line 2,Anniellys Zerquera,2025-08-12,2025,PEBS,KUDO,TVP25S9133,125.5,0.25,0.67,1.5,105.5,20,0.159362549800797,157.462686567164,43.5950413223141,187.313432835821,51.8595041322314,Week,33,2025,2025 - Week 33,
1002140042,Line 2,Ana Ramirez,2025-08-12,2025,PEBS,DGL01012,TVP25S9146T,728,0.5,3,1.5,608,120,0.164835164835165,202.666666666667,121.6,242.666666666667,145.6,Week,33,2025,2025 - Week 33,
1002140035,Line 2,Jose Scott,2025-08-12,2025,PEBS,DGL0083,TVP25T9132,4360.5,0.17,6,2.5,3593.5,767,0.175897259488591,598.916666666667,414.475201845444,726.75,502.941176470588,Week,33,2025,2025 - Week 33,
1002154731,Line 2,Ana Ramirez,2025-08-13,2025CL,SWBS,AC111Y,CUW25T9023,531.5,0.5,2.5,1.5,445,86.5,0.16274694261524,178,98.8888888888889,212.6,118.111111111111,Week,33,2025,2025 - Week 33,
1002154732,Line 2,Anniellys Zerquera,2025-08-13,2025CL,SWBS,AC111Y,CUW25T9023K,1615.5,0.5,2.5,2,1215.5,400,0.24760136180749,486.2,243.1,646.2,323.1,Week,33,2025,2025 - Week 33,
1002140051,Line 2,Ana Ramirez,2025-08-13,2025,PEBS,KUDO,TVP25T9134,2475,0.5,3,1.5,2018.5,456.5,0.184444444444444,672.833333333333,403.7,825,495,Week,33,2025,2025 - Week 33,
1002154729,Line 2,Ana Ramirez,2025-08-14,2025CL,SWBS,R00404X,CPW25T9017,235,0.5,1,2.5,198.5,36.5,0.15531914893617,198.5,49.625,235,58.75,Week,33,2025,2025 - Week 33,
1002139924,Line 2,Ana Ramirez,2025-08-14,2025,PEBS,BINGO,TVP25T9148,1292,0.5,3,1.5,1166,126,0.0975232198142415,388.666666666667,233.2,430.666666666667,258.4,Week,33,2025,2025 - Week 33,
1002140036,Line 2,Ana Ramirez,2025-08-14,2025,PEBS,DGL0099,TVP25T9151T,3748.5,0.42,7,1.5,3412.5,336,0.0896358543417367,487.5,382.567264573991,535.5,420.235426008969,Week,33,2025,2025 - Week 33,
1002154730,Line 2,Ana Ramirez,2025-08-18,2025CL,SWBS,W1471D,CUW25S9022,242,0.5,3,1.5,176,66,0.272727272727273,58.6666666666667,35.2,80.6666666666667,48.4,Week,34,2025,2025 - Week 34,
1002140057,Line 2,Ana Ramirez,2025-08-18,2025,PEBS,NORVERT,TVP25S9155,326,0.5,2,1.5,236.5,89.5,0.274539877300614,118.25,59.125,163,81.5,Week,34,2025,2025 - Week 34,
1002140060,Line 2,Anniellys Zerquera,2025-08-18,2025,PEBS,SALTINGO,TVP25S9157,264,0.5,1.5,2.5,232.5,31.5,0.119318181818182,155,51.6666666666667,176,58.6666666666667,Week,34,2025,2025 - Week 34,
1002152827,Line 2,Ana Ramirez,2025-08-18,2025CL,SWBS,R681,CCW25T9003X1W,1199,0.5,1.5,2.5,953.5,245.5,0.204753961634696,635.666666666667,211.888888888889,799.333333333333,266.444444444444,Week,34,2025,2025 - Week 34,
1002155306,Line 2,Ana Ramirez,2025-08-19,2025CL,SWBS,R594A,CUW25T9021,2246.5,0.5,8,1.5,1763.5,483,0.215001112842199,220.4375,176.35,280.8125,224.65,Week,34,2025,2025 - Week 34,
1002140064,Line 2,Jose Scott,2025-08-19,2025,PEBS,ZONVERT,TVP25S9158,1810,0.5,4.5,2.5,1554.5,255.5,0.141160220994475,345.444444444444,207.266666666667,402.222222222222,241.333333333333,Week,34,2025,2025 - Week 34,
1002156096,Line 2,Mario Martinez,2025-08-21,2025CL,SWCO,BSS1075-R,CCW099037X2,4605,0.5,15,1.5,3763.5,841.5,0.182736156351792,250.9,221.382352941176,307,270.882352941176,Week,34,2025,2025 - Week 34,
1002140054,Line 2,Anniellys Zerquera,2025-08-21,2025,PEBS,LGF0097,TVP25T9152,2154.5,0.5,6.5,1.5,1879,275.5,0.127871896031562,289.076923076923,221.058823529412,331.461538461538,253.470588235294,Week,34,2025,2025 - Week 34,
1002154593,Line 2,Mario Martinez,2025-08-22,2025CL,SWCO,GSS1170-R,CTW099012X2,1832.5,0.5,8.5,2.5,1386,446.5,0.243656207366985,163.058823529412,120.521739130435,215.588235294118,159.347826086957,Week,34,2025,2025 - Week 34,
1002154594,Line 2,Anniellys Zerquera,2025-08-25,2025CL,SWCO,GSS1170-R,CTW099013X2,4584,0.5,17,2.5,3659,925,0.201788830715532,215.235294117647,182.95,269.647058823529,229.2,Week,35,2025,2025 - Week 35,
1002140030,Line 2,Rey Hernandez,2025-08-26,2025,PEBS,ZERUCO,TVP25T9130T,2542,0.5,5.5,2.5,2334,208,0.0818253343823761,424.363636363636,274.588235294118,462.181818181818,299.058823529412,Week,35,2025,2025 - Week 35,
1002147732,Line 2,Jose Scott,2025-08-27,2025,PEBS,GLORIVERT,TVP25T9161K,4792,0.5,9,0.17,4528.5,263.5,0.0549874791318865,503.166666666667,468.304033092037,532.444444444444,495.553257497415,Week,35,2025,2025 - Week 35,
1002140046,Line 2,Jose Scott,2025-08-27,2025,PEBS,GLORIVERT,TVP25T9161,5092.5,0.5,8.5,2.5,4320.5,772,0.151595483554246,508.294117647059,375.695652173913,599.117647058824,442.826086956522,Week,35,2025,2025 - Week 35,
2400007182,Gravity,Mario Martinez,2025-08-28,2025CL,SWCO,DESERT FROST,CTW099011K,114,0.17,2.5,0.17,89,25,0.219298245614035,35.6,31.3380281690141,45.6,40.1408450704225,Week,35,2025,2025 - Week 35,UN
1002140029,Line 2,Ana Ramirez,2025-08-29,2025,PEBS,MISTRAL,TVP25T9135,12029,0.5,20,1.5,11187.5,841.5,0.0699559398121207,559.375,508.522727272727,601.45,546.772727272727,Week,35,2025,2025 - Week 35,
1002140063,Line 2,Rey Hernandez,2025-09-02,2025,PEBS,ZONDA,TVP25T9166,12043,0.5,12.5,1.5,11820.5,222.5,0.0184754629245205,945.64,815.206896551724,963.44,830.551724137931,Week,36,2025,2025 - Week 36,
1002140052,Line 1,Rey Hernandez,2025-09-03,2025,PEBS,LARANGO,TVP25T9142,43856.5,1,51.25,1,32035,11821.5,0.269549553657953,625.073170731707,601.596244131455,855.736585365854,823.596244131455,Week,36,2025,2025 - Week 36,
1002140053,Line 2,Jose Scott,2025-09-03,2025,PEBS,LGF0090,TVP25T9156,1764,0.5,2.25,1,1565,199,0.11281179138322,695.555555555556,417.333333333333,784,470.4,Week,36,2025,2025 - Week 36,
1002140055,Line 2,Jose Scott,2025-09-03,2025,PEBS,LUNANVERT,TVP25S9153,1044,0.5,1,0.92,945.5,98.5,0.0943486590038314,945.5,390.702479338843,1044,431.404958677686,Week,36,2025,2025 - Week 36,
1002140026,Line 2,Ana Ramirez,2025-09-03,2025,PEBS,CORUS,TVP25T9138,13057.5,0.5,12,1.5,12223,834.5,0.0639096304805667,1018.58333333333,873.071428571429,1088.125,932.678571428572,Week,36,2025,2025 - Week 36,
300098153,Colorsorter,Rey Hernandez,2025-09-05,2025CL,SWCO,BSS8021,CPW099054X2,524,0.17,5,0.17,510.5,13.5,0.025763358778626,102.1,95.5992509363296,104.8,98.1273408239701,Week,36,2025,2025 - Week 36,MR
1002140045,Line 2,Rey Hernandez,2025-09-05,2025,PEBS,FLOVERT,TVP25T9136,18879,0.5,23,2.5,15943,2936,0.155516711690238,693.173913043478,613.192307692308,820.826086956522,726.115384615385,Week,36,2025,2025 - Week 36,
2400007183,Line 2,Mario Martinez,2025-09-08,2025CL,SWBS,R656A,CPW25T9020X1,91,0.17,3,0.17,70,21,0.230769230769231,23.3333333333333,20.9580838323353,30.3333333333333,27.2455089820359,Week,37,2025,2025 - Week 37,
1002139876,Line 2,Ana Ramirez,2025-09-08,2025,PEBS,SL3209,TVS25S9100T,1501,0.5,3.5,1.5,1154,347,0.231179213857428,329.714285714286,209.818181818182,428.857142857143,272.909090909091,Week,37,2025,2025 - Week 37,
1002139922,Line 2,Jose Scott,2025-09-08,2025,PEBS,SL3231,TVS25S9106T,870,0.5,2,1.5,674.5,195.5,0.224712643678161,337.25,168.625,435,217.5,Week,37,2025,2025 - Week 37,
1002139920,Line 2,Jose Scott,2025-09-08,2025,PEBS,SL3229,TVS25S9104T,789,0.5,1.2,2.5,496.5,292.5,0.370722433460076,413.75,118.214285714286,657.5,187.857142857143,Week,37,2025,2025 - Week 37,
1002154029,Line 2,Jose Scott,2025-09-08,2025,PEBS,SL3231,TVS25S9106TK,709,0.5,1,1.5,534.5,174.5,0.246121297602257,534.5,178.166666666667,709,236.333333333333,Week,37,2025,2025 - Week 37,
1002139877,Line 2,Ana Ramirez,2025-09-08,2025,PEBS,SL3210,TVS25S9101T,1396,0.5,1.5,1.5,1088,308,0.220630372492837,725.333333333333,310.857142857143,930.666666666667,398.857142857143,Week,37,2025,2025 - Week 37,
2400007181,Colorsorter(VMEK),Luisa Salas,2025-09-09,2025CL,SWBS,R565A,CPW25T9020X1,47,0.17,2,0.17,35.5,11.5,0.24468085106383,17.75,15.1709401709402,23.5,20.0854700854701,Week,37,2025,2025 - Week 37,M
1002140357,Line 2,Jose Scott,2025-09-09,2025,PEBS,SL3222,TVS25T9102T,2440,0.5,5,0,1830,610,0.25,366,332.727272727273,488,443.636363636364,Week,37,2025,2025 - Week 37,
2400007207,Line 2,Ana Ramirez,2025-09-09,2025CL,SWCO,DESERT FROST,CTW099011,223.5,0.17,0.5,0.25,197.5,26,0.116331096196868,395,214.673913043478,447,242.934782608696,Week,37,2025,2025 - Week 37,L
2400007215,Line 2,Ana Ramirez,2025-09-09,2025CL,SWCO,BSS1075-R,CPW099053X2,1418.5,0.17,3,0.5,1348,70.5,0.0497003877335213,449.333333333333,367.302452316076,472.833333333333,386.512261580382,Week,37,2025,2025 - Week 37,LR
2400007094,Gravity,Luisa Salas,2025-09-10,2025CL,SWBS,R565A,CCW25T9010X1,138.5,0.17,3.5,0.17,130,8.5,0.0613718411552347,37.1428571428571,33.8541666666667,39.5714285714286,36.0677083333333,Week,37,2025,2025 - Week 37,LR
1002139875,Line 1,Mario Martinez,2025-09-10,2025,PECO,Contigo,TVP25U9160,32560,1,224,0.5,25613.5,6946.5,0.213344594594595,114.345982142857,113.585365853659,145.357142857143,144.390243902439,Week,37,2025,2025 - Week 37,
1002139600,Line 2,Jose Scott,2025-09-10,2025,PECO,SL3222,TVS25U9103T,15017,0.25,17,2.5,12467.5,2549.5,0.169774255843378,733.382352941177,631.26582278481,883.352941176471,760.354430379747,Week,37,2025,2025 - Week 37,
1002139875,Line 1,Mario Martinez,2025-09-10,2025,PECO,CONTIGO,TVP25U9160,32560,1,32,0.5,25613.5,6946.5,0.213344594594595,800.421875,764.582089552239,1017.5,971.940298507463,Week,37,2025,2025 - Week 37,
1002139925,Line 1,Rey Hernandez,2025-09-11,2025,PEBS,CONTIGO,TVP25T9159,11627.5,0.33,10,1.5,9325.5,2302,0.197978929262524,932.55,788.292476754015,1162.75,982.882502113271,Week,37,2025,2025 - Week 37,
1002140056,Line 2,Jose Scott,2025-09-11,2025,PEBS,MUCIO,TVP25T9154,3239.5,0.5,2.5,2.5,2512,727.5,0.224571693162525,1004.8,456.727272727273,1295.8,589,Week,37,2025,2025 - Week 37,
2400007210,Gravity,Mario Martinez,2025-09-13,2023,SWCO,GSS3951,WAW077150X1,9448.5,1,66.5,1,8612.5,836,0.0884796528549505,129.511278195489,125.729927007299,142.082706766917,137.934306569343,Week,37,2025,2025 - Week 37,MF
2400007210,Gravity,Mario Martinez,2025-09-13,2023,SWCO,GSS3951,WAW077150X1,9448.5,1,9.5,1,8613,835.5,0.0884267344022861,906.631578947369,748.95652173913,994.578947368421,821.608695652174,Week,37,2025,2025 - Week 37,MF
1002140058,Line 1,Rey Hernandez,2025-09-13,2025,PEBS,OBIGO,TVP25T9162,44631,0.92,29,1.5,35424,9207,0.206291591046582,1221.51724137931,1127.43475493316,1539,1420.46467218332,Week,37,2025,2025 - Week 37,
2400007096,Gravity,Luisa Salas,2025-09-15,2025CL,SWBS,R565A,CCW25T9010X1,229,0.08,4,0.17,220,9,0.0393013100436681,55,51.7647058823529,57.25,53.8823529411765,Week,38,2025,2025 - Week 38,MR
2400007095,Gravity,Rey Hernandez,2025-09-15,2025CL,SWBS,R565A,CCW25T9010X1,285.5,0.17,5,0.17,276.5,9,0.031523642732049,55.3,51.7790262172285,57.1,53.4644194756554,Week,38,2025,2025 - Week 38,LF
2400007211,Gravity,Mario Martinez,2025-09-15,2024,SWCO,TYSON,WAW088559X1,11399.555,1,11.5,1,10561,838.555,0.0735603275741904,918.347826086957,782.296296296296,991.265652173913,844.411481481482,Week,38,2025,2025 - Week 38,LF
2400007186,Gravity,Mario Martinez,2025-09-16,2025CL,SWBS,AC111Y,CUW25T9023K,151.5,0.17,5.75,0.25,131.5,20,0.132013201320132,22.8695652173913,21.3128038897893,26.3478260869565,24.5542949756888,Week,38,2025,2025 - Week 38,MR
2400007106,Gravity,Rey Hernandez,2025-09-16,2025CL,SWBS,AC111Y,CUW25T9023K,110.5,0.25,3.5,0.25,97,13.5,0.122171945701357,27.7142857142857,24.25,31.5714285714286,27.625,Week,38,2025,2025 - Week 38,LR
1002139608,Line 1,Rey Hernandez,2025-09-16,2025,PECO,SUGAR FORCE,TVS25V9112T,1407,0.17,1,0.17,1105.5,301.5,0.214285714285714,1105.5,825,1407,1050,Week,38,2025,2025 - Week 38,
1002139580,Line 1,Rey Hernandez,2025-09-16,2025,PECO,SUGAR FORCE,WAS099021,26070,1,16.5,0.17,20075,5995,0.229957805907173,1216.66666666667,1136.10639501981,1580,1475.38200339559,Week,38,2025,2025 - Week 38,
2400007209,Gravity,Rey Hernandez,2025-09-17,2025CL,SWBS,AC111Y,CUW25T9023,445,0.25,15.5,0.25,427.5,17.5,0.0393258426966292,27.5806451612903,26.71875,28.7096774193548,27.8125,Week,38,2025,2025 - Week 38,UN
2400007132,Gravity,Rey Hernandez,2025-09-17,2025CL,SWCO,BSS1075-R,CCW099037X2,404.5,0.25,4.5,0.25,369.5,35,0.0865265760197775,82.1111111111111,73.9,89.8888888888889,80.9,Week,38,2025,2025 - Week 38,MF
1002140047,Line 2,Ana Ramirez,2025-09-17,2025,PEBS,GRUNDY,TVP25T9139,26804,1,35.4,2.5,21226,5578,0.20810326816893,599.604519774011,545.655526992288,757.175141242938,689.048843187661,Week,38,2025,2025 - Week 38,
1002139609,Line 1,Mario Martinez,2025-09-17,2025,PECO,SUGAR FORCE,TVS25V9113T,7453,0.5,6.5,0.5,6229.5,1223.5,0.164162082382933,958.384615384615,830.6,1146.61538461538,993.733333333333,Week,38,2025,2025 - Week 38,
2400007245,Gravity,Luisa Salas,2025-09-18,2025CL,SWBS,R565A,CPW25T9020X1,35.5,0.17,1,0.17,28.5,7,0.197183098591549,28.5,21.2686567164179,35.5,26.4925373134328,Week,38,2025,2025 - Week 38,M
2400007156,Gravity,Rey Hernandez,2025-09-18,2025CL,SWBS,R565A,CPW25T9020X1,70,0.17,1,0.17,62,8,0.114285714285714,62,46.2686567164179,70,52.2388059701493,Week,38,2025,2025 - Week 38,L
300098339,Gravity,Rey Hernandez,2025-09-18,2025CL,SWBS,R594A,CUW25T9021,707.5,0.25,9,0.25,686.5,21,0.0296819787985866,76.2777777777778,72.2631578947368,78.6111111111111,74.4736842105263,Week,38,2025,2025 - Week 38,LF
2400007134,Gravity,Rey Hernandez,2025-09-18,2025CL,SWCO,GSS1170-R,CTW099013X2,1128,0.25,13.5,0.25,1046,82,0.0726950354609929,77.4814814814815,74.7142857142857,83.5555555555556,80.5714285714286,Week,38,2025,2025 - Week 38,MF
2400007133,Gravity,Luisa Salas,2025-09-19,2025CL,SWCO,GSS1170-R,CTW099012X2,1051.92,0.25,12,0.17,1039.5,12.4200000000001,0.0118069815195073,86.625,83.6956521739131,87.66,84.6956521739131,Week,38,2025,2025 - Week 38,LR
1002139592,Line 2,Ana Ramirez,2025-09-19,2025,PECO,MUCIO,ORP099051,37150,1.5,40.5,2.5,30597,6553,0.176393001345895,755.481481481482,687.573033707865,917.283950617284,834.831460674157,Week,38,2025,2025 - Week 38,
2400007108,Gravity,Rey Hernandez,2025-09-20,2024,SWCO,SILVER QUEEN,ORC088605,1956,0.25,12,0.17,1938,18,0.00920245398773006,161.5,156.038647342995,163,157.487922705314,Week,38,2025,2025 - Week 38,LR
1002172409,Line 2,Ana Ramirez,2025-09-20,2025,SWBS,AC206Y,TVW25T9506,2532,0.5,8,6,1644,888,0.350710900473934,205.5,113.379310344828,316.5,174.620689655172,Week,38,2025,2025 - Week 38,
1002139579,Line 1,Mario Martinez,2025-09-22,2025,PECO,SUGAR FORCE,TVS099020,37150,1.5,77,1,31064,6086,0.163822341857335,403.428571428571,390.74213836478,482.467532467532,467.295597484277,Week,39,2025,2025 - Week 39,
1002140062,Line 2,Jose Scott,2025-09-22,2025,PEBS,TROPHEE,TVP25T9165,37346,1,15,0,31595.5,5750.5,0.153979007122583,2106.36666666667,1974.71875,2489.73333333333,2334.125,Week,39,2025,2025 - Week 39,
1002140061,Line 2,Ana Ramirez,2025-09-23,2025,PEBS,TROPHEE,TVP25T9164,8354,0.5,8.5,2.5,7038,1316,0.157529327268374,828,612,982.823529411765,726.434782608696,Week,39,2025,2025 - Week 39,
1002151024,Line 2,Jose Scott,2025-09-23,2025,PEBS,TROPHEE,TVP25T9164K,8783,0.5,7,0,7377,1406,0.160081976545599,1053.85714285714,983.6,1254.71428571429,1171.06666666667,Week,39,2025,2025 - Week 39,
1002139581,Line 1,Rey Hernandez,2025-09-24,2025,PECO,SUGAR FORCE,WAS099038,50150,0.92,29.5,2.5,24969,25181,0.502113659022931,846.406779661017,758.475091130012,1700,1523.390036452,Week,39,2025,2025 - Week 39,
1002139345,Line 2,Ana Ramirez,2025-09-24,2025,PECO,SUGAR 188,TVS099011,14876,0.5,13,2.5,11037,3839,0.258066684592632,849,689.8125,1144.30769230769,929.75,Week,39,2025,2025 - Week 39,
2400007232,Gravity,Luisa Salas,2025-09-25,2025CL,SWBS,R565A,CCW25T9010X1,130,0.25,2.5,0.17,119,11,0.0846153846153846,47.6,40.7534246575342,52,44.5205479452055,Week,39,2025,2025 - Week 39,LR
2400007251,Gravity,Rey Hernandez,2025-09-25,2025,SWBS,AC206Y,TVW25T9506,117.5,0.08,2,0.17,102.5,15,0.127659574468085,51.25,45.5555555555556,58.75,52.2222222222222,Week,39,2025,2025 - Week 39,MF
2400007249,Gravity,Mario Martinez,2025-09-26,2025,SWBS,AC206Y,TVW25T9506,569.5,0.08,13.5,0.25,534.5,35,0.0614574187884109,39.5925925925926,38.647866955893,42.1851851851852,41.17859725235,Week,39,2025,2025 - Week 39,LF
2400007250,Gravity,Luisa Salas,2025-09-26,2025,SWBS,AC206Y,TVW25T9506,183.5,0.25,3,0.17,164.5,19,0.103542234332425,54.8333333333333,48.0994152046784,61.1666666666667,53.6549707602339,Week,39,2025,2025 - Week 39,MR
1002139573,Line 2,Ana Ramirez,2025-09-26,2025,PECO,SUGAR FLASH,TVS099017,10764,0.58,10,0,7436.5,3327.5,0.309132292827945,743.65,702.882797731569,1076.4,1017.39130434783,Week,39,2025,2025 - Week 39,
1002139574,Line 2,Ana Ramirez,2025-09-27,2025,PECO,SUGAR FLASH,TVS099018,20835,0.5,14,0,15935.5,4899.5,0.235157187425006,1138.25,1099,1488.21428571429,1436.89655172414,Week,39,2025,2025 - Week 39,
2400007248,Gravity,Mario Martinez,2025-09-29,2025,SWBS,AC206Y,TVW25Y9506,773.5,0.08,13,0.17,739.5,34,0.043956043956044,56.8846153846154,55.811320754717,59.5,58.377358490566,Week,40,2025,2025 - Week 40,LR
1002139577,Line 2,Ana Ramirez,2025-09-29,2025,PECO,SUGAR FLASH,WAS099041,14720,0.5,19,2.5,11031.5,3688.5,0.250577445652174,580.605263157895,501.431818181818,774.736842105263,669.090909090909,Week,40,2025,2025 - Week 40,
1002139589,Line 1,Rey Hernandez,2025-09-29,2025,PECO,IDALGO,ORP099050,118520,3.67,35,0.42,104357,14163,0.119498818764765,2981.62857142857,2669.65975952929,3386.28571428571,3031.97748784855,Week,40,2025,2025 - Week 40,
1002139606,Line 2,Jose Scott,2025-09-30,2025,PECO,SUGAR 208,TVS25V9110T,18090,0.5,18.5,0,11881.5,6208.5,0.343200663349917,642.243243243243,625.342105263158,977.837837837838,952.105263157895,Week,40,2025,2025 - Week 40,
1002139607,Line 2,Jose Scott,2025-09-30,2025,PECO,SUGAR 208,TVS25V9111T,2943,0.5,3,2.5,2153,790,0.268433571185865,717.666666666667,358.833333333333,981,490.5,Week,40,2025,2025 - Week 40,
1002139590,Line 1,Mario Martinez,2025-09-30,2025,PECO,IDALGO,ORP099052,46700,2,30.5,0.5,33735,12965,0.27762312633833,1106.06557377049,1022.27272727273,1531.14754098361,1415.15151515152,Week,40,2025,2025 - Week 40,
1002139591,Line 1,Mario Martinez,2025-10-01,2025,PECO,IDALGO,ORP25U9170,51330,2,25.5,0.5,40382.5,10947.5,0.213276836158192,1583.62745098039,1442.23214285714,2012.94117647059,1833.21428571429,Week,40,2025,2025 - Week 40,
1002140049,Line 1,Rey Hernandez,2025-10-02,2025,PEBS,IDALGO,TVP25T9141,17930,1,36.25,0.25,14445.5,3484.5,0.194339096486336,398.496551724138,385.213333333333,494.620689655172,478.133333333333,Week,40,2025,2025 - Week 40,
1002140048,Gravity,Yurima Haro,2025-10-02,2025,PEBS,IDALGO,TVP25S9140,1726,0.17,1.5,3.5,1385.5,340.5,0.197276940903824,923.666666666667,267.988394584139,1150.66666666667,333.84912959381,Week,40,2025,2025 - Week 40,
1002173594,Line 2,Ana Ramirez,2025-10-03,2025,SWCO,BSS36922,TVW099014X2,1225,0.5,7,2,827.5,397.5,0.324489795918367,118.214285714286,87.1052631578947,175,128.947368421053,Week,40,2025,2025 - Week 40,
1002172206,Line 1,Mario Martinez,2025-10-03,2025,SWCO,GSS1477S,WAW099043X1W,15280.5,2,24.5,1,12717.5,2563,0.167730113543405,519.081632653061,462.454545454545,623.69387755102,555.654545454545,Week,40,2025,2025 - Week 40,
1002139405,Line 2,Anniellys Zerquera,2025-10-03,2025,PECO,SL3123,ORS099027,36230,0.58,48.5,2.5,32682,3548,0.0979298923544024,673.855670103093,633.617681271811,747.010309278351,702.404032570764,Week,40,2025,2025 - Week 40,
1002150394,Line 2,Anniellys Zerquera,2025-10-06,2025,SWCO,DESERT FROST,WAW099001X2,2258,0.5,19,2.5,1558.5,699.5,0.309787422497786,82.0263157894737,70.8409090909091,118.842105263158,102.636363636364,Week,41,2025,2025 - Week 41,
1002150390,Line 1,Rey Hernandez,2025-10-06,2025,SWCO,CABO,WAW099018X2,18771.5,1,15.5,0.75,16861,1910.5,0.10177662946488,1087.8064516129,977.449275362319,1211.06451612903,1088.20289855072,Week,41,2025,2025 - Week 41,
1002150391,Line 1,Rey Hernandez,2025-10-07,2025,SWCO,CABO,WAW099017X2,28692,1.5,22,2.5,24541.5,4150.5,0.14465704726056,1115.52272727273,943.903846153846,1304.18181818182,1103.53846153846,Week,41,2025,2025 - Week 41,
2400007157,Gravity,Rey Hernandez,2025-10-08,2025,SWBS,AC111Y,CUW25T9023K,131.5,0.08,2.5,0.17,123,8.5,0.064638783269962,49.2,44.7272727272727,52.6,47.8181818181818,Week,41,2025,2025 - Week 41,MR
1002174854,Line 1,Rey Hernandez,2025-10-08,2025,SWCO,STARSHINE,WAC099085X1,23230,0.83,18,2.5,21612.5,1617.5,0.0696297890658631,1200.69444444444,1013.24425691514,1290.55555555556,1089.07641819034,Week,41,2025,2025 - Week 41,
1002173595,Line 1,Belen Diaz,2025-10-09,2025,SWCO,GARRISON-R,WAW099026X2,32064,1.5,21,0.25,27531.5,4532.5,0.141357909181637,1311.02380952381,1210.17582417582,1526.85714285714,1409.40659340659,Week,41,2025,2025 - Week 41,
1002173596,Line 1,Erick Perez,2025-10-09,2025,SWCO,GARRISON-R,WAW099026X2J,11868,0.5,6.83,0.5,10107,1761,0.148382204246714,1479.79502196193,1290.80459770115,1737.62811127379,1515.70881226054,Week,41,2025,2025 - Week 41,
2400007173,Gravity,Luisa Salas,2025-10-10,2025,SWBS,AC206Y,TVW25T9506,102.5,0.25,1,0.17,94,8.5,0.0829268292682927,94,66.1971830985916,102.5,72.1830985915493,Week,41,2025,2025 - Week 41,MF
2400007234,Gravity,Luisa Salas,2025-10-10,2025,SWBS,AC206Y,TVW25T9506,164.5,0.25,1,0.17,156.5,8,0.0486322188449848,156.5,110.211267605634,164.5,115.845070422535,Week,41,2025,2025 - Week 41,MR
2400007174,Gravity,Luisa Salas,2025-10-10,2025,SWBS,AC206Y,TVW25T9506,534,0.25,2,0.17,522,12,0.0224719101123596,261,215.702479338843,267,220.661157024793,Week,41,2025,2025 - Week 41,LF
1002177224,Line 1,Erick Perez,2025-10-10,2025,SWCO,GARRISON-R,WAW099027X2,29935.5,0.5,33.83,3.17,25548.5,4387,0.146548412420036,755.202483003252,681.293333333333,884.8802837718,798.28,Week,41,2025,2025 - Week 41,
1002164390,Line 2,Anniellys Zerquera,2025-10-11,2025,BECO,HUNTIINGTON,WAG099011,68100,0.58,97,0,47406.5,20693.5,0.303869309838473,488.726804123711,485.821889731502,702.061855670103,697.888911662226,Week,41,2025,2025 - Week 41,
2400007169,Gravity,Rey Hernandez,2025-10-13,2025,SWBS,R565A,CCW25T9010X1,276.5,0.08,4,0.33,268.5,8,0.0289330922242315,67.125,60.8843537414966,69.125,62.6984126984127,Week,42,2025,2025 - Week 42,LF
1002150398,Line 1,Belen Diaz,2025-10-13,2025,SWCO,GSS1170-R,WAW099040X2,18938.5,0.83,12,0.33,16334.5,2604,0.137497689890963,1361.20833333333,1241.22340425532,1578.20833333333,1439.09574468085,Week,42,2025,2025 - Week 42,
2400007170,Gravity,Rey Hernandez,2025-10-14,2025,SWBS,R565A,CCW25T9010X1,220,0.08,4,0.08,213.5,6.5,0.0295454545454545,53.375,51.3221153846154,55,52.8846153846154,Week,42,2025,2025 - Week 42,MR
1002150397,Line 1,Mario Martinez,2025-10-14,2025,SWCO,GSS1170-R,WAW099039X2,23571,2,16.5,2,20416.5,3154.5,0.133829705994654,1237.36363636364,995.926829268293,1428.54545454545,1149.80487804878,Week,42,2025,2025 - Week 42,
2400007171,Gravity,Rey Hernandez,2025-10-15,2025,SWBS,R681,CCW25T9003X1W,489.5,0.17,6,0.17,475,14.5,0.0296220633299285,79.1666666666667,74.9211356466877,81.5833333333333,77.2082018927445,Week,42,2025,2025 - Week 42,M
2400007233,Gravity,Rey Hernandez,2025-10-15,2024,SWCO,GSS4628,WAW088536X1,12090,0.92,11,0.33,11534,556,0.0459884201819686,1048.54545454545,941.551020408163,1099.09090909091,986.938775510204,Week,42,2025,2025 - Week 42,MF
1002177346,Line 1,Mario Martinez,2025-10-15,2025,SWCO,GSS5649,WAW099064X1,43599.5,1.75,14.5,0.5,36651.5,6948,0.159359625683781,2527.68965517241,2188.14925373134,3006.86206896552,2602.9552238806,Week,42,2025,2025 - Week 42,
1002180618,Line 1,Rey Hernandez,2025-10-16,2025,SWCO,GSS5649,TVW099063X1,34244.5,1,14.25,3,27785.5,6459,0.188614230022339,1949.85964912281,1522.49315068493,2403.12280701754,1876.41095890411,Week,42,2025,2025 - Week 42,
1002164387,Line 2,Ana Ramirez,2025-10-17,2025,BECO,HUNTINGTON,WAG099008,90010,0.5,89,0.33,68050.5,21959.5,0.24396733696256,764.612359550562,757.547589892018,1011.34831460674,1002.00378492708,Week,42,2025,2025 - Week 42,
2400007217,Gravity,Rey Hernandez,2025-10-17,2024,SWCO,KANDY KORN,WAC088544,6939,0.42,7,0.5,6863,76,0.0109525868280732,980.428571428572,866.540404040404,991.285714285714,876.136363636364,Week,42,2025,2025 - Week 42,LF
1002178996,Line 1,Jennifer Delgado,2025-10-18,2025,SWCO,7210R,ORW099002X2,7384.5,0.33,6.5,2.5,5733.5,1651,0.223576410048074,882.076923076923,614.523043944266,1136.07692307692,791.479099678457,Week,42,2025,2025 - Week 42,
1002178987,Line 1,Mario Martinez,2025-10-18,2025,SWCO,GSS8937,TVW099069X1,48752,1,30,3,44335,4417,0.0906014112241549,1477.83333333333,1303.97058823529,1625.06666666667,1433.88235294118,Week,42,2025,2025 - Week 42,
2400007136,Gravity,Rey Hernandez,2025-10-20,2025,SWBS,AC111Y,CUW25T9023K,97.5,0.17,2,0.08,90,7.5,0.0769230769230769,45,40,48.75,43.3333333333333,Week,43,2025,2025 - Week 43,LR
1002150404,Line 1,Rey Hernandez,2025-10-20,2025,SWCO,PLAYA,WAW099079X2,22284,1,113,2.5,19816.5,2467.5,0.110729671513193,175.367256637168,170.098712446352,197.203539823009,191.278969957082,Week,43,2025,2025 - Week 43,
1002164388,Line 2,Ana Ramirez,2025-10-20,2025,BECO,HUNTINGTON,WAG099009,44030,0.45,47.5,2.5,33258.5,10771.5,0.24464001816943,700.178947368421,659.236868186323,926.947368421053,872.745292368682,Week,43,2025,2025 - Week 43,
2400007254,Gravity,Rey Hernandez,2025-10-20,2024,SWCO,GARRISON,TVW088589X1,3192.5,0.42,3,0.5,2831.5,361,0.113077525450274,943.833333333333,722.321428571429,1064.16666666667,814.413265306122,Week,43,2025,2025 - Week 43,MF
1002150405,Line 1,Mario Martinez,2025-10-21,2025,SWCO,PLAYA,WAW099081X2,2984,1,9,1,2376,608,0.203753351206434,264,216,331.555555555556,271.272727272727,Week,43,2025,2025 - Week 43,
2400007253,Gravity,Rey Hernandez,2025-10-21,2024,SWCO,GLACIAL,WAW088526X2,1087.5,0.5,2,0.5,943.5,144,0.132413793103448,471.75,314.5,543.75,362.5,Week,43,2025,2025 - Week 43,MR
1002139576,Line 2,Ana Ramirez,2025-10-21,2025,PECO,SUGAR FLASH,WAS099029,15830,0.5,22.5,0.25,11264,4566,0.288439671509792,500.622222222222,484.47311827957,703.555555555556,680.860215053764,Week,43,2025,2025 - Week 43,
300098479,Gravity,Rey Hernandez,2025-10-21,2025,SWCO,BSS1075-R,CCW099037X2,839,0.5,1,0.5,724.5,114.5,0.136471990464839,724.5,362.25,839,419.5,Week,43,2025,2025 - Week 43,MR
1002150403,Line 1,Rey Hernandez,2025-10-21,2025,SWCO,PLAYA,WAW099078X2,30886.5,1,20,0.42,26538,4348.5,0.140789665387791,1326.9,1238.93557422969,1544.325,1441.94677871148,Week,43,2025,2025 - Week 43,
30098665,Gravity,Rey Hernandez,2025-10-22,2025,SWBS,AC111Y,CUW25T9023,427.5,0.25,9,0.17,396,31.5,0.0736842105263158,44,42.0382165605096,47.5,45.3821656050955,Week,43,2025,2025 - Week 43,UN
300098665,Gravity,Rey Hernandez,2025-10-22,2025,SWBS,AC111Y,CUW25T9023,427.5,0.25,9,0.17,396,31.5,0.0736842105263158,44,42.0382165605096,47.5,45.3821656050955,Week,43,2025,2025 - Week 43,UN
2400007077,Gravity,Rey Hernandez,2025-10-22,2025,SWBS,R565A,CPW25T9020X1,62,0.17,0.5,0.08,54,8,0.129032258064516,108,72,124,82.6666666666667,Week,43,2025,2025 - Week 43,L
2400007175,Gravity,Rey Hernandez,2025-10-22,2025,SWBS,R565A,CCW25T9010X1,119,0.08,1,0.17,109.5,9.5,0.0798319327731092,109.5,87.6,119,95.2,Week,43,2025,2025 - Week 43,LR
1002139575,Line 2,Ana Ramirez,2025-10-22,2025,PECO,SUGAR FLASH,TVS099019,19584,0.5,20,0.33,14291,5293,0.270271650326797,714.55,686.077772443591,979.2,940.18242918867,Week,43,2025,2025 - Week 43,
300098479,Gravity,Rey Hernandez,2025-10-22,2025,SWCO,BSS1075-R,CCW099037x2,839,0.08,1,0.5,724.5,114.5,0.136471990464839,724.5,458.544303797468,839,531.012658227848,Week,43,2025,2025 - Week 43,MR
2400007252,Gravity,Rey Hernandez,2025-10-22,2024,SWCO,HONEY SELECT,ORT088608,852,0.08,1,0.5,731.5,120.5,0.141431924882629,731.5,462.974683544304,852,539.240506329114,Week,43,2025,2025 - Week 43,MF
2400007234,Gravity,Rey Hernandez,2025-10-23,2025,SWBS,AC206Y,TVW25T9506,94,0.8,1,0.08,82.5,11.5,0.122340425531915,82.5,43.8829787234043,94,50,Week,43,2025,2025 - Week 43,MF
2400007236,Gravity,Rey Hernandez,2025-10-23,2025,SWBS,AC206Y,TVW25T9506,94,0.08,1,0.08,82.5,11.5,0.122340425531915,82.5,71.1206896551724,94,81.0344827586207,Week,43,2025,2025 - Week 43,MF
1002139572,Line 2,Ana Ramirez,2025-10-23,2025,PECO,SUGAR FLASH,TVS099016,22395,0.5,21.5,0.33,16110,6285,0.280643000669792,749.302325581395,721.450962830273,1041.62790697674,1002.91088222123,Week,43,2025,2025 - Week 43,
1002174855,Line 1,Mario Martinez,2025-10-23,2025,SWCO,GSS3951,WAW099054X1,51294,1.5,25,3,41617.5,9676.5,0.18864779506375,1664.7,1410.76271186441,2051.76,1738.77966101695,Week,43,2025,2025 - Week 43,
2400007261,Gravity,Rey Hernandez,2025-10-24,2025,SWCO,BSS36922,TVW099014X2,232,0.08,3,0.08,218.5,13.5,0.0581896551724138,72.8333333333333,69.1455696202532,77.3333333333333,73.4177215189873,Week,43,2025,2025 - Week 43,M
1002139570,Line 2,Jose Scott,2025-10-24,2025,PECO,SUGAR FLASH,TVS099014,30938,0.58,29,0.33,24449,6489,0.209742064774711,843.068965517241,817.418923436978,1066.8275862069,1034.36977599465,Week,43,2025,2025 - Week 43,
1002178925,Line 1,Belen Diaz,2025-10-24,2025,SWCO,GSS6924,WAW099066X1,9998.5,0.33,7,0.67,9341,657.5,0.0657598639795969,1334.42857142857,1167.625,1428.35714285714,1249.8125,Week,43,2025,2025 - Week 43,
1002178925,Line 1,Mario Martinez,2025-10-24,2025,SWCO,GSS6924,WAW099066X1,9998.5,0.33,7,0.67,9341,657.5,0.0657598639795969,1334.42857142857,1167.625,1428.35714285714,1249.8125,Week,43,2025,2025 - Week 43,
1002178920,Line 1,Mario Martinez,2025-10-24,2025,SWCO,GSS6924,WAW099067X1,12565.5,0.4,7,2,11165.5,1400,0.111416179220883,1595.07142857143,1187.81914893617,1795.07142857143,1336.75531914894,Week,43,2025,2025 - Week 43,
1002181740,Line 1,Rey Hernandez,2025-10-24,2025,SWCO,GSS6924,WAW099065X1,28742.5,1,13.5,2.5,25780,2962.5,0.103070366182482,1909.62962962963,1516.47058823529,2129.07407407407,1690.73529411765,Week,43,2025,2025 - Week 43,
2400007219,Gravity,Rey Hernandez,2025-10-25,2025,SWCO,BSS36922,TVW099014X2,595.5,0.17,9,0.8,567.5,28,0.0470193115029387,63.0555555555556,56.9207622868606,66.1666666666667,59.7291875626881,Week,43,2025,2025 - Week 43,L
1002139578,Line 2,Anniellys Zerquera,2025-10-25,2025,PECO,SUGAR FLASH,WAS099032,19844,0.5,23.5,0,11215,8629,0.43484176577303,477.234042553192,467.291666666667,844.425531914894,826.833333333333,Week,43,2025,2025 - Week 43,
1002181892,Line 1,Belen Diaz,2025-10-25,2025,SWCO,GSS8529,WAW099094X1,6736,1,5,2.5,5736.5,999.5,0.148381828978622,1147.3,674.882352941177,1347.2,792.470588235294,Week,43,2025,2025 - Week 43,
1002178924,Line 1,Belen Diaz,2025-10-25,2025,SWCO,GSS8529,WAW099037X1,6530,0.25,3,3,6269.5,260.5,0.0398928024502297,2089.83333333333,1003.12,2176.66666666667,1044.8,Week,43,2025,2025 - Week 43,
1002139571,Line 2,Ana Ramirez,2025-10-27,2025,PECO,SUGAR FLASH,TVS099015,22397,0.67,19,2.5,17607.5,4789.5,0.213845604322007,926.71052631579,794.203879115922,1178.78947368421,1010.23906179522,Week,44,2025,2025 - Week 44,
1002181891,Line 1,Belen Diaz,2025-10-27,2025,SWCO,GSS1477S,WAW099043X1,43837,1.5,32.95,2.5,35351,8486,0.193580765107101,1072.86798179059,956.725304465494,1330.40971168437,1186.38700947226,Week,44,2025,2025 - Week 44,
2400007113,Gravity,Rey Hernandez,2025-10-28,2025,SWCO,DESERT FROST,WAW099001X2,210.5,0.17,4.5,0.08,196.5,14,0.0665083135391924,43.6666666666667,41.3684210526316,46.7777777777778,44.3157894736842,Week,44,2025,2025 - Week 44,MF
2400007177,Gravity,Rey Hernandez,2025-10-28,2025,SWCO,DESERT FROST,WAW099001X2,588,0.17,7.5,0.08,571.5,16.5,0.0280612244897959,76.2,73.741935483871,78.4,75.8709677419355,Week,44,2025,2025 - Week 44,LR
2400007265,Gravity,Rey Hernandez,2025-10-29,2025,SWBS,R565A,CPW25T9020X1,28.5,0.17,2.5,0.25,23.5,5,0.175438596491228,9.4,8.04794520547945,11.4,9.76027397260274,Week,44,2025,2025 - Week 44,M
2400007114,Gravity,Rey Hernandez,2025-10-29,2025,SWBS,R565A,CCW25T9010X1,213.5,0.17,5.5,0.08,197.5,16,0.0749414519906323,35.9090909090909,34.3478260869565,38.8181818181818,37.1304347826087,Week,44,2025,2025 - Week 44,MR
1002170412,Line 1,Jennifer Delgado,2025-10-29,2025,SWCO,BSS1075-R,WAW099005X2J,17904,0.75,189,2.5,15693.5,2210.5,0.123464030384272,83.0343915343915,81.630689206762,94.7301587301587,93.1287386215865,Week,44,2025,2025 - Week 44,
2400007282,Gravity,Rey Hernandez,2025-10-29,2023,SWCO,OVERLAND-R,WAW077111X1,3706.924,0.17,7,0.25,3345,361.924,0.0976345886778364,477.857142857143,450.808625336927,529.560571428571,499.585444743935,Week,44,2025,2025 - Week 44,LR
1002139567,Line 2,Maria Alvarez,2025-10-29,2025,PECO,Sugar 188,WAS099037,44470,0.58,45,0,23690,20780,0.467281313244884,526.444444444444,519.745502413339,988.222222222222,975.647213690215,Week,44,2025,2025 - Week 44,
1002178919,Line 1,Mario Martinez,2025-10-29,2025,SWCO,TYSON,WAW099086X1,32829.5,2,25,2.5,28999.5,3830,0.116663366789016,1159.98,983.033898305085,1313.18,1112.86440677966,Week,44,2025,2025 - Week 44,
2400007237,Gravity,Rey Hernandez,2025-10-30,2025,SWBS,R681,CCW25T9003X1W,475,0.08,10,0.33,452.5,22.5,0.0473684210526316,45.25,43.4678194044188,47.5,45.6292026897214,Week,44,2025,2025 - Week 44,M
2400007303,Gravity,Anniellys Zerquera,2025-10-30,2025,SWCO,GSS5649,WAW099064X1,16701.5,0.58,15.5,2.5,16458.5,243,0.01454959135407,1061.83870967742,885.818083961249,1077.51612903226,898.896663078579,Week,44,2025,2025 - Week 44,
1002150145,Line 1,Belen Diaz,2025-10-30,2025,SWCO,BSS1075-R,WAW099007X2,30211.5,1,17,2.5,26727.5,3484,0.115320325041789,1572.20588235294,1303.78048780488,1777.14705882353,1473.73170731707,Week,44,2025,2025 - Week 44,
2400007326,Gravity,Maria Contreras,2025-10-31,2025,SWBS,AC111Y,CUW25T9023,396,0.08,8,0.25,366.5,29.5,0.0744949494949495,45.8125,43.9975990396159,49.5,47.5390156062425,Week,44,2025,2025 - Week 44,
2400007305,Gravity,Rey Hernandez,2025-10-31,2025,SWBS,AC111Y,CUW25T9023K,123,0.08,2,0.25,105,18,0.146341463414634,52.5,45.0643776824034,61.5,52.7896995708155,Week,44,2025,2025 - Week 44,MR
2400007284,Gravity,Anniellys Zerquera,2025-10-31,2025,SWCO,GSS8937,TVW099069X1,1149.5,0.5,2,0.75,852.5,297,0.258373205741627,426.25,262.307692307692,574.75,353.692307692308,Week,44,2025,2025 - Week 44,
1002139568,Line 2,Anniellys Zerquera,2025-10-31,2025,PECO,SUGAR 188,ORS099040,27930,0.75,24.5,6,20186.5,7743.5,0.277246688148944,823.938775510204,645.968,1140,893.76,Week,44,2025,2025 - Week 44,
1002170411,Line 1,Mario Martinez,2025-10-31,2025,SWCO,BSS1075-R,WAW099007X2J,27954,1.5,14.5,2.5,25545.5,2408.5,0.0861594047363526,1761.75862068966,1380.83783783784,1927.86206896552,1511.02702702703,Week,44,2025,2025 - Week 44,
2400007238,Gravity,Rey Hernandez,2025-11-01,2025,SWBS,AC111Y,CUW25T9023K,90,0.08,3.5,0.25,77.5,12.5,0.138888888888889,22.1428571428571,20.2349869451697,25.7142857142857,23.4986945169713,Week,44,2025,2025 - Week 44,LR
1002183079,Line 1,Belen Diaz,2025-11-01,2025,SWCO,GSS1453-R,WAW099041X1,28566.5,1.25,23.5,3,23787.5,4779,0.167293858190538,1012.23404255319,857.207207207207,1215.59574468085,1029.42342342342,Week,44,2025,2025 - Week 44,
2400007235,Gravity,Rey Hernandez,2025-11-03,2024,SWCO,PATRON,WAW088557H,296,0.08,3,0.33,276,20,0.0675675675675676,92,80.9384164222874,98.6666666666667,86.8035190615836,Week,45,2025,2025 - Week 45,LF
2400007159,Gravity,Rey Hernandez,2025-11-03,2025,SWCO,CABO,WAW099018X2,1196.5,0.17,1.5,0.33,1100,96.5,0.0806519013790222,733.333333333333,550,797.666666666667,598.25,Week,45,2025,2025 - Week 45,MF
1002181739,Line 1,Rey Hernandez,2025-11-03,2025,SWCO,GSS3951,WAW099055X1,20664,0.92,19.5,3,17789.5,2874.5,0.139106658923732,912.282051282051,759.585824081981,1059.69230769231,882.322801024765,Week,45,2025,2025 - Week 45,
1002139526,Line 1,Jennifer Delgado,2025-11-03,2025,PECO,SL3123,ORS099028,10340,1,7.5,2.5,8610.5,1729.5,0.167263056092843,1148.06666666667,782.772727272727,1378.66666666667,940,Week,45,2025,2025 - Week 45,
2400007280,Gravity,Rey Hernandez,2025-11-04,2024,SWCO,HONEY SELECT,ORT088608,899.5,0.08,10,0.33,795.5,104,0.11561978877154,79.55,76.416906820365,89.95,86.4073006724304,Week,45,2025,2025 - Week 45,LF
1002139582,Line 2,Anniellys Zerquera,2025-11-04,2025,PECO,SUGAR LACE,ORS099007,47574,0.5,53.5,2.5,30099.5,17474.5,0.367311977130365,562.607476635514,532.734513274336,889.233644859813,842.017699115044,Week,45,2025,2025 - Week 45,
1002139528,Line 1,Jennifer Delgado,2025-11-04,2025,PECO,SL3123,ORS099033,37060,1,20,0.5,30082,6978,0.188289260658392,1504.1,1399.16279069767,1853,1723.72093023256,Week,45,2025,2025 - Week 45,
1002139527,Line 1,Jennifer Delgado,2025-11-05,2025,PECO,SL3123,WAS099031,29030,0.83,12.5,0.42,23316.5,5713.5,0.196813641060971,1865.32,1695.74545454545,2322.4,2111.27272727273,Week,45,2025,2025 - Week 45,
2400007262,Gravity,Maria Contreras,2025-11-06,2025,SWCO,CABO,WAW099017X2,1317.5,0.33,4,0.25,1163.5,154,0.116888045540797,290.875,254.039301310044,329.375,287.663755458515,Week,45,2025,2025 - Week 45,MF
1002180988,Line 2,Maria Alvarez,2025-11-06,2025,BECO,JAMESON,TVG099014,9662,0.5,9.2,2.3,8041.5,1620.5,0.167718898778721,874.076086956522,670.125,1050.21739130435,805.166666666667,Week,45,2025,2025 - Week 45,
1002137505,Line 2,Anniellys Zerquera,2025-11-06,2025,PECO,SP704-3-8,ORS099008,49110,0.58,35.5,2.5,37795,11315,0.230401140297292,1064.64788732394,979.652669777087,1383.38028169014,1272.93934681182,Week,45,2025,2025 - Week 45,
1002181792,Line 1,Rey Hernandez,2025-11-06,2025,SWCO,BSS8021,TVW099015X2J,12323,0.5,8,2.5,10889.5,1433.5,0.11632719305364,1361.1875,989.954545454546,1540.375,1120.27272727273,Week,45,2025,2025 - Week 45,
1002139529,Line 1,Rey Hernandez,2025-11-06,2025,PECO,SL3123,ORS099034,26741,0.42,13,2,20886,5855,0.218952170823829,1606.61538461538,1354.47470817121,2057,1734.17639429313,Week,45,2025,2025 - Week 45,
2400007115,Gravity,Maria Contreras,2025-11-07,2025,SWBS,AC206Y,TVW25T9506,82.5,0.08,1.5,0.33,75.5,7,0.0848484848484849,50.3333333333333,39.5287958115183,55,43.1937172774869,Week,45,2025,2025 - Week 45,MF
2400007266,Gravity,Maria Contreras,2025-11-07,2025,SWBS,R565A,CCW25T9010X1,109.5,0.08,1.3,0.17,98,11.5,0.105022831050228,75.3846153846154,63.2258064516129,84.2307692307692,70.6451612903226,Week,45,2025,2025 - Week 45,LR
2400007256,Gravity,Rey Hernandez,2025-11-07,2025,SWCO,CABO,WAW099017X2,2994.5,0.17,3,0.25,2760.5,234,0.0781432626481883,920.166666666667,807.163742690059,998.166666666667,875.584795321638,Week,45,2025,2025 - Week 45,MR
1002150388,Line 1,Belen Diaz,2025-11-07,2025,SWCO,BSS8021,TVW099015X2,8847,0.5,7,2.5,7964.5,882.5,0.0997513281338307,1137.78571428571,796.45,1263.85714285714,884.7,Week,45,2025,2025 - Week 45,
BAYER 1,Line 1,Rey Hernandez,2025-11-07,2025,SWTO,DEVOTION,105218234,18046.5,0,0,0,16409,1637.5,0.0907378161970465,#DIVIDE BY ZERO,#DIVIDE BY ZERO,#DIVIDE BY ZERO,#DIVIDE BY ZERO,Week,45,2025,2025 - Week 45,
2400007340,Gravity,Rey Hernandez,2025-11-08,2025,SWCO,BSS36922,TVW099014X2,218.5,0.08,4.5,0.33,198,20.5,0.0938215102974828,44,40.3258655804481,48.5555555555556,44.5010183299389,Week,45,2025,2025 - Week 45,M
2400007322,Gravity,Rey Hernandez,2025-11-08,2025,SWCO,GSS1477S,WAW099043X1W,2061.5,0.17,8,0.08,1893,168.5,0.0817365995634247,236.625,229.454545454545,257.6875,249.878787878788,Week,45,2025,2025 - Week 45,MR
2400007268,Gravity,Anniellys Zerquera,2025-11-08,2025,SWCO,GSS1477S,WAW099043X1,5499.5,0.5,8.5,0.5,4643.5,856,0.155650513683062,546.294117647059,488.789473684211,647,578.894736842105,Week,45,2025,2025 - Week 45,
2400007321,Gravity,Rey Hernandez,2025-11-08,2025,SWCO,GSS1477S,WAW099043X1W,2664.5,0.08,3,0.08,2477,187.5,0.070369675361231,825.666666666667,783.860759493671,888.166666666667,843.196202531646,Week,45,2025,2025 - Week 45,LF
BAYER 2,Line 1,Rey Hernandez,2025-11-08,2025,SWTO,DEVOTION,105218258,40874,1.5,20,2.5,37155.5,3718.5,0.0909747027450213,1857.775,1548.14583333333,2043.7,1703.08333333333,Week,45,2025,2025 - Week 45,
BAYER 3,Line 1,Rey Hernandez,2025-11-09,2025,SWTO,DEVOTION,105218261,6882,0,0,0,6388,494,0.0717814588782331,#DIVIDE BY ZERO,#DIVIDE BY ZERO,#DIVIDE BY ZERO,#DIVIDE BY ZERO,Week,45,2025,2025 - Week 45,
BAYER 4,Line 1,Rey Hernandez,2025-11-09,2025,SWTO,PASSION,105211643,14150,0,0,0,12819.5,1330.5,0.0940282685512368,#DIVIDE BY ZERO,#DIVIDE BY ZERO,#DIVIDE BY ZERO,#DIVIDE BY ZERO,Week,45,2025,2025 - Week 45,
2400007320,Gravity,Rey Hernandez,2025-11-10,2025,SWCO,GSS1477S,WAW099043X1W,1776.5,0.25,3.5,0.5,1575,201.5,0.113425274415986,450,370.588235294118,507.571428571429,418,Week,46,2025,2025 - Week 46,LR
200007268,Gravity,Rey Hernandez,2025-11-10,2025,SWCO,GSS1477S,WAW099043X1,5499.5,0.5,8.5,0.5,4643.5,856,0.155650513683062,546.294117647059,488.789473684211,647,578.894736842105,Week,46,2025,2025 - Week 46,LR
1002178997,Line 1,Rey Hernandez,2025-11-10,2025,SWCO,MATRIARCH,WAW099072HJ2,3599,0.17,4,0.42,2614,985,0.273687135315365,653.5,569.498910675381,899.75,784.095860566449,Week,46,2025,2025 - Week 46,
1002187109,Line 2,Ana Ramirez,2025-11-10,2025,BEBS,ORGANDI,TVG25V9547,47248,1,52,2,34467.5,12780.5,0.270498222146969,662.836538461539,626.681818181818,908.615384615385,859.054545454545,Week,46,2025,2025 - Week 46,
1002178998,Line 1,Belen Diaz,2025-11-11,2025,SWCO,MATRIARCH,WAW099072HJ1,3084.5,0.25,3,0.42,2425,659.5,0.213810990436051,808.333333333333,660.762942779292,1028.16666666667,840.463215258856,Week,46,2025,2025 - Week 46,
1002150399,Line 1,Rey Hernandez,2025-11-11,2025,SWCO,MATRIARCH,WAW099072H,7540,0.33,7,3,6375.5,1164.5,0.154442970822281,910.785714285714,617.182962245886,1077.14285714286,729.912875121007,Week,46,2025,2025 - Week 46,
2400007239,Gravity,Rey Hernandez,2025-11-11,2025,SWCO,GSS6924,WAW099066X1,998.5,0.25,1,0.42,963.5,35,0.0350525788683025,963.5,576.946107784431,998.5,597.904191616767,Week,46,2025,2025 - Week 46,LR
2400007323,Gravity,Rey Hernandez,2025-11-11,2025,SWCO,GSS1477S,WAW099043X1W,6215,0.25,5,0.42,5010.5,1204.5,0.193805309734513,1002.1,883.6860670194,1243,1096.11992945326,Week,46,2025,2025 - Week 46,MF
1002150400,Line 1,Rey Hernandez,2025-11-11,2025,SWCO,MATRIARCH,WAW099073H,13836,0.67,10,0.17,11319,2517,0.181916738941891,1131.9,1044.18819188192,1383.6,1276.38376383764,Week,46,2025,2025 - Week 46,
2400007259,Gravity,Rey Hernandez,2025-11-12,2025,SWCO,GSS 8529,WAW099094X1,802,0.25,1.5,0.5,762.5,39.5,0.0492518703241895,508.333333333333,338.888888888889,534.666666666667,356.444444444444,Week,46,2025,2025 - Week 46,LF
2400007139,Gravity,Maria Alvarez,2025-11-12,2025,SWCO,GSS3951,WAW099054X1,6359,0.25,7,0.5,5507.5,851.5,0.133904701997169,786.785714285714,710.645161290323,908.428571428572,820.516129032258,Week,46,2025,2025 - Week 46,LF
1002180966,Line 2,Ana Ramirez,2025-11-12,2025,BECO,AUBERON,TVG099002,36568,0.5,30,2.5,24192.5,12375.5,0.338424305403632,806.416666666667,733.106060606061,1218.93333333333,1108.12121212121,Week,46,2025,2025 - Week 46,
2400007333,Gravity,Maria Contreras,2025-11-12,2024,SWCO,GSS3951,WAW088598,5825,0.25,5.5,0.17,5331.5,493.5,0.0847210300429185,969.363636363636,900.591216216216,1059.09090909091,983.952702702703,Week,46,2025,2025 - Week 46,LF
1002150401,Line 1,Belen Diaz,2025-11-12,2025,SWCO,P&C EARLY,WAC099077,22195,0.75,10.5,3,22096,99,0.00446046406848389,2104.38095238095,1550.59649122807,2113.80952380952,1557.54385964912,Week,46,2025,2025 - Week 46,
2400007338,Gravity,Rey Hernandez,2025-11-13,2024,SWCO,GSS3951,WAW088597X1,7525.5,0.5,12,0.17,6276.5,1249,0.165969038602086,523.041666666667,495.382794001579,627.125,593.962115232833,Week,46,2025,2025 - Week 46,LF
2400007334,Gravity,Rey Hernandez,2025-11-13,2023,SWCO,GSS3951,WAW077180,1279.972,0.25,1.5,0.42,1088,191.972,0.149981405843253,725.333333333333,501.382488479263,853.314666666667,589.848847926267,Week,46,2025,2025 - Week 46,MF
1002180986,Line 2,Anniellys Zerquera,2025-11-13,2025,BECO,EMOTION,TVG099005,21655,0.5,21.5,0,15669.5,5985.5,0.276402678365274,728.813953488372,712.25,1007.20930232558,984.318181818182,Week,46,2025,2025 - Week 46,
1002180987,Line 2,Maria Alvarez,2025-11-13,2025,BECO,EMOTION,TVG099005J,15719.5,0.5,12.5,0.33,10636.5,5083,0.323356340850536,850.92,797.936984246062,1257.56,1179.25731432858,Week,46,2025,2025 - Week 46,
1002150406,Line 1,Belen Diaz,2025-11-13,2025,SWCO,Silver Queen,WAC099083,62247,1.17,24,0.42,57174,5073,0.0814979035134223,2382.25,2234.23212192263,2593.625,2432.47362250879,Week,46,2025,2025 - Week 46,
2400007335,Gravity,Rey Hernandez,2025-11-14,2024,SWCO,GSS2577,PL41102407,2757.848,0.5,5,0.5,2398.5,359.348,0.130300147071195,479.7,399.75,551.5696,459.641333333333,Week,46,2025,2025 - Week 46,16
300099023,Gravity,Maria Contreras,2025-11-14,2025,SWCO,GSS1170-R,WAW099040X2,3674.5,0.58,7.5,0,3598,76.5,0.0208191590692611,479.733333333333,445.29702970297,489.933333333333,454.764851485149,Week,46,2025,2025 - Week 46,MR
1002163862,Line 2,Maria Alvarez,2025-11-14,2025,BEBS,SB4890,TVG25S9525T,1123,0.08,1.42,3,877,246,0.219056099732858,617.605633802817,194.888888888889,790.845070422535,249.555555555556,Week,46,2025,2025 - Week 46,
2400007267,Gravity,Anniellys Zerquera,2025-11-14,2023,SWCO,OVERLAND-R,WAW077070X1,7000,0.5,8.5,2.5,5707.5,1292.5,0.184642857142857,671.470588235294,496.304347826087,823.529411764706,608.695652173913,Week,46,2025,2025 - Week 46,MF
1002163901,Line 2,Ana Ramirez,2025-11-14,2025,BEBS,SB4877,TVG25U9542,5556,0.25,5.5,2,4090,1466,0.263858891288697,743.636363636364,527.741935483871,1010.18181818182,716.903225806452,Week,46,2025,2025 - Week 46,
1002188085,Line 2,Anniellys Zerquera,2025-11-14,2025,BEBS,EMOTION,TVG25T9505,6988,0.58,6.4,2.5,5047.5,1940.5,0.277690326273612,788.671875,532.43670886076,1091.875,737.130801687764,Week,46,2025,2025 - Week 46,
1002150408,Line 1,Belen Diaz,2025-11-14,2025,SWCO,SILVER QUEEN,WAC099044,36562,1.17,20,2,33612.5,2949.5,0.0806711886658279,1680.625,1450.69054812257,1828.1,1577.98877859301,Week,46,2025,2025 - Week 46,
1002163863,Line 2,Anniellys Zerquera,2025-11-15,2025,BEBS,SB4895,TVG25S9526T,751,0.58,2.2,2.5,556,195,0.25965379494008,252.727272727273,105.30303030303,341.363636363636,142.234848484848,Week,46,2025,2025 - Week 46,
1002186258,Line 2,Maria Alvarez,2025-11-15,2025,BEBS,SB4907,TVG25S9516T,954,0.08,1.5,2.5,643,311,0.325995807127883,428.666666666667,157.598039215686,636,233.823529411765,Week,46,2025,2025 - Week 46,
1002185592,Line 2,Jose Scott,2025-11-15,2025,BEBS,SB4906,TVG25S9515T,972,0.75,1.5,2.5,661,311,0.319958847736626,440.666666666667,139.157894736842,648,204.631578947368,Week,46,2025,2025 - Week 46,
1002178918,Line 2,Anniellys Zerquera,2025-11-15,2025,SWCO,GSS8529,WAW099038X1,1569.5,0.08,2.5,2.5,1337.5,232,0.147817776361899,535,263.287401574803,627.8,308.956692913386,Week,46,2025,2025 - Week 46,
2400007264,Gravity,Rey Hernandez,2025-11-15,2025,SWCO,GSS1170-R,WAW099039X2,9531,0.58,12,0.5,9027.5,503.5,0.0528276151505613,752.291666666667,690.175840978593,794.25,728.669724770642,Week,46,2025,2025 - Week 46,MF
1002183078,Line 1,Rey Hernandez,2025-11-15,2025,SWCO,CODE 646,WAW099093J,6320.5,0.25,6,1.7,5317.5,1003,0.158689977058777,886.25,668.867924528302,1053.41666666667,795.031446540881,Week,46,2025,2025 - Week 46,
1002183075,Line 1,Rey Hernandez,2025-11-15,2025,SWCO,CODE 646,WAW099091,6125,0.25,5.5,0,5381.5,743.5,0.121387755102041,978.454545454546,935.913043478261,1113.63636363636,1065.21739130435,Week,46,2025,2025 - Week 46,
1002150396,Line 1,Belen Diaz,2025-11-15,2025,SWCO,GLACIAL,WAW099036X2,17945.5,0.83,10,2,14154.5,3791,0.211250731381126,1415.45,1103.23460639127,1794.55,1398.71395167576,Week,46,2025,2025 - Week 46,
1002184981,Line 2,Jose Scott,2025-11-16,2025,SWBS,AC082Y,TVW25T9500,456,0.08,6,2.5,334.5,121.5,0.266447368421053,55.75,38.986013986014,76,53.1468531468531,Week,46,2025,2025 - Week 46,
1002183077,Line 1,Rey Hernandez,2025-11-16,2025,SWCO,CODE 646,WAW099091J,5127.5,0.33,4,0,4474,653.5,0.127450024378352,1118.5,1033.25635103926,1281.875,1184.18013856813,Week,46,2025,2025 - Week 46,
1002184979,Line 2,Ana Ramirez,2025-11-17,2025,SWBS,AC157Y,TVW25T9505,2113.5,0.17,4.5,2.5,1516,597.5,0.282706411166312,336.888888888889,211.436541143654,469.666666666667,294.769874476987,Week,47,2025,2025 - Week 47,
1002181890,Line 2,Maria Alvarez,2025-11-17,2025,SWCO,GH9335,WAC099035,1503,0.08,2.5,2.5,944.5,558.5,0.371590153027279,377.8,185.925196850394,601.2,295.866141732283,Week,47,2025,2025 - Week 47,
2400007332,Gravity,Jennifer Delgado,2025-11-17,2024,SWCO,SWEET G 90,WAC088587,12963,0.83,10,0.08,11745.5,1217.5,0.0939211602252565,1174.55,1076.58111824015,1296.3,1188.17598533456,Week,47,2025,2025 - Week 47,12963
1002183076,Line 1,Belen Diaz,2025-11-17,2025,SWCO,CODE 646,WAW099093,9374,0.42,6.5,2,8281,1093,0.116599103904416,1274,928.363228699552,1442.15384615385,1050.89686098655,Week,47,2025,2025 - Week 47,
1002183089,Line 2,Ana Ramirez,2025-11-18,2025,SWBS,AC215Y,TVW25S9507,1452,0.83,6,2.5,983.5,468.5,0.322658402203857,163.916666666667,105.412647374062,242,155.627009646302,Week,47,2025,2025 - Week 47,
1002184974,Line 2,Maria Alvarez,2025-11-18,2025,SWBS,R584A,TVW25T9548X1,2268,0.67,8,0.5,1938,330,0.145502645502646,242.25,211.3413304253,283.5,247.328244274809,Week,47,2025,2025 - Week 47,
1002183087,Line 2,Maria Alvarez,2025-11-18,2025,SWBS,R584A,WAW25T9547X1,1535,0.08,4,0.33,1275,260,0.169381107491857,318.75,289.115646258503,383.75,348.072562358277,Week,47,2025,2025 - Week 47,
2400007331,Gravity,Rey Hernandez,2025-11-18,2024,SWCO,SWEET G 90,WAC088587,6660,0.42,12,0.5,6556,104,0.0156156156156156,546.333333333333,507.430340557276,555,515.479876160991,Week,47,2025,2025 - Week 47,LF
2400007337,Gravity,Luisa Salas,2025-11-18,2024,SWCO,GSS4628,WAW088536X1,2441.5,0.25,3,0.5,2217,224.5,0.0919516690559083,739,591.2,813.833333333333,651.066666666667,Week,47,2025,2025 - Week 47,LF
1002181790,Line 1,Belen Diaz,2025-11-18,2025,SWCO,GARRISON-R,TVW099024X2,21681.5,0.92,18,0.42,17518,4163.5,0.19203007172013,973.222222222222,905.791106514995,1204.52777777778,1121.07032057911,Week,47,2025,2025 - Week 47,
1002184975,Line 2,Ana Ramirez,2025-11-19,2025,SWBS,R584A,TVW25T9549X1,2239,0.17,6,2.5,1870.5,368.5,0.164582402858419,311.75,215.743944636678,373.166666666667,258.246828143022,Week,47,2025,2025 - Week 47,
1002182729,Line 2,Rey Hernandez,2025-11-19,2025,SWBS,R00681A,TVW25T9518X1,2343.5,0.17,3.5,2.5,1101,1242.5,0.530189886921272,314.571428571429,178.444084278768,669.571428571429,379.821717990276,Week,47,2025,2025 - Week 47,
1002182844,Line 2,Ana Ramirez,2025-11-19,2025,SWBS,R325A,TVC25S9539X1,2275.5,0.5,3.5,1.5,1628,647.5,0.284552845528455,465.142857142857,296,650.142857142857,413.727272727273,Week,47,2025,2025 - Week 47,
2400007400,Gravity,Darlin Flores,2025-11-19,2024,SWCO,GSS3951,24-MZ2031X1,2925.802,0.17,3,0.17,2576.5,349.302,0.11938675276044,858.833333333333,771.407185628743,975.267333333333,875.988622754491,Week,47,2025,2025 - Week 47,LF
1002181387,Line 1,Belen Diaz,2025-11-19,2025,SWCO,GARRISON-R,TVW099025X2,23280,1,20,2,19342.5,3937.5,0.169136597938144,967.125,840.978260869565,1164,1012.17391304348,Week,47,2025,2025 - Week 47,
1002181386,Line 2,Anniellys Zerquera,2025-11-20,2025,SWCO,WSS33739,TVW099089X2,1169.5,0.17,2.55,1.3,721,448.5,0.38349722103463,282.745098039216,179.353233830846,458.627450980392,290.92039800995,Week,47,2025,2025 - Week 47,
1002181888,Line 2,Ana Ramirez,2025-11-20,2025,SWCO,GSS2259P,WAW099046X1,2900,0.5,6.5,0.33,2445.5,454.5,0.156724137931035,376.230769230769,333.628922237381,446.153846153846,395.634379263301,Week,47,2025,2025 - Week 47,
2400007401,Gravity,Jennifer Delgado,2025-11-20,2024,SWCO,GSS3951,WAW088573X1,12884.5,1.5,30,0.5,11901,983.5,0.0763320268539718,396.7,371.90625,429.483333333333,402.640625,Week,47,2025,2025 - Week 47,LF
1002184948,Line 2,Maria Alvarez,2025-11-20,2025,SWCO,GSS2259P,WAW099045X1,3753,0.17,6,2.5,3099.5,653.5,0.174127364774847,516.583333333333,357.497116493656,625.5,432.871972318339,Week,47,2025,2025 - Week 47,
1002181811,Line 1,Jennifer Delgado,2025-11-20,2025,SWCO,ACCENTUATE,WAW099003X2,27701,1.17,15,2.5,19568,8133,0.293599509042995,1304.53333333333,1048.09855382967,1846.73333333333,1483.71719335833,Week,47,2025,2025 - Week 47,
1002184234,Line 2,Anniellys Zerquera,2025-11-21,2025,SWCO,WWSS3949,TVW099090X2,81.5,0.5,1.2,2.5,43,38.5,0.47239263803681,35.8333333333333,10.2380952380952,67.9166666666667,19.4047619047619,Week,47,2025,2025 - Week 47,
1002180928,Line 2,Maria Alvarez,2025-11-21,2025,SWCO,GSS3378,WAW099052X2,2491.5,0.5,5.5,2.5,1623.5,868,0.348384507324905,295.181818181818,191,453,293.117647058824,Week,47,2025,2025 - Week 47,
2400007361,Gravity,Rey Hernandez,2025-11-21,2024,SWCO,GLACIAL,WAW088526X2,1956.5,0.33,3,0.5,1734,222.5,0.113723485816509,578,452.741514360313,652.166666666667,510.835509138381,Week,47,2025,2025 - Week 47,LF
1002177222,Line 1,Mario Martinez,2025-11-21,2025,SWCO,BSS1075-R,WAW099008X2J,6420.5,1,7,0.5,5425,995.5,0.155050229732887,775,638.235294117647,917.214285714286,755.352941176471,Week,47,2025,2025 - Week 47,
1002150386,Line 1,Jennifer Delgado,2025-11-21,2025,SWCO,BSS1075-R,WAW099008X2,9776,1.5,10,2.5,8216,1560,0.159574468085106,821.6,586.857142857143,977.6,698.285714285714,Week,47,2025,2025 - Week 47,
1002150143,Line 1,Mario Martinez,2025-11-21,2025,SWCO,BSS1075-R,WAW099005X2,16878,1.5,14,2.5,13952,2926,0.173361772721887,996.571428571429,775.111111111111,1205.57142857143,937.666666666667,Week,47,2025,2025 - Week 47,
2400007330,Gravity,Jennifer Delgado,2025-11-22,2024,SWCO,HONEY SELECT,ORT088542K,1196,0.25,4.5,0.58,1075,121,0.101170568561873,238.888888888889,201.688555347092,265.777777777778,224.390243902439,Week,47,2025,2025 - Week 47,LR
1002179000,Line 2,Anniellys Zerquera,2025-11-22,2025,SWCO,BSS23648-R,TVW099095X2,2744,0.33,8.45,2.5,2379.5,364.5,0.13283527696793,281.597633136095,210.948581560284,324.733727810651,243.262411347518,Week,47,2025,2025 - Week 47,
1002184233,Line 2,Ana Ramirez,2025-11-22,2025,SWCO,BSS3556,TVW099013X2,1944.5,0.58,4.5,2.5,1626.5,318,0.163538184623296,361.444444444444,214.57783641161,432.111111111111,256.530343007916,Week,47,2025,2025 - Week 47,
1002186259,Line 2,Anniellys Zerquera,2025-11-22,2025,BEBS,SB4908,TVG25S9517T,2626.5,0.5,4.1,2.5,2038.5,588,0.223872073101085,497.19512195122,287.112676056338,640.609756097561,369.929577464789,Week,47,2025,2025 - Week 47,
2400007380,Gravity,Jennifer Delgado,2025-11-22,2024,SWCO,GSS3071S,WAW088531X1,8478.447,0.75,9,0.5,7538.5,939.947,0.110863109718089,837.611111111111,735.463414634146,942.049666666667,827.16556097561,Week,47,2025,2025 - Week 47,MF
2400007360,Gravity,Rey Hernandez,2025-11-22,2024,SWCO,SILVER QUEEN,WAC088582W,13917.5,0.58,13,0.67,13468.5,449,0.0322615412250763,1036.03846153846,945.157894736842,1070.57692307692,976.666666666667,Week,47,2025,2025 - Week 47,LR
1002177223,Line 1,Belen Diaz,2025-11-22,2025,SWCO,BSS1075-R,WAW099006X2J,20411,2,14.5,2.5,15418,4993,0.244622997403361,1063.31034482759,811.473684210526,1407.65517241379,1074.26315789474,Week,47,2025,2025 - Week 47,
2400007336,Gravity,Mario Martinez,2025-11-23,2022,SWCO,GH6462S,TVC066350X1,754,0.33,1.5,0.5,704.5,49.5,0.0656498673740053,469.666666666667,302.360515021459,502.666666666667,323.605150214592,Week,47,2025,2025 - Week 47,LR
1002186260,Line 2,Anniellys Zerquera,2025-11-23,2025,BEBS,SB4909,TVG25S9518T,2456,0.5,2.45,2.5,1988.5,467.5,0.19035016286645,811.632653061225,364.862385321101,1002.44897959184,450.642201834862,Week,47,2025,2025 - Week 47,
1002186262,Line 2,Maria Contreras,2025-11-24,2025,BEBS,SB4911,TVG25S9520T,692,0.25,5.5,2.5,497,195,0.281791907514451,90.3636363636364,60.2424242424242,125.818181818182,83.8787878787879,Week,48,2025,2025 - Week 48,
1002186262,Line 2,Ana Ramirez,2025-11-24,2025,BEBS,SB4911,TVG25S9520T,692,0.25,5.5,2.5,497,195,0.281791907514451,90.3636363636364,60.2424242424242,125.818181818182,83.8787878787879,Week,48,2025,2025 - Week 48,
2400007368,Gravity,Jennifer Delgado,2025-11-24,2024,SWCO,HONEY SELECT,ORT088608,306,0.67,1,0.75,283.5,22.5,0.0735294117647059,283.5,117.148760330579,306,126.446280991736,Week,48,2025,2025 - Week 48,MR
1002186261,Line 2,Ana Ramirez,2025-11-24,2025,BEBS,SB4910,TVG25S9519T,1939,0.42,4.5,2.5,1283,656,0.338318720990201,285.111111111111,172.911051212938,430.888888888889,261.320754716981,Week,48,2025,2025 - Week 48,
1002150144,Line 1,Belen Diaz,2025-11-24,2025,SWCO,BSS1075-R,WAW099006X2,25138,1.5,21,2,19781.5,5356.5,0.213083777547935,941.976190476191,807.408163265306,1197.04761904762,1026.04081632653,Week,48,2025,2025 - Week 48,
2400007272,Gravity,Jennifer Delgado,2025-11-24,2024,SWCO,HONEY SELECT,ORT088542,4553,1.5,4,0.75,3847,706,0.15506259609049,961.75,615.52,1138.25,728.48,Week,48,2025,2025 - Week 48,LF
2400007420,Gravity,Rey Hernandez,2025-11-25,2025,SWCO,CODE 646,WAW099093J,300,0.17,1,0.17,279.5,20.5,0.0683333333333333,279.5,208.582089552239,300,223.880597014925,Week,48,2025,2025 - Week 48,MR
1002186263,Line 2,Anniellys Zerquera,2025-11-25,2025,BEBS,SB4912,TVG25S9521T,4182,0.5,7.5,2.5,2951.5,1230.5,0.294237207077953,393.533333333333,281.095238095238,557.6,398.285714285714,Week,48,2025,2025 - Week 48,
1002186265,Line 2,Ana Ramirez,2025-11-25,2025,BEBS,SB4914,TVG25S9523T,3149,0.5,5.5,2.5,2469,680,0.215941568751985,448.909090909091,290.470588235294,572.545454545455,370.470588235294,Week,48,2025,2025 - Week 48,
2400007315,Gravity,Rey Hernandez,2025-11-25,2025,SWCO,CODE 646,WAW099091J,947,0.17,1.5,0.17,854.5,92.5,0.0976768743400211,569.666666666667,464.402173913043,631.333333333333,514.673913043478,Week,48,2025,2025 - Week 48,LF
1002186264,Line 2,Ana Ramirez,2025-11-25,2025,BEBS,SB4913,TVG25S9522T,4316,0.5,5,2.5,3311.5,1004.5,0.232738646895273,662.3,413.9375,863.2,539.5,Week,48,2025,2025 - Week 48,
1002150142,Line 1,Mario Martinez,2025-11-25,2025,SWCO,ACCESSION,WAW099004X2,9188.5,1.5,11.5,3,7701.5,1487,0.161832725689721,669.695652173913,481.34375,799,574.28125,Week,48,2025,2025 - Week 48,
2400007345,Gravity,Jennifer Delgado,2025-11-26,2025,SWCO,CODE 646,WAW099091J,81.5,0.67,2,0.25,76.5,5,0.0613496932515337,38.25,26.1986301369863,40.75,27.9109589041096,Week,48,2025,2025 - Week 48,MF
1002163864,Line 2,Anniellys Zerquera,2025-11-26,2025,BEBS,SB4918,TVG25S9528T,730,0.5,3.4,2.5,466,264,0.361643835616438,137.058823529412,72.8125,214.705882352941,114.0625,Week,48,2025,2025 - Week 48,
1002163865,Line 2,Ana Ramirez,2025-11-26,2025,BEBS,SB4920,TVG25S9530T,751,0.58,2,2.5,448,303,0.403462050599201,224,88.1889763779528,375.5,147.834645669291,Week,48,2025,2025 - Week 48,
2400007384,Gravity,Jennifer Delgado,2025-11-26,2025,SWCO,CODE 646,WAW099093,315,0.42,1,0.17,275,40,0.126984126984127,275,172.955974842767,315,198.11320754717,Week,48,2025,2025 - Week 48,MF
2400007382,Gravity,Rey Hernandez,2025-11-26,2025,SWCO,CODE 646,WAW099093J,1365,0.17,2.5,0.08,1268.5,96.5,0.0706959706959707,507.4,461.272727272727,546,496.363636363636,Week,48,2025,2025 - Week 48,LF
2400007366,Gravity,Rey Hernandez,2025-11-26,2025,SWCO,CODE 646,WAW099091,1136.5,0.17,2,0.17,1059.5,77,0.0677518697756269,529.75,452.777777777778,568.25,485.683760683761,Week,48,2025,2025 - Week 48,LF
2400007385,Gravity,Jennifer Delgado,2025-11-26,2025,SWCO,CODE 646,WAW099093,1972.5,0.5,3,0.33,1815.5,157,0.0795944233206591,605.166666666667,474.02088772846,657.5,515.013054830287,Week,48,2025,2025 - Week 48,LF
1002172134,Line 2,Ana Ramirez,2025-12-01,2025,PEBS,ZERUCO,TVP25T9130TK,7121,0.5,16,2.5,6456,665,0.0933857604269063,403.5,339.789473684211,445.0625,374.789473684211,Week,49,2025,2025 - Week 49,
1002188076,Line 2,Anniellys Zerquera,2025-12-01,2025,BEBS,19B1101,TVG25T9500T,6896,0.5,8,2.5,5446,1450,0.210266821345708,680.75,495.090909090909,862,626.909090909091,Week,49,2025,2025 - Week 49,
2400007138,Gravity,Jennifer Delgado,2025-12-01,2025,SWCO,GARRISON-R,WAW099027X2,3362,0.58,4,0.67,3041.5,320.5,0.0953301606186794,760.375,579.333333333333,840.5,640.380952380952,Week,49,2025,2025 - Week 49,LF
1002183877,Line 1,Rey Hernandez,2025-12-01,2025,SWCO,GSS3951,WAW099057X1,61474,1.5,33.4,0.42,50105.5,11368.5,0.184931841103556,1500.16467065868,1418.61551528879,1840.53892215569,1740.48697621744,Week,49,2025,2025 - Week 49,
1002188081,Line 2,Ana Ramirez,2025-12-02,2025,BEBS,20B00474,TVG25T9501T,3744,0.5,7.5,2.5,2401,1343,0.358707264957265,320.133333333333,228.666666666667,499.2,356.571428571429,Week,49,2025,2025 - Week 49,
1002180997,Line 1,Mario Martinez,2025-12-02,2025,BECO,OKAPI,TVG099021,14210,1.5,10.5,1,9630.5,4579.5,0.322273047149894,917.190476190476,740.807692307692,1353.33333333333,1093.07692307692,Week,49,2025,2025 - Week 49,
1002188136,Line 1,Rey Hernandez,2025-12-02,2025,BEBS,OKAPI,TVG25T9531,10761,0.33,6,0.5,7209,3552,0.330080847504879,1201.5,1055.49048316252,1793.5,1575.54904831625,Week,49,2025,2025 - Week 49,
2400007290,Gravity,Jennifer Delgado,2025-12-03,2025,SWCO,GSS8937,TVW099069X1,852.5,0.25,1,0.25,765,87.5,0.102639296187683,765,510,852.5,568.333333333333,Week,49,2025,2025 - Week 49,MF
2400007278,Gravity,Jennifer Delgado,2025-12-03,2024,SWCO,007R,WAW088500X2,1709,0.75,2,0.5,1531.5,177.5,0.103861907548274,765.75,471.230769230769,854.5,525.846153846154,Week,49,2025,2025 - Week 49,LF
2400007367,Gravity,Jennifer Delgado,2025-12-03,2023,SWCO,GSS8937,TVW077038X1,558.5,0.25,0.5,0.25,509,49.5,0.0886302596239928,1018,509,1117,558.5,Week,49,2025,2025 - Week 49,LR
2400007367,Gravity,Jennifer Delgado,2025-12-03,2023,SWCO,GSS8937,TVW077038X1,558.5,0.25,0.5,0.25,509,49.5,0.0886302596239928,1018,509,1117,558.5,Week,49,2025,2025 - Week 49,LR
2400007339,Gravity,Jennifer Delgado,2025-12-03,2024,SWCO,GSS3951,WAW088573X1,5575.847,0.83,4,0.5,5054.5,521.347,0.0935009515146309,1263.625,948.311444652908,1393.96175,1046.12514071295,Week,49,2025,2025 - Week 49,LR
300098930,Gravity,Mario Martinez,2025-12-04,2025,SWCO,GARRISON-R,WAW090027X2,3642,0.5,6.5,0.42,2992,650,0.178473366282263,460.307692307692,403.234501347709,560.307692307692,490.835579514825,Week,49,2025,2025 - Week 49,MR
300098945,Gravity,Mario Martinez,2025-12-04,2025,SWCO,GARRISON-R,WAW099026X2,4332.5,0.75,5.5,0.5,3762,570.5,0.131679169070975,684,557.333333333333,787.727272727273,641.851851851852,Week,49,2025,2025 - Week 49,LF
300098953,Gravity,Jennifer Delgado,2025-12-04,2025,SWCO,GARRISON-R,WAW099026X2J,1647,0.5,2,0.33,1394.5,252.5,0.15330904675167,697.25,492.756183745583,823.5,581.978798586573,Week,49,2025,2025 - Week 49,LF
300098946,Gravity,Yurima Haro,2025-12-04,2025,SWCO,GARRISON-R,WAW099026X2,7011,0.25,7.5,0.25,6647,364,0.0519184139209813,886.266666666667,830.875,934.8,876.375,Week,49,2025,2025 - Week 49,
300098947,Gravity,Yurima Haro,2025-12-04,2025,SWCO,GARRISON-R,WAW099026X2J,1141,0.08,1,0.08,1050.5,90.5,0.0793163891323401,1050.5,905.603448275862,1141,983.620689655173,Week,49,2025,2025 - Week 49,
300098929,Gravity,Yurima Haro,2025-12-05,2025,SWCO,GARRISON-R,WAW099026X2J,2573,0.17,5.5,0.25,2240.5,332.5,0.129226583754372,407.363636363636,378.462837837838,467.818181818182,434.628378378378,Week,49,2025,2025 - Week 49,
2400007387,Gravity,Yurima Haro,2025-12-05,2025,SWCO,GARRISON-R,TVW099024X2,1185,0.08,1.5,0.5,862.5,322.5,0.272151898734177,575,414.663461538462,790,569.711538461539,Week,49,2025,2025 - Week 49,
300098907,Gravity,Rey Hernandez,2025-12-05,2025,SWCO,STARSHINE,WAC099085X1,4075,0.17,5.5,0.5,3231.5,843.5,0.206993865030675,587.545454545455,523.743922204214,740.909090909091,660.453808752026,Week,49,2025,2025 - Week 49,LF
2400007179,Gravity,Yurima Haro,2025-12-05,2025,SWCO,STARSHINE,WAC099085X1,774.5,0.08,1,0.17,658.5,116,0.149774047772757,658.5,526.8,774.5,619.6,Week,49,2025,2025 - Week 49,
1002188138,Line 2,Ana Ramirez,2025-12-05,2025,BEBS,R102066,TVG25U9536T,22433,0.5,18,0.25,15606,6827,0.304328444702002,867,832.32,1246.27777777778,1196.42666666667,Week,49,2025,2025 - Week 49,
1002163890,Line 2,Anniellys Zerquera,2025-12-06,2025,BEBS,R102066,TVG25S9535,5787,0.5,7,2.5,3960,1827,0.315707620528771,565.714285714286,396,826.714285714286,578.7,Week,49,2025,2025 - Week 49,
1002188139,Line 2,Ana Ramirez,2025-12-07,2025,BEBS,R102083,TVG25U9550T,8782,0.5,10,0.5,6980.5,1801.5,0.205135504440902,698.05,634.590909090909,878.2,798.363636363636,Week,49,2025,2025 - Week 49,
1002163892,Line 2,Ana Ramirez,2025-12-08,2025,BEBS,R102083,TVG25S9537,4192,0.33,6.5,2.5,3308,884,0.21087786259542,508.923076923077,354.555198285102,644.923076923077,449.30332261522,Week,50,2025,2025 - Week 50,
1002180991,Line 1,Belen Diaz,2025-12-08,2025,BECO,BASTION,WAG099060,67250,1.25,69,0.25,47928,19322,0.287315985130112,694.608695652174,679.829787234043,974.63768115942,953.900709219858,Week,50,2025,2025 - Week 50,
1002180990,Line 1,Mario Martinez,2025-12-08,2025,BECO,BASTION,TVG099003,3145,0.5,2.5,2,2324.5,820.5,0.260890302066773,929.8,464.9,1258,629,Week,50,2025,2025 - Week 50,
1002188082,Line 1,Jennifer Delgado,2025-12-08,2025,BEBS,BASTION,TVG25T9502,12223,0.83,9,0.25,8583,3640,0.29779923095803,953.666666666667,851.488095238095,1358.11111111111,1212.59920634921,Week,50,2025,2025 - Week 50,
1002150407,Line 2,Ana Ramirez,2025-12-09,2025,SWCO,SILVER QUEEN,TVC099552,356.5,0.5,3.5,2.5,302,54.5,0.152875175315568,86.2857142857143,46.4615384615385,101.857142857143,54.8461538461538,Week,50,2025,2025 - Week 50,
1002190173,Line 2,Ana Ramirez,2025-12-09,2025,SWCO,BSS9224,TVW099016X2,255.5,0.25,1.5,2.5,170.5,85,0.332681017612524,113.666666666667,40.1176470588235,170.333333333333,60.1176470588235,Week,50,2025,2025 - Week 50,
1002188137,Line 1,Belen Diaz,2025-12-09,2025,BEBS,POWERON,TVG25T9533,6012,0.17,5,0.25,2829.5,3182.5,0.529357950765136,565.9,522.047970479705,1202.4,1109.22509225092,Week,50,2025,2025 - Week 50,
1002163895,Line 2,Ana Ramirez,2025-12-09,2025,BEBS,R302089,TVG25S9548,3495,0.33,5,2.5,2992.5,502.5,0.143776824034335,598.5,382.183908045977,699,446.360153256705,Week,50,2025,2025 - Week 50,
1002180998,Line 1,Jennifer Delgado,2025-12-09,2025,BECO,POWERON,TVG099026,11682,0.42,9.5,0.17,6878,4804,0.411230953603835,724,681.665014866204,1229.68421052632,1157.77998017839,Week,50,2025,2025 - Week 50,
1002188140,Line 2,Anniellys Zerquera,2025-12-09,2025,BEBS,R302089,TVG25T9549,13613,0.5,13.5,0,11154.5,2458.5,0.180599427018291,826.259259259259,796.75,1008.37037037037,972.357142857143,Week,50,2025,2025 - Week 50,
1002180996,Line 1,Rey Hernandez,2025-12-10,2025,BECO,KAMARON,TVG99015,12696.5,1,12,2.5,8693,4003.5,0.315323120545032,724.416666666667,560.838709677419,1058.04166666667,819.129032258065,Week,50,2025,2025 - Week 50,
1002150393,Line 2,Anniellys Zerquera,2025-12-11,2025,SWCO,DESERT FROST,TVW099020X2,11254.5,0.5,26.5,0,8713,2541.5,0.225820782797992,328.792452830189,322.703703703704,424.698113207547,416.833333333333,Week,50,2025,2025 - Week 50,
1002150392,Line 2,Anniellys Zerquera,2025-12-11,2025,SWCO,DESERT FROST,TVW099019X2,11537,0.5,17.5,0,9428,2109,0.182803155066308,538.742857142857,523.777777777778,659.257142857143,640.944444444445,Week,50,2025,2025 - Week 50,
1002174298,Line 1,Rey Hernandez,2025-12-11,2025,SWCO,GSS39933,WAW099059,6111,1.5,7,2.5,5182.5,928.5,0.15193912616593,740.357142857143,471.136363636364,873,555.545454545455,Week,50,2025,2025 - Week 50,
1002180999,Line 1,Rey Hernandez,2025-12-11,2025,BECO,VERDIGON,TVG099041,31182,0.92,18,2.5,22052,9130,0.292797126547367,1225.11111111111,1029.50513538749,1732.33333333333,1455.74229691877,Week,50,2025,2025 - Week 50,
1002178999,Line 1,Rey Hernandez,2025-12-12,2025,SWCO,BSS31212,TVW099011X2,4574,0.25,7,2.5,3568,1006,0.219938784433756,509.714285714286,365.948717948718,653.428571428572,469.128205128205,Week,50,2025,2025 - Week 50,
2400007374,Gravity,Rey Hernandez,2025-12-12,2024,SWCO,GSS3951,WAW088573X1,14483,0.58,16,0.33,12114.5,2368.5,0.163536560104951,757.15625,716.410408042578,905.1875,856.475458308693,Week,50,2025,2025 - Week 50,MR
1002180927,Line 2,Anniellys Zerquera,2025-12-12,2025,SWCO,DESERT FROST,TVW099020X2J,14307.5,0.33,11,4,10544.5,3763,0.2630089114101,958.590909090909,687.834311806915,1300.68181818182,933.300717547293,Week,50,2025,2025 - Week 50,
2400007375,Gravity,Jennifer Delgado,2025-12-12,2024,SWCO,GSS3951,WAW088598,10501.3,1.5,8,0.25,9100.5,1400.8,0.133393008484664,1137.5625,933.384615384615,1312.6625,1077.05641025641,Week,50,2025,2025 - Week 50,MFH
1002184976,Line 2,Anniellys Zerquera,2025-12-13,2025,SWBS,R00153,TVW25T9515X1K,155.5,0.08,4.5,2.5,85,70.5,0.453376205787781,18.8888888888889,12.0056497175141,34.5555555555556,21.9632768361582,Week,50,2025,2025 - Week 50,
1002183090,Line 2,Ana Ramirez,2025-12-13,2025,SWBS,AC246Y,TVW25S9508,1059.5,0.5,4,2,606.5,453,0.427560169891458,151.625,93.3076923076923,264.875,163,Week,50,2025,2025 - Week 50,
1002184977,Line 2,Ana Ramirez,2025-12-13,2025,SWBS,R00118,TVW25T9513X1,1394.5,0.33,4,2.5,1014,380.5,0.272857655073503,253.5,148.462664714495,348.625,204.172767203514,Week,50,2025,2025 - Week 50,
1002184730,Line 1,Jennifer Delgado,2025-12-13,2025,BEBS,ESCADRON,TVG25U9550,12828,1.5,7.5,1,10682,2146,0.167290302463361,1424.26666666667,1068.2,1710.4,1282.8,Week,50,2025,2025 - Week 50,
1002180992,Line 1,Yurima Haro,2025-12-13,2025,BECO,ESCADRON,TVG099006,28405,0.75,15.5,0.25,22934.5,5470.5,0.192589332863932,1479.64516129032,1389.9696969697,1832.58064516129,1721.51515151515,Week,50,2025,2025 - Week 50,
1002180993,Line 1,Belen Diaz,2025-12-13,2025,BECO,ESCADRON,TVG099043,12506,0.42,6,0.42,10022,2484,0.198624660163122,1670.33333333333,1465.20467836257,2084.33333333333,1828.36257309942,Week,50,2025,2025 - Week 50,
1002184984,Line 2,Anniellys Zerquera,2025-12-14,2025,SWBS,R14759,TVW25S9526X1,166.5,0.25,2,2.5,118,48.5,0.291291291291291,59,24.8421052631579,83.25,35.0526315789474,Week,50,2025,2025 - Week 50,
1002188135,Line 1,Mario Martinez,2025-12-14,2025,BEBS,MASAI,TVG25T9514,2447,0.5,2.5,0.67,1840.5,606.5,0.247854515733551,736.2,501.49863760218,978.8,666.757493188011,Week,50,2025,2025 - Week 50,
1002184982,Line 2,Ana Ramirez,2025-12-15,2025,SWBS,R15309,TVW25S9527X1,85.5,0.33,1,1,52.5,33,0.385964912280702,52.5,22.5321888412017,85.5,36.6952789699571,Week,51,2025,2025 - Week 51,
1002184983,Line 2,Maria Alvarez,2025-12-15,2025,SWBS,R28153,TVW25T9533X1,317.5,0.08,2,2.5,204.5,113,0.355905511811024,102.25,44.6506550218341,158.75,69.3231441048035,Week,51,2025,2025 - Week 51,
1002185006,Line 2,Ana Ramirez,2025-12-15,2025,SWBS,R16826,TVW25S9530X1,241,0.33,1.5,1.5,197,44,0.182572614107884,131.333333333333,59.1591591591592,160.666666666667,72.3723723723724,Week,51,2025,2025 - Week 51,
1002184985,Line 2,Maria Alvarez,2025-12-15,2025,SWBS,R11965,TVW25S9525X1,720.5,0.33,1.5,1.5,568,152.5,0.211658570437196,378.666666666667,170.570570570571,480.333333333333,216.366366366366,Week,51,2025,2025 - Week 51,
1002181003,Line 1,Rey Hernandez,2025-12-15,2025,BECO,MASAI,TVG099019,8896,0.25,7,2.5,5990,2906,0.326663669064748,855.714285714286,614.358974358974,1270.85714285714,912.410256410257,Week,51,2025,2025 - Week 51,
1002188279,Line 2,Maria Alvarez,2025-12-16,2025,SWBS,R5001H,TVW25U9544H,112,0.08,2,2,63,49,0.4375,31.5,15.4411764705882,56,27.4509803921569,Week,51,2025,2025 - Week 51,
1002188280,Line 2,Maria Alvarez,2025-12-16,2025,SWBS,R5001H,TVW25U9545H,315,0.08,2.5,0.25,207.5,107.5,0.341269841269841,83,73.321554770318,126,111.3074204947,Week,51,2025,2025 - Week 51,
1002184973,Line 2,Ana Ramirez,2025-12-16,2025,SWBS,W0767,TVC25S9554,1166.3,0.33,3.5,1.5,893.5,272.8,0.233902083511961,255.285714285714,167.636022514071,333.228571428571,218.818011257036,Week,51,2025,2025 - Week 51,
2400007397,Gravity,Jennifer Delgado,2025-12-16,2025,SWCO,STARSHINE,WAC099085X1,658.5,0.5,2,0.5,607,51.5,0.0782080485952923,303.5,202.333333333333,329.25,219.5,Week,51,2025,2025 - Week 51,MR
1002185007,Line 2,Ana Ramirez,2025-12-16,2025,SWBS,R39232,TVC25S9541X1,1124,0.08,3,3.5,911.5,212.5,0.189056939501779,303.833333333333,138.525835866261,374.666666666667,170.820668693009,Week,51,2025,2025 - Week 51,
1002184235,Line 2,Maria Alvarez,2025-12-16,2025,SWCO,GSS9040,TVW099070X1,2591,0.5,3.5,2,1998.5,592.5,0.228676186800463,571,333.083333333333,740.285714285714,431.833333333333,Week,51,2025,2025 - Week 51,
2400007178,Gravity,Jennifer Delgado,2025-12-16,2025,SWCO,STARSHINE,WAC099085X1,16763,1.5,20.5,0.5,16357,406,0.024220008351727,797.90243902439,726.977777777778,817.707317073171,745.022222222222,Week,51,2025,2025 - Week 51,LR
1002139921,Line 2,Anniellys Zerquera,2025-12-17,2025,PEBS,SL3230,TVS25S9105T,956.854,0.08,3.15,2.5,807,149.854,0.156611144437918,256.190476190476,140.837696335079,303.763174603175,166.990226876091,Week,51,2025,2025 - Week 51,
1002178917,Line 2,Anniellys Zerquera,2025-12-17,2025,SWCO,GSS4479,WAW099060X1,1923,0.25,5.5,2.5,1520,403,0.209568382735309,276.363636363636,184.242424242424,349.636363636364,233.090909090909,Week,51,2025,2025 - Week 51,
1002163024,Line 2,Anniellys Zerquera,2025-12-17,2025,BEBS,COYOTE,TVG25U9504,930.5,0.33,2.15,0,688,242.5,0.260612573885008,320,277.41935483871,432.790697674419,375.201612903226,Week,51,2025,2025 - Week 51,
1002163023,Line 2,Ana Ramirez,2025-12-17,2025,BEBS,COYOTE,TVG25S9503,2839,0.25,6,1.5,2216,623,0.219443466009158,369.333333333333,285.935483870968,473.166666666667,366.322580645161,Week,51,2025,2025 - Week 51,
1002181004,Line 1,Jennifer Delgado,2025-12-17,2025,BECO,MONCAYO,TVG099020,30440,2.5,38,1,19364.5,11075.5,0.36384691195795,509.592105263158,466.614457831325,801.052631578947,733.493975903615,Week,51,2025,2025 - Week 51,
1002163899,Line 2,Ana Ramirez,2025-12-18,2025,BEBS,SB4780,TVG25T9540T,5802,0.5,10,2,4521,1281,0.220785935884178,452.1,361.68,580.2,464.16,Week,51,2025,2025 - Week 51,
1002181000,Line 2,Anniellys Zerquera,2025-12-18,2025,BECO,CERDON,TVG099004,2744,0.25,3.5,1.5,2325,419,0.152696793002915,664.285714285714,442.857142857143,784,522.666666666667,Week,51,2025,2025 - Week 51,
1002184731,Line 1,Jennifer Delgado,2025-12-18,2025,BEBS,FURANO,TVG25V9548,9758,1.5,8.5,2.5,5788.5,3969.5,0.406794425087108,681,463.08,1148,780.64,Week,51,2025,2025 - Week 51,
1002181001,Line 1,Rey Hernandez,2025-12-18,2025,BECO,FURANO,TVG099042,32405,0.92,19,0.33,18318,14087,0.434716864681376,964.105263157895,904.592592592593,1705.52631578947,1600.24691358025,Week,51,2025,2025 - Week 51,
1002185121,Line 2,Ana Ramirez,2025-12-19,2025,SWCO,GSS1474,WAW099042X1,599,0.92,4.5,1.5,476,123,0.20534223706177,105.777777777778,68.7861271676301,133.111111111111,86.5606936416185,Week,51,2025,2025 - Week 51,
1002181388,Line 2,Maria Alvarez,2025-12-19,2025,SWCO,PATRON,ORW099076H,572,0.5,3,2.5,320.5,251.5,0.439685314685315,106.833333333333,53.4166666666667,190.666666666667,95.3333333333333,Week,51,2025,2025 - Week 51,
1002186493,Line 2,Anniellys Zerquera,2025-12-19,2025,BEBS,SB4881,TVG25T9543T,5191.5,0.5,9.5,2.5,3627,1564.5,0.301357989020514,381.789473684211,290.16,546.473684210526,415.32,Week,51,2025,2025 - Week 51,
1002163230,Line 2,Maria Alvarez,2025-12-20,2025,BEBS,HUNTINGTON,TVG25T9507,1442.9,0.17,3.25,0.25,1156.5,286.4,0.198489153787511,355.846153846154,315.122615803815,443.969230769231,393.160762942779,Week,51,2025,2025 - Week 51,
1002170050,Line 2,Ana Ramirez,2025-12-20,2025,BEBS,HUNTINGTON,TVG25T9507K,635,0.17,1,0.33,478,157,0.247244094488189,478,318.666666666667,635,423.333333333333,Week,51,2025,2025 - Week 51,
1002181297,Line 1,Rey Hernandez,2025-12-20,2025,SWCO,SS3778R,WAW099084X2,3180,1.5,5,2.5,2535,645,0.202830188679245,507,281.666666666667,636,353.333333333333,Week,51,2025,2025 - Week 51,
300099101,Gravity,Jennifer Delgado,2025-12-20,2025,SWCO,GSS1477S,WAW099043X1,16646.5,2.5,27,1,14538.5,2108,0.126633226203706,538.462962962963,476.672131147541,616.537037037037,545.786885245902,Week,51,2025,2025 - Week 51,MF
1002182356,Line 2,Ana Ramirez,2025-12-20,2025,BECO,HUNTINGTON,WAG099008W,8750,0.75,12,0.25,6697,2053,0.234628571428571,558.083333333333,515.153846153846,729.166666666667,673.076923076923,Week,51,2025,2025 - Week 51,
1002170051,Line 2,Ana Ramirez,2025-12-20,2025,BEBS,HUNTINGTON,TVG25U9508K,1540.94,0.17,2,0.33,1190.5,350.44,0.227419626980934,595.25,476.2,770.47,616.376,Week,51,2025,2025 - Week 51,
1002181887,Line 1,Jennifer Delgado,2025-12-20,2025,SWCO,EA COGENT,ORC099021,5683,1,6,2.5,4552.5,1130.5,0.198926623262361,758.75,479.21052631579,947.166666666667,598.21052631579,Week,51,2025,2025 - Week 51,
1002181889,Line 1,Mario Martinez,2025-12-20,2025,SWCO,GH6055,ORC099032X1,47854,2.5,50,3.5,42604,5250,0.109708697287583,852.08,760.785714285714,957.08,854.535714285714,Week,51,2025,2025 - Week 51,
1002181886,Line 1,Mario Martinez,2025-12-20,2025,SWCO,EA COGENT,ORC099021J,5275,0.67,4.5,2.5,4783,492,0.0932701421800948,1062.88888888889,623.598435462842,1172.22222222222,687.7444589309,Week,51,2025,2025 - Week 51,
300099545,Gravity,Jennifer Delgado,2025-12-21,2025,SWCO,GSS1477S,WAW099043X1W,1575,0.33,2.5,0.67,1386,189,0.12,554.4,396,630,450,Week,51,2025,2025 - Week 51,LR
1002163231,Line 2,Maria Alvarez,2025-12-21,2025,BEBS,HUNTINGTON,TVG25U9508,25526,0.25,29.25,1.5,20277,5249,0.20563347175429,693.230769230769,654.096774193548,872.683760683761,823.41935483871,Week,51,2025,2025 - Week 51,
300099100,Gravity,Rey Hernandez,2025-12-21,2025,SWCO,GSS1477S,WAW099043X1,6168.5,0.25,6,0.5,4762.5,1406,0.227932236362163,793.75,705.555555555556,1028.08333333333,913.851851851852,Week,51,2025,2025 - Week 51,MR
1002180929,Line 1,Jennifer Delgado,2025-12-21,2025,SWCO,GSS31004,WAW099049X2,12766,1.5,11,2.5,10825.5,1940.5,0.152005326648911,984.136363636364,721.7,1160.54545454545,851.066666666667,Week,51,2025,2025 - Week 51,
1002186449,Line 1,Jennifer Delgado,2025-12-22,2025,BECO,LOGON,TVG099017,24202,1.5,26,2.5,20046,4156,0.17172134534336,771,668.2,930.846153846154,806.733333333333,Week,52,2025,2025 - Week 52,
1002163227,Line 2,Maria Alvarez,2025-12-26,2025,BEBS,HUNTINGTON,TVG25S95H1,360,0.33,40,3,237,123,0.341666666666667,5.925,5.46965151165474,9,8.30833141010847,Week,52,2025,2025 - Week 52,
1002150395,Line 2,Ana Ramirez,2025-12-26,2025,SWCO,FIJI,WAW099022X2,790,0.08,3.5,0.25,596.5,193.5,0.24493670886076,170.428571428571,155.744125326371,225.714285714286,206.266318537859,Week,52,2025,2025 - Week 52,
1002163233,Line 1,Jennifer Delgado,2025-12-26,2025,BEBS,LOGON,TVG25S9510,3691,0.5,6.5,1.5,2695,996,0.26984557030615,414.615384615385,317.058823529412,567.846153846154,434.235294117647,Week,52,2025,2025 - Week 52,
1002164391,Line 2,Ana Ramirez,2025-12-26,2025,BECO,HUNTINGTON,WAG099012,46000,0.33,39,0.33,31005.5,14994.5,0.325967391304348,795.012820512821,781.782652546647,1179.48717948718,1159.85879979829,Week,52,2025,2025 - Week 52,
1002184732,Line 1,Rey Hernandez,2025-12-26,2025,BEBS,LOGON,TVG25V9549,20130,2,14.75,1.5,13593.5,6536.5,0.32471435668157,921.593220338983,744.849315068493,1364.74576271186,1103.01369863014,Week,52,2025,2025 - Week 52,
1002188134,Line 1,Jennifer Delgado,2025-12-26,2025,BEBS,LOGON,TVG25U9511T,6214,0.58,4.75,1.5,4700.5,1513.5,0.243562922433215,989.578947368421,688.213762811127,1308.21052631579,909.809663250366,Week,52,2025,2025 - Week 52,
1002181812,Line 2,Anniellys Zerquera,2025-12-27,2025,SWCO,FIJI,TVW099023X2,704.5,0.17,3.5,2.5,473.5,231,0.327892122072392,135.285714285714,76.742301458671,201.285714285714,114.18152350081,Week,52,2025,2025 - Week 52,
1002186446,Line 2,Ana Ramirez,2025-12-27,2025,BEBS,SERENGETI,TVG25T9544,4115.5,0.5,7.5,0.33,3038.5,1077,0.261693597375775,405.133333333333,364.765906362545,548.733333333333,494.05762304922,Week,52,2025,2025 - Week 52,
1002186448,Line 2,Maria Alvarez,2025-12-27,2025,BEBS,SERENGETI,TVG25V9546,8011.5,0.33,8.67,0.25,5681.5,2330,0.290831929101916,655.305651672434,614.216216216216,924.048442906575,866.108108108108,Week,52,2025,2025 - Week 52,
1002186447,Line 2,Maria Alvarez,2025-12-28,2025,BEBS,SERENGETI,TVG25V9545,18831.5,0.17,17,2,13919.5,4912,0.260839550752728,818.794117647059,726.108502869066,1107.73529411765,982.342201356286,Week,52,2025,2025 - Week 52,
1002165486,Line 1,Rey Hernandez,2025-12-28,2025,BECO,HUNTINGTON,WAG099011J,50070,3.5,37.5,1.5,31229.5,18840.5,0.376283203515079,832.786666666667,734.811764705882,1335.2,1178.11764705882,Week,52,2025,2025 - Week 52,
1002189811,Line 2,Anniellys Zerquera,2025-12-29,2025,BEBS,BATALLION,TVG25U9547T,6337,0.5,9.5,2.5,5511.5,825.5,0.130266687707117,580.157894736842,440.92,667.052631578947,506.96,Week,1,2025,2025 - Week 1,
1002164393,Line 1,Rey Hernandez,2025-12-29,2025,BECO,HUNTINGTON,WAG099063,27240,2,21,1.5,15332,11908,0.437151248164464,730.095238095238,625.795918367347,1297.14285714286,1111.83673469388,Week,1,2025,2025 - Week 1,
1002163908,Line 2,Maria Alvarez,2025-12-29,2025,BEBS,THOMPSON,TVG25T9551,11664,0.33,13.75,1.5,10077,1587,0.136059670781893,732.872727272727,646.790757381258,848.290909090909,748.652118100128,Week,1,2025,2025 - Week 1,
1002188133,Line 2,Anniellys Zerquera,2025-12-30,2025,BEBS,JAMESON,TVG25T9509,5931,0.25,6.5,2,4633.5,1297.5,0.218765806777946,712.846153846154,529.542857142857,912.461538461539,677.828571428571,Week,1,2025,2025 - Week 1,
1002164389,Line 1,Jennifer Delgado,2025-12-30,2025,BECO,HUNTINGTON,WAG099010,54470,3,33.5,1,37012.5,17457.5,0.320497521571507,1104.85074626866,987,1625.97014925373,1452.53333333333,Week,1,2025,2025 - Week 1,
1002163887,Line 2,Ana Ramirez,2025-12-30,2025,BEBS,PISMO,TVG25U9532,23384,0.42,11,1.5,15690,7694,0.329028395484092,1426.36363636364,1214.39628482972,2125.81818181818,1809.90712074303,Week,1,2025,2025 - Week 1,
300099594,VMEK,Ana Ramirez,2026-01-06,2025,SWCO,CODE 646,WAW099091,222.5,0.33,3,0.08,206,16.5,0.0741573033707865,68.6666666666667,60.4105571847507,74.1666666666667,65.2492668621701,Week,2,2026,2026 - Week 2,MR
1002164392,Line 1,Mario Martinez,2026-01-06,2025,BECO,HUNTINGTON,WAG099013,54920,2.5,30.5,0.5,36195,18725,0.340950473415878,1186.72131147541,1080.44776119403,1800.65573770492,1639.40298507463,Week,2,2026,2026 - Week 2,
1002164605,Line 1,Rey Hernandez,2026-01-06,2025,BECO,HUNTINGTON,WAG099010J,23398,2,12,1.5,16672.5,6725.5,0.287439097358749,1389.375,1075.64516129032,1949.83333333333,1509.54838709677,Week,2,2026,2026 - Week 2,
2400007298,VMEK,Ana Ramirez,2026-01-07,2025,SWCO,CODE 646,WAW099091J,70,0.33,1,0.33,58.5,11.5,0.164285714285714,58.5,35.2409638554217,70,42.1686746987952,Week,2,2026,2026 - Week 2,MF
2400007395,VMEK,Ana Ramirez,2026-01-07,2025,SWCO,CODE 646,WAW099093,275,0.33,3,0.08,251,24,0.0872727272727273,83.6666666666667,73.6070381231672,91.6666666666667,80.6451612903226,Week,2,2026,2026 - Week 2,MF
1002164386,Line 1,Yurima Haro,2026-01-07,2025,BECO,GREENBACK,WAG099007,31040,0.83,15.5,0.25,23896.5,7143.5,0.230138530927835,1541.70967741936,1441.28468033776,2002.58064516129,1872.13510253317,Week,2,2026,2026 - Week 2,
1002163226,Line 1,Jennifer Delgado,2026-01-07,2025,BEBS,GREENBACK,TVG25T9506,4280,0.33,2,0.08,3263,1017,0.237616822429907,1631.5,1353.94190871369,2140,1775.93360995851,Week,2,2026,2026 - Week 2,
2400007350,VMEK,Ana Ramirez,2026-01-08,2025,SWCO,GSS3378,WAW099052X2,247,0.25,2,0.25,233,14,0.0566801619433198,116.5,93.2,123.5,98.8,Week,2,2026,2026 - Week 2,LF
2400007393,VMEK,Ana Ramirez,2026-01-08,2025,SWCO,GSS3378,WAW099052X2,253,0.33,2,0.42,241,12,0.0474308300395257,120.5,87.6363636363636,126.5,92,Week,2,2026,2026 - Week 2,MR
1002164426,Line 2,Anniellys Zerquera,2026-01-08,2025,BECO,PISMO,WAG099024,101920,0.08,69.75,2.5,72973.5,28946.5,0.284011970172685,1046.21505376344,1008.89672335131,1461.21863799283,1409.09719341905,Week,2,2026,2026 - Week 2,
1002164427,Line 2,Maria Alvarez,2026-01-08,2025,BECO,PISMO,WAG099025,12650,0.5,9,0.25,9548.5,3101.5,0.245177865612648,1060.94444444444,979.333333333333,1405.55555555556,1297.4358974359,Week,2,2026,2026 - Week 2,
1002164433,Line 1,Belen Diaz,2026-01-08,2025,BECO,REDEMPTION,WAG099035,26340,0.42,12.25,2,21487,4853,0.184244495064541,1754.04081632653,1464.68984321745,2150.20408163265,1795.50102249489,Week,2,2026,2026 - Week 2,
1002139532,Line 1,Mario Martinez,2026-01-09,2025,PECO,SL3222,TVS099006,23555,1.5,15,1,17470,6085,0.258331564423689,1164.66666666667,998.285714285714,1570.33333333333,1346,Week,2,2026,2026 - Week 2,
1002139531,Line 1,Mario Martinez,2026-01-09,2025,PECO,SL3222,TVS099005,27358,1.5,18,0.5,22526,4832,0.176621098033482,1251.44444444444,1126.3,1519.88888888889,1367.9,Week,2,2026,2026 - Week 2,
1002165487,Line 2,Ana Ramirez,2026-01-10,2025,BECO,PISMO,WAG099061J,51622,0.5,37,0.25,40325.5,11296.5,0.218831118515362,1089.87837837838,1068.22516556291,1395.18918918919,1367.4701986755,Week,2,2026,2026 - Week 2,
1002139586,Line 1,Jennifer Delgado,2026-01-10,2025,PECO,SUGAR LACE,ORS099035,44249.768,4,21,1.5,34322,9927.768,0.22435751527556,1634.38095238095,1295.16981132075,2107.13180952381,1669.80256603774,Week,2,2026,2026 - Week 2,
2400007412,VMEK,Rey Hernandez,2026-01-12,2025,SWCO,GSS39933,WAW099059,181.5,0.17,3,0.25,167,14.5,0.0798898071625344,55.6666666666667,48.8304093567252,60.5,53.0701754385965,Week,3,2026,2026 - Week 3,MF
2400007276,VMEK,Rey Hernandez,2026-01-12,2025,SWCO,GSS 8529,WAW099038X1,167.5,0.17,2,0.08,154.5,13,0.0776119402985075,77.25,68.6666666666667,83.75,74.4444444444444,Week,3,2026,2026 - Week 3,LR
1002164405,Line 2,Maria Alvarez,2026-01-12,2025,BECO,PISMO,WAG099023,42630,0.33,27,0.25,32515.5,10114.5,0.237262491203378,1204.27777777778,1178.95213923133,1578.88888888889,1545.68527918782,Week,3,2026,2026 - Week 3,
1002139583,Line 1,Rey Hernandez,2026-01-12,2025,PECO,SUGAR LACE,TVS099023,19370,1.5,9.5,1.5,13093.5,6276.5,0.324032008260196,1378.26315789474,1047.48,2038.94736842105,1549.6,Week,3,2026,2026 - Week 3,
1002163626,Line 1,Yurima Haro,2026-01-12,2025,PECO,SUGAR LACE,ORS099025K,14789.859,0.42,8,0.25,11213,3576.859,0.241845375266931,1401.625,1293.31026528258,1848.732375,1705.8660899654,Week,3,2026,2026 - Week 3,
2400007309,VMEK,Yurima Haro,2026-01-13,2025CL,SWBS,AC111Y,CUW25T9023,366.5,0.08,5,0.17,354.5,12,0.0327421555252387,70.9,67.5238095238095,73.3,69.8095238095238,Week,3,2026,2026 - Week 3,UN
2400007279,VMEK,Rey Hernandez,2026-01-13,2025CL,SWBS,R565A,CCW25T9010X1,197.5,0.17,2.5,0.17,189,8.5,0.0430379746835443,75.6,66.5492957746479,79,69.5422535211268,Week,3,2026,2026 - Week 3,MR
1002139584,Line 1,Mario Martinez,2026-01-13,2025,PECO,SUGAR LACE,TVS099024,859,0.5,1.5,0.5,668.5,190.5,0.221769499417928,445.666666666667,267.4,572.666666666667,343.6,Week,3,2026,2026 - Week 3,
1002139585,Line 1,Mario Martinez,2026-01-13,2025,PECO,SUGAR LACE,ORS099025,16230,1.5,20.5,0.5,12588,3642,0.224399260628466,614.048780487805,559.466666666667,791.707317073171,721.333333333333,Week,3,2026,2026 - Week 3,
1002139587,Line 1,Mario Martinez,2026-01-13,2025,PECO,SUGAR LACE,ORS099036,14740,1.5,5.5,0.5,10280,4460,0.302578018995929,1869.09090909091,1370.66666666667,2680,1965.33333333333,Week,3,2026,2026 - Week 3,
1002164428,Line 2,Anniellys Zerquera,2026-01-14,2025,BECO,PISMO,WAG099061,38546,0.5,33,2.5,29633.5,8912.5,0.231217246925751,897.984848484849,823.152777777778,1168.06060606061,1070.72222222222,Week,3,2026,2026 - Week 3,
2400007277,VMEK,Ana Ramirez,2026-01-14,2025,SWCO,GH9335,WAC099035,62.5,0.25,1,0.33,53.5,9,0.144,53.5,33.8607594936709,62.5,39.5569620253165,Week,3,2026,2026 - Week 3,MF
2400007317,VMEK,Yurima Haro,2026-01-14,2025,SWBS,AC157Y,TVW25T9505,265.5,0.08,3,0.17,236.5,29,0.109227871939736,78.8333333333333,72.7692307692308,88.5,81.6923076923077,Week,3,2026,2026 - Week 3,LF
1002139402,Line 1,Yurima Haro,2026-01-14,2025,PECO,SL3123,ORS099002,16250,0.42,7.5,0.25,12196,4054,0.249476923076923,1626.13333333333,1492.77845777234,2166.66666666667,1988.9840881273,Week,3,2026,2026 - Week 3,
2400007386,VMEK,Maria Alvarez,2026-01-14,2025,SWBS,AC157Y,TVW25T9505,154,0.25,1.5,0.25,136,18,0.116883116883117,90.6666666666667,68,102.666666666667,77,Week,3,2026,2026 - Week 3,LR
300099040,Colorsorter,Rey Hernandez,2026-01-14,2025,SWCO,GSS6924,WAW099067X1,811,0.17,1,0.5,789,22,0.0271270036991369,789,472.455089820359,811,485.62874251497,Week,3,2026,2026 - Week 3,LR
1002139401,Line 1,Jennifer Delgado,2026-01-14,2025,PECO,SL3123,ORS099001,4949.863,0.67,4.5,0.33,3573,1376.863,0.278161840034765,794,649.636363636364,1099.96955555556,899.975090909091,Week,3,2026,2026 - Week 3,
300099143,Colorsorter,Rey Hernandez,2026-01-14,2025,SWCO,GSS6924,WAW099066X1,1284.5,0.17,3.5,0.5,1261,23.5,0.0182950564421954,360.285714285714,302.398081534772,367,308.033573141487,Week,3,2026,2026 - Week 3,LF
300099041,Colorsorter,Mario Martinez,2026-01-15,2025,SWCO,GSS6924,WAW099067X1,1897.5,0.5,2.5,0.5,1887.5,10,0.00527009222661397,755,539.285714285714,759,542.142857142857,Week,3,2026,2026 - Week 3,LF
2400007404,VMEK,Yurima Haro,2026-01-13,2025,SWCO,GH9335,WAC099035,149,0.08,4,0.17,117.5,31.5,0.211409395973154,29.375,27.6470588235294,37.25,35.0588235294118,Week,3,2026,2026 - Week 3,
1002137504,Line 1,Yurima Haro,2026-01-15,2025,PECO,SL3123,ORS099000,25060,0.75,10,0.25,19175,5885,0.234836392657622,1917.5,1743.18181818182,2506,2278.18181818182,Week,3,2026,2026 - Week 3,
2400007383,VMEK,Rey Hernandez,2026-01-15,2025,SWBS,AC082Y,TVW25T9500,334.5,0.08,5,0.25,312,22.5,0.0672645739910314,62.4,58.5365853658537,66.9,62.7579737335835,Week,3,2026,2026 - Week 3,UN
2400007422,VMEK,Rey Hernandez,2026-01-15,2025,SWBS,R584A,TVW25T9549X1,255,0.08,2,0.25,240.5,14.5,0.0568627450980392,120.25,103.218884120172,127.5,109.442060085837,Week,3,2026,2026 - Week 3,LF
1002139403,Line 1,Yurima Haro,2026-01-15,2025,PECO,SL3123,TVS099003,2623,0.08,2.5,0.25,1954.5,668.5,0.254860846359131,781.8,690.636042402827,1049.2,926.855123674912,Week,3,2026,2026 - Week 3,
2400007388,VMEK,Rey Hernandez,2026-01-15,2025,SWBS,R584A,WAW25T9547X1,169.5,0.08,2,0.25,156,13.5,0.079646017699115,78,66.9527896995708,84.75,72.7467811158798,Week,3,2026,2026 - Week 3,LR
300099145,Colorsorter,Rey Hernandez,2026-01-15,2025,SWCO,GSS6924,WAW099066X1,4910.5,0.17,7.58,0.5,4599.5,311,0.0633336727420833,606.79419525066,557.515151515152,647.823218997361,595.212121212121,Week,3,2026,2026 - Week 3,MF
1002139404,Line 1,Jennifer Delgado,2026-01-15,2025,PECO,SL3123,TVS099004,6363,0.5,6,0.25,4887,1476,0.231966053748232,814.5,724,1060.5,942.666666666667,Week,3,2026,2026 - Week 3,
300099144,Colorsorter,Rey Hernandez,2026-01-15,2025,SWCO,GSS6924,WAW099066X1,2147.5,0.17,3.5,0.5,2024.5,123,0.0572759022118743,578.428571428572,485.491606714628,613.571428571429,514.988009592326,Week,3,2026,2026 - Week 3,MR
1002150302,Line 1,Yurima Haro,2026-01-16,2025,PECO,SL3123,ORS099001K,15006.865,0.25,7.5,0.25,11141.5,3865.365,0.25757311736995,1485.53333333333,1392.6875,2000.91533333333,1875.858125,Week,3,2026,2026 - Week 3,
2400007440,VMEK,Luisa Salas,2026-01-16,2025,SWBS,AC206Y,TVW25T9506,75.5,0.17,1,0.08,64.5,11,0.145695364238411,64.5,51.6,75.5,60.4,Week,3,2026,2026 - Week 3,MF
1002164429,Line 2,Ana Ramirez,2026-01-16,2025,BECO,PISMO,WAG099062,64100,0.5,47,3,47427.5,16672.5,0.260101404056162,1009.09574468085,939.158415841584,1363.82978723404,1269.30693069307,Week,3,2026,2026 - Week 3,
2400007348,VMEK,Luisa Salas,2026-01-16,2025,SWBS,AC215Y,TVW25S9507,264.5,0.08,3.5,0.17,251.5,13,0.0491493383742911,71.8571428571429,67.0666666666667,75.5714285714286,70.5333333333333,Week,3,2026,2026 - Week 3,LF
2400007443,VMEK,Maria Alvarez,2026-01-16,2025,SWBS,R00681A,TVW25T9518X1,140.5,0.08,6.5,0.25,118.5,22,0.156583629893238,18.2307692307692,17.3499267935578,21.6153846153846,20.5710102489019,Week,3,2026,2026 - Week 3,MR
1002139530,Line 1,Jennifer Delgado,2026-01-16,2025,PECO,SL3123,WAS099039,20360,2,15,1.5,13310,7050,0.346267190569745,887.333333333333,719.45945945946,1357.33333333333,1100.54054054054,Week,3,2026,2026 - Week 3,
2400007451,VMEK,Luisa Salas,2026-01-17,2025,SWBS,R28153,TVW25T9533X1,204.5,0.08,14,0.17,171,33.5,0.163814180929095,12.2142857142857,12,14.6071428571429,14.3508771929825,Week,3,2026,2026 - Week 3,UN
2400007449,VMEK,Luisa Salas,2026-01-17,2025,SWBS,R15309,TVW25S9527X1,52.5,0.08,1,0.17,37.5,15,0.285714285714286,37.5,30,52.5,42,Week,3,2026,2026 - Week 3,UN
1002139343,Line 1,Rey Hernandez,2026-01-17,2025,PECO,SP704-3-8,ORS099026,21980,0.58,11,0.33,16908.5,5071.5,0.230732484076433,1537.13636363636,1419.68933669186,1998.18181818182,1845.50797649034,Week,3,2026,2026 - Week 3,
2400007432,VMEK,Maria Alvarez,2026-01-17,2025,SWBS,R14759,TVW25S9526X1,117.5,0.08,1.5,0.25,99.5,18,0.153191489361702,66.3333333333333,54.3715846994536,78.3333333333333,64.2076502732241,Week,3,2026,2026 - Week 3,U
1002164431,Line 2,Maria Alvarez,2026-01-17,2025,BECO,PREVAIL,WAG099027,26520,0.5,24.5,0.5,20872.5,5647.5,0.212952488687783,851.938775510204,818.529411764706,1082.44897959184,1040,Week,3,2026,2026 - Week 3,
1002163889,Line 2,Anniellys Zerquera,2026-01-17,2025,BEBS,PREVAIL,TVG25T9534,2894,0.17,5.5,2.5,1911,983,0.339668279198341,347.454545454545,233.90452876377,526.181818181818,354.22276621787,Week,3,2026,2026 - Week 3,
1002139605,Line 1,Rey Hernandez,2026-01-18,2025,PECO,SP704-3-8,TVS25U9108,27782.846,1.5,26,1,20823.5,6959.346,0.250490752459269,800.903846153846,730.649122807018,1068.571,974.836701754386,Week,3,2026,2026 - Week 3,
300099142,Colorsorter,Rey Hernandez,2026-01-20,2025,SWCO,GSS6924,WAW099067X1,1891.5,0.17,1.5,0,1884,7.5,0.00396510705789056,1256,1128.14371257485,1261,1132.63473053892,Week,4,2026,2026 - Week 4,MR
300099095,Colorsorter,Rey Hernandez,2026-01-20,2025,SWCO,GSS6924,WAW099065X1,1911.5,0.08,2.5,0,1898,13.5,0.00706251634841747,759.2,735.658914728682,764.6,740.891472868217,Week,4,2026,2026 - Week 4,LR
2400007489,VMEK,Rey Hernandez,2026-01-20,2025,SWBS,R5001H,TVW25U9545H,207.5,0.08,5,0.33,184,23.5,0.113253012048193,36.8,34.0110905730129,41.5,38.354898336414,Week,4,2026,2026 - Week 4,UN
1002139611,Line 2,Maria Alvarez,2026-01-20,2025,PECO,SUPER SUGAR SNAP,TVS25V9115,11003.5,0.42,13.25,0.25,8016.5,2987,0.271459081201436,605.018867924528,575.897988505747,830.452830188679,790.481321839081,Week,4,2026,2026 - Week 4,
1002139344,Line 1,Jennifer Delgado,2026-01-20,2025,PECO,SP704-3-8,WAS09030,23890,2,13.5,0,17410.5,6479.5,0.271222268731687,1289.66666666667,1123.25806451613,1769.62962962963,1541.29032258065,Week,4,2026,2026 - Week 4,
1002139342,Line 1,Mario Martinez,2026-01-21,2025,PECO,SP704-3-8,TVS099010,15419.885,1.5,8,0.5,11370.5,4049.385,0.2626079896186,1421.3125,1137.05,1927.485625,1541.9885,Week,4,2026,2026 - Week 4,
2400007354,VMEK,Rey Hernandez,2026-01-17,2025,SWBS,R5001H,TVW25U9544H,63,0.08,3.5,0.25,52.5,10.5,0.166666666666667,15,13.7075718015666,18,16.4490861618799,Week,3,2026,2026 - Week 3,
2400007415,VMEK,Rey Hernandez,2026-01-17,2025,SWBS,R00153,TVW25T9515X1K,85,0.08,3,0.25,72.5,12.5,0.147058823529412,24.1666666666667,21.7717717717718,28.3333333333333,25.5255255255255,Week,3,2026,2026 - Week 3,
300099146,Colorsorter,Rey Hernandez,2026-01-21,2025,SWCO,GSS6924,WAW099065X1,16348.5,0.5,60,0.92,16332.5,16,0.000978683059607915,272.208333333333,265.915011396939,272.475,266.17551286226,Week,4,2026,2026 - Week 4,MF
300099149,Colorsorter,Rey Hernandez,2026-01-21,2025,SWCO,GSS8529,WAW099037X1,2823,0.17,3.42,0.5,2808.5,14.5,0.00513637973786752,821.198830409357,686.674816625917,825.438596491228,690.220048899756,Week,4,2026,2026 - Week 4,MF
1002139610,Line 2,Maria Alvarez,2026-01-21,2025,PECO,SUPER SUGAR SNAP,TVS25U9114,15377.81,0.5,20,4,11936.5,3441.31,0.223784140914734,596.825,487.204081632653,768.8905,627.665714285714,Week,4,2026,2026 - Week 4,
1002139341,Line 1,Jennifer Delgado,2026-01-21,2025,PECO,SP704-3-8,TVS099009,18799.882,1.5,14,2,12798.5,6001.382,0.319224450451338,914.178571428572,731.342857142857,1342.84871428571,1074.27897142857,Week,4,2026,2026 - Week 4,
2400007329,VMEK,Maria Alvarez,2026-01-21,2025,SWBS,AC111Y,CUW25T9023K,77.5,0.08,2.5,0.25,66,11.5,0.148387096774194,26.4,23.321554770318,31,27.3851590106007,Week,4,2026,2026 - Week 4,LR
300099097,Colorsorter,Rey Hernandez,2026-01-22,2025,SWCO,GSS8529,WAW099094X1,556,0.17,2,0,544,12,0.0215827338129496,272,250.691244239631,278,256.221198156682,Week,4,2026,2026 - Week 4,LR
1002163898,Line 2,Ana Ramirez,2026-01-22,2025,BEBS,SB4735,TVG25T9539,9835,0.33,10.5,2.5,7495.5,2339.5,0.237874936451449,713.857142857143,562.303075768942,936.666666666667,737.809452363091,Week,4,2026,2026 - Week 4,
300099148,Colorsorter,Rey Hernandez,2026-01-22,2025,SWCO,GSS8529,WAW099037X1,1640.5,0.17,2,0,1629.5,11,0.00670527278268821,814.75,750.921658986175,820.25,755.990783410138,Week,4,2026,2026 - Week 4,LF
2400007483,VMEK,Maria Alvarez,2026-01-22,2025,SWBS,R00118,TVW25T9513X1,282,0.08,7,0.17,273.5,8.5,0.0301418439716312,39.0714285714286,37.7241379310345,40.2857142857143,38.8965517241379,Week,4,2026,2026 - Week 4,MR
2400007417,VMEK,Maria Alvarez,2026-01-22,2025,SWBS,R11965,TVW25S9525X1,226.5,0.08,3,0.17,215.5,11,0.0485651214128035,71.8333333333333,66.3076923076923,75.5,69.6923076923077,Week,4,2026,2026 - Week 4,L
300099096,Colorsorter,Rey Hernandez,2026-01-22,2025,SWCO,GSS8529,WAW099094X1,3136.5,0.17,6,0.5,3123.5,13,0.00414474732982624,520.583333333333,468.290854572714,522.75,470.23988005997,Week,4,2026,2026 - Week 4,MF
300099147,Colorsorter,Rey Hernandez,2026-01-22,2025,SWCO,GSS8529,WAW099037X1,770,0.17,1.17,0.5,756.5,13.5,0.0175324675324675,646.581196581197,411.141304347826,658.119658119658,418.478260869565,Week,4,2026,2026 - Week 4,LR
1002163900,Line 2,Maria Alvarez,2026-01-22,2025,BEBS,SB4876,TVG25T9541T,17590,0.5,14.5,2.5,11903,5687,0.323308698123934,820.896551724138,680.171428571429,1213.10344827586,1005.14285714286,Week,4,2026,2026 - Week 4,
1002178923,Line 1,Yurima Haro,2026-01-23,2025,SWCO,GH6462S,WAC099033,95132,2,11,0.42,82570,12562,0.132048101585166,7506.36363636364,6152.75707898659,8648.36363636364,7088.82265275708,Week,4,2026,2026 - Week 4,
1002174301,Line 2,Ana Ramirez,2026-01-23,2025,SWBS,AC144Y,TVW25T9503,1613,0.5,5,2,1077.5,535.5,0.331990080595164,215.5,143.666666666667,322.6,215.066666666667,Week,4,2026,2026 - Week 4,
300100093,Handpick,Rey Hernandez,2026-01-22,2023,SWBS,R594A,TVW23S7583X1,314.6,0.08,13,0.17,312,2.60000000000002,0.00826446280991742,24,23.5471698113208,24.2,23.7433962264151,Week,4,2026,2026 - Week 4,LF
300099625,Handpick,Rey Hernandez,2026-01-23,2025,SWCO,GSS38823,TVW099053X2,88.5,0.08,6,0.17,82,6.5,0.0734463276836158,13.6666666666667,13.12,14.75,14.16,Week,4,2026,2026 - Week 4,UN
1002184978,Line 2,Maria Alvarez,2026-01-23,2025,SWBS,AC157Y,TVW25S9504,545,0.5,3,3.5,392.5,152.5,0.279816513761468,130.833333333333,56.0714285714286,181.666666666667,77.8571428571429,Week,4,2026,2026 - Week 4,
1002170965,Line 1,Mario Martinez,2026-01-24,2025,SWCO,GH6462S,WAC099034,40412,3.5,14,2.5,35965.5,4446.5,0.110029199247748,2568.96428571429,1798.275,2886.57142857143,2020.6,Week,4,2026,2026 - Week 4,
1002184980,Line 2,Anniellys Zerquera,2026-01-24,2025,SWBS,AC247W,TVW25T9509,1753,0.25,6,2.5,1190.5,562.5,0.320878494010268,198.416666666667,136.057142857143,292.166666666667,200.342857142857,Week,4,2026,2026 - Week 4,
2400007450,VMEK,Rey Hernandez,2026-01-23,2025,SWBS,R00118,TVW25T9513X1,249,0.08,7,0.33,238,11,0.0441767068273092,34,32.1187584345479,35.5714285714286,33.6032388663968,Week,4,2026,2026 - Week 4,LF
300099543,Gravity,Rey Hernandez,2026-01-24,2025,SWCO,GSS5649,WAW099064X1,16458.5,0.42,10.5,0,16302.5,156,0.00947838502901236,1552.61904761905,1492.90293040293,1567.47619047619,1507.18864468864,Week,4,2026,2026 - Week 4,LR
2400007369,VMEK,Maria Alvarez,2026-01-24,2025,SWBS,R00681A,TVW25T9518X1,396.5,0.08,4,0.17,378,18.5,0.0466582597730139,94.5,88.9411764705882,99.125,93.2941176470588,Week,4,2026,2026 - Week 4,LR
1002178921,Line 1,Jennifer Delgado,2026-01-24,2025,SWCO,GSS3951,WAW099056,26169.5,3.5,29,2.5,23376,2793.5,0.106746403255698,806.068965517241,667.885714285714,902.396551724138,747.7,Week,4,2026,2026 - Week 4,
2400007349,VMEK,Rey Hernandez,2026-01-26,2025,SWBS,R00681A,TVW25T9518X1,394,0.08,7,0.25,376,18,0.0456852791878173,53.7142857142857,51.2960436562074,56.2857142857143,53.7517053206003,Week,5,2026,2026 - Week 5,LF
300100165,Handpick,Rey Hernandez,2026-01-26,2015,SWBS,R00681A,TVW15T7507,170,0.08,10,0.17,160.5,9.5,0.0558823529411765,16.05,15.6585365853659,17,16.5853658536585,Week,5,2026,2026 - Week 5,MR
300099150,Gravity,Rey Hernandez,2026-01-26,2025,SWCO,GSS5649,TVW099063X1,4836.5,0.17,4.92,0.5,4622.5,214,0.0442468727385506,939.532520325203,826.923076923077,983.028455284553,865.20572450805,Week,5,2026,2026 - Week 5,MR
2400007428,Gravity,Rey Hernandez,2026-01-26,2025,SWCO,CODE 646,WAW099091,1059.5,0.17,2.75,0.5,987.5,72,0.0679565832940066,359.090909090909,288.74269005848,385.272727272727,309.795321637427,Week,5,2026,2026 - Week 5,LF
1002178922,Line 1,Mario Martinez,2026-01-27,2025,SWCO,GSS3951,WAW099056J,29262.367,3.5,52,0.5,25046.5,4215.867,0.144071291293695,481.663461538462,447.258928571429,562.737826923077,522.542267857143,Week,5,2026,2026 - Week 5,
2400007418,Gravity,Mario Martinez,2026-01-27,2025,SWCO,CODE 646,WAW099091J,846.519,0.5,1,1,772,74.519,0.0880299201789919,772,308.8,846.519,338.6076,Week,5,2026,2026 - Week 5,LF
300100164,Handpick,Belen Diaz,2026-01-27,2015,SWBS,R00681A,TVW15T7507,94,0.08,3.5,0.17,87,7,0.074468085106383,24.8571428571429,23.2,26.8571428571429,25.0666666666667,Week,5,2026,2026 - Week 5,
300099544,Gravity,Rey Hernandez,2026-01-27,2025,SWCO,CODE 646,WAW099093J,3488,0.17,4.83,0.75,3376,112,0.0321100917431193,698.96480331263,587.130434782609,722.153209109731,606.608695652174,Week,5,2026,2026 - Week 5,LR
1002183876,Line 1,Yurima Haro,2026-01-28,2025,SWCO,GSS3951,WAW099054X1J,44110,1.5,27,0.25,37717,6393,0.144933121741102,1396.92592592593,1311.89565217391,1633.7037037037,1534.26086956522,Week,5,2026,2026 - Week 5,
300100166,Handpick,Luisa Salas,2026-01-28,2023,SWBS,W0069,TVC23T7592,276,0.08,6,0.17,267.5,8.5,0.0307971014492754,44.5833333333333,42.8,46,44.16,Week,5,2026,2026 - Week 5,US
2400007365,Gravity,Rey Hernandez,2026-01-28,2025,SWCO,GLACIAL,WAW099036X2,4246.5,0.83,10,0.5,3281.5,965,0.227245967267161,328.15,289.629302736099,424.65,374.801412180053,Week,5,2026,2026 - Week 5,LF
1002164400,Line 2,Ana Ramirez,2026-01-28,2025,BECO,MACALLAN,WAG099018,78960,0.5,50,0.5,56395,22565,0.285777608915907,1127.9,1105.78431372549,1579.2,1548.23529411765,Week,5,2026,2026 - Week 5,
2400007524,Gravity,Rey Hernandez,2026-01-28,2025,SWBS,R584A,TVW25T9549X1,854,0.08,2,0,769,85,0.0995316159250586,384.5,369.711538461538,427,410.576923076923,Week,5,2026,2026 - Week 5,MF
1002163236,Line 2,Maria Alvarez,2026-01-28,2025,BEBS,MACALLAN,TVG25U9513,7798.9,0.5,7,0.25,5199,2599.9,0.333367526189591,742.714285714286,670.838709677419,1114.12857142857,1006.30967741935,Week,5,2026,2026 - Week 5,
2400007525,Gravity,Mario Martinez,2026-01-28,2025,SWBS,R584A,TVW25T9548X1,778.5,0.33,4,1,699,79.5,0.102119460500963,174.75,131.144465290807,194.625,146.060037523452,Week,5,2026,2026 - Week 5,MF
1002163897,Line 2,Ana Ramirez,2026-01-29,2025,BEBS,REDEMPTION,TVG25T9538,4415,0.5,5.4,2,3554,861,0.195016987542469,658.148148148148,449.873417721519,817.592592592593,558.860759493671,Week,5,2026,2026 - Week 5,
1002163235,Line 2,Anniellys Zerquera,2026-01-28,2025,BEBS,MACALLAN,TVG25T9512,4879,0.25,5.5,2.5,3225.5,1653.5,0.338901414224226,586.454545454546,390.969696969697,887.090909090909,591.393939393939,Week,5,2026,2026 - Week 5,
2400007431,VMEK,Belen Diaz,2026-01-28,2025,SWBS,AC246Y,TVW25S9508,302.5,0.08,13,0.17,292,10.5,0.0347107438016529,22.4615384615385,22.0377358490566,23.2692307692308,22.8301886792453,Week,5,2026,2026 - Week 5,LF
2400007460,Gravity,Rey Hernandez,2026-01-29,2025,SWCO,GSS3378,WAW099052X2,673.5,0.08,1.5,0,592.5,81,0.120267260579065,395,375,449,426.26582278481,Week,5,2026,2026 - Week 5,MF
300100163,Handpick,Rey Hernandez,2026-01-24,2015,SWBS,R00681A,TVW15T7507,92,0.08,6,0.17,83,9,0.0978260869565217,13.8333333333333,13.28,15.3333333333333,14.72,Week,4,2026,2026 - Week 4,
1002183878,Line 1,Mario Martinez,2026-01-29,2025,SWCO,GSS3951,WAW099058X1,66805.5,3.5,16.5,0.5,56039,10766.5,0.1611618803841,3396.30303030303,2733.60975609756,4048.81818181818,3258.80487804878,Week,5,2026,2026 - Week 5,
1002140043,Line 2,Anniellys Zerquera,2026-01-30,2025,PECO,FESTIVERT,TVP25V9167,9890,0.5,9.5,0.5,3373.5,6516.5,0.658897876643074,355.105263157895,321.285714285714,1041.05263157895,941.904761904762,Week,5,2026,2026 - Week 5,
2400007370,Gravity,Rey Hernandez,2026-01-30,2025,SWCO,GSS3378,WAW099052X2,450,0.08,1,0.67,406,44,0.0977777777777778,406,232,450,257.142857142857,Week,5,2026,2026 - Week 5,LR
300100167,Handpick,Luisa Salas,2026-01-30,2023,SWBS,W0069,TVC23T7592,584,0.08,13.5,0.17,569,15,0.0256849315068493,42.1481481481481,41.3818181818182,43.2592592592593,42.4727272727273,Week,5,2026,2026 - Week 5,R
2400007482,VMEK,Rey Hernandez,2026-01-30,2025,SWBS,AC246Y,TVW25S9508,304,0.08,7,0.17,298.5,5.5,0.0180921052631579,42.6428571428571,41.1724137931034,43.4285714285714,41.9310344827586,Week,5,2026,2026 - Week 5,LR
300100002,VMEK,Rey Hernandez,2026-01-30,2025,SWCO,SS3778R,WAW099084X2,347.5,0.08,3,0.17,332.5,15,0.0431654676258993,110.833333333333,102.307692307692,115.833333333333,106.923076923077,Week,5,2026,2026 - Week 5,MR
2400007447,Gravity,Rey Hernandez,2026-01-30,2025,SWCO,GARRISON-R,WAW099026X2J,1394.5,0.17,2,0,1231.5,163,0.116887773395482,615.75,567.511520737327,697.25,642.626728110599,Week,5,2026,2026 - Week 5,LF
1002181738,Line 1,Yurima Haro,2026-01-30,2025,SWCO,GSS3951,WAW099055X1J,19984.5,0.5,14,2.5,17168,2816.5,0.140934224023618,1226.28571428571,1009.88235294118,1427.46428571429,1175.55882352941,Week,5,2026,2026 - Week 5,
2400007463,VMEK,Maria Alvarez,2026-01-30,2024,SWCO,WSS33739,TVW088565X2,112.5,0.08,2.5,0.17,82,30.5,0.271111111111111,32.8,29.8181818181818,45,40.9090909090909,Week,5,2026,2026 - Week 5,UN
2400007542,VMEK,Maria Alvarez,2026-01-30,2025,SWBS,R565A,CCW25T9010X1,189,0.08,3,0.25,171.5,17.5,0.0925925925925926,57.1666666666667,51.5015015015015,63,56.7567567567568,Week,5,2026,2026 - Week 5,MR
2400007352,Gravity,Mario Martinez,2026-01-31,2025,SWCO,GARRISON-R,WAW099026X2,3762,0.5,15.5,1,3473,289,0.0768208399787347,224.064516129032,204.294117647059,242.709677419355,221.294117647059,Week,5,2026,2026 - Week 5,LF
1002175201,Line 2,Anniellys Zerquera,2026-01-31,2025,PECO,FESTIVERT,TVP25V9167W,22130,0.5,12,0.5,8723.5,13406.5,0.605806597379123,726.958333333333,671.038461538462,1844.16666666667,1702.30769230769,Week,5,2026,2026 - Week 5,
1002181793,Line 1,Yurima Haro,2026-01-31,2025,SWCO,MS1074Y,WAW099074X2,13842,0.67,14.5,2.5,12401,1441,0.1041034532582,855.241379310345,701.810979060555,954.620689655173,783.361629881154,Week,5,2026,2026 - Week 5,
1002140044,Line 2,Ana Ramirez,2026-01-31,2025,PECO,FESTIVERT,TVP25U9168,3470,0.5,6,3,1160,2310,0.665706051873199,193.333333333333,122.105263157895,578.333333333333,365.263157894737,Week,5,2026,2026 - Week 5,
2400007396,Gravity,Rey Hernandez,2026-01-31,2025,SWCO,GARRISON-R,WAW099026X2J,1050.5,0.17,1.5,0.67,962,88.5,0.0842455973346026,641.333333333333,411.111111111111,700.333333333333,448.931623931624,Week,5,2026,2026 - Week 5,LR
1002150402,Line 1,Jennifer Delgado,2026-01-31,2025,SWCO,PATRIARCH,ORW099075H / ORW099075HW,13335,2,9,2.5,10223.5,3111.5,0.233333333333333,1135.94444444444,757.296296296296,1481.66666666667,987.777777777778,Week,5,2026,2026 - Week 5,
1002183091,Line 2,Maria Alvarez,2026-01-31,2025,SWBS,AC092YIMP,TVW25S9501,1664,0.25,5.5,4,964.5,699.5,0.420372596153846,175.363636363636,98.9230769230769,302.545454545455,170.666666666667,Week,5,2026,2026 - Week 5,
2400007495,VMEK,Maria Alvarez,2026-01-31,2025,SWBS,R5001H,TVW25U9544H,52.5,0.08,2.5,0.25,43.5,9,0.171428571428571,17.4,15.3710247349823,21,18.5512367491166,Week,5,2026,2026 - Week 5,U
2400007492,VMEK,Maria Alvarez,2026-01-31,2025,SWBS,AC206Y,TVW25T9506,64.5,0.08,2,0.25,57.5,7,0.108527131782946,28.75,24.6781115879828,32.25,27.6824034334764,Week,5,2026,2026 - Week 5,MF
1002183088,Line 2,Anniellys Zerquera,2026-02-01,2025,SWBS,R00610,TVW25T9517X1,919.5,0.42,5.5,2.5,596.5,323,0.351277868406743,108.454545454545,70.8432304038005,167.181818181818,109.204275534442,Week,5,2026,2026 - Week 5,
1002181295,Line 1,Yurima Haro,2026-02-02,2025,SWCO,PATRIARCH,ORW099075HJ,10473.5,0.42,11,2.5,8697,1776.5,0.169618561130472,790.636363636364,624.784482758621,952.136363636364,752.406609195402,Week,6,2026,2026 - Week 6,
1002182845,Line 2,Ana Ramirez,2026-02-02,2025,SWBS,R594A,TVW25T9550X1,1429,0.5,4,3,911,518,0.362491252624213,227.75,121.466666666667,357.25,190.533333333333,Week,6,2026,2026 - Week 6,
300100134,Handpick,Belen Diaz,2026-02-02,2025,SWBS,R00681A,TVW25T9518X1,378,0.08,12.5,0.17,367,11,0.0291005291005291,29.36,28.7843137254902,30.24,29.6470588235294,Week,6,2026,2026 - Week 6,
300099099,Colorsorter,Rey Hernandez,2026-02-02,2025,SWCO,TYSON,WAW099086X1,5898.5,0.5,9,0,5674.5,224,0.037975756548275,630.5,597.315789473684,655.388888888889,620.894736842105,Week,6,2026,2026 - Week 6,LF
1002183086,Line 2,Anniellys Zerquera,2026-02-02,2025,SWBS,R747,TVW25T9551X1,1632,0.42,6.5,2.5,1279.5,352.5,0.215992647058824,196.846153846154,135.828025477707,251.076923076923,173.248407643312,Week,6,2026,2026 - Week 6,
1002185124,Line 1,Rey Hernandez,2026-02-02,2025,SWCO,ROCKER,WAC099082,23436,0.67,12,2.5,20917,2519,0.107484212322922,1743.08333333333,1378.83981542518,1953,1544.89123269611,Week,6,2026,2026 - Week 6,
1002184972,Line 2,Anniellys Zerquera,2026-02-03,2025,SWBS,R320E,TVW25T9538,309,0.5,2.5,1.5,178.5,130.5,0.422330097087379,71.4,39.6666666666667,123.6,68.6666666666667,Week,6,2026,2026 - Week 6,
1002174299,Line 2,Ana Ramirez,2026-02-03,2025,SWBS,R293B,TVC25S9535,916,0.33,3,2,699,217,0.236899563318777,233,131.144465290807,305.333333333333,171.857410881801,Week,6,2026,2026 - Week 6,
1002185012,Line 2,Ana Ramirez,2026-02-03,2025,SWCO,GSS3228,TVW099051X2,587,0.5,2,2,450.5,136.5,0.232538330494037,225.25,100.111111111111,293.5,130.444444444444,Week,6,2026,2026 - Week 6,
300099098,Colorsorter,Rey Hernandez,2026-02-03,2025,SWCO,TYSON,WAW099086X1,3995,0.17,4.17,0,3824,171,0.0428035043804756,917.026378896883,881.10599078341,958.033573141487,920.506912442396,Week,6,2026,2026 - Week 6,LR
1002150389,Line 1,Jennifer Delgado,2026-02-03,2025,SWCO,BSS8021,TVW099000X2,19369,2.5,14,3,16702,2667,0.137694253704373,1193,856.512820512821,1383.5,993.282051282051,Week,6,2026,2026 - Week 6,
1002174302,Line 2,Maria Alvarez,2026-02-03,2025,SWBS,G01110,TVW25T9512X1,558.4,0.17,4,2.5,447,111.4,0.199498567335244,111.75,67.0164917541229,139.6,83.7181409295352,Week,6,2026,2026 - Week 6,
1002174300,Line 2,Anniellys Zerquera,2026-02-04,2025,SWBS,R00153,TVW25T9514X1,711,0.25,4.5,0.45,489,222,0.312236286919831,108.666666666667,94.0384615384615,158,136.730769230769,Week,6,2026,2026 - Week 6,
1002188271,Line 2,Anniellys Zerquera,2026-02-04,2025,SWBS,R00153,TVW25T9515X1,170,0.33,1.5,0,116,54,0.317647058823529,77.3333333333333,63.3879781420765,113.333333333333,92.896174863388,Week,6,2026,2026 - Week 6,
2400007307,Colorsorter,Rey Hernandez,2026-02-04,2025,SWCO,TYSON,WAW099086X1,14006.5,0.33,57,0.35,13812.5,194,0.0138507121693499,242.324561403509,239.467753120666,245.728070175439,242.831137309293,Week,6,2026,2026 - Week 6,MF
300100168,Handpick,Belen Diaz,2026-02-04,2023,SWBS,W0195,TVC23T7594,723,0.08,13,0.17,713,10,0.0138312586445367,54.8461538461538,53.811320754717,55.6153846153846,54.5660377358491,Week,6,2026,2026 - Week 6,
1002174304,Line 2,Ana Ramirez,2026-02-04,2025,SWBS,R10457,TVW25S9521X1,1397,0.5,4,2.5,1116,281,0.201145311381532,279,159.428571428571,349.25,199.571428571429,Week,6,2026,2026 - Week 6,
300100162,Handpick,Belen Diaz,2026-02-04,2023,SWBS,W0195,TVC23T7594,58.5,0.08,1.5,0.17,47.5,11,0.188034188034188,31.6666666666667,27.1428571428571,39,33.4285714285714,Week,6,2026,2026 - Week 6,
120000845,Line 1,Jennifer Delgado,2026-02-04,2025,SWTO,OBSESSION,105218308,33740.5,2.5,15,3,31202,2538.5,0.0752359923534032,2080.13333333333,1522.0487804878,2249.36666666667,1645.87804878049,Week,6,2026,2026 - Week 6,
120000843,Line 1,Jennifer Delgado,2026-02-04,2025,SWTO,OBSESSION,105218311,13397.5,1.5,6,0,11971,1426.5,0.10647508863594,1995.16666666667,1596.13333333333,2232.91666666667,1786.33333333333,Week,6,2026,2026 - Week 6,
1002174303,Line 2,Maria Alvarez,2026-02-04,2025,SWBS,R11649,TVW25T9524X1,1548,0.25,6.5,2,1109,439,0.28359173126615,170.615384615385,126.742857142857,238.153846153846,176.914285714286,Week,6,2026,2026 - Week 6,
1002188272,Line 2,Anniellys Zerquera,2026-02-05,2025,SWBS,AC254Y,TVW25T9510,207.5,0.42,1.5,2,146,61.5,0.296385542168675,97.3333333333333,37.2448979591837,138.333333333333,52.9336734693878,Week,6,2026,2026 - Week 6,
120000848,Line 1,Mario Martinez,2026-02-05,2025,SWTO,OBSESSION,105211647,12735,1.5,7.25,0.5,11650,1085,0.0851982724774244,1606.89655172414,1259.45945945946,1756.55172413793,1376.75675675676,Week,6,2026,2026 - Week 6,
1002188273,Line 2,Anniellys Zerquera,2026-02-05,2025,SWBS,AC273Y,TVW25S9511,177,0.42,1.5,2.5,117,60,0.338983050847458,78,26.4705882352941,118,40.0452488687783,Week,6,2026,2026 - Week 6,
120000846,Line 1,Yurima Haro,2026-02-05,2025,SWTO,OBSESSION,105218275,17813,0.67,8.5,0.25,16336.5,1476.5,0.0828889013641722,1921.94117647059,1734.23566878981,2095.64705882353,1890.97664543524,Week,6,2026,2026 - Week 6,
1002188275,Line 2,Ana Ramirez,2026-02-05,2025,SWBS,R4001H,TVW25T9542H,715,0.5,3,2.5,527,188,0.262937062937063,175.666666666667,87.8333333333333,238.333333333333,119.166666666667,Week,6,2026,2026 - Week 6,
120000844,Line 1,Jennifer Delgado,2026-02-05,2025,SWTO,OBSESSION,105218309,6924,0.75,4,0,6321,603,0.0870883882149047,1580.25,1330.73684210526,1731,1457.68421052632,Week,6,2026,2026 - Week 6,
2400007313,Gravity,Rey Hernandez,2026-02-05,2025,SWCO,P&C EARLY,WAC099077,13745.5,0.25,104,1.58,12015.5,1730,0.125859372158161,115.533653846154,113.535859397146,132.168269230769,129.882830955306,Week,6,2026,2026 - Week 6,LR
1002188277,Line 2,Maria Alvarez,2026-02-05,2025,SWBS,R4099H,TVW25S9543H,344,0.08,3.5,3,246,98,0.284883720930233,70.2857142857143,37.3860182370821,98.2857142857143,52.2796352583587,Week,6,2026,2026 - Week 6,
2400007342,Gravity,Rey Hernandez,2026-02-06,2025,SWCO,GSS3951,WAW099055X1,1086,0.5,1,0.5,920.5,165.5,0.152394106813996,920.5,460.25,1086,543,Week,6,2026,2026 - Week 6,LR
1002190515,Line 2,Anniellys Zerquera,2026-02-06,2025,SWCO,GH1662,TVC099028,1263.5,0.5,4.5,2.5,870.5,393,0.311040759794222,193.444444444444,116.066666666667,280.777777777778,168.466666666667,Week,6,2026,2026 - Week 6,
120000862,Line 1,Jennifer Delgado,2026-02-06,2025,SWTO,OBSESSION,105218263,20970,2.5,10,3,18316.5,2653.5,0.12653791130186,1831.65,1181.70967741935,2097,1352.90322580645,Week,6,2026,2026 - Week 6,
1002181005,Line 2,Maria Alvarez,2026-02-06,2025,SWCO,TRADITION,WAW099009X2,2065,0.25,6,3.5,1650.5,414.5,0.200726392251816,275.083333333333,169.282051282051,344.166666666667,211.794871794872,Week,6,2026,2026 - Week 6,
2400007493,VMEK,Anniellys Zerquera,2026-02-06,2025,SWBS,AC157Y,TVW25T9505,236.5,0.33,3.5,0.17,219.5,17,0.0718816067653277,62.7142857142857,54.875,67.5714285714286,59.125,Week,6,2026,2026 - Week 6,LF
1002188283,Line 2,Anniellys Zerquera,2026-02-07,2025,SWBS,R16793,TVW25S9529X1,347,0.25,3.5,2,270.5,76.5,0.220461095100865,77.2857142857143,47.0434782608696,99.1428571428571,60.3478260869565,Week,6,2026,2026 - Week 6,
1002188285,Line 2,Anniellys Zerquera,2026-02-07,2025,SWBS,R15468,TVW25S9528X1,314.5,0.42,2.5,2.5,213.5,101,0.321144674085851,85.4,39.3911439114391,125.8,58.0258302583026,Week,6,2026,2026 - Week 6,
1002188278,Line 2,Ana Ramirez,2026-02-07,2025,SWBS,R10233,TVW25T9520X1,494,0.5,2,2,375.5,118.5,0.239878542510121,187.75,83.4444444444444,247,109.777777777778,Week,6,2026,2026 - Week 6,
120000847,Line 1,Yurima Haro,2026-02-06,2025,SWTO,OBSESSION,105218253,20936,2.5,25,0.5,18515,2421,0.115638135269392,740.6,661.25,837.44,747.714285714286,Week,6,2026,2026 - Week 6,
1002188387,Line 2,Ana Ramirez,2026-02-07,2025,SWBS,R21807,TVW25S9531X1,161,0.5,1,2,120,41,0.254658385093168,120,34.2857142857143,161,46,Week,6,2026,2026 - Week 6,
2400007494,VMEK,Darlin Flores,2026-02-07,2025,SWBS,AC082Y,TVW25T9500,312,0.17,12,0.25,284,28,0.0897435897435898,23.6666666666667,22.866344605475,26,25.1207729468599,Week,6,2026,2026 - Week 6,UN
300099069,Colorsorter,Rey Hernandez,2026-02-07,2025,SWCO,PLAYA,WAW099078X2,12818.821,0.5,14.92,1.25,12459.5,359.321,0.028030736992115,835.087131367292,747.420515896821,859.170308310992,768.975464907019,Week,6,2026,2026 - Week 6,LR
1002188281,Line 2,Ana Ramirez,2026-02-07,2025,SWBS,R28153,TVW25T9532X1,92,0.5,1.5,2,48.5,43.5,0.472826086956522,32.3333333333333,12.125,61.3333333333333,23,Week,6,2026,2026 - Week 6,
2400007486,Colorsorter,Rey Hernandez,2026-02-07,2025,SWCO,GSS9040,TVW099070X1,751,0.17,1.5,0,728.5,22.5,0.0299600532623169,485.666666666667,436.22754491018,500.666666666667,449.700598802395,Week,6,2026,2026 - Week 6,MF
300099633,Colorsorter,Mario Martinez,2026-02-07,2025,SWCO,GSS9040,TVW099070X1,470.593,0.33,2,0.5,454,16.593,0.0352597679948491,227,160.424028268551,235.2965,166.287279151943,Week,6,2026,2026 - Week 6,LF
2400007446,Gravity,Mario Martinez,2026-02-07,2025,SWCO,GSS3951,WAW099057X1,12479.5,1.5,23.5,0.5,10973,1506.5,0.120717977483072,466.936170212766,430.313725490196,531.042553191489,489.392156862745,Week,6,2026,2026 - Week 6,MFL
2400007543,VMEK,Mario Martinez,2026-02-07,2025,SWBS,R00153,TVW25T9515X1K,72.5,0.5,3.5,0.5,61.5,11,0.151724137931034,17.5714285714286,13.6666666666667,20.7142857142857,16.1111111111111,Week,6,2026,2026 - Week 6,U
1002188386,Line 2,Anniellys Zerquera,2026-02-08,2025,SWBS,R30343,TVC25S9537X1,782.5,0.08,4.5,2,588,194.5,0.248562300319489,130.666666666667,89.3617021276596,173.888888888889,118.920972644377,Week,6,2026,2026 - Week 6,
2400007433,Colorsorter,Mario Martinez,2026-02-08,2025,SWCO,GSS9040,TVW099070X1,518,0.33,2,0.5,497,21,0.0405405405405405,248.5,175.618374558304,259,183.038869257951,Week,6,2026,2026 - Week 6,MR
1002188282,Line 2,Anniellys Zerquera,2026-02-08,2025,SWBS,R36291,TVC25S9540X1,548,0.17,2,2.5,375.5,172.5,0.31478102189781,187.75,80.406852248394,274,117.344753747323,Week,6,2026,2026 - Week 6,
2400007464,VMEK,Belen Diaz,2026-02-08,2025,SWBS,R15309,TVW25S9527X1,37.5,0.5,1.2,0.5,29.5,8,0.213333333333333,24.5833333333333,13.4090909090909,31.25,17.0454545454545,Week,6,2026,2026 - Week 6,
2400007271,Colorsorter,Yurima Haro,2026-02-09,2025,SWCO,MATRIARCH,WAW099072HJ1,470.5,0.08,1,0.25,461.5,9,0.0191285866099894,461.5,346.992481203008,470.5,353.759398496241,Week,7,2026,2026 - Week 7,LF
300100135,Handpick,Luisa Salas,2026-02-09,2025,SWBS,R00681A,TVW25T9518X1,376,0.08,16,0.17,374.5,1.5,0.00398936170212766,23.40625,23.0461538461538,23.5,23.1384615384615,Week,7,2026,2026 - Week 7,LF
2400007312,Colorsorter,Yurima Haro,2026-02-08,2025,SWCO,MATRIARCH,WAW099072H,564.5,0.08,1,0.25,558,6.5,0.0115146147032772,558,419.548872180451,564.5,424.436090225564,Week,6,2026,2026 - Week 6,LR
2400007343,Colorsorter,Yurima Haro,2026-02-09,2025,SWCO,MATRIARCH,WAW099072HJ1,576.5,0.08,1,0.25,568.5,8,0.0138768430182134,568.5,427.443609022556,576.5,433.458646616541,Week,7,2026,2026 - Week 7,
1002188276,Line 2,Ana Ramirez,2026-02-09,2025,SWBS,R30007,TVC25T9536X1,764.5,0.5,3,2,640,124.5,0.162851536952256,213.333333333333,116.363636363636,254.833333333333,139,Week,7,2026,2026 - Week 7,
2400007381,Colorsorter,Yurima Haro,2026-02-09,2025,SWCO,MATRIARCH,WAW099072H,1263,0.08,1.5,0.25,1253.5,9.5,0.00752177355502771,835.666666666667,684.972677595628,842,690.16393442623,Week,7,2026,2026 - Week 7,LF
2400007117,Colorsorter,Rey Hernandez,2026-02-09,2025,SWCO,MATRIARCH,WAW099072H,1376.5,0.17,2.17,1.17,1368,8.5,0.00617508172902289,630.414746543779,389.74358974359,634.331797235023,392.165242165242,Week,7,2026,2026 - Week 7,MR
2400007523,VMEK,Darlin Flores,2026-02-09,2025,SWBS,R14759,TVW25S9526X1,99.5,0.17,8,0.33,90.5,9,0.0904522613065327,11.3125,10.6470588235294,12.4375,11.7058823529412,Week,7,2026,2026 - Week 7,UN
1002188269,Line 2,Maria Alvarez,2026-02-09,2025,SWBS,R0662A,TVW25S9522X1,220.5,0.5,2,3,143,77.5,0.351473922902494,71.5,26,110.25,40.0909090909091,Week,7,2026,2026 - Week 7,
2400007116,Gravity,Jennifer Delgado,2026-02-09,2025,SWCO,GSS3951,WAW099055X1,12591.5,1.5,21,0.17,11562.5,1029,0.0817217964499861,550.595238095238,510.035288928099,599.595238095238,555.425672695192,Week,7,2026,2026 - Week 7,MF
2400007119,Colorsorter,Mario Martinez,2026-02-09,2025,SWCO,SILVER QUEEN,WAC099044,1599,0.17,4,0.5,1581,18,0.0112570356472796,395.25,338.543897216274,399.75,342.398286937902,Week,7,2026,2026 - Week 7,MF
2400007314,Colorsorter,Mario Martinez,2026-02-10,2025,SWCO,SILVER QUEEN,WAC099044,2056,0.17,4,0.5,1947,109,0.0530155642023346,486.75,416.916488222698,514,440.256959314775,Week,7,2026,2026 - Week 7,MR
2400007373,Gravity,Mario Martinez,2026-02-10,2024,SWCO,GSS3951,WAW088574,1466,0.5,5.5,0.5,1285,181,0.123465211459754,233.636363636364,197.692307692308,266.545454545455,225.538461538462,Week,7,2026,2026 - Week 7,Mr
1002188270,Line 2,Anniellys Zerquera,2026-02-10,2025,SWBS,R00398F-SMS,TVC25T9516X1,671,0.17,9,2.5,433.5,237.5,0.353949329359165,48.1666666666667,37.146529562982,74.5555555555556,57.4978577549272,Week,7,2026,2026 - Week 7,
2400007362,Gravity,Luisa Salas,2026-02-10,2025,SWCO,GSS3951,WAW099055X1,2305,0.17,4.5,0.25,2136,169,0.0733188720173536,474.666666666667,434.146341463415,512.222222222222,468.49593495935,Week,7,2026,2026 - Week 7,LF
2400007316,Gravity,Darlin Flores,2026-02-10,2025,SWBS,AC157Y,TVW25T9505,554.5,0.17,2.5,0.5,481.5,73,0.131650135256988,192.6,151.892744479495,221.8,174.921135646688,Week,7,2026,2026 - Week 7,MF
2400007273,Colorsorter,Rey Hernandez,2026-02-10,2025,SWCO,SILVER QUEEN,WAC099044,10910.5,0.17,11.58,0.25,10762,148.5,0.013610741945832,929.360967184801,896.833333333333,942.184801381693,909.208333333333,Week,7,2026,2026 - Week 7,LR
1002185123,Line 2,Maria Alvarez,2026-02-10,2025,SWCO,GSS5524,TVW099062X1,682.5,0.5,3.75,2.5,445,237.5,0.347985347985348,118.666666666667,65.9259259259259,182,101.111111111111,Week,7,2026,2026 - Week 7,
2400007414,Gravity,Darlin Flores,2026-02-10,2025,SWCO,BSS31212,TVW099011X2,412.5,0.17,4,0.5,329,83.5,0.202424242424242,82.25,70.4496788008565,103.125,88.3297644539615,Week,7,2026,2026 - Week 7,MF
1002190514,Line 2,Maria Alvarez,2026-02-10,2025,SWCO,GSS8871,TVW099068X1,321,0.17,2.25,2.5,277,44,0.137071651090343,123.111111111111,56.3008130081301,142.666666666667,65.2439024390244,Week,7,2026,2026 - Week 7,
2400007372,Gravity,Mario Martinez,2026-02-11,2025,SWCO,ACCESSION,WAW099004X2,894.894,0.5,5,0.5,722.5,172.394,0.192641810091475,144.5,120.416666666667,178.9788,149.149,Week,7,2026,2026 - Week 7,LR
1002188268,Line 2,Anniellys Zerquera,2026-02-11,2025,SWBS,W0168,TVC25T9553,958,0.33,3.5,2.5,635,323,0.337160751565762,181.428571428571,100.315955766193,273.714285714286,151.342812006319,Week,7,2026,2026 - Week 7,
300099632,VMEK,Darlin Flores,2026-02-07,2025,SWCO,GSS9040,TVW099070X1,256.5,0.17,5.5,0.08,232,24.5,0.0955165692007797,42.1818181818182,40.3478260869565,46.6363636363636,44.6086956521739,Week,6,2026,2026 - Week 6,
2400007409,Gravity,Belen Diaz,2026-02-11,2025,SWCO,ACCESSION,WAW099004X2,2882,0.17,7,0.5,2482,400,0.138792505204719,354.571428571429,323.598435462842,411.714285714286,375.749674054759,Week,7,2026,2026 - Week 7,MF
1002188274,Line 2,Ana Ramirez,2026-02-11,2025,SWBS,AC101Y,TVW25S9502,334.5,0.5,1.5,2,238.5,96,0.286995515695067,159,59.625,223,83.625,Week,7,2026,2026 - Week 7,
2400007403,Colorsorter,Yurima Haro,2026-02-11,2025,SWCO,SILVER QUEEN,WAC099083,19292.5,0.5,18.5,0.75,18999.5,293,0.0151872489309317,1027,962,1042.83783783784,976.835443037975,Week,7,2026,2026 - Week 7,LR
300100137,Handpick,Belen Diaz,2026-02-11,2025,SWBS,AC157Y,TVW25S9504,75,0.08,5,0.17,67,8,0.106666666666667,13.4,12.7619047619048,15,14.2857142857143,Week,7,2026,2026 - Week 7,M
2400007270,Gravity,Jennifer Delgado,2026-02-11,2025,SWCO,BSS1075-R,WAW099005X2J,1978.5,0.33,3,0.5,1758,220.5,0.11144806671721,586,459.007832898172,659.5,516.579634464752,Week,7,2026,2026 - Week 7,MF
2400007503,Gravity,Jennifer Delgado,2026-02-11,2025,SWCO,FIJI,WAW099022X2,405.5,0.08,2,0.25,350,55.5,0.136868064118372,175,150.214592274678,202.75,174.034334763949,Week,7,2026,2026 - Week 7,LR
1002185125,Line 2,Maria Alvarez,2026-02-11,2025,SWCO,WSS2524,TVW099088X2,735.5,0.5,4,2.5,596.5,139,0.188987083616587,149.125,85.2142857142857,183.875,105.071428571429,Week,7,2026,2026 - Week 7,
300099798,Gravity,Mario Martinez,2026-02-11,2025,SWCO,GARRISON-R,TVW099024X2,3085.5,0.5,4.5,0.5,2824.5,261,0.08458920758386,627.666666666667,513.545454545455,685.666666666667,561,Week,7,2026,2026 - Week 7,MR
1002185210,Line 2,Anniellys Zerquera,2026-02-11,2025,SWCO,GH3840,TVC099029,123,0.33,2.5,2.5,90.5,32.5,0.264227642276423,36.2,16.9793621013133,49.2,23.0769230769231,Week,7,2026,2026 - Week 7,
2400007424,Colorsorter,Mario Martinez,2026-02-12,2025,SWCO,ACCENTUATE,WAW099003X2,4849,1,15.5,1,3833,1016,0.209527737677872,247.290322580645,219.028571428571,312.838709677419,277.085714285714,Week,7,2026,2026 - Week 7,MF
2400007297,Colorsorter,Yurima Haro,2026-02-12,2025,SWCO,BSS3556,TVW099013X2,713.5,0.08,1.5,0.25,696.5,17,0.0238262088297127,464.333333333333,380.601092896175,475.666666666667,389.890710382514,Week,7,2026,2026 - Week 7,LF
300100220,Handpick,Luisa Salas,2026-02-11,2024,SWBS,AC144Y,TVW24S8602W,25,0.08,1,0.17,18.44,6.56,0.2624,18.44,14.752,25,20,Week,7,2026,2026 - Week 7,L
1002185122,Line 2,Ana Ramirez,2026-02-12,2025,SWCO,GSS4972,TVW099061X2,2295.5,0.42,9,2.5,1722,573.5,0.249836636898279,191.333333333333,144.463087248322,255.055555555556,192.575503355705,Week,7,2026,2026 - Week 7,
2400007399,Colorsorter,Rey Hernandez,2026-02-12,2025,SWCO,BSS31212,TVW099011X2,2017.601,0.17,5.17,1.17,1968,49.6010000000001,0.0245841472124568,380.657640232108,302.304147465438,390.25164410058,309.923348694317,Week,7,2026,2026 - Week 7,LF
2400007504,Gravity,Jennifer Delgado,2026-02-12,2023,PECO,ROMAGO,1284 3 000160,9055,0.67,7,0.42,8238,817,0.0902263942573164,1176.85714285714,1018.29419035847,1293.57142857143,1119.28306551298,Week,7,2026,2026 - Week 7,
2400007405,Gravity,Jennifer Delgado,2026-02-12,2025,SWCO,GH9335,WAC099035,509,0.25,2,0.42,456.5,52.5,0.103143418467584,228.25,170.973782771536,254.5,190.63670411985,Week,7,2026,2026 - Week 7,LR
2400007425,Colorsorter,Mario Martinez,2026-02-13,2025,SWCO,WSS33739,TVW099089X2,536.5,0.5,23,0.5,470.5,66,0.123019571295433,20.4565217391304,19.6041666666667,23.3260869565217,22.3541666666667,Week,7,2026,2026 - Week 7,L
2400007423,Gravity,Mario Martinez,2026-02-13,2025,SWBS,R325A,TVC25S9539X1,616,0.5,2.5,0.5,541,75,0.121753246753247,216.4,154.571428571429,246.4,176,Week,7,2026,2026 - Week 7,LF
2400007484,Gravity,Mario Martinez,2026-02-13,2025,SWBS,R00118,TVW25T9513X1,483,1,3,1,358.5,124.5,0.25776397515528,119.5,71.7,161,96.6,Week,7,2026,2026 - Week 7,MF
1002214868,Line 2,Anniellys Zerquera,2026-02-13,2025,SWCO,GH5171,ORC099031,1903,0.33,13,2,1441.5,461.5,0.242511823436679,110.884615384615,94.0313111545988,146.384615384615,124.135681669928,Week,7,2026,2026 - Week 7,
2400007376,Colorsorter,Mario Martinez,2026-02-13,2025,SWCO,SILVER QUEEN,TVC099552,302,0.5,3.5,0.5,258,44,0.145695364238411,73.7142857142857,57.3333333333333,86.2857142857143,67.1111111111111,Week,7,2026,2026 - Week 7,UN
2400007353,Line 2,Ana Ramirez,2026-02-13,2025,SWBS,W0767,TVC25S9554,386,0.17,1,0.5,370,16,0.0414507772020725,370,221.556886227545,386,231.137724550898,Week,7,2026,2026 - Week 7,
2400007461,VMEK,Darlin Flores,2026-02-13,2025,SWCO,BSS31212,TVW099011X2,255,0.17,8.5,0.25,235.5,19.5,0.0764705882352941,27.7058823529412,26.4013452914798,30,28.5874439461883,Week,7,2026,2026 - Week 7,MR
2400007435,Colorsorter,Rey Hernandez,2026-02-13,2025,SWCO,GSS31004,WAW099049X2,1804.5,0.08,7.83,1.17,1432.5,372,0.206151288445553,182.950191570881,157.764317180617,230.459770114943,198.733480176211,Week,7,2026,2026 - Week 7,MR
2400007394,Colorsorter,Rey Hernandez,2026-02-13,2025,SWCO,SILVER QUEEN,WAC088582W,13468.5,0.33,18,0.75,11606,1862.5,0.138285629431637,644.777777777778,608.280922431866,748.25,705.896226415094,Week,7,2026,2026 - Week 7,LR
300099944,Gravity,Mario Martinez,2026-02-14,2025,SWCO,GH6055,ORC099032X1,10139,0.33,22,0.5,9101.5,1037.5,0.10232764572443,413.704545454545,398.664038545773,460.863636363636,444.108628996934,Week,7,2026,2026 - Week 7,LR
2400007408,Gravity,Mario Martinez,2026-02-14,2025,SWCO,BSS3556,TVW099013X2,649,0.33,1,0.5,583.5,65.5,0.100924499229584,583.5,318.852459016393,649,354.644808743169,Week,7,2026,2026 - Week 7,LR
2400007426,VMEK,Belen Diaz,2026-02-16,2025,SWCO,WSS3949,TVW099090X2,43,0.17,3,0.25,39.5,3.5,0.0813953488372093,13.1666666666667,11.5497076023392,14.3333333333333,12.5730994152047,Week,8,2026,2026 - Week 8,UN
300100342,Handpick,Belen Diaz,2026-02-16,2025,SWBS,AC215Y,TVW25S9507W,200,0.08,15,0.17,187,13,0.065,12.4666666666667,12.2622950819672,13.3333333333333,13.1147540983607,Week,8,2026,2026 - Week 8,MF
2400007379,VMEK,Belen Diaz,2026-02-16,2025,SWBS,W0767,TVC25S9554,200,0.17,2,0.17,154,46,0.23,77,65.8119658119658,100,85.4700854700855,Week,8,2026,2026 - Week 8,MR
2400007540,Gravity,Luisa Salas,2026-02-16,2025,SWCO,EA COGENT,ORC099021,1655.5,0.17,2.5,0.5,1420.5,235,0.14195107218363,568.2,448.107255520505,662.2,522.239747634069,Week,8,2026,2026 - Week 8,MR
2400007487,VMEK,Belen Diaz,2026-02-16,2025,SWBS,W0767,TVC25S9554,158.5,0.17,2,0.17,121,37.5,0.236593059936909,60.5,51.7094017094017,79.25,67.7350427350427,Week,8,2026,2026 - Week 8,LR
300100369,Gravity,Rey Hernandez,2026-02-16,2025,SWCO,GSS6924,WAW099066X1,2024.5,0.8,2.5,0.48,1408,616.5,0.304519634477649,563.2,372.486772486773,809.8,535.582010582011,Week,8,2026,2026 - Week 8,MR
2400007319,Gravity,Mario Martinez,2026-02-17,2025,SWCO,ACCENTUATE,WAW099003X2,4640,0.5,10,1,4023.5,616.5,0.132866379310345,402.35,349.869565217391,464,403.478260869565,Week,8,2026,2026 - Week 8,LR
300100136,Handpick,Rey Hernandez,2026-02-10,2025,SWBS,AC144Y,TVW25T9503,300,0.8,11,0.17,289.5,10.5,0.035,26.3181818181818,24.1854636591479,27.2727272727273,25.062656641604,Week,7,2026,2026 - Week 7,LF
2400007560,Gravity,Luisa Salas,2026-02-17,2025,SWCO,CODE 646,WAW09901J,772,0.17,3,0.5,661.5,110.5,0.143134715025907,220.5,180.245231607629,257.333333333333,210.354223433243,Week,8,2026,2026 - Week 8,LF
2400007299,Colorsorter Line 2,Ana Ramirez,2026-02-17,2025,SWCO,DESERT FROST,TVW099020X2,4215.5,0.5,47,0.5,3309,906.5,0.215039734313842,70.4042553191489,68.9375,89.6914893617021,87.8229166666667,Week,8,2026,2026 - Week 8,
2400007552,VMEK,Silvia Martinez,2026-02-17,2025,SWCO,CODE 646,WAW099093J,164,0.17,10,0.17,137,27,0.164634146341463,13.7,13.2495164410058,16.4,15.8607350096712,Week,8,2026,2026 - Week 8,MF
2400007452,VMEK,Mario Martinez,2026-02-17,2025,SWCO,GSS1474,WAW099042X1,148,0.25,4.5,0.25,131.5,16.5,0.111486486486486,29.2222222222222,26.3,32.8888888888889,29.6,Week,8,2026,2026 - Week 8,M
300100663,VMEK,Belen Diaz,2026-02-18,2025,SWCO,GH1662,TVC099028,134.5,0.17,5,0.17,85.5,49,0.364312267657993,17.1,16.0112359550562,26.9,25.187265917603,Week,8,2026,2026 - Week 8,LR
2400007357,Colorsorter Line 1,Yurima Haro,2026-02-18,2025,SWCO,GH6055,ORC099032X1,21818,0.58,24,0.75,21083.5,734.5,0.0336648638738656,878.479166666667,832.352941176471,909.083333333333,861.350177654955,Week,8,2026,2026 - Week 8,LF
2400007358,Colorsorter,Rey Hernandez,2026-02-18,2025,SWCO,GH6055,ORC099032X1,3206.5,0.17,2.92,0.33,3176.5,30,0.00935599563386871,1087.84246575342,928.801169590643,1098.11643835616,937.573099415205,Week,8,2026,2026 - Week 8,MF
2400007356,Colorsorter Line 1,Rey Hernandez,2026-02-18,2025,SWCO,GH6055,ORC099032X1,3396,0.17,2.92,1.17,3343,53,0.0156065959952886,1144.86301369863,784.741784037559,1163.01369863014,797.183098591549,Week,8,2026,2026 - Week 8,MR
2400007488,VMEK,Mario Martinez,2026-02-18,2025,SWBS,R11965,TVW25S9525X1,341.5,0.5,13.5,0.5,325,16.5,0.0483162518301611,24.0740740740741,22.4137931034483,25.2962962962963,23.551724137931,Week,8,2026,2026 - Week 8,M
2400007476,Gravity,Rey Hernandez,2026-02-18,2025,BECO,HUNTINGTON,WAG099009,26931.5,0.58,22,0.5,21850.5,5081,0.188663832315319,993.204545454546,946.7287694974,1224.15909090909,1166.87608318891,Week,8,2026,2026 - Week 8,
2400007562,Handpick,Rey Hernandez,2026-02-18,2024,SWBS,AC157Y,TVW24T8604,375.5,0.17,19,0.08,361,14.5,0.0386151797603196,19,18.7532467532468,19.7631578947368,19.5064935064935,Week,8,2026,2026 - Week 8,
2400007462,Colorsorter,Mario Martinez,2026-02-19,2025,SWCO,GSS1477S,WAW099043X1W,1386,0.33,4,0.5,1350,36,0.025974025974026,337.5,279.503105590062,346.5,286.95652173913,Week,8,2026,2026 - Week 8,LR
300099797,Gravity,Mario Martinez,2026-02-19,2025,SWCO,GARRISON-R,TVW099025X2,10861,1.5,19.5,1,10630.5,230.5,0.0212227235061228,545.153846153846,483.204545454545,556.974358974359,493.681818181818,Week,8,2026,2026 - Week 8,MF
2400007520,Colorsorter Line 1,Yurima Haro,2026-02-19,2025,SWBS,R39232,TVC25S9541X1,527,0.08,1,0.75,513.5,13.5,0.0256166982922201,513.5,280.601092896175,527,287.978142076503,Week,8,2026,2026 - Week 8,LR
2400007567,Colorsorter Line 1,Yurima Haro,2026-02-19,2025,SWBS,R16793,TVW25S9529X1,270.5,0.08,1,0.67,263.5,7,0.0258780036968577,263.5,150.571428571429,270.5,154.571428571429,Week,8,2026,2026 - Week 8,M
2400007641,VMEK,Belen Diaz,2026-02-19,2025,SWBS,R21807,TVW25S9531X1,120,0.17,9,0.17,97.5,22.5,0.1875,10.8333333333333,10.4389721627409,13.3333333333333,12.847965738758,Week,8,2026,2026 - Week 8,UN
2400007454,Gravity,Luisa Salas,2026-02-19,2024,SWCO,SERENDIPITY,ORT088554,2559.5,0.25,3.5,0.33,2407,152.5,0.0595819495995312,687.714285714286,589.950980392157,731.285714285714,627.328431372549,Week,8,2026,2026 - Week 8,MR
2400007490,Colorsorter Line 1,Rey Hernandez,2026-02-19,2025,SWCO,GSS4479,WAW099060X1,300.5,0.08,0.33,0.67,294,6.5,0.021630615640599,890.909090909091,272.222222222222,910.606060606061,278.240740740741,Week,8,2026,2026 - Week 8,LR
2400007550,Colorsorter Line 1,Rey Hernandez,2026-02-19,2025,SWCO,TRADITION,WAW099009X2,392,0.08,0.83,0.33,386,6,0.0153061224489796,465.060240963855,311.290322580645,472.289156626506,316.129032258065,Week,8,2026,2026 - Week 8,MF
2400007456,Gravity,Maria Alvarez,2026-02-19,2024,SWCO,SERENDIPITY,ORT088554,3531.5,0.25,4.5,0.5,3105,426.5,0.120770210958516,690,591.428571428572,784.777777777778,672.666666666667,Week,8,2026,2026 - Week 8,
2400007485,VMEK,Silvia Martinez,2026-02-19,2025,SWBS,R39232,TVC25S9541X1,384.5,0.25,5,0.25,365.5,19,0.0494148244473342,73.1,66.4545454545455,76.9,69.9090909090909,Week,8,2026,2026 - Week 8,LF
2400007622,Colorsorter Line 1,Rey Hernandez,2026-02-19,2025,SWCO,TRADITION,WAW099009X2,636.5,0.08,1.75,1.17,622,14.5,0.0227808326787117,355.428571428571,207.333333333333,363.714285714286,212.166666666667,Week,8,2026,2026 - Week 8,LR
2400007506,Colorsorter Line 1,Mario Martinez,2026-02-19,2025,SWBS,R00118,TVW25T9513X1,238,0.17,1.5,0.5,226.5,11.5,0.0483193277310924,151,104.377880184332,158.666666666667,109.677419354839,Week,8,2026,2026 - Week 8,LF
2400007416,VMEK,Mario Martinez,2026-02-20,2025,SWBS,R16826,TVW25S9530X1,197,0.5,4,0.5,175.5,21.5,0.109137055837563,43.875,35.1,49.25,39.4,Week,8,2026,2026 - Week 8,UN
2400007351,Colorsorter Line 1,Mario Martinez,2026-02-20,2024,SWCO,HONEY SELECT,ORT088608,283.5,0.17,2,0.5,264,19.5,0.0687830687830688,132,98.876404494382,141.75,106.179775280899,Week,8,2026,2026 - Week 8,MR
2400007582,Colorsorter Line 2,Anniellys Zerquera,2026-02-20,2025,SWCO,P&C EARLY,WAC099077,12015.5,0.42,66,1,6241.5,5774,0.480545961466439,94.5681818181818,92.5763868288342,182.05303030303,178.218629486799,Week,8,2026,2026 - Week 8,
2400007585,VMEK,Mario Martinez,2026-02-20,2025,SWBS,R00153,TVW25T9515X1K,61.5,0.5,3.5,0.5,47,14.5,0.235772357723577,13.4285714285714,10.4444444444444,17.5714285714286,13.6666666666667,Week,8,2026,2026 - Week 8,UN
2400007455,Gravity,Mario Martinez,2026-02-20,2025,SWCO,SERENDIPITY,ORT088554,5245,0.58,11.45,0.75,4744,501,0.0955195424213537,414.323144104804,371.205007824726,458.078602620087,410.406885758998,Week,8,2026,2026 - Week 8,LF
300100221,Handpick,Luisa Salas,2026-02-19,2024,SWBS,R00638,TVW24T8623X1W,150,0.08,8.5,0.17,140.5,9.5,0.0633333333333333,16.5294117647059,16.0571428571429,17.6470588235294,17.1428571428571,Week,8,2026,2026 - Week 8,MF
2400007507,Colorsorter Line 1,Yurima Haro,2026-02-20,2025,SWBS,R00118,TVW25T9513X1,273.5,0.08,0.67,0.58,242,31.5,0.115173674588665,361.194029850746,181.954887218045,408.208955223881,205.639097744361,Week,8,2026,2026 - Week 8,MR
2400007457,Gravity,Ana Ramirez,2026-02-20,2025,SWBS,AC246Y,TVW25S9508,292,0.33,3.5,0.33,263,29,0.0993150684931507,75.1428571428571,63.2211538461539,83.4285714285714,70.1923076923077,Week,8,2026,2026 - Week 8,
2400007508,VMEK,Belen Diaz,2026-02-20,2025,SWBS,AC157Y,TVW25S9504,93.5,0.17,3,0.17,80.5,13,0.13903743315508,26.8333333333333,24.1017964071856,31.1666666666667,27.9940119760479,Week,8,2026,2026 - Week 8,L
2400007474,Colorsorter Line 2,Ana Ramirez,2026-02-20,2025,SWBS,R11649,TVW25T9524X1,323,0.25,1.5,0.33,290,33,0.102167182662539,193.333333333333,139.423076923077,215.333333333333,155.288461538462,Week,8,2026,2026 - Week 8,
2400007509,Colorsorter Line 1,Yurima Haro,2026-02-20,2025,SWBS,R594A,TVW25T9550X1,488.5,0.08,0.67,0.75,463.5,25,0.0511770726714432,691.791044776119,309,729.10447761194,325.666666666667,Week,8,2026,2026 - Week 8,LR
2400007721,Gravity,Luisa Salas,2026-02-20,2025,SWBS,R584A,TVW25T9549X1,769,0.08,1.5,0.25,682,87,0.113133940182055,454.666666666667,372.677595628415,512.666666666667,420.218579234973,Week,8,2026,2026 - Week 8,MF
2400007722,Gravity,Rey Hernandez,2026-02-20,2025,SWBS,R584A,TVW25T9548X1,699,0.08,1,0.5,624,75,0.107296137339056,624,394.93670886076,699,442.405063291139,Week,8,2026,2026 - Week 8,MF
2400007510,VMEK,Silvia Martinez,2026-02-20,2025,SWBS,R320E,TVW25T9538,178.5,0.08,5,0.33,158,20.5,0.11484593837535,31.6,29.2051756007394,35.7,32.9944547134935,Week,8,2026,2026 - Week 8,UN
2400007295,Gravity,Maria Alvarez,2026-02-20,2025,SWCO,BSS1075-R,WAW099008X2,853,0.42,1.5,0.5,793.5,59.5,0.0697538100820633,529,327.892561983471,568.666666666667,352.479338842975,Week,8,2026,2026 - Week 8,MF
2400007630,Colorsorter Line 1,Rey Hernandez,2026-02-20,2025,SWBS,R11649,TVW25T9524X1,390.5,0.08,1.33,1.17,381.5,9,0.0230473751600512,286.842105263158,147.868217054264,293.609022556391,151.356589147287,Week,8,2026,2026 - Week 8,MF
2400007502,VMEK,Silvia Martinez,2026-02-20,2025,SWCO,FIJI,WAW099022X2,191,0.5,5.5,0.5,183.5,7.5,0.0392670157068063,33.3636363636364,28.2307692307692,34.7272727272727,29.3846153846154,Week,8,2026,2026 - Week 8,LF
2400007522,Colorsorter Line 1,Mario Martinez,2026-02-21,2025,SWCO,FIJI,TVW099023X2,239.5,0.17,3,0.5,230,9.5,0.0396659707724426,76.6666666666667,62.6702997275204,79.8333333333333,65.2588555858311,Week,8,2026,2026 - Week 8,LR
2400007327,Gravity,Mario Martinez,2026-02-21,2025,SWCO,BSS1075-R,WAW099007X2J,7405.5,1,9,0.5,6890,515.5,0.0696104246843562,765.555555555556,656.190476190476,822.833333333333,705.285714285714,Week,8,2026,2026 - Week 8,MF
2400007624,Colorsorter Line 1,Mario Martinez,2026-02-21,2025,SWBS,R565A,CCW25T9010X1,171.5,0.17,2,0.5,165.5,6,0.0349854227405248,82.75,61.9850187265918,85.75,64.2322097378277,Week,8,2026,2026 - Week 8,MR
2400007545,VMEK,Mario Martinez,2026-02-21,2025,SWBS,R11965,TVW25S9525X1,215.5,0.5,8.5,0.5,177.5,38,0.176334106728538,20.8823529411765,18.6842105263158,25.3529411764706,22.6842105263158,Week,8,2026,2026 - Week 8,L
300099295,Gravity,Luisa Salas,2026-02-23,2025,SWCO,BSS1075-R,WAW099008X2,2146.5,0.25,4,0.42,2006.5,140,0.0652224551595621,501.625,429.6573875803,536.625,459.635974304069,Week,9,2026,2026 - Week 9,MR
2400007621,Colorsorter Line 1,Yurima Haro,2026-02-23,2025,SWBS,AC082Y,TVW25T9500,284,0.08,0.67,0.75,276.5,7.5,0.0264084507042254,412.686567164179,184.333333333333,423.880597014925,189.333333333333,Week,9,2026,2026 - Week 9,UN
2400007586,VMEK,Belen Diaz,2026-02-23,2025,SWBS,R36291,TVC25S9540X1,140.5,0.17,2,0.17,122.5,18,0.128113879003559,61.25,52.3504273504274,70.25,60.0427350427351,Week,9,2026,2026 - Week 9,LR
2400007626,VMEK,Belen Diaz,2026-02-23,2025,SWBS,R747,TVW25T9551X1,107,0.17,3,0.17,83.5,23.5,0.219626168224299,27.8333333333333,25,35.6666666666667,32.0359281437126,Week,9,2026,2026 - Week 9,MR
2400007701,Colorsorter Line 1,Yurima Haro,2026-02-23,2025,SWCO,BSS31212,TVW099011X2,329,0.08,1,0.75,318,11,0.0334346504559271,318,173.770491803279,329,179.781420765027,Week,9,2026,2026 - Week 9,MF
300099562,Gravity,Luisa Salas,2026-02-23,2025,SWCO,BSS1075-R,WAW099006X2,3595.5,0.25,4.5,0.42,3474.5,121,0.03365317758309,772.111111111111,672.050290135397,799,695.454545454546,Week,9,2026,2026 - Week 9,LF
2400007603,Colorsorter Line 1,Yurima Haro,2026-02-23,2025,SWBS,R00153,TVW25T9514X1,255.5,0.08,0.67,0.75,243,12.5,0.0489236790606654,362.686567164179,162,381.34328358209,170.333333333333,Week,9,2026,2026 - Week 9,M
2400007511,Colorsorter Line 1,Rey Hernandez,2026-02-23,2025,SWBS,R00153,TVW25T9515X1,116,0.08,0.5,0.33,110.5,5.5,0.0474137931034483,221,121.428571428571,232,127.472527472527,Week,9,2026,2026 - Week 9,UN
2400007475,Colorsorter Line 1,Rey Hernandez,2026-02-23,2025,SWBS,R00153,TVW25T9514X1,233.5,0.08,1.17,1.17,227,6.5,0.0278372591006424,194.017094017094,93.801652892562,199.57264957265,96.4876033057851,Week,9,2026,2026 - Week 9,L
2400007564,Colorsorter Line 2,Maria Alvarez,2026-02-23,2025,SWBS,AC246Y,TVW25S9508,298.5,0.17,2,0.5,268.5,30,0.100502512562814,134.25,100.561797752809,149.25,111.797752808989,Week,9,2026,2026 - Week 9,LR
2400007459,VMEK,Silvia Martinez,2026-02-23,2025,SWBS,AC254Y,TVW25T9510,146,0.5,2.5,0.33,132,14,0.0958904109589041,52.8,39.6396396396396,58.4,43.8438438438438,Week,9,2026,2026 - Week 9,UN
2400007660,Colorsorter Line 2,Maria Alvarez,2026-02-23,2025,SWBS,AC157Y,TVW25S9504,224,0.17,2,0.5,211.5,12.5,0.0558035714285714,105.75,79.2134831460674,112,83.8951310861423,Week,9,2026,2026 - Week 9,M
2400007642,Colorsorter Line 2,Maria Alvarez,2026-02-23,2025,SWBS,R36291,TVC25S9540X1,235,0.25,2,0.5,219.5,15.5,0.0659574468085106,109.75,79.8181818181818,117.5,85.4545454545455,Week,9,2026,2026 - Week 9,LF
300099564,Gravity,Mario Martinez,2026-02-23,2025,SWCO,BSS1075-R,WAW099006X2J,4205,0.45,7.5,0.5,3825,380,0.0903686087990488,510,452.662721893491,560.666666666667,497.633136094675,Week,9,2026,2026 - Week 9,MR
2400007720,Colorsorter Line 1,Mario Martinez,2026-02-23,2025,SWBS,AC157Y,TVW25T9505,481.5,0.5,3.5,0.5,454.5,27,0.0560747663551402,129.857142857143,101,137.571428571429,107,Week,9,2026,2026 - Week 9,MF
2400007471,Colorsorter Line 2,Anniellys Zerquera,2026-02-23,2025,SWBS,AC092YIMP,TVW25S9501,320,0.42,1.45,1,302,18,0.05625,208.275862068966,105.226480836237,220.689655172414,111.498257839721,Week,9,2026,2026 - Week 9,
2400007628,Colorsorter Line 2,Anniellys Zerquera,2026-02-24,2025,SWBS,AC092YIMP,TVW25S9501,252.5,0.33,2,1,234,18.5,0.0732673267326733,117,70.2702702702703,126.25,75.8258258258258,Week,9,2026,2026 - Week 9,
2400007601,Colorsorter Line 2,Anniellys Zerquera,2026-02-24,2025,SWBS,AC092YIMP,TVW25S9501,212,0.1,1,1,199.5,12.5,0.0589622641509434,199.5,95,212,100.952380952381,Week,9,2026,2026 - Week 9,
300100424,Handpick,Luisa Salas,2026-02-24,2025,SWBS,R00681A,TVW25T9518X1,367,0.17,16,0.08,354,13,0.0354223433242507,22.125,21.7846153846154,22.9375,22.5846153846154,Week,9,2026,2026 - Week 9,LR
2400007623,Colorsorter Line 2,Ana Ramirez,2026-02-24,2025,SWBS,R293B,TVC25S9535,559,0.33,1.5,0.5,535,24,0.0429338103756708,356.666666666667,229.613733905579,372.666666666667,239.914163090129,Week,9,2026,2026 - Week 9,L
2400007742,Colorsorter Line 1,Yurima Haro,2026-02-24,2025,SWCO,GH6055,ORC099032X1,9101.5,0.25,9,0.75,8973,128.5,0.0141185518870516,997,897.3,1011.27777777778,910.15,Week,9,2026,2026 - Week 9,LR
300100219,Handpick,Luisa Salas,2026-02-24,2022,SWBS,AC215Y,TVW22S6547X1W,50,0.17,2,0.08,43,7,0.14,21.5,19.1111111111111,25,22.2222222222222,Week,9,2026,2026 - Week 9,R
2400007512,Colorsorter Line 2,Ana Ramirez,2026-02-24,2025,SWBS,R00398F-SMS,TVC25T9516X1,234.5,0.33,1.5,0.5,216,18.5,0.0788912579957356,144,92.7038626609442,156.333333333333,100.643776824034,Week,9,2026,2026 - Week 9,LF
2400007588,Colorsorter Line 1,Yurima Haro,2026-02-24,2025,SWBS,R00398F-SMS,TVC25T9516X1,199,0.08,0.67,0.75,187,12,0.0603015075376884,279.10447761194,124.666666666667,297.014925373134,132.666666666667,Week,9,2026,2026 - Week 9,LR
2400007458,VMEK,Belen Diaz,2026-02-24,2025,SWBS,R594A,TVW25T9550X1,112,0.17,5,0.17,103.5,8.5,0.0758928571428571,20.7,19.3820224719101,22.4,20.9737827715356,Week,9,2026,2026 - Week 9,MR
2400007602,VMEK,Silvia Martinez,2026-02-24,2025,SWBS,R594A,TVW25T9550X1,59,0.33,3,0.25,39.5,19.5,0.330508474576271,13.1666666666667,11.0335195530726,19.6666666666667,16.4804469273743,Week,9,2026,2026 - Week 9,MF
300099563,Gravity,Rey Hernandez,2026-02-24,2025,SWCO,BSS1075-R,WAW099006X2,7752,0.75,13,0.83,7322.5,429.5,0.0554050567595459,563.269230769231,502.229080932785,596.307692307692,531.687242798354,Week,9,2026,2026 - Week 9,MF
2400007472,Colorsorter Line 2,Maria Alvarez,2026-02-24,2025,SWBS,G01110,TVW25T9512X1,296.5,0.17,3.25,0.5,249,47.5,0.160202360876897,76.6153846153846,63.5204081632653,91.2307692307692,75.6377551020408,Week,9,2026,2026 - Week 9,L
2400007680,Gravity,Rey Hernandez,2026-02-24,2025,SWCO,GSS5524,TVW099062X1,445,0.25,1.5,0.75,378.5,66.5,0.149438202247191,252.333333333333,151.4,296.666666666667,178,Week,9,2026,2026 - Week 9,UN
2400007604,Colorsorter Line 2,Maria Alvarez,2026-02-24,2025,SWBS,R11649,TVW25T9524X1,219.5,0.25,2.5,0.3,202,17.5,0.0797266514806378,80.8,66.2295081967213,87.8,71.9672131147541,Week,9,2026,2026 - Week 9,MR
2400007568,VMEK,Silvia Martinez,2026-02-24,2025,SWBS,R5001H,TVW25U9544H,43.5,0.5,1,0.25,33.5,10,0.229885057471264,33.5,19.1428571428571,43.5,24.8571428571429,Week,9,2026,2026 - Week 9,U
2400007554,Colorsorter Line 2,Maria Alvarez,2026-02-24,2025,SWBS,AC101Y,TVW25S9502,238.5,0.25,2,0.5,227.5,11,0.0461215932914046,113.75,82.7272727272727,119.25,86.7272727272727,Week,9,2026,2026 - Week 9,UN
2400007620,VMEK,Mario Martinez,2026-02-24,2025,SWBS,R4001H,TVW25T9542H,151,0.5,3,0.5,140,11,0.0728476821192053,46.6666666666667,35,50.3333333333333,37.75,Week,9,2026,2026 - Week 9,MF
2400007566,Gravity,Mario Martinez,2026-02-24,2024,SWCO,HONEY SELECT,WAT088576,3662,0.5,5.5,1,3411.5,250.5,0.068405243036592,620.272727272727,487.357142857143,665.818181818182,523.142857142857,Week,9,2026,2026 - Week 9,MF
2400007625,Colorsorter Line 1,Mario Martinez,2026-02-25,2025,SWBS,R594A,TVW25T9550X1,251.5,0.17,4,0.5,237.5,14,0.0556660039761431,59.375,50.8565310492505,62.875,53.8543897216274,Week,9,2026,2026 - Week 9,LF
2400007627,VMEK,Mario Martinez,2026-02-25,2025,SWBS,AC206Y,TVW25T9506,57.5,0.5,2,0.5,46.5,11,0.191304347826087,23.25,15.5,28.75,19.1666666666667,Week,9,2026,2026 - Week 9,MF
2400007600,Colorsorter Line 2,Anniellys Zerquera,2026-02-25,2025,SWBS,AC092YIMP,TVW25S9501,180,0.25,1.5,1,168.5,11.5,0.0638888888888889,112.333333333333,61.2727272727273,120,65.4545454545455,Week,9,2026,2026 - Week 9,
2400007681,Line 2,Anniellys Zerquera,2026-02-25,2025,SWBS,W0767,TVC25S9554,370,0.17,2.5,1,348.5,21.5,0.0581081081081081,139.4,94.9591280653951,148,100.817438692098,Week,9,2026,2026 - Week 9,
300100756,VMEK,Rey Hernandez,2026-02-25,2024,SWBS,AC144Y,TVW24S8602W,18,0.08,1,0.33,14.29,3.71,0.206111111111111,14.29,10.1347517730496,18,12.7659574468085,Week,9,2026,2026 - Week 9,L
300100218,Handpick,Luisa Salas,2026-02-25,2022,SWBS,R11204,TVW22S6529X1W,50,0.17,3,0.08,41.5,8.5,0.17,13.8333333333333,12.7692307692308,16.6666666666667,15.3846153846154,Week,9,2026,2026 - Week 9,LF
2400007584,Gravity,Yurima Haro,2026-02-25,2024,SWCO,OVERLAND,24-TUSY1507-X2,4083.5,0.25,9,0.5,3499,584.5,0.143137014815722,388.777777777778,358.871794871795,453.722222222222,418.820512820513,Week,9,2026,2026 - Week 9,LR
2400007643,VMEK,Belen Diaz,2026-02-25,2025,SWBS,R0662A,TVW25S9522X1,143,0.17,4,0.17,127,16,0.111888111888112,31.75,29.2626728110599,35.75,32.9493087557604,Week,9,2026,2026 - Week 9,UN
2400007549,Gravity,Luisa Salas,2026-02-25,2025,SWCO,GSS3228,TVW099051X2,218.5,0.25,1.25,0.5,209,9.5,0.0434782608695652,167.2,104.5,174.8,109.25,Week,9,2026,2026 - Week 9,
2400007661,VMEK,Belen Diaz,2026-02-25,2025,SWBS,R14759,TVW25S9526X1,90.5,0.17,2,0.17,82,8.5,0.0939226519337017,41,35.042735042735,45.25,38.6752136752137,Week,9,2026,2026 - Week 9,U
2400007662,Gravity,Maria Alvarez,2026-02-25,2025,SWBS,W0168,TVC25T9553,186.5,0.17,2.83,0.5,124,62.5,0.335120643431635,43.8162544169611,35.4285714285714,65.9010600706714,53.2857142857143,Week,9,2026,2026 - Week 9,
2400007605,VMEK,Silvia Martinez,2026-02-25,2025,SWBS,R28153,TVW25T9532X1,48.5,0.08,1,0.33,39.5,9,0.185567010309278,39.5,28.0141843971631,48.5,34.3971631205674,Week,9,2026,2026 - Week 9,UN
300099557,Colorsorter Line 1,Rey Hernandez,2026-02-25,2025,SWCO,GARRISON-R,WAW099026X2J,2240.5,0.17,2.75,0.33,2173,67.5,0.0301272037491631,790.181818181818,668.615384615385,814.727272727273,689.384615384615,Week,9,2026,2026 - Week 9,MR
300099447,Colorsorter Line 1,Rey Hernandez,2026-02-25,2025,SWCO,GARRISON-R,TVW099024X2,2075,0.17,2.92,0.33,2030.5,44.5,0.0214457831325301,695.376712328767,593.713450292398,710.616438356164,606.72514619883,Week,9,2026,2026 - Week 9,LF
2400007407,VMEK,Silvia Martinez,2026-02-25,2025,SWCO,BSS3556,TVW099013X2,113.5,0.33,5,0.25,93,20.5,0.180616740088106,18.6,16.6666666666667,22.7,20.3405017921147,Week,9,2026,2026 - Week 9,MF
300099542,Gravity,Maria Alvarez,2026-02-25,2025,SWCO,GSS2259P,WAW099046X1,420,0.25,1.5,1.5,372,48,0.114285714285714,248,114.461538461538,280,129.230769230769,Week,9,2026,2026 - Week 9,
300100422,Gravity,Mario Martinez,2026-02-26,2025,SWCO,GSS31004,WAW099049X2,6217.703,0.75,12,1,5982,235.703,0.0379083722718824,498.5,435.054545454545,518.141916666667,452.196581818182,Week,9,2026,2026 - Week 9,LR
2400007724,VMEK,Mario Martinez,2026-02-26,2025,SWCO,WSS3949,TVW099090X2,39.5,0.5,2,0.5,25,14.5,0.367088607594937,12.5,8.33333333333333,19.75,13.1666666666667,Week,9,2026,2026 - Week 9,UN
2400007547,Colorsorter Line 2,Jose Scott,2026-02-26,2025,SWBS,R747,TVW25T9551X1,136,0.5,4,1.5,71.5,64.5,0.474264705882353,17.875,11.9166666666667,34,22.6666666666667,Week,9,2026,2026 - Week 9,
2400007581,VMEK,Belen Diaz,2026-02-26,2025,SWBS,R10457,TVW25S9521X1,153,0.17,2,0.17,140,13,0.0849673202614379,70,59.8290598290598,76.5,65.3846153846154,Week,9,2026,2026 - Week 9,LR
2400007629,Colorsorter Line 2,Ana Ramirez,2026-02-26,2025,SWBS,R11649,TVW25T9524X1,176,0.33,4,0.5,151,25,0.142045454545455,37.75,31.2629399585921,44,36.4389233954451,Week,9,2026,2026 - Week 9,LR
300099593,Gravity,Luisa Salas,2026-02-26,2025,SWCO,GSS3951,WAW099057X1,7714,0.25,10,0.5,6871,843,0.109281825252787,687.1,639.162790697674,771.4,717.581395348837,Week,9,2026,2026 - Week 9,MR
2400007583,VMEK,Belen Diaz,2026-02-26,2025,SWBS,R15468,TVW25S9528X1,128.5,0.17,2,0.17,117.5,11,0.0856031128404669,58.75,50.2136752136752,64.25,54.9145299145299,Week,9,2026,2026 - Week 9,M
2400007292,Gravity,Rey Hernandez,2026-02-26,2025,SWCO,CABO,WAW099018X2,1100,0.33,2,0.75,1033.5,66.5,0.0604545454545455,516.75,335.551948051948,550,357.142857142857,Week,9,2026,2026 - Week 9,MF
2400007281,Colorsorter Line 1,Rey Hernandez,2026-02-26,2025,SWCO,GARRISON-R,WAW099027X2,17122,0.75,16,0.75,16939.5,182.5,0.010658801541876,1058.71875,967.971428571429,1070.125,978.4,Week,9,2026,2026 - Week 9,MF
300100519,VMEK,Silvia Martinez,2026-02-26,2025,SWBS,R00681A,TVW25S9518X1,118.5,0.08,2,0.25,105,13.5,0.113924050632911,52.5,45.0643776824034,59.25,50.8583690987124,Week,9,2026,2026 - Week 9,MR
300099361,Gravity,Rey Hernandez,2026-02-26,2025,SWCO,GSS8529,WAW099094X1,762.5,0.25,0.83,0.5,735,27.5,0.0360655737704918,885.542168674699,465.189873417722,918.674698795181,482.594936708861,Week,9,2026,2026 - Week 9,LF
300100683,Gravity,Mario Martinez,2026-02-26,2025,SWCO,GSS8529,WAW099037X1,756.5,0.25,1.5,0.33,530,226.5,0.299405155320555,353.333333333333,254.807692307692,504.333333333333,363.701923076923,Week,9,2026,2026 - Week 9,LR
300099695,Colorsorter Line 1,Rey Hernandez,2026-02-26,2025,SWCO,GARRISON-R,TVW099025X2,2103.427,0.17,3.75,1.17,2069.5,33.9270000000001,0.0161293926530372,551.866666666667,406.581532416503,560.913866666667,413.24695481336,Week,9,2026,2026 - Week 9,LR
300100684,Gravity,Mario Martinez,2026-02-27,2025,SWCO,GSS8529,WAW099037X1,1629.5,0.43,4,0.5,1129.5,500,0.306842589751458,282.375,229.107505070994,407.375,330.52738336714,Week,9,2026,2026 - Week 9,LF
300100686,Gravity,Mario Martinez,2026-02-27,2025,SWCO,GSS8529,WAW099094X1,544,0.42,2,0.25,418,126,0.231617647058824,209,156.554307116105,272,203.74531835206,Week,9,2026,2026 - Week 9,LR
2400007740,Colorsorter Line 2,Anniellys Zerquera,2026-02-27,2025,SWCO,WSS2524,TVW099088X2-L,429,0.17,2,1,376.5,52.5,0.122377622377622,188.25,118.769716088328,214.5,135.331230283912,Week,9,2026,2026 - Week 9,
2400007551,Colorsorter Line 2,Ana Ramirez,2026-02-27,2025,SWBS,R30343,TVC25S9537X1,298,0.25,7,0.5,273,25,0.0838926174496644,39,35.2258064516129,42.5714285714286,38.4516129032258,Week,9,2026,2026 - Week 9,LR
300100520,VMEK,Belen Diaz,2026-02-27,2025,SWBS,R28153,TVW25T9533X1,171,0.17,14,0.17,148,23,0.134502923976608,10.5714285714286,10.3207810320781,12.2142857142857,11.9246861924686,Week,9,2026,2026 - Week 9,UN
300100685,Gravity,Luisa Salas,2026-02-27,2025,SWCO,GSS8529,WAW099037X1,2808.5,0.08,5,0.25,2130.5,678,0.241410005340929,426.1,399.718574108818,561.7,526.923076923077,Week,9,2026,2026 - Week 9,MF
2400007491,Gravity,Luisa Salas,2026-02-27,2025,SWCO,GSS8529,WAW099038X1,154.5,0.08,1,0.5,103.5,51,0.330097087378641,103.5,65.5063291139241,154.5,97.7848101265823,Week,9,2026,2026 - Week 9,LR
2400007682,VMEK,Belen Diaz,2026-02-27,2025,SWBS,W0767,TVC25S9554,121,0.17,2,0.17,112,9,0.0743801652892562,56,47.8632478632479,60.5,51.7094017094017,Week,9,2026,2026 - Week 9,LR
300100521,VMEK,Silvia Martinez,2026-02-27,2025,SWCO,BSS36922,TVW099014X2,198,0.08,2.5,0.17,187,11,0.0555555555555556,74.8,68,79.2,72,Week,9,2026,2026 - Week 9,M
2400007359,Colorsorter Line 2,Maria Alvarez,2026-02-27,2025,SWCO,GH6055,ORC099032X1,1126,0.5,11,0.5,825.5,300.5,0.266873889875666,75.0454545454546,68.7916666666667,102.363636363636,93.8333333333333,Week,9,2026,2026 - Week 9,LRH
300100518,VMEK,Mario Martinez,2026-02-27,2025,SWBS,R584A,TVW25T9549X1,240.5,0.5,7,0.5,227,13.5,0.0561330561330561,32.4285714285714,28.375,34.3571428571429,30.0625,Week,9,2026,2026 - Week 9,LF
2400007705,VMEK,Mario Martinez,2026-02-28,2025,SWBS,R00153,TVW25T9515X1K,47,0.5,2.5,0.5,36,11,0.234042553191489,14.4,10.2857142857143,18.8,13.4285714285714,Week,9,2026,2026 - Week 9,UN
2400007800,VMEK,Belen Diaz,2026-03-02,2025,SWBS,R21807,TVW25S9531X1,97.5,0.17,4,0.17,88.5,9,0.0923076923076923,22.125,20.3917050691244,24.375,22.4654377880184,Week,10,2026,2026 - Week 10,UN
2400007706,Colorsorter Line 1,Yurima Haro,2026-03-02,2025,SWBS,R00118,TVW25T9513X1,226.5,0.08,0.67,0.75,220,6.5,0.0286975717439294,328.358208955224,146.666666666667,338.059701492537,151,Week,10,2026,2026 - Week 10,LF
2400007761,Colorsorter Line 1,Yurima Haro,2026-03-02,2025,SWBS,R00118,TVW25T9513X1,242,0.08,0.67,0.25,235.5,6.5,0.0268595041322314,351.492537313433,235.5,361.194029850746,242,Week,10,2026,2026 - Week 10,MR
300100615,Gravity,Luisa Salas,2026-03-02,2025,SWCO,GSS5649,WAW099064X1,16302,0.83,20,0.5,11464,4838,0.29677340203656,573.2,537.458977965307,815.1,764.275668073137,Week,10,2026,2026 - Week 10,LR
300100687,Gravity,Rey Hernandez,2026-03-02,2025,SWCO,GSS6924,WAW099067X1,1887.5,0.08,2.75,0.33,1313,574.5,0.304370860927152,477.454545454545,415.506329113924,686.363636363636,597.310126582279,Week,10,2026,2026 - Week 10,LF
300100688,Gravity,Rey Hernandez,2026-03-02,2025,SWCO,GSS6924,WAW099066X1,1261,0.08,1.25,0.33,887.5,373.5,0.296193497224425,710,534.638554216868,1008.8,759.638554216868,Week,10,2026,2026 - Week 10,LF
300100138,Handpick,Maria Alvarez,2026-03-02,2025,SWBS,AC247W,TVW25T9509,434.5,0.33,35,0,418.5,16,0.0368239355581128,11.9571428571429,11.8454571185961,12.4142857142857,12.298330031135,Week,10,2026,2026 - Week 10,LR
300100689,Gravity,Rey Hernandez,2026-03-02,2025,SWCO,GSS6924,WAW099065X1,1898,0.08,2.08,1,1294.5,603.5,0.317966280295047,622.355769230769,409.651898734177,912.5,600.632911392405,Week,10,2026,2026 - Week 10,LR
2400007434,Colorsorter Line 2,Maria Alvarez,2026-03-02,2025,SWCO,GH6055,ORC099032X1,2739,0.42,21,0.5,2643.5,95.5,0.0348667396860168,125.880952380952,120.597627737226,130.428571428571,124.954379562044,Week,10,2026,2026 - Week 10,LFH
2400007700,Gravity,Yurima Haro,2026-03-03,2025,SWCO,WSS2524,TVW099088X2,167.5,0.08,0.58,0.5,143,24.5,0.146268656716418,246.551724137931,123.275862068966,288.793103448276,144.396551724138,Week,10,2026,2026 - Week 10,M
2400007118,Gravity,Luisa Salas,2026-03-03,2023,SWCO,GSS3951,WAW077180,1088,0.08,2.5,0.33,952.5,135.5,0.124540441176471,381,327.319587628866,435.2,373.883161512028,Week,10,2026,2026 - Week 10,MF
300100662,Gravity,Rey Hernandez,2026-03-03,2025,SWCO,GSS3951,WAW099056J,2834.5,0.33,5,0.75,2587.5,247,0.0871405891691657,517.5,425.575657894737,566.9,466.200657894737,Week,10,2026,2026 - Week 10,
2400007760,Colorsorter Line 1,Rey Hernandez,2026-03-03,2025,SWCO,ACCENTUATE,WAW099003X2,3833,0.17,9.5,1.17,3173.5,659.5,0.172058439864336,334.052631578947,292.758302583026,403.473684210526,353.59778597786,Week,10,2026,2026 - Week 10,MF
2400007364,Colorsorter Line 2,Maria Alvarez,2026-03-03,2025,SWCO,P&C EARLY,WAC099077,4469.5,0.5,15.75,3,3849.5,620,0.138717977402394,244.412698412698,199.974025974026,283.777777777778,232.181818181818,Week,10,2026,2026 - Week 10,MR
300100792,Gravity,Yurima Haro,2026-03-04,2025,SWCO,TYSON,WAW099086X1,3824,0.17,7,0.5,2747,1077,0.281642259414226,392.428571428571,358.148631029987,546.285714285714,498.565840938722,Week,10,2026,2026 - Week 10,LR
300100793,Gravity,Rey Hernandez,2026-03-04,2025,SWCO,TYSON,WAW099086X1,5674.5,0.25,6.5,0.33,4149,1525.5,0.26883425852498,638.307692307692,586.016949152542,873,801.483050847458,Week,10,2026,2026 - Week 10,LF
300100139,Handpick,Maria Alvarez,2026-03-04,2025,SWBS,AC247W,TVW25T9509,519.5,0.5,32,0.25,497,22.5,0.0433108758421559,15.53125,15.175572519084,16.234375,15.8625954198473,Week,10,2026,2026 - Week 10,LF
300100545,Handpick,Yurima Haro,2026-03-05,2024,SWBS,R00681A,TVW24S8625X1PW,50,0.08,2,0.17,39.5,10.5,0.21,19.75,17.5555555555556,25,22.2222222222222,Week,10,2026,2026 - Week 10,R
2400007589,Colorsorter Line 2,Ana Ramirez,2026-03-05,2025,SWCO,P&C EARLY,WAC099077,3884.5,0.33,19,0.5,3634.5,250,0.0643583472776419,191.289473684211,183.282904689864,204.447368421053,195.890065557237,Week,10,2026,2026 - Week 10,
2400007445,Gravity,Rey Hernandez,2026-03-05,2025,SWCO,BSS1075-R,WAW099005X2,1189.932,0.08,2,0.5,1118,71.932,0.0604505131385659,559,433.333333333333,594.966,461.213953488372,Week,10,2026,2026 - Week 10,MF
300100546,Handpick,Maria Alvarez,2026-03-05,2025,SWBS,AC157Y,TVW25T9505W,350,0.08,12,0.17,333,17,0.0485714285714286,27.75,27.1836734693878,29.1666666666667,28.5714285714286,Week,10,2026,2026 - Week 10,MR
1002188284,Line 2,Maria Alvarez,2026-03-05,2025,SWBS,R10785,TVW25S9523X1,134.5,0.25,3,0.75,104,30.5,0.226765799256506,34.6666666666667,26,44.8333333333333,33.625,Week,10,2026,2026 - Week 10,
2400007406,Gravity,Yurima Haro,2026-03-06,2025,SWCO,BSS1075-R,WAW099005X2,3870,0.25,5,0.25,3703,167,0.0431524547803618,740.6,673.272727272727,774,703.636363636364,Week,10,2026,2026 - Week 10,MR
2400007748,Gravity,Yurima Haro,2026-03-06,2025,SWCO,GSS8529,WAW099094X1,735,0.08,0.67,0.5,692,43,0.0585034013605442,1032.83582089552,553.6,1097.01492537313,588,Week,10,2026,2026 - Week 10,LF
300100140,Handpick,Maria Alvarez,2026-03-06,2025,SWBS,AC247W,TVW25T9509,236.5,0.25,22,0.25,222,14.5,0.0613107822410148,10.0909090909091,9.86666666666667,10.75,10.5111111111111,Week,10,2026,2026 - Week 10,MF
2400007708,Colorsorter Line 1,Rey Hernandez,2026-03-06,2025,SWCO,BSS1075-R,WAW099007X2J,6890,0.25,4.25,0.33,6846,44,0.00638606676342525,1610.82352941176,1417.39130434783,1621.17647058824,1426.50103519669,Week,10,2026,2026 - Week 10,MF
2400007727,Colorsorter Line 2,Maria Alvarez,2026-03-06,2025,SWCO,P&C EARLY,WAC099077,6241.5,0.25,17.5,2.5,5819.5,422,0.0676119522550669,332.542857142857,287.382716049383,356.657142857143,308.222222222222,Week,10,2026,2026 - Week 10,LR
300100547,Handpick,Luisa Salas,2026-03-09,2022,SWBS,G4075,WAW22T6560X1,378.6,0.17,5.5,0.25,370,8.60000000000002,0.0227152667723191,67.2727272727273,62.5,68.8363636363636,63.9527027027027,Week,11,2026,2026 - Week 11,LR
300100471,Gravity,Mario Martinez,2026-03-09,2025,SWCO,GSS3951,WAW099058X1,8963,0.83,11.5,0.5,8584,379,0.042284949235747,746.434782608696,669.056897895557,779.391304347826,698.597038191738,Week,11,2026,2026 - Week 11,MR
2400007821,Colorsorter Line 1,Yurima Haro,2026-03-09,2025,SWCO,BSS1075-R,WAW099006X2,7322.5,0.33,8,0.58,7250,72.5,0.0099009900990099,906.25,813.692480359147,915.3125,821.829405162739,Week,11,2026,2026 - Week 11,MF
300100852,Gravity,Rey Hernandez,2026-03-09,2025,SWCO,GSS940,TVW099070X1,728.5,0.17,2,0.25,656.5,72,0.0988332189430336,328.25,271.280991735537,364.25,301.03305785124,Week,11,2026,2026 - Week 11,MF
300100852,Gravity,Rey Hernandez,2026-03-09,2025,SWCO,GSS9040,TVW099070X1,728.5,0.17,2,0.25,656.52,71.98,0.098805765271105,328.26,271.289256198347,364.25,301.03305785124,Week,11,2026,2026 - Week 11,MF
300100543,Handpick,Maria Alvarez,2026-03-09,2023,SWBS,R00638,TVW23T7543X1W,200,0.17,5,0.25,190.5,9.5,0.0475,38.1,35.1476014760148,40,36.90036900369,Week,11,2026,2026 - Week 11,LF
300100548,Handpick,Maria Contreras,2026-03-09,2023,SWBS,G4075,TVW23T7530X1,245,0.25,5.5,0.25,238,7,0.0285714285714286,43.2727272727273,39.6666666666667,44.5454545454545,40.8333333333333,Week,11,2026,2026 - Week 11,LF
2400007294,Colorsorter Line 2,Maria Alvarez,2026-03-09,2025,SWCO,WSS33739,TVW099089X2,184.5,0.33,7,1,128,56.5,0.306233062330623,18.2857142857143,15.3661464585834,26.3571428571429,22.1488595438175,Week,11,2026,2026 - Week 11,M
2400007344,Gravity,Rey Hernandez,2026-03-09,2025,SWCO,GLACIAL,WAW099036X2,1572,0.17,3.25,0.5,1440.5,131.5,0.0836513994910942,443.230769230769,367.474489795918,483.692307692308,401.020408163265,Week,11,2026,2026 - Week 11,MF
2400007587,Colorsorter Line 2,Rey Hernandez,2026-03-10,2025,SWCO,MATRIARCH,WAW099072HJ1,568.5,0.8,4,1,540.5,28,0.0492524186455585,135.125,93.1896551724138,142.125,98.0172413793104,Week,11,2026,2026 - Week 11,MR
300100544,Handpick,Luisa Salas,2026-03-10,2023,SWBS,R594A,TVW23S7583X1W,270,0.17,8.5,0.25,262,8,0.0296296296296296,30.8235294117647,29.372197309417,31.7647058823529,30.2690582959641,Week,11,2026,2026 - Week 11,MF
2400007565,Colorsorter Line 2,Maria Alvarez,2026-03-10,2025,SWBS,R4099H,TVW25S9543H,246,0.25,5,0.5,228.5,17.5,0.0711382113821138,45.7,39.7391304347826,49.2,42.7826086956522,Week,11,2026,2026 - Week 11,UN
300100851,Handpick,Maria Alvarez,2026-03-10,2025,SWBS,AC215Y,TVW25S9507W,187,0.25,6.5,0.25,176,11,0.0588235294117647,27.0769230769231,25.1428571428571,28.7692307692308,26.7142857142857,Week,11,2026,2026 - Week 11,MF
2400007763,Colorsorter Line 1,Rey Hernandez,2026-03-10,2025,SWCO,GARRISON-R,WAW099027X2,16939.5,1,20.17,1.17,16855.5,84,0.00495882405029664,835.671789786812,754.498657117278,839.836390679227,758.25872873769,Week,11,2026,2026 - Week 11,MF
2400007762,Handpick,Belen Diaz,2026-03-11,2025,SWBS,R28153,TVW25T9532X1,39.5,0.17,15,0.17,32.5,7,0.177215189873418,2.16666666666667,2.11864406779661,2.63333333333333,2.57496740547588,Week,11,2026,2026 - Week 11,UN
300100848,Handpick,Luisa Salas,2026-03-11,2023,SWBS,R660D,TVW23S7584X1W,140,0.17,3,0.25,130,10,0.0714285714285714,43.3333333333333,38.0116959064328,46.6666666666667,40.9356725146199,Week,11,2026,2026 - Week 11,F
2400007707,Colorsorter Line 1,Yurima Haro,2026-03-11,2025,SWBS,R00153,TVW25T9514X1,243,0.08,1,0.67,234,9,0.037037037037037,234,133.714285714286,243,138.857142857143,Week,11,2026,2026 - Week 11,M
2400007555,Colorsorter Line 2,Rey Hernandez,2026-03-11,2025,SWCO,SILVER QUEEN,WAC099044,1581,0.17,6,0.5,1534,47,0.0297280202403542,255.666666666667,229.985007496252,263.5,237.031484257871,Week,11,2026,2026 - Week 11,
2400007743,Colorsorter Line 1,Yurima Haro,2026-03-11,2025,SWCO,TRADITION,WAW099009X2,386,0.08,1,0.67,378.5,7.5,0.0194300518134715,378.5,216.285714285714,386,220.571428571429,Week,11,2026,2026 - Week 11,MF
300100849,Handpick,Luisa Salas,2026-03-11,2023,SWBS,R660K,TVW23S7591X1,300,0.17,31.5,0.25,291.5,8.5,0.0283333333333333,9.25396825396826,9.13220551378446,9.52380952380952,9.3984962406015,Week,11,2026,2026 - Week 11,F
2400007771,Colorsorter Line 1,Rey Hernandez,2026-03-11,2025,SWBS,R11649,TVW25T9524X1,290,0.08,1.92,0.67,276.5,13.5,0.046551724137931,144.010416666667,103.558052434457,151.041666666667,108.614232209738,Week,11,2026,2026 - Week 11,LF
2400007768,Handpick,Rey Hernandez,2026-03-11,2025,SWBS,R00153,TVW25T9515X1K,36,0.25,9.5,0.17,31.5,4.5,0.125,3.31578947368421,3.17540322580645,3.78947368421053,3.62903225806452,Week,11,2026,2026 - Week 11,U
2400007746,Colorsorter Line 2,Maria Alvarez,2026-03-11,2025,SWBS,AC092YIMP,TVW25S9501,199.5,0.25,1.5,2.5,187.5,12,0.0601503759398496,125,44.1176470588235,133,46.9411764705882,Week,11,2026,2026 - Week 11,LR
300100850,Handpick,Maria Alvarez,2026-03-11,2023,SWBS,R660K,TVW23T7589X1,330,0.5,6.5,0.25,320.5,9.5,0.0287878787878788,49.3076923076923,44.2068965517241,50.7692307692308,45.5172413793103,Week,11,2026,2026 - Week 11,MR
2400007752,Handpick,Luisa Salas,2026-03-12,2025,SWCO,WSS3949,TVW099090X2,25,0.17,1.5,0.25,17.37,7.63,0.3052,11.58,9.046875,16.6666666666667,13.0208333333333,Week,11,2026,2026 - Week 11,UN
1002246398,Line 2,Rey Hernandez,2026-03-12,2025,SWCO,GSS2272,TVW099048X1,762,0.5,6,0.5,376,386,0.506561679790026,62.6666666666667,53.7142857142857,127,108.857142857143,Week,11,2026,2026 - Week 11,
2400007825,Colorsorter Line 1,Yurima Haro,2026-03-12,2024,SWCO,SILVER QUEEN,WAC088582W,11606,0.33,12,0.67,11330,276,0.023780803032914,944.166666666667,871.538461538462,967.166666666667,892.769230769231,Week,11,2026,2026 - Week 11,LR
2400007766,Handpick,Luisa Salas,2026-03-12,2025,SWBS,R21807,TVW25S9531X1,88.5,0.25,5.5,0.17,82.5,6,0.0677966101694915,15,13.9358108108108,16.0909090909091,14.9493243243243,Week,11,2026,2026 - Week 11,UN
2400007772,Handpick,Belen Diaz,2026-03-12,2025,SWBS,R5001H,TVW25U9544H,33.5,0.17,11,0.17,28,5.5,0.164179104477612,2.54545454545455,2.46913580246914,3.04545454545455,2.95414462081129,Week,11,2026,2026 - Week 11,UN
2400007729,Colorsorter Line 1,Rey Hernandez,2026-03-12,2025,SWBS,AC101Y,TVW25S9502,227.5,0.08,1.17,0.67,218,9.5,0.0417582417582418,186.324786324786,113.541666666667,194.444444444444,118.489583333333,Week,11,2026,2026 - Week 11,UN
300100881,Gravity,Rey Hernandez,2026-03-12,2025,SWCO,BSS3556,TVW099013X2,696.5,0.17,2,0.33,632.5,64,0.0918880114860014,316.25,253,348.25,278.6,Week,11,2026,2026 - Week 11,LF
300100880,Gravity,Rey Hernandez,2026-03-12,2025,SWCO,ACCESSION,WAW099004X2,722.5,0.17,2,0.33,640,82.5,0.114186851211073,320,256,361.25,289,Week,11,2026,2026 - Week 11,LR
1002246397,Line 2,Maria Alvarez,2026-03-12,2025,SWCO,GSS2271,TVW099047X2,1514.5,0.25,7.5,2.5,1125,389.5,0.257180587652691,150,109.756097560976,201.933333333333,147.756097560976,Week,11,2026,2026 - Week 11,
2400007749,Handpick,Luisa Salas,2026-03-13,2025,SWBS,W0767,TVC25S9554,112,0.08,4.5,0.25,103,9,0.0803571428571429,22.8888888888889,21.3250517598344,24.8888888888889,23.1884057971015,Week,11,2026,2026 - Week 11,LR
2400007765,Colorsorter Line 2,Rey Hernandez,2026-03-13,2025,SWBS,R28153,TVW25T9533X1,148,0.08,4,0.42,135.5,12.5,0.0844594594594595,33.875,30.1111111111111,37,32.8888888888889,Week,11,2026,2026 - Week 11,
2400007710,Colorsorter Line 1,Yurima Haro,2026-03-13,2025,SWCO,ACCENTUATE,WAW099003X2,3173.5,0.17,9,0.67,2872.5,301,0.0948479596659839,319.166666666667,291.920731707317,352.611111111111,322.510162601626,Week,11,2026,2026 - Week 11,MF
2400007753,VMEK,Belen Diaz,2026-03-13,2025,SWBS,R00398F-SMS,TVC25T9516X1,216,0.17,12,0.17,208.5,7.5,0.0347222222222222,17.375,16.8962722852512,18,17.5040518638574,Week,11,2026,2026 - Week 11,LF
2400007709,Colorsorter Line 2,Rey Hernandez,2026-03-13,2025,SWBS,R11649,TVW25T9524X1,151,0.08,2,0,134,17,0.112582781456954,67,64.4230769230769,75.5,72.5961538461538,Week,11,2026,2026 - Week 11,
2400007770,Colorsorter Line 2,Maria Alvarez,2026-03-13,2025,SWBS,R11649,TVW25T9524X1,202,0.17,1.5,0.5,183.5,18.5,0.0915841584158416,122.333333333333,84.5622119815668,134.666666666667,93.0875576036866,Week,11,2026,2026 - Week 11,MR
2400007745,Colorsorter Line 2,Maria Alvarez,2026-03-13,2025,SWBS,R36291,TVC25S9540X1,122.5,0.25,1.25,0.5,104.5,18,0.146938775510204,83.6,52.25,98,61.25,Week,11,2026,2026 - Week 11,LR
2400007725,Colorsorter Line 2,Maria Alvarez,2026-03-13,2025,SWBS,R36291,TVC25S9540X1,219.5,0.17,1.5,0.5,198.5,21,0.0956719817767654,132.333333333333,91.4746543778802,146.333333333333,101.152073732719,Week,11,2026,2026 - Week 11,LF
2400007769,Colorsorter Line 2,Maria Alvarez,2026-03-13,2025,SWBS,AC082Y,TVW25T9500,276.5,0.17,1.5,1,214,62.5,0.226039783001808,142.666666666667,80.1498127340824,184.333333333333,103.558052434457,Week,11,2026,2026 - Week 11,UN
2400007754,VMEK,Maria Alvarez,2026-03-13,2025,SWBS,R00398F-SMS,TVC25T9516X1,187,0.25,7.5,0.17,177,10,0.053475935828877,23.6,22.3484848484848,24.9333333333333,23.6111111111111,Week,11,2026,2026 - Week 11,LR
2400007767,Handpick,Rey Hernandez,2026-03-16,2025,SWBS,R00153,TVW25T9515X1,110.5,0.08,5,0.25,104.5,6,0.0542986425339367,20.9,19.6060037523452,22.1,20.7317073170732,Week,12,2026,2026 - Week 12,UN
2400007775,Handpick,Rey Hernandez,2026-03-16,2025,SWBS,R21807,TVW25S9531X1,82.5,0.08,4.5,0.25,78,4.5,0.0545454545454545,17.3333333333333,16.1490683229814,18.3333333333333,17.0807453416149,Week,12,2026,2026 - Week 12,UN
2400007803,Colorsorter Line 2,Rey Hernandez,2026-03-16,2025,SWCO,GH9335,WAC099035,224,0.08,2,0.5,210.5,13.5,0.0602678571428572,105.25,81.5891472868217,112,86.8217054263566,Week,12,2026,2026 - Week 12,
2400007828,Handpick,Luisa Salas,2026-03-16,2025,SWCO,WSS33739,TVW099089X2,128,0.08,4,0.17,120.5,7.5,0.05859375,30.125,28.3529411764706,32,30.1176470588235,Week,12,2026,2026 - Week 12,M
2400007802,Handpick,Luisa Salas,2026-03-17,2025,SWCO,WSS2524,TVW099088X2,143,0.25,3,0.17,136,7,0.048951048951049,45.3333333333333,39.766081871345,47.6666666666667,41.812865497076,Week,12,2026,2026 - Week 12,M
2400007826,Handpick,Luisa Salas,2026-03-17,2025,SWCO,FIJI,WAW099022X2,183.5,0.17,2,0.25,175.5,8,0.0435967302452316,87.75,72.5206611570248,91.75,75.8264462809917,Week,12,2026,2026 - Week 12,LF
2400007780,Colorsorter Line 2,Rey Hernandez,2026-03-17,2025,SWCO,GH6055,ORC099032X1,3343,0.25,16,0.08,3288,55,0.0164522883637451,205.5,201.347213717085,208.9375,204.715248009798,Week,12,2026,2026 - Week 12,
2400007782,Gravity,Yurima Haro,2026-03-17,2025,SWCO,GSS3951,WAW099058X1,25411.5,0.92,29,0.5,23272,2139.5,0.0841941640595793,802.48275862069,765.023011176857,876.258620689655,835.355029585799,Week,12,2026,2026 - Week 12,MFH
2400007781,Gravity,Rey Hernandez,2026-03-17,2025,SWCO,GSS3951,WAW099055X1J,1671.5,0.17,3.5,0.33,1552,119.5,0.0714926712533652,443.428571428571,388,477.571428571429,417.875,Week,12,2026,2026 - Week 12,MR
2400007827,Handpick,Rey Hernandez,2026-03-17,2025,SWCO,BSS36922,TVW099014X2,187,0.25,22,0.17,179.5,7.5,0.0401069518716578,8.15909090909091,8.00624442462087,8.5,8.34076717216771,Week,12,2026,2026 - Week 12,M
2400007823,Colorsorter Line 2,Maria Alvarez,2026-03-17,2025,SWCO,GH6055,ORC099032X1,825.5,0.25,6,0.5,797.5,28,0.0339188370684434,132.916666666667,118.148148148148,137.583333333333,122.296296296296,Week,12,2026,2026 - Week 12,LRH
300098931,Gravity,Rey Hernandez,2026-03-17,2025,SWCO,7210R,ORW099002X2,1427.284,0.17,4.5,0.33,1221,206.284,0.144529049579481,271.333333333333,244.2,317.174222222222,285.4568,Week,12,2026,2026 - Week 12,MR
300100659,Gravity,Yurima Haro,2026-03-18,2025,SWCO,GSS9040,TVW099070X1,450.14,0.08,1,0.5,362.5,87.64,0.194694983782823,362.5,229.430379746835,450.14,284.898734177215,Week,12,2026,2026 - Week 12,LF
2400007306,Colorsorter Line 2,Rey Hernandez,2026-03-18,2025,SWCO,7210R,ORW099002X2,1478.5,0.17,5,0.08,1217.5,261,0.176530267162665,243.5,231.904761904762,295.7,281.619047619048,Week,12,2026,2026 - Week 12,
2400007764,Handpick,Luisa Salas,2026-03-18,2025,SWBS,R30343,TVC25S9537X1,273,0.17,7.5,0.25,262.5,10.5,0.0384615384615385,35,33.1439393939394,36.4,34.469696969697,Week,12,2026,2026 - Week 12,LR
2400007304,Colorsorter Line 2,Rey Hernandez,2026-03-18,2025,SWCO,7210R,ORW099002X2,1215.5,0.17,4,0.08,985,230.5,0.189633895516248,246.25,231.764705882353,303.875,286,Week,12,2026,2026 - Week 12,
2400007773,Handpick,Luisa Salas,2026-03-19,2025,SWBS,R00118,TVW25T9513X1,220,0.17,5,0.25,213,7,0.0318181818181818,42.6,39.2988929889299,44,40.590405904059,Week,12,2026,2026 - Week 12,LF
2400007258,Colorsorter Line 2,Rey Hernandez,2026-03-19,2025,SWCO,7210R,ORW099002X2,1612,0.17,9,0.75,1184,428,0.265508684863524,131.555555555556,119.354838709677,179.111111111111,162.5,Week,12,2026,2026 - Week 12,
300101009,Handpick,Luisa Salas,2026-03-19,2021,SWBS,R00663,TVW21T5008X1,100,0.17,1.5,0.25,94,6,0.06,62.6666666666667,48.9583333333333,66.6666666666667,52.0833333333333,Week,12,2026,2026 - Week 12,LR
300100954,Gravity,Yurima Haro,2026-03-19,2025,SWCO,GARRISON-R,TVW099024X2,11172.5,0.25,11,0.5,10579.5,593,0.0530767509509957,961.772727272727,900.382978723404,1015.68181818182,950.851063829787,Week,12,2026,2026 - Week 12,MF
2400007799,Colorsorter Line 2,Rey Hernandez,2026-03-19,2025,SWCO,TRADITION,WAW099009X2,378.5,0.08,2,0.5,346.5,32,0.0845442536327609,173.25,134.302325581395,189.25,146.705426356589,Week,12,2026,2026 - Week 12,
300101007,VMEK,Belen Diaz,2026-03-19,2025,SWBS,AC092YIMP,TVW25S9501,187.5,0.17,3,0.17,180.5,7,0.0373333333333333,60.1666666666667,54.0419161676647,62.5,56.1377245508982,Week,12,2026,2026 - Week 12,LR
2400007688,Colorsorter Line 2,Maria Alvarez,2026-03-19,2025,SWCO,ACCESSION,WAW099004X2,640,0.25,4,0.5,621.5,18.5,0.02890625,155.375,130.842105263158,160,134.736842105263,Week,12,2026,2026 - Week 12,LR
2400007860,Gravity,Yurima Haro,2026-03-20,2025,SWCO,ACCENTUATE,WAW099003X2,2872.5,0.08,8,0.67,2121.5,751,0.261444734551784,265.1875,242.457142857143,359.0625,328.285714285714,Week,12,2026,2026 - Week 12,MF
300101012,Handpick,Luisa Salas,2026-03-20,2024,SWBS,R00681A,TVW24S8625X1P,103.5,0.17,6,0.25,96,7.5,0.072463768115942,16,14.9532710280374,17.25,16.1214953271028,Week,12,2026,2026 - Week 12,R
300101006,VMEK,Rey Hernandez,2026-03-19,2017,SWBS,R20261,PL182562,109.5,0.42,2,0.17,96.5,13,0.118721461187215,48.25,37.2586872586873,54.75,42.2779922779923,Week,12,2026,2026 - Week 12,
300101013,Handpick,Luisa Salas,2026-03-20,2024,SWBS,R00681A,TVW24S8625X1P,104.29,0.08,5,0.25,97.5,6.79000000000001,0.0651069134145173,19.5,18.2926829268293,20.858,19.5666041275797,Week,12,2026,2026 - Week 12,F
300100919,VMEK,Belen Diaz,2026-03-20,2018,SWBS,AC254Y,TVW18S2001,67,0.17,3,0.17,58,9,0.134328358208955,19.3333333333333,17.3652694610778,22.3333333333333,20.059880239521,Week,12,2026,2026 - Week 12,LR
300100920,VMEK,Rey Hernandez,2026-03-20,2018,SWBS,AC254Y,TVW18S2001,143.126,0.17,2.67,0.17,129.5,13.626,0.0952028282771823,48.501872659176,43.0232558139535,53.6052434456929,47.5501661129568,Week,12,2026,2026 - Week 12,MF
2400007774,Colorsorter Line 2,Maria Alvarez,2026-03-20,2025,SWCO,P&C EARLY,WAC099077,3849.5,0.25,17.5,0.5,3756.5,93,0.0241589816859332,214.657142857143,205.835616438356,219.971428571429,210.931506849315,Week,12,2026,2026 - Week 12,MR
300101005,VMEK,Belen Diaz,2026-03-20,2017,SWBS,R20261,PL182562,243.5,0.17,17,0.17,229,14.5,0.0595482546201232,13.4705882352941,13.2064590542099,14.3235294117647,14.042675893887,Week,12,2026,2026 - Week 12,F
300101002,VMEK,Rey Hernandez,2026-03-20,2013,SWBS,AC256W,832052*BL-FLT,45.657,0.17,2,0.17,38.63,7.02699999999999,0.153908491578509,19.315,16.508547008547,22.8285,19.5115384615385,Week,12,2026,2026 - Week 12,F
300101010,Handpick,Luisa Salas,2026-03-23,2023CL,SWBS,R0662A,SYNG22524X1,157,17,5,0.25,148.5,8.5,0.054140127388535,29.7,6.67415730337079,31.4,7.0561797752809,Week,13,2026,2026 - Week 13,F
300101003,VMEK,Yurima Haro,2026-03-23,2023,SWBS,AC294Y,TVW23S7520,105.5,0.17,3,0.25,97,8.5,0.0805687203791469,32.3333333333333,28.3625730994152,35.1666666666667,30.8479532163743,Week,13,2026,2026 - Week 13,R
300101011,Handpick,Luisa Salas,2026-03-24,2017,SWBS,W1471D,TVW17T1332X1,217,0.17,5,0.25,207,10,0.0460829493087558,41.4,38.1918819188192,43.4,40.0369003690037,Week,13,2026,2026 - Week 13,MF
300101008,VMEK,Maria Alvarez,2026-03-24,2023,SWBS,AC228W,TVW23T7510,237,0.25,5,0.17,228,9,0.0379746835443038,45.6,42.0664206642066,47.4,43.7269372693727,Week,13,2026,2026 - Week 13,LF
2400007377,Colorsorter Line 2,Ana Ramirez,2026-03-24,2025,SWCO,DESERT FROST,TVW099020X2,753.5,0.08,10.5,0.08,528,225.5,0.299270072992701,50.2857142857143,49.53095684803,71.7619047619048,70.6848030018762,Week,13,2026,2026 - Week 13,
300101014,Handpick,Luisa Salas,2026-03-24,2021,SWBS,R565A,TVW21S5028X1,264,0.17,6,0.25,256.5,7.5,0.0284090909090909,42.75,39.9532710280374,44,41.1214953271028,Week,13,2026,2026 - Week 13,MF
2400007730,Handpick,Maria Alvarez,2026-03-25,2025,SWCO,WSS33739,TVW099089X2,120.5,0.25,4,0.25,113.5,7,0.0580912863070539,28.375,25.2222222222222,30.125,26.7777777777778,Week,13,2026,2026 - Week 13,M
300100835,Gravity,Luisa Salas,2026-03-25,2025,SWCO,GH6055,ORC09932X1,2643.5,0.25,4,0.5,2546,97.5,0.0368829203707206,636.5,536,660.875,556.526315789474,Week,13,2026,2026 - Week 13,LFH
2400007862,Colorsorter Line 1,Yurima Haro,2026-03-25,2025,SWCO,7210R,ORW099002X2,1221,0.17,3,0.67,1131,90,0.0737100737100737,377,294.53125,407,317.96875,Week,13,2026,2026 - Week 13,MR
300101004,VMEK,Yurima Haro,2026-03-25,2023,SWBS,AC294Y,TVW23S7520,241.5,0.25,5.5,0.17,232,9.5,0.0393374741200828,42.1818181818182,39.1891891891892,43.9090909090909,40.7939189189189,Week,13,2026,2026 - Week 13,F
300100923,Gravity,Luisa Salas,2026-03-26,2025,SWCO,BSS1075-R,WAW099005X2,3703,0.25,4,0.5,3641.5,61.5,0.0166081555495544,910.375,766.631578947369,925.75,779.578947368421,Week,13,2026,2026 - Week 13,MR
300100921,Handpick,Maria Alvarez,2026-03-26,2023,SWBS,AC256W,TVW23S7514,272.454,0.17,8.25,0.25,263,9.45400000000001,0.0346994355010387,31.8787878787879,30.3344867358708,33.0247272727273,31.4249134948097,Week,13,2026,2026 - Week 13,UN
2400007411,Colorsorter Line 2,Rey Hernandez,2026-03-27,2025,SWCO,DESERT FROST,TVW099020X2,1393,0.17,16,0.17,1270.5,122.5,0.0879396984924623,79.40625,77.7539779681763,87.0625,85.2509179926561,Week,13,2026,2026 - Week 13,
300101030,Handpick,Maria Alvarez,2026-03-27,2025,SWBS,AC215Y,TVW25S9507,135.735,0.25,4,0.25,127.5,8.23500000000001,0.0606696872582607,31.875,28.3333333333333,33.93375,30.1633333333333,Week,13,2026,2026 - Week 13,LR
2400007831,Gravity,Luisa Salas,2026-03-27,2024,SWCO,GSS3951,WAW088597X1,4265.5,0.25,4.5,0.5,3834,431.5,0.101160473566991,852,730.285714285714,947.888888888889,812.476190476191,Week,13,2026,2026 - Week 13,LR
2400007756,VMEK,Rey Hernandez,2026-03-27,2025,SWCO,GSS2272,TVW099048X1,258.5,0.25,7,0.17,248.5,10,0.0386847195357834,35.5,33.4905660377358,36.9285714285714,34.8382749326146,Week,13,2026,2026 - Week 13,F
300101033,Handpick,Maria Alvarez,2026-03-30,2023,SWBS,R565A,WAW23T7579X1W,140,0.25,6,0.25,131.5,8.5,0.0607142857142857,21.9166666666667,20.2307692307692,23.3333333333333,21.5384615384615,Week,14,2026,2026 - Week 14,MF
2400007832,Gravity,Luisa Salas,2026-03-30,2024,SWCO,GSS3071S,WAW088531X1,4748,0.25,5,0.5,4376.5,371.5,0.0782434709351306,875.3,761.130434782609,949.6,825.739130434783,Week,14,2026,2026 - Week 14,MR
2400007429,Colorsorter Line 2,Ana Ramirez,2026-03-30,2025,SWCO,DESERT FROST,TVW099020X2,2358.5,0.08,11.5,0.17,2139.5,219,0.0928556285774857,186.04347826087,182.085106382979,205.086956521739,200.723404255319,Week,14,2026,2026 - Week 14,
300101035,Handpick,Maria Alvarez,2026-03-31,2023,SWBS,R00447A,TVW23T7536X1,350,0.5,8.5,0.25,339,11,0.0314285714285714,39.8823529411765,36.6486486486486,41.1764705882353,37.8378378378378,Week,14,2026,2026 - Week 14,LF
2400007842,VMEK,Rey Hernandez,2026-03-31,2025,SWBS,W0767,TVC25S9554,103,0.33,8.75,0.17,93,10,0.0970873786407767,10.6285714285714,10.0540540540541,11.7714285714286,11.1351351351351,Week,14,2026,2026 - Week 14,LR
2400007711,Gravity,Luisa Salas,2026-03-31,2025,BECO,HUNTINGTON,WAG099009,10759.5,0.25,10,0.5,8600,2159.5,0.200706352525675,860,800,1075.95,1000.88372093023,Week,14,2026,2026 - Week 14,HEAVY
2400007413,Colorsorter Line 2,Ana Ramirez,2026-03-31,2025,SWCO,DESERT FROST,TVW099020X2J,2858,0.17,10.5,0.17,2646.5,211.5,0.0740027991602519,252.047619047619,244.142066420664,272.190476190476,263.653136531365,Week,14,2026,2026 - Week 14,
300100927,Gravity,Luisa Salas,2026-03-31,2025,SWCO,BSS8021,TVW099000X2,1863,0.25,2.5,0.33,1824.5,38.5,0.0206655931293612,729.8,592.37012987013,745.2,604.87012987013,Week,14,2026,2026 - Week 14,MR
300101034,Handpick,Maria Alvarez,2026-04-01,2023,SWBS,R00447A,TVW23T7536X1W,350,0.25,9,0.25,338,12,0.0342857142857143,37.5555555555556,35.5789473684211,38.8888888888889,36.8421052631579,Week,14,2026,2026 - Week 14,MF
2400007844,VMEK,Rey Hernandez,2026-04-01,2025,SWBS,AC092YIMP,TVW25S9501,180.5,0.25,7.75,0.17,171.5,9,0.0498614958448754,22.1290322580645,20.9914320685435,23.2903225806452,22.093023255814,Week,14,2026,2026 - Week 14,LR
300100928,Gravity,Luisa Salas,2026-04-01,2025,SWCO,BSS8021,TVW099000X2,8368.5,0.25,8.5,0.5,8272,96.5,0.0115313377546753,973.176470588235,894.27027027027,984.529411764706,904.702702702703,Week,14,2026,2026 - Week 14,MF
300101032,Handpick,Maria Alvarez,2026-04-02,2025,SWBS,AC215Y,TVW25S9507,155,0.25,11,0.25,142,13,0.0838709677419355,12.9090909090909,12.3478260869565,14.0909090909091,13.4782608695652,Week,14,2026,2026 - Week 14,MF
300101036,Handpick,Luisa Salas,2026-04-02,2023,SWBS,R00378,TVC23U7534X1,100,0.25,1.25,0.25,90,10,0.1,72,51.4285714285714,80,57.1428571428572,Week,14,2026,2026 - Week 14,LF
2400007378,Colorsorter Line 2,Ana Ramirez,2026-04-02,2025,SWCO,DESERT FROST,TVW099020X2J,4781.5,0.17,18,0.17,4192,589.5,0.123287671232877,232.888888888889,228.571428571429,265.638888888889,260.714285714286,Week,14,2026,2026 - Week 14,
2400007430,Colorsorter Line 2,Ana Ramirez,2026-04-02,2025,SWCO,DESERT FROST,TVW099019X2,677.5,0.17,2,0.17,645,32.5,0.0479704797047971,322.5,275.641025641026,338.75,289.529914529915,Week,14,2026,2026 - Week 14,
2400007846,VMEK,Rey Hernandez,2026-04-02,2025,SWCO,GSS9040,TVW099070X1,362.5,0.33,13.25,0.17,354,8.5,0.023448275862069,26.7169811320755,25.7454545454545,27.3584905660377,26.3636363636364,Week,14,2026,2026 - Week 14,LF
300101147,Gravity,Luisa Salas,2026-04-06,2025,SWCO,GSS6924,WAW099067X1,1879.92,0.25,2,0.5,1533.5,346.42,0.184273798885059,766.75,557.636363636364,939.96,683.607272727273,Week,15,2026,2026 - Week 15,MR
2400007481,Colorsorter Line 2,Ana Ramirez,2026-04-06,2025,SWCO,DESERT FROST,TVW099019X2,2789.5,0.17,7,0.17,2597.5,192,0.0688295393439685,371.071428571429,353.882833787466,398.5,380.040871934605,Week,15,2026,2026 - Week 15,
300101031,Handpick,Luisa Salas,2026-04-06,2025,SWBS,AC215Y,TVW25S9507,227,0.17,8,0.25,215.5,11.5,0.0506607929515419,26.9375,25.5938242280285,28.375,26.9596199524941,Week,15,2026,2026 - Week 15,MR
2400007480,Colorsorter Line 2,Ana Ramirez,2026-04-07,2025,SWCO,DESERT FROST,TVW099019X2,1522,0.17,5,0.17,1414,108,0.0709592641261498,282.8,264.794007490637,304.4,285.01872659176,Week,15,2026,2026 - Week 15,
300101148,Gravity,Luisa Salas,2026-04-07,2025,SWCO,GSS9040,TVW099070X1,656.5,0.25,1,0.5,536.5,120,0.182787509520183,536.5,306.571428571429,656.5,375.142857142857,Week,15,2026,2026 - Week 15,MF
2400007843,VMEK,Rey Hernandez,2026-04-07,2025,SWBS,AC082Y,TVW25T9500,214,0.33,11,0.17,206,8,0.0373831775700935,18.7272727272727,17.9130434782609,19.4545454545455,18.6086956521739,Week,15,2026,2026 - Week 15,UN
2400007398,Colorsorter Line 2,Ana Ramirez,2026-04-08,2025,SWCO,DESERT FROST,TVW099019X2,4428.5,0.17,12,0.17,4018.5,410,0.0925821384215874,334.875,325.64829821718,369.041666666667,358.87358184765,Week,15,2026,2026 - Week 15,
300101143,Handpick,Luisa Salas,2026-04-08,2023,SWBS,AC215Y,TVW23T7509P,399,0.17,18,0.25,386,13,0.0325814536340852,21.4444444444444,20.9554831704669,22.1666666666667,21.6612377850163,Week,15,2026,2026 - Week 15,MF
2400007834,Colorsorter Line 2,Ana Ramirez,2026-04-09,2025,SWCO,DESERT FROST,TVW099020X2,1270,0.17,4,0.5,1189,81,0.0637795275590551,297.25,254.603854389722,317.5,271.948608137045,Week,15,2026,2026 - Week 15,
300101144,Handpick,Belen Diaz,2026-04-09,2023,SWBS,AC215Y,TVW23T7509P,185,0.17,8,0.25,175,10,0.0540540540540541,21.875,20.7838479809976,23.125,21.9714964370546,Week,15,2026,2026 - Week 15,MR
300101145,Handpick,Luisa Salas,2026-04-10,2025,SWBS,AC215Y,TVW25S9507,127,0.17,3,0.25,118.5,8.5,0.0669291338582677,39.5,34.6491228070176,42.3333333333333,37.1345029239766,Week,15,2026,2026 - Week 15,LR
2400007501,Colorsorter Line 2,Ana Ramirez,2026-04-10,2025,SWCO,DESERT FROST,TVW099020X2J,1966,0.17,6,0.17,1810,156,0.0793489318413021,301.666666666667,285.488958990536,327.666666666667,310.094637223975,Week,15,2026,2026 - Week 15,
300101263,Handpick,Luisa Salas,2026-04-10,2025,SWBS,R10457,TVW25S9521X1,140,0.17,3,0.25,130,10,0.0714285714285714,43.3333333333333,38.0116959064328,46.6666666666667,40.9356725146199,Week,15,2026,2026 - Week 15,LR
2400007500,Colorsorter Line 2,Ana Ramirez,2026-04-10,2025,SWCO,DESERT FROST,TVW099020X2J,945,0.17,3.5,0.5,882,63,0.0666666666666667,252,211.510791366907,270,226.618705035971,Week,15,2026,2026 - Week 15,
300101264,Handpick,Luisa Salas,2026-04-13,2025,SWBS,R0662A,TVW25S9522X1,127,0.17,3.5,0.25,119,8,0.062992125984252,34,30.3571428571429,36.2857142857143,32.3979591836735,Week,16,2026,2026 - Week 16,UN
2400007712,Colorsorter Line 2,Ana Ramirez,2026-04-13,2025,SWCO,7210R,ORW099002X2,985,0.17,3.5,0.33,884,101,0.10253807106599,252.571428571429,221,281.428571428571,246.25,Week,16,2026,2026 - Week 16,
300101160,Handpick,Luisa Salas,2026-04-14,2025,SWBS,R30343,TVC25S9537X1,290,0.17,7,0.25,275.5,14.5,0.05,39.3571428571429,37.1293800539084,41.4285714285714,39.0835579514825,Week,16,2026,2026 - Week 16,LF
2400007845,Colorsorter Line 2,Ana Ramirez,2026-04-14,2025,SWCO,TRADITION,WAW099009X2,346.5,0.17,2,0.33,328.5,18,0.051948051948052,164.25,131.4,173.25,138.6,Week,16,2026,2026 - Week 16,
2400007714,Colorsorter Line 2,Ana Ramirez,2026-04-14,2025,SWCO,BSS36922,TVW099014X2,179.5,0.17,1.5,0.33,150.5,29,0.161559888579387,100.333333333333,75.25,119.666666666667,89.75,Week,16,2026,2026 - Week 16,
300101161,Handpick,Luisa Salas,2026-04-14,2025,SWBS,R30343,TVC25S9537X1,262.5,0.17,4.5,0.25,250,12.5,0.0476190476190476,55.5555555555556,50.8130081300813,58.3333333333333,53.3536585365854,Week,16,2026,2026 - Week 16,LR
2400007713,Colorsorter Line 2,Ana Ramirez,2026-04-14,2025,SWCO,WSS33739,TVW099089X2,113.5,0.17,1,0.33,96,17.5,0.154185022026432,96,64,113.5,75.6666666666667,Week,16,2026,2026 - Week 16,
300101135,Colorsorter Line 2,Ana Ramirez,2026-04-15,2025,SWCO,BSS31212,TVW099011X2,235.5,0.17,1,0.33,193,42.5,0.180467091295117,193,128.666666666667,235.5,157,Week,16,2026,2026 - Week 16,
300101262,Handpick,Luisa Salas,2026-04-15,2025,SWBS,R11965,TVW25S9525X1,177.5,0.17,4.5,0.25,167,10.5,0.0591549295774648,37.1111111111111,33.9430894308943,39.4444444444444,36.0772357723577,Week,16,2026,2026 - Week 16,L
2400007835,Colorsorter Line 2,Ana Ramirez,2026-04-15,2025,SWCO,GSS2272,TVW099048X1,248.5,0.17,3,0.33,233,15.5,0.062374245472837,77.6666666666667,66.5714285714286,82.8333333333333,71,Week,16,2026,2026 - Week 16,
2400007732,Gravity,Luisa Salas,2026-04-16,2025,SWCO,GSS1170-R,WAW099039X2,9027.5,0.33,5,0.5,8395.5,632,0.0700083079479369,1679.1,1440.05145797599,1805.5,1548.45626072041,Week,16,2026,2026 - Week 16,MF
300101201,Handpick,Rey Hernandez,2026-04-16,2023,SWBS,R00378,TVC23U7534X1,90,0.25,8.25,0.17,81,9,0.1,9.81818181818182,9.34256055363322,10.9090909090909,10.3806228373702,Week,16,2026,2026 - Week 16,LF
300101310,Handpick,Luisa Salas,2026-04-20,2025,SWBS,R00153,TVW25T9515X1,104.5,0.17,2.5,0.25,97.5,7,0.0669856459330144,39,33.3904109589041,41.8,35.7876712328767,Week,17,2026,2026 - Week 17,UN
300101309,Handpick,Luisa Salas,2026-04-20,2025,SWBS,R747,TVW25T9551X1,83.5,0.17,2,0.25,73,10.5,0.125748502994012,36.5,30.1652892561984,41.75,34.504132231405,Week,17,2026,2026 - Week 17,MR
300101311,Handpick,Luisa Salas,2026-04-21,2025,SWBS,R11649,TVW25T9524X1,276.5,0.17,7.5,0.25,266.5,10,0.0361663652802893,35.5333333333333,33.6489898989899,36.8666666666667,34.9116161616162,Week,17,2026,2026 - Week 17,LF
2400007733,Colorsorter Line 2,Ana Ramirez,2026-04-22,2025,SWBS,AC082Y,TVW25T9500,206,0.17,1,0.5,184,22,0.106796116504854,184,110.179640718563,206,123.353293413174,Week,17,2026,2026 - Week 17,
2400007783,Colorsorter Line 2,Luisa Salas,2026-04-22,2024,SWCO,SILVER QUEEN,WAC088582W,11330,0.42,14.5,0.5,9852.5,1477.5,0.130406001765225,679.48275862069,638.942931258106,781.379310344828,734.760051880675,Week,17,2026,2026 - Week 17,LR
2400007691,Colorsorter Line 2,Ana Ramirez,2026-04-23,2025,SWCO,GH6055,ORC099032X1,3288,0.17,10,0.08,2974,314,0.0954987834549878,297.4,290.146341463415,328.8,320.780487804878,Week,17,2026,2026 - Week 17,
300101308,Handpick,Belen Diaz,2026-04-23,2025,SWBS,R594A,TVW25T9550X1,459.165,0.17,14.5,0.23,438,21.165,0.0460945411780079,30.2068965517241,29.3959731543624,31.6665517241379,30.8164429530201,Week,17,2026,2026 - Week 17,LR
300101307,Gravity,Luisa Salas,2026-04-24,2025,SWBS,R747,TVW25T9551X1,689,0.25,1,0.5,635.5,53.5,0.0776487663280116,635.5,363.142857142857,689,393.714285714286,Week,17,2026,2026 - Week 17,LF
2400007692,Colorsorter Line 2,Ana Ramirez,2026-04-24,2025,SWCO,GH6055,ORC099032X1,797.5,0.17,3.5,0.33,669,128.5,0.161128526645768,191.142857142857,167.25,227.857142857143,199.375,Week,17,2026,2026 - Week 17,
300101321,Handpick,Belen Diaz,2026-04-24,2025,SWBS,R11649,TVW25T9524X1,130.618,0.17,6,0.25,123,7.618,0.0583227426541518,20.5,19.1588785046729,21.7696666666667,20.3454828660436,Week,17,2026,2026 - Week 17,LR
2400007734,Gravity,Luisa Salas,2026-04-28,2023,SWCO,BSS8040,WAW077016,2358,0.25,5,0.5,2092.5,265.5,0.112595419847328,418.5,363.913043478261,471.6,410.086956521739,Week,18,2026,2026 - Week 18,MF
2400007690,Colorsorter Line 2,Ana Ramirez,2026-04-30,2025,SWCO,GH6055,ORC099032X1,8966.094,0.5,21.5,0.5,8551.5,414.593999999999,0.0462402022552964,397.744186046512,380.066666666667,417.027627906977,398.493066666667,Week,18,2026,2026 - Week 18,
2400007829,Gravity,Luisa Salas,2026-05-01,2025,SWCO,GSS3951,WAW099058X1,23272,0.83,24,0.5,21237,2035,0.08744413887934,884.875,838.412949072246,969.666666666667,918.752467429925,Week,18,2026,2026 - Week 18,MFH
2400007836,Colorsorter Line 2,Ana Ramirez,2026-05-01,2025,SWCO,TRADITION,WAW099009X2,328.5,0.25,4.5,0.5,304.5,24,0.0730593607305936,67.6666666666667,58,73,62.5714285714286,Week,18,2026,2026 - Week 18,
300101374,Colorsorter Line 2,Ana Ramirez,2026-05-04,2025,SWCO,GSS2271,TVW099047X2,146.5,0.17,1,0.08,114,32.5,0.221843003412969,114,91.2,146.5,117.2,Week,19,2026,2026 - Week 19,
300101375,Colorsorter Line 2,Ana Ramirez,2026-05-04,2025,SWCO,GSS2271,TVW099047X2,196.5,0.25,1,0.08,169,27.5,0.139949109414758,169,127.067669172932,196.5,147.744360902256,Week,19,2026,2026 - Week 19,
300101462,Gravity,Rey Hernandez,2026-05-04,2025,SWCO,7210R,ORW099002X2,1217.5,0.33,2,0.5,1020.5,197,0.161806981519507,510.25,360.600706713781,608.75,430.212014134276,Week,19,2026,2026 - Week 19,MF
300101376,Colorsorter Line 2,Ana Ramirez,2026-05-04,2025,SWCO,GSS2271,TVW099047X2,606.5,0.25,1.5,1,552,54.5,0.0898598516075845,368,200.727272727273,404.333333333333,220.545454545455,Week,19,2026,2026 - Week 19,
2400007499,Gravity,Luisa Salas,2026-05-05,2025,SWCO,GSS3951,WAW099055X1J,3559.5,0.25,4.5,0.5,3143.5,416,0.116870346958843,698.555555555556,598.761904761905,791,678,Week,19,2026,2026 - Week 19,MFL
2400007737,Gravity,Luisa Salas,2026-05-06,2024,SWCO,GSS8937,WAW088575X1,6084,0.25,7,0.5,5635.5,448.5,0.0737179487179487,805.071428571429,727.161290322581,869.142857142857,785.032258064516,Week,19,2026,2026 - Week 19,LR
2400007736,Gravity,Luisa Salas,2026-05-07,2025,SWCO,GSS2259P,WAW099046X1,1065,0.25,1,0.5,1034.5,30.5,0.0286384976525822,1034.5,591.142857142857,1065,608.571428571429,Week,19,2026,2026 - Week 19,MF
2400007735,Gravity,Luisa Salas,2026-05-07,2025,SWCO,GSS2259P,WAW099046X1,226,0.25,1,0.5,206,20,0.0884955752212389,206,117.714285714286,226,129.142857142857,Week,19,2026,2026 - Week 19,LR
2400007900,Gravity,Luisa Salas,2026-05-08,2024,SWCO,GH7818,WAC088524,7069,0.25,7,0.5,6547.5,521.5,0.0737728108643373,935.357142857143,844.838709677419,1009.85714285714,912.129032258065,Week,19,2026,2026 - Week 19,MF
300101424,Colorsorter Line 2,Ana Ramirez,2026-05-11,2025,SWCO,GSS5649,TVW099063X1,14287.5,0.75,30,1,12088.5,2199,0.153910761154856,402.95,380.740157480315,476.25,450,Week,20,2026,2026 - Week 20,
2400007920,Gravity,Luisa Salas,2026-05-11,2024,SWCO,SWEET G 90,WAC088587,3043.5,0.25,3.5,0.33,2930.5,113,0.0371283062263841,837.285714285714,718.259803921569,869.571428571429,745.955882352941,Week,20,2026,2026 - Week 20,LR
2400007738,Colorsorter Line 2,Ana Ramirez,2026-05-11,2022,SWCO,WSS7070,WAW066325,416,0.17,0.3,0.08,372.5,43.5,0.104567307692308,1241.66666666667,677.272727272727,1386.66666666667,756.363636363636,Week,20,2026,2026 - Week 20,
2400007739,Colorsorter Line 2,Ana Ramirez,2026-05-12,2022,SWCO,WSS7070,WAW066332,988,0.17,2,0.5,859,129,0.130566801619433,429.5,321.722846441948,494,370.037453183521,Week,20,2026,2026 - Week 20,
2400007778,Gravity,Belen Diaz,2026-05-12,2024,SWCO,SWEET G 90,WAC088587,6556,0.25,7,0.33,6276,280,0.0427089688834655,896.571428571429,827.968337730871,936.571428571429,864.90765171504,Week,20,2026,2026 - Week 20,LF
1002268648,Line 2,Ana Ramirez,2026-05-13,2025,SWCO,TRADITION,TVW099010X2,1934.5,0.25,5.5,0.83,1321,613.5,0.317136210907211,240.181818181818,200.759878419453,351.727272727273,293.996960486322,Week,20,2026,2026 - Week 20,
2400007922,Colorsorter Line 2,Ana Ramirez,2026-05-14,2025,SWBS,R681 T,CCW25T9003X1W,452,0.17,2,0.5,396,56,0.123893805309735,198,148.314606741573,226,169.288389513109,Week,20,2026,2026 - Week 20,
2400007923,Colorsorter Line 2,Ana Ramirez,2026-05-14,2025,SWBS,AC111Y T,CUW25T9023K,105,0.17,1,0.25,87.5,17.5,0.166666666666667,87.5,61.6197183098592,105,73.943661971831,Week,20,2026,2026 - Week 20,
2400007921,Gravity,Luisa Salas,2026-05-18,2024,SWCO,SWEET G 90,WAC088584,31140,0.83,24,0.33,29657,1483,0.0476236351958895,1235.70833333333,1178.73608903021,1297.5,1237.67885532591,Week,21,2026,2026 - Week 21,LR
1002270166,Line 2,Ana Ramirez,2026-05-19,2026CL,SWBS,R29153 T,CTW26U1062,1939,0.33,11,1.5,1392.5,546.5,0.281846312532233,126.590909090909,108.534684333593,176.272727272727,151.130163678878,Week,21,2026,2026 - Week 21,
300101431,Colorsorter Line 2,Ana Ramirez,2026-05-21,2025,SWCO,GH6055,ORC099032X1,669,0.17,3,0.5,566,103,0.153961136023916,188.666666666667,154.223433242507,223,182.288828337875,Week,21,2026,2026 - Week 21,
2400007926,Colorsorter Line 2,Ana Ramirez,2026-05-22,2025,SWCO,TRADITION,TVW099010X2,181,0.17,1,0.5,119.5,61.5,0.339779005524862,119.5,71.5568862275449,181,108.383233532934,Week,21,2026,2026 - Week 21,
2400007903,Gravity,Luisa Salas,2026-05-26,2024,SWCO,SWEET G 90,WAC088584,41915,0.83,34,0.5,40774,1141,0.0272217583204104,1199.23529411765,1154.09000849137,1232.79411764706,1186.3855080668,Week,22,2026,2026 - Week 22,LF
2400007925,Line 2,Ana Ramirez,2026-05-27,2023,SWCO,WSS7620,WAW077056,2664,0.25,10,0.5,2420,244,0.0915915915915916,242,225.116279069767,266.4,247.813953488372,Week,22,2026,2026 - Week 22,MR
300101588,Colorsorter Line 2,Belen Diaz,2026-05-22,2025,SWBS,R00153,TVW25T9514X1,231,0.17,1.5,0.5,192,39,0.168831168831169,128,88.4792626728111,154,106.451612903226,Week,21,2026,2026 - Week 21,M
2400007994,Colorsorter Line 2,Belen Diaz,2026-05-22,2025,SWCO,TRADITION,TVW099010X2,130,0.17,1,0.17,67,63,0.484615384615385,67,50,130,97.0149253731343,Week,21,2026,2026 - Week 21,
2400007884,Handpick,Belen Diaz,2026-06-02,2024,SWBS,AC206Y S,TVW24S8605,31.58,0.17,11.5,0.17,16.52,15.06,0.476884103863205,1.43652173913043,1.39527027027027,2.74608695652174,2.66722972972973,Week,23,2026,2026 - Week 23,UN
2400007924,Gravity,Luisa Salas,2026-06-02,2024,SWCO,GSS3951,WAW088534X1,33309.5,0.83,40,0.5,32069.5,1240,0.0372266170311773,801.7375,775.937575610936,832.7375,805.9399951609,Week,23,2026,2026 - Week 23,MFH
2400007891,Colorsorter Line 2,Ana Ramirez,2026-06-02,2024,SWCO,8909MRW,TVW088505X2-LF,3184,0.25,11,0.25,3034,150,0.0471105527638191,275.818181818182,263.826086956522,289.454545454545,276.869565217391,Week,23,2026,2026 - Week 23,
2400007779,Gravity,Luisa Salas,2026-06-05,2021,SWCO,SS3006,CBW055116X2,5509.5,0.33,8,0.5,5309.5,200,0.0363009347490698,663.6875,601.302378255946,688.6875,623.952434881087,Week,23,2026,2026 - Week 23,LR
2400007892,Line 2 Gravity,Ana Ramirez,2026-06-05,2024,SWCO,8909MRW,TVW088505X2,8416,0.25,20,0.5,7770,646,0.0767585551330799,388.5,374.457831325301,420.8,405.590361445783,Week,23,2026,2026 - Week 23,
2400007995,Colorsorter Line 2,Ana Ramirez,2026-06-05,2025,SWBS,R00153 T,TVW25T9514X1,192,0.17,4,0.5,163,29,0.151041666666667,40.75,34.9036402569593,48,41.1134903640257,Week,23,2026,2026 - Week 23,
300101736,Colorsorter Line 2,Rey Hernandez,2026-06-08,2025,SWCO,TRADITION,TVW099010X2,270,0.17,2,0.5,244.5,25.5,0.0944444444444444,122.25,91.5730337078652,135,101.123595505618,Week,24,2026,2026 - Week 24,
2400007817,Line 2 Gravity,Ana Ramirez,2026-06-09,2025,SWBS,R584A T,WAW25T9547X1,156,0.17,1,0.5,132,24,0.153846153846154,132,79.0419161676647,156,93.4131736526946,Week,24,2026,2026 - Week 24,
2400008000,Line 2 Gravity,Ana Ramirez,2026-06-09,2025,SWBS,A1111Y T,CUW25T9023K,66,0.17,0.5,0.5,52.5,13.5,0.204545454545455,105,44.8717948717949,132,56.4102564102564,Week,24,2026,2026 - Week 24,
2400007894,Line 2 Gravity,Ana Ramirez,2026-06-10,2024,SWCO,LUNA,TVW088561X2,680,0.17,2.5,0.5,623,57,0.0838235294117647,249.2,196.529968454259,272,214.511041009464,Week,24,2026,2026 - Week 24,
2400008005,Line 2 Gravity,Ana Ramirez,2026-06-10,2024,SWBS,R410G T,TVC24T8639X1,556,0.17,1.5,0.5,519,37,0.0665467625899281,346,239.170506912442,370.666666666667,256.221198156682,Week,24,2026,2026 - Week 24,
2400007814,Line 2 Gravity,Ana Ramirez,2026-06-10,2023,SWBS,R00447A,TVW23T7536X1W,74.5,0.17,1,0.5,58,16.5,0.221476510067114,58,34.7305389221557,74.5,44.6107784431138,Week,24,2026,2026 - Week 24,
2400007811,Line 2 Gravity,Ana Ramirez,2026-06-11,2023,SWBS,G4075 T,WAW23T7528X1-LF,51,0.17,1,0.5,45,6,0.117647058823529,45,26.9461077844311,51,30.5389221556886,Week,24,2026,2026 - Week 24,
300101762,Line 1 Gravity,Luisa Salas,2026-07-06,2025,SWCO,GH6055,ORC099032X1,8551.5,0.25,14..5,0.5,7673.5,878,0.102672045839911,#INVALID OPERATION,#INVALID OPERATION,#INVALID OPERATION,#INVALID OPERATION,Week,28,2026,2026 - Week 28,
2400007698,Line 1 Gravity,Luisa Salas,2026-07-06,2024,SWCO,LUNA,TVW088561X2,679,0.25,1.5,0.33,648.5,30.5,0.044918998527246,432.333333333333,311.778846153846,452.666666666667,326.442307692308,Week,28,2026,2026 - Week 28,
2400007697,Line 1 Gravity,Luisa Salas,2026-07-06,2024,SWCO,LUNA,TVW088561X2,527.5,0.25,1,0.33,506.5,21,0.0398104265402844,506.5,320.569620253165,527.5,333.860759493671,Week,28,2026,2026 - Week 28,
300101924,Line 1 Gravity,Luisa Salas,2026-07-07,2025,SWCO,GSS2271,TVW099047X2,168.5,0.17,1,0.5,153.5,15,0.0890207715133531,153.5,91.9161676646707,168.5,100.898203592814,Week,28,2026,2026 - Week 28,
2400008100,Handpick,Belen Diaz,2026-07-08,2022,SWBS,AC228W S,TVW22S6552X1,136.468,0.25,8,0.17,126.5,9.96799999999999,0.0730427646041562,15.8125,15.0237529691211,17.0585,16.2076009501188,Week,28,2026,2026 - Week 28,
2400007889,Line 1 Gravity,Belen Diaz,2026-07-09,2024,SWCO,GSS1170-R,WAW088528X2,5637,0.25,12,0.5,5451,186,0.0329962746141565,454.25,427.529411764706,469.75,442.117647058824,Week,28,2026,2026 - Week 28,
300101738,Line 1 Gravity,Belen Diaz,2026-07-10,2025,SWCO,TRADITION,TVW099010X2,740,0.25,2,0.5,706.5,33.5,0.0452702702702703,353.25,256.909090909091,370,269.090909090909,Week,28,2026,2026 - Week 28,
2400007777,Line 1 Gravity,Belen Diaz,2026-07-09,2024,SWCO,HONEY SELECT,WAT088576,2810,0.25,3.5,0.5,2531.5,278.5,0.0991103202846975,723.285714285714,595.647058823529,802.857142857143,661.176470588235,Week,28,2026,2026 - Week 28,
2400008009,Line 1 Gravity,Belen Diaz,2026-07-14,2025,SWCO,BSS1075-R,WAW099005X2J,6259,0.25,10,0.5,5719,540,0.086275762901422,571.9,532,625.9,582.232558139535,Week,29,2026,2026 - Week 29,
2400008120,Line 1 Gravity,Belen Diaz,2026-07-14,2023,SWCO,GOLDEN QUEEN,INC077132,9950,0.25,13.5,0.5,9676,274,0.0275376884422111,716.740740740741,679.017543859649,737.037037037037,698.245614035088,Week,29,2026,2026 - Week 29,
2400007885,Line 1 Gravity,Luisa Salas,2026-07-16,2025,SWBS,AC144Y,TVW25T9503,388,0.17,1,0.5,328,60,0.154639175257732,328,196.407185628743,388,232.335329341317,Week,29,2026,2026 - Week 29,
2400007818,Line 1 Gravity,Luisa Salas,2026-07-16,2024,SWBS,R00638,TVW24T8623X1W,91,0.17,1,0.5,69.5,21.5,0.236263736263736,69.5,41.6167664670659,91,54.4910179640719,Week,29,2026,2026 - Week 29,
2400007888,Line 1 Gravity,Belen Diaz,2026-07-16,2024,SWCO,GLACIAL,WAW088526X2,577,0.17,1.5,0.5,540.5,36.5,0.0632582322357019,360.333333333333,249.078341013825,384.666666666667,265.898617511521,Week,29,2026,2026 - Week 29,
2400007890,Colorsorter Line 2,Belen Diaz,2026-07-17,2024,SWCO,SS7078Y,WAW088583X2,2327,0.17,3.5,0.5,2219,108,0.0464116888697894,634,532.134292565947,664.857142857143,558.033573141487,Week,29,2026,2026 - Week 29,
2400007887,Line 1 Gravity,Belen Diaz,2026-07-20,2024,SWBS,R20015 S,TVW24S8634X1,172.5,0.25,1,0.5,156.5,16,0.0927536231884058,156.5,89.4285714285714,172.5,98.5714285714286,Week,30,2026,2026 - Week 30,
300102030,Handpick,Belen Diaz,2026-07-20,2025,SWBS,R00153 T,TVW25T9514X1,79.14,0.8,6.5,0.17,73.5,5.64,0.0712661106899166,11.3076923076923,9.83935742971888,12.1753846153846,10.5943775100402,Week,30,2026,2026 - Week 30,
2400007816,Line 1 Gravity,Belen Diaz,2026-07-21,2019,SWBS,R584A T,TVW19T3026X1,234,0.25,0.5,0.5,210,24,0.102564102564103,420,168,468,187.2,Week,30,2026,2026 - Week 30,
2400007893,Line 1 Gravity,Belen Diaz,2026-07-20,2024,SWBS,R22153 T,TVW24T8636X1,357.5,0.25,1,0.5,326,31.5,0.0881118881118881,326,186.285714285714,357.5,204.285714285714,Week,30,2026,2026 - Week 30,
2400008015,Line 1 Gravity,Belen Diaz,2026-07-21,2025,SWBS,R00660DM-SMS T,TVW24T8624,308,0.25,1,0.5,279,29,0.0941558441558442,279,159.428571428571,308,176,Week,30,2026,2026 - Week 30,
2400008006,Line 1 Gravity,Belen Diaz,2026-07-20,2024,SWBS,R10008 T,TVW24T8626X1,205.5,0.25,1,0.5,189.5,16,0.0778588807785888,189.5,108.285714285714,205.5,117.428571428571,Week,30,2026,2026 - Week 30,
2400007819,Line 1 Gravity,Belen Diaz,2026-07-21,2024,SWBS,R00610 T,TVW24T8621X1,140.5,0.25,1,0.5,121,19.5,0.138790035587189,121,69.1428571428571,140.5,80.2857142857143,Week,30,2026,2026 - Week 30,
2400008016,Line 1 Gravity,Belen Diaz,2026-07-21,2024,SWBS,R00660DM-SM T,TVW24T8624,282.5,0.25,0.5,0.5,262,20.5,0.0725663716814159,524,209.6,565,226,Week,30,2026,2026 - Week 30,
2400007883,Line 2 Gravity,Belen Diaz,2026-07-17,2025,SWBS,W0767 S,TVC25S9554,348.5,0.08,1.5,0.5,312.5,36,0.103299856527977,208.333333333333,150.240384615385,232.333333333333,167.548076923077,Week,29,2026,2026 - Week 29,
2400007886,Line 1 Gravity,Belen Diaz,2026-07-20,2025,SWBS,G01110 T,TVW25T9512X1,249,0.25,1,0.5,225.5,23.5,0.0943775100401606,225.5,128.857142857143,249,142.285714285714,Week,30,2026,2026 - Week 30,
300102086,Handpick,Belen Diaz,2026-07-17,2024,SWBS,R00638 T,TVW24T8623X1,268.5,0.25,23,0.17,250,18.5,0.068901303538175,10.8695652173913,10.6746370623399,11.6739130434783,11.464560204953,Week,29,2026,2026 - Week 29,
2400008001,Line 2 Gravity,Belen Diaz,2026-07-21,2025,SWBS,AC157Y T,TVW25T9505,454.5,0.17,2,0.5,388.5,66,0.145214521452145,194.25,145.505617977528,227.25,170.224719101124,Week,30,2026,2026 - Week 30,
2400007812,Line 2 Gravity,Belen Diaz,2026-07-21,2025,SWBS,R594A T,TVW25T9550X1,237.5,0.17,1,0.5,217,20.5,0.0863157894736842,217,129.940119760479,237.5,142.215568862275,Week,30,2026,2026 - Week 30,
2400007813,Line 1 Gravity,Belen Diaz,2026-07-21,2024,SWBS,R398P T,TVC24T8638X1,353.5,0.17,1,0.5,319.5,34,0.0961810466760962,319.5,191.317365269461,353.5,211.676646706587,Week,30,2026,2026 - Week 30,
2400008017,Line 2 Gravity,Belen Diaz,2025-07-21,2024,SWBS,G3003 T,TVC24T8613X1,382.5,0.17,1.25,0.5,347.5,35,0.0915032679738562,278,180.989583333333,306,199.21875,Week,30,2025,2025 - Week 30,
2400008014,Line 2 Gravity,Belen Diaz,2026-07-21,2024,SWBS,R00660DM-SMS S,TVW24S8659X1,296.5,0.25,1,0.5,252.5,44,0.148397976391231,252.5,144.285714285714,296.5,169.428571428571,Week,30,2026,2026 - Week 30,
2400008013,Line 1 Gravity,Belen Diaz,2026-07-21,2024,SWBS,G0012 T,TVC24T8610X1,334.5,0.25,1,0.5,303,31.5,0.0941704035874439,303,173.142857142857,334.5,191.142857142857,Week,30,2026,2026 - Week 30,
2400008003,Line 1 Gravity,Belen Diaz,2026-07-22,2023,SWBS,AC230W T,TVW23T7511,188,0.25,1,0.5,160.5,27.5,0.146276595744681,160.5,91.7142857142857,188,107.428571428571,Week,30,2026,2026 - Week 30,
2400008021,Handpick,Belen Diaz,2026-07-17,2024,SWBS,AC144Y S,TVW24S8602,9.68,0.08,6,0.17,9.45,0.23,0.0237603305785124,1.575,1.512,1.61333333333333,1.5488,Week,29,2026,2026 - Week 29,
2400008018,Line 1 Gravity,Belen Diaz,2026-07-22,2024,SWBS,R31001-CMS S,TVC24S8649X1,75.5,0.25,0.5,0.5,58.5,17,0.225165562913907,117,46.8,151,60.4,Week,30,2026,2026 - Week 30,
2400008004,Line 2 Gravity,Belen Diaz,2026-07-21,2025,SWBS,AC247W T,TVW25T9509,343.5,0.17,1,0.5,313,30.5,0.0887918486171761,313,187.425149700599,343.5,205.688622754491,Week,30,2026,2026 - Week 30,
2400008022,Line 1 Gravity,Belen Diaz,2026-07-22,2025,SWBS,R21807 S,TVW25S9531X1,58.5,0.25,0.5,0.5,45,13.5,0.230769230769231,90,36,117,46.8,Week,30,2026,2026 - Week 30,
2400007815,Line 1 Gravity,Belen Diaz,2026-07-22,2025,SWBS,R747 T,TVW25T9551X1,73,0.25,1,0.5,56,17,0.232876712328767,56,32,73,41.7142857142857,Week,30,2026,2026 - Week 30,
2400008081,Handpick,Belen Diaz,2026-07-17,2024,SWBS,AC144Y S,TVW24S8602,19.77,0.08,6,0.17,9.45,10.32,0.522003034901366,1.575,1.512,3.295,3.1632,Week,29,2026,2026 - Week 29,
2400007810,Line 1 Gravity,Belen Diaz,2026-07-22,2017,SWBS,W1471D T,TVW17T1332X1,50.5,0.25,5,0.5,35,15.5,0.306930693069307,7,6.08695652173913,10.1,8.78260869565217,Week,30,2026,2026 - Week 30,
2400008020,Line 2 Gravity,Belen Diaz,2026-07-22,2025,SWBS,R10785 S,TVW25S9523X1,55.5,0.17,0.75,0.5,43.5,12,0.216216216216216,58,30.6338028169014,74,39.0845070422535,Week,30,2026,2026 - Week 30,
2400008021,Line 1 Gravity,Belen Diaz,2026-07-22,2025,SWBS,R15468 S,TVW25S9528X1,72,0.17,0.75,0.5,61,11,0.152777777777778,81.3333333333333,42.9577464788732,96,50.7042253521127,Week,30,2026,2026 - Week 30,
2400008007,Line 2 Gravity,Belen Diaz,2026-07-22,2024,SWBS,R20005 S,TVW24S8631X1,61,0.17,0.42,0.5,51,10,0.163934426229508,121.428571428571,46.7889908256881,145.238095238095,55.9633027522936,Week,30,2026,2026 - Week 30,
2400008002,Line 2 Gravity,Belen Diaz,2026-07-22,2024,SWBS,AC157Y T,TVW24T8604,77,0.17,0.5,0.5,63.5,13.5,0.175324675324675,127,54.2735042735043,154,65.8119658119658,Week,30,2026,2026 - Week 30,
300102032,Handpick,Belen Diaz,2026-07-22,2021,SWBS,R20264 T,TVW21T5043X1,37.5,0.08,3.5,0.17,32,5.5,0.146666666666667,9.14285714285714,8.53333333333333,10.7142857142857,10,Week,30,2026,2026 - Week 30,
300102031,Handpick,Belen Diaz,2026-07-22,2024,SWBS,R10016 T,TVW24T8627X1,8.22,0.08,2,0.17,7.99,0.23,0.0279805352798054,3.995,3.55111111111111,4.11,3.65333333333333,Week,30,2026,2026 - Week 30,
300102033,Handpick,Belen Diaz,2026-07-23,2025,SWBS,R00153 T,TVW25T9515X1K,32.678,0.08,3.5,0.17,29,3.678,0.112552787808311,8.28571428571429,7.73333333333333,9.33657142857143,8.71413333333333,Week,30,2026,2026 - Week 30,
1002267914,Line 2,Belen Diaz,2026-07-23,2026,PEBS,OCONOR S,TVP26S1405,7330,0.33,10.33,2,5334,1996,0.272305593451569,516.360116166505,421.32701421801,709.583736689255,578.988941548183,Week,30,2026,2026 - Week 30,
1002267634,Line 2,Belen Diaz,2026-07-24,2026,PEPB,DGL0114,TVP26S1414,1980,0.25,4.33,0.5,1781.5,198.5,0.100252525252525,411.431870669746,350.688976377953,457.274826789838,389.763779527559,Week,30,2026,2026 - Week 30,
1002267913,Line 2,Belen Diaz,2026-07-27,2026,PEBS,NORVERT S,TVP26S1404,4938,0.5,4.5,0.5,4009.5,928.5,0.188031591737546,891,729,1097.33333333333,897.818181818182,Week,31,2026,2026 - Week 31,
300102183,Handpick,Belen Diaz,2026-07-27,2025,SWBS,AC111Y T,CUW25T9023K,95,0.08,11.5,0.17,87,8,0.0842105263157895,7.56521739130435,7.40425531914894,8.26086956521739,8.08510638297872,Week,31,2026,2026 - Week 31,
1002267636,Line 2,Maria Alvarez,2026-07-27,2026,PEPB,DGL0115,TVP26P1416,1600,0.5,6.5,2.5,1140.5,459.5,0.2871875,175.461538461538,120.052631578947,246.153846153846,168.421052631579,Week,31,2026,2026 - Week 31,
1002267917,Line 2,Belen Diaz,2026-07-28,2026,PEBS,VIVADO S,TVP26S1412,4750,0.5,8,2,3771.5,978.5,0.206,471.4375,359.190476190476,593.75,452.380952380952,Week,31,2026,2026 - Week 31,
1002267635,Line 2,Belen Diaz,2026-07-28,2026,PEPB,DGL0116,TVP26P1415,790,0.58,3.1,2.5,394,396,0.50126582278481,127.096774193548,63.7540453074434,254.838709677419,127.831715210356,Week,31,2026,2026 - Week 31,
300102205,Line 1 Gravity,Belen Diaz,2026-07-28,2024,SWCO,LUNA,TVW088561X2,198,0.17,0.75,0.5,173,25,0.126262626262626,230.666666666667,121.830985915493,264,139.43661971831,Week,31,2026,2026 - Week 31,
300102184,Handpick,Belen Diaz,2026-07-28,2020,SWBS,AC250Y U,TVW20U4004X1,35,0.08,2,0.17,29.54,5.46,0.156,14.77,13.1288888888889,17.5,15.5555555555556,Week,31,2026,2026 - Week 31,
300102185,Handpick,Belen Diaz,2026-07-28,2024,SWBS,R10016 T,TVW24T8627X1,25,0.08,2,0.17,18.075,6.925,0.277,9.0375,8.03333333333333,12.5,11.1111111111111,Week,31,2026,2026 - Week 31,
1002267912,Line 2,Ana Ramirez,2026-07-29,2026,PEBS,NOROIT,TVP26S1403,11070,0.5,13.5,3,8190.5,2879.5,0.260117434507678,606.703703703704,481.794117647059,820,651.176470588235,Week,31,2026,2026 - Week 31,
300102015,Handpick,Yurima Haro,2026-07-30,2021,SWBS,R605 S,TVW21S5007X1,35,0.25,4,0.17,28.59,6.41,0.183142857142857,7.1475,6.4683257918552,8.75,7.9185520361991,Week,31,2026,2026 - Week 31,F
1002268717,Line 2,Jose Scott,2026-07-30,2026,PEBS,DGL0056,TVP26P1388,550,0.17,6,0.92,444.5,105.5,0.191818181818182,74.0833333333333,62.6939351198872,91.6666666666667,77.574047954866,Week,31,2026,2026 - Week 31,
300102014,Handpick,Yurima Haro,2026-07-30,2025,SWBS,R10233 T,TVW25T9520X1,75,0.25,5.5,0.17,67.5,7.5,0.1,12.2727272727273,11.402027027027,13.6363636363636,12.6689189189189,Week,31,2026,2026 - Week 31,L
300102140,Handpick,Yurima Haro,2026-07-31,2024,SWBS,R20005S,TVW24S8631X1,65,0.25,6,0.17,59,6,0.0923076923076923,9.83333333333333,9.19003115264798,10.8333333333333,10.1246105919003,Week,31,2026,2026 - Week 31,LR
1002266118,Line 1,Rey Hernandez,2026-08-01,2026,PECO,SL3123,ORS101253,15400,1.17,36,0.5,9561,5839,0.379155844155844,265.583333333333,253.80939739846,427.777777777778,408.81337934696,Week,31,2026,2026 - Week 31,
1002267911,Line 2,Belen Diaz,2026-07-31,2026,PEBS,KUDO S,TVP26S1401,2300,0.25,3,3,1959,341,0.148260869565217,653,313.44,766.666666666667,368,Week,31,2026,2026 - Week 31,
1002267909,Line 2,Belen Diaz,2026-07-31,2026,PEBS,IDALGO S,TVP26S1396,17580,0.58,24,3,13907.5,3672.5,0.208902161547213,579.479166666667,504.260333575054,732.5,637.418419144308,Week,31,2026,2026 - Week 31,
1002268718,Line 2,Ana Ramirez,2026-08-02,2026,PEPB,GLORIVERT,TVP26P1393,1460,0.25,2.5,3,1150,310,0.212328767123288,460,200,584,253.913043478261,Week,31,2026,2026 - Week 31,
1002268716,Line 2,Ana Ramirez,2026-08-02,2026,PEPB,BINGO,TVP26P1381,2040,0.25,4,2.5,1590,450,0.220588235294118,397.5,235.555555555556,510,302.222222222222,Week,31,2026,2026 - Week 31,
1002267855,Line 2,Ana Ramirez,2026-08-02,2026,PEPS,DGF0104,TVP26S1386T,8810,0.33,14.5,3,6984,1826,0.207264472190692,481.655172413793,391.699383062255,607.586206896552,494.111048794167,Week,31,2026,2026 - Week 31,
2400008010,Line 1 Gravity,Belen Diaz,2026-08-02,2025,SWCO,BSS107-R,WAW099007X2J,5950.5,0.58,12,0.5,5507.5,443,0.0744475254180321,458.958333333333,421.062691131498,495.875,454.93119266055,Week,31,2026,2026 - Week 31,
300102224,Handpick,Yurima Haro,2026-08-03,2024,SWBS,G9089S,TVW24S8614X1P,45,0.25,2.5,0.17,38.695,6.305,0.140111111111111,15.478,13.2517123287671,18,15.4109589041096,Week,32,2026,2026 - Week 32,F
1002266113,Line 1,Yurima Haro,2026-08-04,2026,PECO,SL3123,TVS101252,40400,1,51,0.67,29406.5,10993.5,0.272116336633663,576.598039215686,558.315929371559,792.156862745098,767.040060755648,Week,32,2026,2026 - Week 32,
1002267626,Line 2,Rey Hernandez,2026-08-04,2026,PECO,CONTIGO,TVP10T1382,5280,0.25,8,2.5,4571,709,0.134280303030303,571.375,425.209302325581,660,491.162790697674,Week,32,2026,2026 - Week 32,
300102223,Handpick,Yurima Haro,2026-08-04,2025,SWBS,R11649 T,TVW25T9524X1,25,0.25,3,0.17,18.955,6.045,0.2418,6.31833333333333,5.54239766081871,8.33333333333333,7.30994152046784,Week,32,2026,2026 - Week 32,MR
1002267627,Line 2,Maria Alvarez,2026-08-04,2026,PECO,DGL0099,TVP10T1390T,7200,0.58,9,2,5797,1403,0.194861111111111,644.111111111111,500.604490500864,800,621.761658031088,Week,32,2026,2026 - Week 32,
1002267633,Line 2,Jose Scott,2026-08-04,2026,PEPB,DGL0117,TVP26P1413,1710,0.58,2,2,1180.5,529.5,0.309649122807018,590.25,257.751091703057,855,373.362445414847,Week,32,2026,2026 - Week 32,
2400007904,Line 1 Gravity,Belen Diaz,2026-08-04,2025,SWCO,GSS1453-R,WAW099041X1,12415.452,0.5,16,0.5,12203,212.451999999999,0.0171119021683624,762.6875,717.823529411765,775.96575,730.320705882353,Week,32,2026,2026 - Week 32,
1002278807,Line 2,Belen Diaz,2026-08-04,2026CL,SWCO,BSS23648-R,CCW101034X2,1478,0.33,4.5,2.5,1233.5,244.5,0.165426251691475,274.111111111111,168.281036834925,328.444444444444,201.637107776262,Week,32,2026,2026 - Week 32,
300102187,Handpick,Yurima Haro,2026-08-05,2023,SWBS,AC199YST S,TVW23S7507,25,0.25,5,0.17,16.59,8.41,0.3364,3.318,3.06088560885609,5,4.61254612546126,Week,32,2026,2026 - Week 32,LF
300102193,Handpick,Yurima Haro,2026-08-05,2022,SWBS,G0024 T,TVW22T6538X1,55,0.08,2,0.17,48.635,6.365,0.115727272727273,24.3175,21.6155555555556,27.5,24.4444444444444,Week,32,2026,2026 - Week 32,R
300102189,Handpick,Yurima Haro,2026-08-05,2025,SWBS,AC092YIMP,TVW25S9501,65,0.08,4,0.17,56.855,8.145,0.125307692307692,14.21375,13.3776470588235,16.25,15.2941176470588,Week,32,2026,2026 - Week 32,MR
1002266120,Line 2,Maria Alvarez,2026-08-05,2026,PECO,SL3123,ORS101282,15020,0.5,17,0.5,10836,4184,0.278561917443409,637.411764705882,602,883.529411764706,834.444444444445,Week,32,2026,2026 - Week 32,
1002266124,Line 2,Rey Hernandez,2026-08-06,2026,PECO,SL3123,ORS101287,13540,0.42,105,0.42,10441.5,3098.5,0.22884047267356,99.4428571428571,98.6536281179138,128.952380952381,127.928949357521,Week,32,2026,2026 - Week 32,
1002266125,Line 2,Rey Hernandez,2026-08-07,2026,PECO,SL3123,ORS101288,23790,0.25,21,0.25,18197,5593,0.23509878100042,866.52380952381,846.372093023256,1132.85714285714,1106.51162790698,Week,32,2026,2026 - Week 32,
300102190,Handpick,Yurima Haro,2026-08-07,2021,SWBS,AC096Y T,TVW21T5036X1,65,0.08,8,0.17,59.145,5.855,0.0900769230769231,7.393125,7.16909090909091,8.125,7.87878787878788,Week,32,2026,2026 - Week 32,LF
1002266112,Line 2,Belen Diaz,2026-08-09,2026,PECO,SL3123,TVS26T1251,18270,1.5,20,0.5,12998.5,5271.5,0.288533114395183,649.925,590.840909090909,913.5,830.454545454546,Week,32,2026,2026 - Week 32,
1002266111,Line 2,Rey Hernandez,2026-08-08,2026,PECO,SL3123,TVS26T1250,20030,0.2,19.2,0.2,14270.5,5759.5,0.28754368447329,743.255208333333,728.086734693878,1043.22916666667,1021.9387755102,Week,32,2026,2026 - Week 32,
2400008182,Line 1 Gravity,Belen Diaz,2026-08-08,2026,SWCO,PROTECTOR-R,ARP101072H,1323,0.05,2.5,0.25,1247,76,0.0574452003023432,498.8,445.357142857143,529.2,472.5,Week,32,2026,2026 - Week 32,
1002266121,Line 1,Rey Hernandez,2026-08-10,2026,PECO,SL3123,ORS101283,81540,1.5,34,0.67,61958.5,19581.5,0.240145940642629,1822.30882352941,1712.98037047277,2398.23529411765,2254.35443737904,Week,33,2026,2026 - Week 33,
2400008113,Line 1 Gravity,Belen Diaz,2026-08-10,2026,SWCO,PROTECTOR-R,ARP101072H,645,0.08,1.5,0.5,490,155,0.24031007751938,326.666666666667,235.576923076923,430,310.096153846154,Week,33,2026,2026 - Week 33,
300102191,Handpick,Yurima Haro,2026-08-11,2023,SWBS,AC128Y T,WAW23T7500,65,0.08,7,0.17,58.265,6.735,0.103615384615385,8.32357142857143,8.03655172413793,9.28571428571429,8.96551724137931,Week,33,2026,2026 - Week 33,MR
300102192,Handpick,Yurima Haro,2026-08-11,2023,SWBS,AC208W T,TVW23T7508,185,0.08,13,0.17,175,10,0.0540540540540541,13.4615384615385,13.2075471698113,14.2307692307692,13.9622641509434,Week,33,2026,2026 - Week 33,L
1002266122,Line 1,Maria Alvarez,2026-08-11,2026,PECO,SL3123,WAS101285,40700,1,21,0.5,31588,9112,0.223882063882064,1504.19047619048,1403.91111111111,1938.09523809524,1808.88888888889,Week,33,2026,2026 - Week 33,
1002266123,Line 1,Mario Martinez,2026-08-12,2026,PECO,SL3123,WAS101286,12660,1,10,0.5,10108,2552,0.201579778830964,1010.8,878.95652173913,1266,1100.86956521739,Week,33,2026,2026 - Week 33,
1002266119,Line 2,Rey Hernandez,2026-08-12,2026,PECO,SL3123,ORS101281,37430,0.33,44,0.33,25597.5,11832.5,0.31612343040342,581.761363636364,573.163905060457,850.681818181818,838.110165696373,Week,33,2026,2026 - Week 33,
2400008114,Line 1 Gravity,Maria Alvarez,2026-08-12,2026,SWCO,PROTECTOR-R,ARP101072H,1247,0.17,3,0.5,1078.5,168.5,0.135124298315958,359.5,293.869209809264,415.666666666667,339.782016348774,Week,33,2026,2026 - Week 33,
1002267614,Line 1,Maria Alvarez,2026-08-12,2026,PECO,SL3123,TVS10T1355,24670,0.92,17.45,0.25,21276,3394,0.137576003242805,1219.25501432665,1142.64232008593,1413.75358166189,1324.91944146079,Week,33,2026,2026 - Week 33,
1002267616,Line 1,Mario Martinez,2026-08-12,2026,PECO,SL3123,TVS10T1356,2060,0.5,1.45,0.5,1460,600,0.29126213592233,1006.89655172414,595.918367346939,1420.68965517241,840.816326530612,Week,33,2026,2026 - Week 33,
1002266346,Line 2,Rey Hernandez,2026-08-13,2026,PECO,SL3123,ORS101289,22620,0.33,25,0.25,17727.5,4892.5,0.216290893015031,709.1,693.021892103206,904.8,884.284597341673,Week,33,2026,2026 - Week 33,
300102195,Handpick,Yurima Haro,2026-08-13,2023,SWBS,R10795 S,TVW23S7553X1,55,0.08,4,0.17,48.5,6.5,0.118181818181818,12.125,11.4117647058824,13.75,12.9411764705882,Week,33,2026,2026 - Week 33,M
300102194,Handpick,Yurima Haro,2026-08-13,2019,SWBS,R10002 S,19-TUSI301X1,35,0.08,2.5,0.17,28.645,6.355,0.181571428571429,11.458,10.4163636363636,14,12.7272727272727,Week,33,2026,2026 - Week 33,F
1002267613,Line 1,Mario Martinez,2026-08-14,2026,PECO,SL3123,TVS10T1354,42600,1.5,28,0.5,34400.5,8199.5,0.192476525821596,1228.58928571429,1146.68333333333,1521.42857142857,1420,Week,33,2026,2026 - Week 33,
1002267082,Line 2,Jose Scott,2026-08-14,2026,PECO,SL3123,TVS10T1351,36510,0.17,29,2,29093.5,7416.5,0.203136127088469,1003.22413793103,933.381456528714,1258.96551724138,1171.31857555342,Week,33,2026,2026 - Week 33,
300102034,Colorsorter Line 2,Maria Alvarez,2026-08-14,2022,SWBS,G4075 T,WAW22T6560X1,355.5,0.08,2.5,0.25,345,10.5,0.029535864978903,138,121.908127208481,142.2,125.618374558304,Week,33,2026,2026 - Week 33,MR
300102035,Colorsorter Line 2,Maria Alvarez,2026-08-14,2023,SWBS,G4075 T,WAW23T7528X1,204.5,0.33,1,0.25,185,19.5,0.0953545232273839,185,117.088607594937,204.5,129.430379746835,Week,33,2026,2026 - Week 33,LR
300102036,Colorsorter Line 2,Maria Alvarez,2026-08-14,2023,SWBS,G4075 T,WAW23T7529X1,255.5,0.17,1,0.25,239.5,16,0.0626223091976517,239.5,168.661971830986,255.5,179.929577464789,Week,33,2026,2026 - Week 33,L
300102037,Colorsorter Line 2,Maria Alvarez,2026-08-14,2023,SWBS,G4075 T,TVW23T7530X1,122,0.17,1,0.25,97.5,24.5,0.200819672131148,97.5,68.6619718309859,122,85.9154929577465,Week,33,2026,2026 - Week 33,L
300102038,Colorsorter Line 2,Ana Ramirez,2026-08-15,2023,SWBS,G4075 T,WAW23T7528X1-MR,496,0.25,1,0.08,476,20,0.0403225806451613,476,357.894736842105,496,372.932330827068,Week,33,2026,2026 - Week 33,
300102039,Colorsorter Line 2,Ana Ramirez,2026-08-15,2023,SWBS,G4075 T,TVW23T7530X1,1235.5,0.33,2,0.08,1211,24.5,0.0198300283286119,605.5,502.489626556017,617.75,512.655601659751,Week,33,2026,2026 - Week 33,
300102040,Colorsorter Line 2,Rey Hernandez,2026-08-15,2022,SWBS,G4075 T,WAW22T6560X1,370.5,0.25,1,0.08,345,25.5,0.0688259109311741,345,259.398496240602,370.5,278.571428571429,Week,33,2026,2026 - Week 33,
1002266117,Line 1,Mario Martinez,2026-08-15,2026,PECO,SL3123,TVS101323,38810,2.5,25,0.5,27987,10823,0.278871424890492,1119.48,999.535714285714,1552.4,1386.07142857143,Week,33,2026,2026 - Week 33,
1002291054,Line 2,Rey Hernandez,2026-08-15,2026,SWBS,G4075 U,NNW25U99038,2521,0.67,9.5,2,1980,541,0.214597381991273,208.421052631579,162.695152013147,265.368421052632,207.148726376335,Week,33,2026,2026 - Week 33,
1002267495,Line 1,Mario Martinez,2026-08-17,2026,PECO,SL3123,TVS10T1352,45800,1.5,63.5,0.5,38473,7327,0.159978165938865,605.874015748032,587.374045801527,721.259842519685,699.236641221374,Week,34,2026,2026 - Week 34,
300102280,Line 1 Gravity,Luisa Salas,2026-08-18,2023,SWBS,G4075 T,WAW23T7528X1,476,0.25,1,0.5,435,41,0.0861344537815126,435,248.571428571429,476,272,Week,34,2026,2026 - Week 34,
1002266892,Line 2,Maria Contreras,2026-08-18,2026,PECO,SUGAR 188,WAS101264,21740,0.5,35,0.08,13639,8101,0.37263109475621,389.685714285714,383.333333333333,621.142857142857,611.017425519955,Week,34,2026,2026 - Week 34,
1002267612,Line 1,Mario Martinez,2026-08-19,2026,PECO,SL3123,TVS10T1353,39480,2,31,0.5,35238.5,4241.5,0.107434143870314,1136.72580645161,1051.89552238806,1273.54838709677,1178.50746268657,Week,34,2026,2026 - Week 34,
1002267619,Line 2,Maria Contreras,2026-08-19,2026,PECO,SUGAR 188,TVS10T1365,17160,0.5,19.5,0.08,11005.5,6154.5,0.358653846153846,564.384615384615,548.082669322709,880,854.581673306773,Week,34,2026,2026 - Week 34,
120000882,Line 1 Gravity,Belen Diaz,2026-08-13,2025,SWTO,TOLLING SWEETCORN,105218275-LR,760.55,0.17,1,0.5,696.5,64.05,0.0842153704555914,696.5,417.065868263473,760.55,455.419161676647,Week,33,2026,2026 - Week 33,
1002267742,Line 2,Maria Contreras,2026-08-19,2026,PEBS,SUGAR 188,TVS26S1364,2971.5,0.17,4.5,0.08,2100.5,871,0.293117953895339,466.777777777778,442.21052631579,660.333333333333,625.578947368421,Week,34,2026,2026 - Week 34,
1002266891,Line 2,Rey Hernandez,2026-08-21,2026,PECO,SUGAR 188,TVS101263,33240,0.33,119,0.92,21065.5,12174.5,0.366260529482551,177.021008403361,175.180873180873,279.327731092437,276.424116424116,Week,34,2026,2026 - Week 34,
1002266348,Line 1,Mario Martinez,2026-08-21,2026,PECO,SL3123,WAS101299,121280,3.5,56.5,0.5,94741,26539,0.218824208443272,1676.83185840708,1565.96694214876,2146.54867256637,2004.62809917355,Week,34,2026,2026 - Week 34,
1002267745,Line 2,Rey Hernandez,2026-08-22,2026,PEBS,DGF0105 S,TVP26S1387T,8410,0.17,11,0.83,6062,2348,0.279191438763377,551.090909090909,505.166666666667,764.545454545455,700.833333333333,Week,34,2026,2026 - Week 34,
1002267910,Line 2,Maria Alvarez,2026-08-22,2026,PEBS,JOF S,TVP26S1399,1460,0.17,4,0.08,1019,441,0.302054794520548,254.75,239.764705882353,365,343.529411764706,Week,34,2026,2026 - Week 34,
1002266115,Line 1,Mario Martinez,2026-08-22,2026,PECO,SL3123,TVS101321,44040,2,21,0.5,33758,10282,0.23346957311535,1607.52380952381,1436.51063829787,2097.14285714286,1874.04255319149,Week,34,2026,2026 - Week 34,
1002268719,Line 2,Jose Scott,2026-08-22,2026,PEPB,JOF,TVP26P1398,1290,0.42,2.5,2,895.5,394.5,0.305813953488372,358.2,182.012195121951,516,262.19512195122,Week,34,2026,2026 - Week 34,
1002267918,Line 2,Rey Hernandez,2026-08-24,2026,PEBS,ZERUCO S,TVP26S1417,3310,0.83,9,0.83,2097.5,1212.5,0.36631419939577,233.055555555556,196.763602251407,367.777777777778,310.506566604128,Week,35,2026,2026 - Week 35,
1002266114,Line 1,Rey Hernandez,2026-08-24,2026,PECO,SL3123,TVS101320,35850,0.92,18,0.42,26067.5,9782.5,0.272873082287308,1448.19444444444,1347.85418821096,1991.66666666667,1853.67114788004,Week,35,2026,2026 - Week 35,
1002267625,Line 2,Rey Hernandez,2026-08-24,2026,PECO,SUGAR SPARK,TVS10T1374,1780,0.17,4,0.08,1195,585,0.328651685393258,298.75,281.176470588235,445,418.823529411765,Week,35,2026,2026 - Week 35,
1002268715,Line 2,Rey Hernandez,2026-08-24,2026,PEPB,SUGAR SPARK,TVS26P1373,1620,0.17,3.5,0.67,1087.5,532.5,0.328703703703704,310.714285714286,250.576036866359,462.857142857143,373.271889400922,Week,35,2026,2026 - Week 35,
1002266116,Line 1,Mario Martinez,2026-08-24,2026,PECO,SL3123,TVS101322,18270,1,8.5,0.5,14757.5,3512.5,0.192255062944718,1736.17647058824,1475.75,2149.41176470588,1827,Week,35,2026,2026 - Week 35,
1002266347,Line 1,Mario Martinez,2026-08-25,2026,PECO,SL3123,ORS101290,6010,0.5,3.5,0.5,4672,1338,0.222628951747088,1334.85714285714,1038.22222222222,1717.14285714286,1335.55555555556,Week,35,2026,2026 - Week 35,
1002267869,Line 1,Luisa Salas,2026-08-25,2026,PEBS,SL3123,TVS26S1350,8750,0.25,6,3,7031,1719,0.196457142857143,1171.83333333333,760.108108108108,1458.33333333333,945.945945945946,Week,35,2026,2026 - Week 35,
1002267908,Line 2,Rey Hernandez,2026-08-25,2026,PEBS,DGL0112 S,TVP26S1392T,9050,0.92,15,0.5,6744.5,2305.5,0.25475138121547,449.633333333333,410.749086479903,603.333333333333,551.15712545676,Week,35,2026,2026 - Week 35,
2400008082,Line 1 Gravity,Belen Diaz,2026-08-25,2024,SWCO,SS7403RY,INW088612X2,428.5,0.08,2,0.5,382,46.5,0.108518086347725,191,148.062015503876,214.25,166.085271317829,Week,35,2026,2026 - Week 35,
2400008072,Line 1 Gravity,Belen Diaz,2026-08-26,2023,SWBS,AC128Y T,WAW23T7500,807.5,0.08,1.5,0.5,633,174.5,0.21609907120743,422,304.326923076923,538.333333333333,388.221153846154,Week,35,2026,2026 - Week 35,
1002266909,Line 1,Mario Martinez,2026-08-27,2026,PECO,SUGAR LAC II,ORS101274,73930,3,53.5,0.5,49992.5,23937.5,0.323786013796835,934.439252336449,877.061403508772,1381.8691588785,1297.01754385965,Week,35,2026,2026 - Week 35,
1002266910,Line 1,Belen Diaz,2026-08-28,2026,PECO,SUGAR LAC II,ORS26V1277,23480,0.67,11,3,18676,4804,0.204599659284497,1697.81818181818,1273.07430129516,2134.54545454545,1600.54533060668,Week,35,2026,2026 - Week 35,
300102188,Handpick,Maria Alvarez,2026-08-28,2023,SWBS,R660D U,TVW23U7585X1,1655,0.25,103,0.17,1625.5,29.5,0.0178247734138973,15.7815533980583,15.717462773158,16.0679611650485,16.0027074066912,Week,35,2026,2026 - Week 35,MR
1002267632,Line 2,Jose Scott,2026-08-29,2026,PECO,SNOW MAX,TVP10V1411,38690,0.83,65.5,2,25491,13199,0.341147583354872,389.175572519084,373.057222303527,590.687022900763,566.222742572809,Week,35,2026,2026 - Week 35,
1002268723,Line 2,Jose Scott,2026-08-29,2026,PEPB,SNOW MAX,TVP26P1410,1600,0.92,5,0.08,946,654,0.40875,189.2,157.666666666667,320,266.666666666667,Week,35,2026,2026 - Week 35,
1002266898,Line 1,Maria Alvarez,2026-08-29,2026,PECO,SUGAR FORCE,TVS101270,37810,0.92,23,3,30972.5,6837.5,0.180838402539011,1346.63043478261,1150.53863298663,1643.91304347826,1404.53194650817,Week,35,2026,2026 - Week 35,
1002268722,Line 2,Rey Hernandez,2026-08-29,2026,PEPB,RUSELAGO,TVP26P1407,820,0.08,3,0.08,549.5,270.5,0.329878048780488,183.166666666667,173.892405063291,273.333333333333,259.493670886076,Week,35,2026,2026 - Week 35,
1002266900,Line 1,Mario Martinez,2026-08-29,2026,PECO,SUGAR FORCE,WAS101291,26350,1,10,0.5,17528.5,8821.5,0.334781783681214,1752.85,1524.21739130435,2635,2291.30434782609,Week,35,2026,2026 - Week 35,
1002267915,Line 2,Rey Hernandez,2026-08-31,2026,PEBS,RUSELAGO S,TVP26S1408,8720,0.25,19.5,0.75,5891,2829,0.324426605504587,302.102564102564,287.365853658537,447.179487179487,425.365853658537,Week,36,2026,2026 - Week 36,
1002266899,Line 1,Maria Alvarez,2026-08-31,2026,PECO,SUGAR FORCE,TVS26V1324,13300,0.5,10.5,0.5,9788,3512,0.26406015037594,932.190476190476,851.130434782609,1266.66666666667,1156.52173913043,Week,36,2026,2026 - Week 36,
2400008083,Line 1 Gravity,Luisa Salas,2026-08-31,2025,SWCO,GSS3951,WAW099054X1,20426,0.92,29,0.5,19326.5,1099.5,0.0538284539312641,666.431034482759,635.322156476003,704.344827586207,671.46614069691,Week,36,2026,2026 - Week 36,
300102285,Handpick,Maria Alvarez,2026-08-31,2023,SWBS,R00660DM U,TVW23U7544X1,35,0.08,2,0.17,27.65,7.35,0.21,13.825,12.2888888888889,17.5,15.5555555555556,Week,36,2026,2026 - Week 36,
1002268720,Line 2,Jose Scott,2026-08-31,2026,PEPB,KUDO,TVP26P1400,1080,0.08,6,0.5,641.5,438.5,0.406018518518519,106.916666666667,97.4924012158055,180,164.133738601824,Week,36,2026,2026 - Week 36,
1002267906,Line 2,Jose Scott,2026-09-01,2026,PEBS,DGL0056 S,TVP26S1389T,2360,0.5,6,2,1621.5,738.5,0.312923728813559,270.25,190.764705882353,393.333333333333,277.647058823529,Week,36,2026,2026 - Week 36,
1002267744,Line 2,Belen Diaz,2026-09-01,2026,PEBS,DGF0093 S,TVP26S1385,3570,0.5,7,0.92,2551.5,1018.5,0.285294117647059,364.5,303.028503562945,510,423.990498812352,Week,36,2026,2026 - Week 36,
1002267907,Line 2,Jose Scott,2026-09-01,2026,PEBS,DGL0107 S,TVP26S1391T,1840,0.5,5,2,1344.5,495.5,0.26929347826087,268.9,179.266666666667,368,245.333333333333,Week,36,2026,2026 - Week 36,
1002268721,Line 2,Jose Scott,2026-09-02,2026,PEPB,NOROIT,TVP26P1402,1830,0.83,5,2,1365.5,464.5,0.253825136612022,273.1,174.393358876118,366,233.716475095785,Week,36,2026,2026 - Week 36,
1002266897,Line 1,Belen Diaz,2026-09-02,2026,PECO,SUGAR FORCE,WAS101269,87360,3.5,63.5,3,54528,32832,0.375824175824176,858.708661417323,778.971428571429,1375.74803149606,1248,Week,36,2026,2026 - Week 36,
1002267631,Line 2,Rey Hernandez,2026-09-02,2026,PECO,RALLFI,TVP10T1406,3620,0.5,5,2,2028,1592,0.439779005524862,405.6,270.4,724,482.666666666667,Week,36,2026,2026 - Week 36,
1002266896,Line 1,Mario Martinez,2026-09-03,2026,PECO,SUGAR FLASH,WAS101295,38830,2,18.5,0.5,27215,11615,0.299124388359516,1471.08108108108,1295.95238095238,2098.91891891892,1849.04761904762,Week,36,2026,2026 - Week 36,
1002267916,Line 2,Jose Scott,2026-09-03,2026,PEBS,SALTINGO S,TVP26S1409,3940,0.67,8,2,3132,808,0.20507614213198,391.5,293.533270852859,492.5,369.259606373008,Week,36,2026,2026 - Week 36,
1002266894,Line 1,Maria Alvarez,2026-09-03,2026,PECO,SUGAR FLASH,WAS101268,19420,0.75,9,0.5,15351.5,4068.5,0.209500514933059,1705.72222222222,1497.70731707317,2157.77777777778,1894.63414634146,Week,36,2026,2026 - Week 36,
1002267919,Line 2,Jose Scott,2026-09-04,2026,PEBS,ZONVERT S,TVP26S1418,15250,0.67,20.5,2,10813,4437,0.290950819672131,527.463414634146,466.681053085887,743.90243902439,658.178679326716,Week,36,2026,2026 - Week 36,
300102202,Line 1 Gravity,Belen Diaz,2026-09-03,2025,SWCO,GSS1477S,WAW099043X1,14535.425,0.5,27,0.5,7149,7386.425,0.508167115856606,264.777777777778,255.321428571429,538.349074074074,519.122321428571,Week,36,2026,2026 - Week 36,
300102221,Handpick,Maria Alvarez,2026-09-04,2024,SWBS,R20264 S,TVW24S8635X1,59.5,0.08,7,0.17,51,8.5,0.142857142857143,7.28571428571429,7.03448275862069,8.5,8.20689655172414,Week,36,2026,2026 - Week 36,U
1002266895,Line 1,Maria Alvarez,2026-09-04,2026,PECO,SUGAR FLASH,WAS101279,10830,0.75,5,0.5,8796.5,2033.5,0.187765466297322,1759.3,1407.44,2166,1732.8,Week,36,2026,2026 - Week 36,
2400008127,Line 1 Gravity,Belen Diaz,2026-09-04,2018,SWBS,R565A T,TVW18T2043X1K,335,0.17,1.5,0.5,244.5,90.5,0.270149253731343,163,112.672811059908,223.333333333333,154.377880184332,Week,36,2026,2026 - Week 36,
1002300326,Line 2,Jose Scott,2026-09-05,2026,BECO,HUNTINGTON,WAG101498W,14000,0.58,17,2,10489.5,3510.5,0.25075,617.029411764706,535.725229826354,823.529411764706,715.015321756895,Week,36,2026,2026 - Week 36,
1002266893,Line 1,Maria Alvarez,2026-09-05,2026,PECO,SUGAR FLASH,TVS101267,64420,0.92,31,2,44216.5,20203.5,0.313621546103695,1426.33870967742,1303.55247641509,2078.06451612903,1899.17452830189,Week,36,2026,2026 - Week 36,
1002267854,Line 2,Jose Scott,2026-09-06,2026,PEBS,SL3227,TVS26S1360,5900,0.75,10,2,4049,1851,0.313728813559322,404.9,317.56862745098,590,462.745098039216,Week,36,2026,2026 - Week 36,
1002266902,Line 1,Mario Martinez,2026-09-06,2026,PECO,SUGAR LAC,ORS101272,29770,2,15,0.5,23229.5,6540.5,0.219701041316762,1548.63333333333,1327.4,1984.66666666667,1701.14285714286,Week,36,2026,2026 - Week 36,
2400008124,Line 1 Gravity,Luisa Salas,2026-09-07,2024CL,SWCO,OVERLAND,24-TUSY1507-X2,3480.5,0.25,5,0.5,3050,430.5,0.1236891251257,610,530.434782608696,696.1,605.304347826087,Week,37,2026,2026 - Week 37,
300102176,Line 1 Gravity,Luisa Salas,2026-09-07,2024,SWCO,LUNA,TVW088561X2,173,0.25,1,0.5,134,39,0.225433526011561,134,76.5714285714286,173,98.8571428571429,Week,37,2026,2026 - Week 37,
1002266901,Line 1,Mario Martinez,2026-09-08,2026,PECO,SUAR LAC,ORS101271,49700,2.5,22,0.5,41323.5,8376.5,0.168541247484909,1878.34090909091,1652.94,2259.09090909091,1988,Week,37,2026,2026 - Week 37,
2400008118,Line 1 Gravity,Luisa Salas,2026-09-08,2024CL,SWCO,OVERLAND,24-TUSY1507-X2,4305,0.25,5.5,0.5,3875,430,0.099883855981417,704.545454545455,620,782.727272727273,688.8,Week,37,2026,2026 - Week 37,
300102336,Handpick,Maria Alvarez,2026-09-08,2023,SWBS,AC128Y T,WAW23T7500,633,0.17,42.5,0.25,612,21,0.033175355450237,14.4,14.2590866728798,14.8941176470588,14.7483690587139,Week,37,2026,2026 - Week 37,MF
2400008117,Line 1 Gravity,Luisa Salas,2026-09-08,2023,SWCO,OVERLAND-R,WAW077111X1,2622,0.17,3.5,0.5,2475,147,0.0560640732265446,707.142857142857,593.525179856115,749.142857142857,628.776978417266,Week,37,2026,2026 - Week 37,
1002267628,Line 2,Jose Scott,2026-09-08,2026,PECO,GRUNDY,TVP10T1394,24010,0.67,51.5,2,17442.5,6567.5,0.273531861724282,338.68932038835,321.995569503415,466.21359223301,443.234262506923,Week,37,2026,2026 - Week 37,
1002267629,Line 2,Jose Scott,2026-09-08,2026,PECO,GRUNDY,TVP10T1395,1140,0.17,2.2,0.17,822,318,0.278947368421053,373.636363636364,323.622047244094,518.181818181818,448.818897637795,Week,37,2026,2026 - Week 37,
1002266903,Line 1,Mario Martinez,2026-09-09,2026,PECO,SUGAR LAC,ORS101273,39960,2,23.5,0.5,29919.5,10040.5,0.251263763763764,1273.17021276596,1150.75,1700.42553191489,1536.92307692308,Week,37,2026,2026 - Week 37,
2400008208,Line 1 Gravity,Luisa Salas,2026-09-08,2026,SWBS,G4075,NNW25U99038,1273,0.25,5.5,0.5,1158,115,0.0903377847604085,210.545454545455,185.28,231.454545454545,203.68,Week,37,2026,2026 - Week 37,
1002266904,Line 1,Mario Martinez,2026-09-10,2026,PECO,SUGAR LAC,ORS101275,36460,2.5,23.5,0.5,28666,7794,0.213768513439386,1219.82978723404,1081.7358490566,1551.48936170213,1375.84905660377,Week,37,2026,2026 - Week 37,
1002267743,Line 1,Rey Hernandez,2026-09-10,2026,PEBS,SUGAR LAC,TVS26S1372,10260,0.75,6,0.5,7836.5,2423.5,0.236208576998051,1306.08333333333,1080.89655172414,1710,1415.1724137931,Week,37,2026,2026 - Week 37,
2400008207,Line 1 Gravity,Belen Diaz,2026-09-10,2026,SWBS,G4075,NNW25U99038,514.5,0.25,1,0.5,470.5,44,0.0855199222546161,470.5,268.857142857143,514.5,294,Week,37,2026,2026 - Week 37,
1002266907,Line 1,Belen Diaz,2026-09-10,2026,PECO,SUGAR LAC,TVS26V1292,14290,0.58,18,0.5,11754,2536,0.177466759972008,653,616.037735849057,793.888888888889,748.95178197065,Week,37,2026,2026 - Week 37,
1002266908,Line 1,Mario Martinez,2026-09-10,2026,PECO,SUGAR LAC,TVS26V1278,14930,1,6,0.5,11815,3115,0.208640321500335,1969.16666666667,1575.33333333333,2488.33333333333,1990.66666666667,Week,37,2026,2026 - Week 37,
1002291142,Line 1,Mario Martinez,2026-09-11,2026,PECO,SUGAR LAC,ORS101276K,10180,0.75,4,0.5,7040.5,3139.5,0.308398821218075,1760.125,1341.04761904762,2545,1939.04761904762,Week,37,2026,2026 - Week 37,
1002266906,Line 1,Mario Martinez,2026-09-11,2026,PECO,SUGAR LAC,ORS101276,9580,0.75,4.3,0.5,7712,1868,0.194989561586639,1793.48837209302,1389.54954954955,2227.90697674419,1726.12612612613,Week,37,2026,2026 - Week 37,
2400008259,Line 1 Gravity,Belen Diaz,2026-09-11,2025,SWCO,GSS3228,TVW099051X2,207,0.25,1,0.5,178.5,28.5,0.13768115942029,178.5,102,207,118.285714285714,Week,37,2026,2026 - Week 37,
2400007941,Line 1 Gravity,Belen Diaz,2026-09-11,2024,SWCO,GSS3951,WAW088597X1,10409.5,0.75,16.5,0.5,9615.5,794,0.0762764782170133,582.757575757576,541.718309859155,630.878787878788,586.450704225352,Week,37,2026,2026 - Week 37,
1002266353,Line 1,Mario Martinez,2026-09-12,2026,PECO,SP704-3-8,TVS26V1257,21430,1.5,12,0.5,15644.5,5785.5,0.269972001866542,1303.70833333333,1117.46428571429,1785.83333333333,1530.71428571429,Week,37,2026,2026 - Week 37,
1002266911,Line 2,Jose Scott,2026-09-13,2026,PECO,FESTIVERT,ORP101351,37710,0.67,86.5,2,29875,7835,0.207769822328295,345.375722543353,335.03420432881,435.953757225434,422.900078501738,Week,37,2026,2026 - Week 37,
1002266890,Line 1,Belen Diaz,2026-09-12,2026,PECO,SP704-3-8,ORS101284,33910,0.5,12,0.5,21778.5,12131.5,0.357755824240637,1814.875,1675.26923076923,2825.83333333333,2608.46153846154,Week,37,2026,2026 - Week 37,
1002266905,Line 1,Belen Diaz,2026-09-11,2026,PECO,SUGAR LAC,ORS26V1294,12740,0.33,6.5,3,10124,2616,0.205337519623234,1557.53846153846,1029.90844354018,1960,1296.03255340794,Week,37,2026,2026 - Week 37,
2400008225,Line 1 Gravity,Luisa Salas,2026-09-14,2026,PECO,SL3123,ORS101290,4672,0.25,3,0.5,4177.5,494.5,0.105843321917808,1392.5,1114,1557.33333333333,1245.86666666667,Week,38,2026,2026 - Week 38,
1002267617,Line 2,Luisa Salas,2026-09-14,2026,PEPB,SL3233,TVS26P1362,3970,0.5,8,0.83,2319,1651,0.415869017632242,289.875,248.553054662379,496.25,425.50911039657,Week,38,2026,2026 - Week 38,
2400008227,Handpick,Maria Alvarez,2026-09-14,2025,BEBS,SERENGETI,TVG25T9544,907.5,0.08,16,0.25,893,14.5,0.0159779614325069,55.8125,54.6846295162278,56.71875,55.5725658297612,Week,38,2026,2026 - Week 38,
1002267871,Line 2,Jose Scott,2026-09-14,2026,PECO,SL3211,TVS10V1358T,1120,0.67,3,0.25,604,516,0.460714285714286,201.333333333333,154.081632653061,373.333333333333,285.714285714286,Week,38,2026,2026 - Week 38,
1002266358,Line 1,Mario Martinez,2026-09-14,2026,PECO,SP704-3-8,ORS101262,43900,2,26.5,0.5,34485.5,9414.5,0.214453302961276,1301.33962264151,1189.15517241379,1656.60377358491,1513.79310344828,Week,38,2026,2026 - Week 38,
1002267870,Line 2,Jose Scott,2026-09-14,2026,PEPB,SL3211,TVS26P1357,840,0.25,1.45,2,457,383,0.455952380952381,315.172413793103,123.513513513514,579.310344827586,227.027027027027,Week,38,2026,2026 - Week 38,
300101741,Handpick,Luisa Salas,2026-09-15,2025,SWCO,TRADITION,TVW099010X2,66,0.08,24.5,0.25,54,12,0.181818181818182,2.20408163265306,2.17478856222312,2.69387755102041,2.65807490938381,Week,38,2026,2026 - Week 38,MF
1002267615,Line 2,Jose Scott,2026-09-15,2026,PECO,SL3123,TVS10T1376,10750,0.5,16.5,2,7874,2876,0.26753488372093,477.212121212121,414.421052631579,651.515151515152,565.789473684211,Week,38,2026,2026 - Week 38,
1002266355,Line 1,Mario Martinez,2026-09-16,2026,PECO,SP704-3-8,ORS101259,37020,2,30,0.5,30987,6033,0.162965964343598,1032.9,953.446153846154,1234,1139.07692307692,Week,38,2026,2026 - Week 38,
1002268714,Line 2,Ana Ramirez,2026-09-16,2026,PEPB,SUGAR FORCE,TVS26P1376,620,0.25,1.5,0.33,466.5,153.5,0.24758064516129,311,224.278846153846,413.333333333333,298.076923076923,Week,38,2026,2026 - Week 38,
2400008209,Line 1 Gravity,Belen Diaz,2026-09-16,2025,SWCO,GSS3951,WAW099054X1J,16208,0.42,18,0.5,15003.5,1204.5,0.0743151530108588,833.527777777778,792.996828752643,900.444444444445,856.659619450317,Week,38,2026,2026 - Week 38,
2400008063,Line 1 Gravity,Belen Diaz,2026-09-16,2024,SWCO,GH4927,WAC088521,5149.5,0.25,4,0.5,4329.5,820,0.159238761044762,1082.375,911.473684210526,1287.375,1084.10526315789,Week,38,2026,2026 - Week 38,
1002266645,Line 1,Mario Martinez,2026-09-16,2026,PECO,SP704-3-8,ORS101300,13500,0.75,6.5,0.5,9965,3535,0.261851851851852,1533.07692307692,1285.8064516129,2076.92307692308,1741.93548387097,Week,38,2026,2026 - Week 38,
1002267624,Line 2,Jose Scott,2026-09-16,2026,PECO,SUGAR FORCE,TVS10V1371,7130,0.5,9.5,0.33,6228,902,0.126507713884993,655.578947368421,602.904162633108,750.526315789474,690.222652468538,Week,38,2026,2026 - Week 38,
1002266354,Line 1,Mario Martinez,2026-09-17,2026,PECO,SP704-3-8,ORS101258,10830,0.67,4.25,0.25,9301,1529,0.14118190212373,2188.47058823529,1799.03288201161,2548.23529411765,2094.77756286267,Week,38,2026,2026 - Week 38,
300101922,Handpick,Luisa Salas,2026-09-17,2025,SWCO,TRADITION,TVW099010X2,119.5,0.08,10.5,0.25,113,6.5,0.0543933054393306,10.7619047619048,10.4339796860572,11.3809523809524,11.0341643582641,Week,38,2026,2026 - Week 38,MR
1002266352,Line 1,Mario Martinez,2026-09-17,2026,PECO,SP704-3-8,TVS101256,24370,1.75,11,0.5,18854,5516,0.226343865408289,1714,1422.94339622642,2215.45454545455,1839.24528301887,Week,38,2026,2026 - Week 38,
1002267623,Line 2,Jose Scott,2026-09-17,2026,PECO,SUGAR FORCE,TVS10V1370,17320,0.5,17,2,12348,4972,0.287066974595843,726.352941176471,633.230769230769,1018.82352941176,888.205128205128,Week,38,2026,2026 - Week 38,
1002267741,Line 2,Ana Ramirez,2026-09-18,2026,PEBS,SL3229,TVS26S1361T,2750,0.33,3.5,2,1993,757,0.275272727272727,569.428571428572,341.852487135506,785.714285714286,471.698113207547,Week,38,2026,2026 - Week 38,
1002266357,Line 1,Maria Alvarez,2026-09-18,2026,PECO,SP704-3-8,ORS101261,22570,0.83,10.5,0.5,19995,2575,0.114089499335401,1904.28571428571,1690.19442096365,2149.52380952381,1907.86136939983,Week,38,2026,2026 - Week 38,
300102448,Handpick,Maria Alvarez,2026-09-18,2026,SWBS,G4075 U,NNW25U99038,189.474,0.17,24.75,0.25,175.5,13.974,0.0737515437474271,7.09090909090909,6.97258641239571,7.65551515151515,7.52777115613826,Week,38,2026,2026 - Week 38,MR
1002267872,Line 2,Rey Hernandez,2026-09-18,2026,PEBS,SL3226 S,TVS26S1359,5760,0.25,5,0.83,4164.5,1595.5,0.276996527777778,832.9,684.950657894737,1152,947.368421052632,Week,38,2026,2026 - Week 38,
1002266888,Line 1,Maria Alvarez,2026-09-18,2026,PECO,SP704-3-8,TVS101298,15060,0.67,6,0.5,11902,3158,0.209694555112882,1983.66666666667,1659.97210599721,2510,2100.41841004184,Week,38,2026,2026 - Week 38,
1002266887,Line 1,Mario Martinez,2026-09-18,2026,PECO,SP704-3-8,TVS101297,17680,1,8.5,0.25,12586,5094,0.288122171945701,1480.70588235294,1290.87179487179,2080,1813.33333333333,Week,38,2026,2026 - Week 38,
1002267618,Line 1,Mario Martinez,2026-09-19,2026,PECO,SP704-3-8,TVS10T1363,3820,0.42,2.5,0.25,2711.5,1108.5,0.290183246073298,1084.6,855.362776025237,1528,1205.04731861199,Week,38,2026,2026 - Week 38,
1002286381,Line 1,Mario Martinez,2026-09-19,2026,PECO,SP704-3-8,TVS10T1363K,1690,0.33,1.5,0.25,1328,362,0.214201183431953,885.333333333333,638.461538461539,1126.66666666667,812.5,Week,38,2026,2026 - Week 38,
2400008092,Line 1 Gravity,Luisa Salas,2026-09-19,2023,PECO,SUPER SUG SN,TVS077041,11609.5,0.25,10.5,0.5,9384,2225.5,0.191696455489039,893.714285714286,834.133333333333,1105.66666666667,1031.95555555556,Week,38,2026,2026 - Week 38,
1002267620,Line 2,Jose Scott,2026-09-19,2026,PECO,SUGAR 204,TVS10V1367,14900,0.67,17,3,10829,4071,0.273221476510067,637,523.899371069182,876.470588235294,720.851475568457,Week,38,2026,2026 - Week 38,
1002268713,Line 2,Jose Scott,2026-09-19,2026,PEPB,SUGAR 208,TVS26P1368,1170,0.75,3,0.42,571.5,598.5,0.511538461538462,190.5,137.05035971223,390,280.575539568345,Week,38,2026,2026 - Week 38,
1002267622,Line 2,Maria Contreras,2026-09-21,2026,PECO,SUGAR 208,TVS10V1375,9410,0.25,13,0.42,7080.5,2329.5,0.247555791710946,544.653846153846,517.959034381858,723.846153846154,688.368690563277,Week,39,2026,2026 - Week 39,
300102377,Handpick,Maria Alvarez,2026-09-21,2025,SWPB,R00153,TVW25T9515X1,97.5,0.17,8.75,0.25,85,12.5,0.128205128205128,9.71428571428571,9.26935659760087,11.1428571428571,10.6324972737186,Week,39,2026,2026 - Week 39,
2400008210,Line 1 Gravity,Luisa Salas,2026-09-21,2023,SWBS,R6660D,TVW23U7586X1,8397.5,0.25,8,0.5,7122.5,1275,0.151830902054183,890.3125,814,1049.6875,959.714285714286,Week,39,2026,2026 - Week 39,
1002267621,Line 2,Ana Ramirez,2026-09-23,2026,PECO,SUGAR 208,TVS10V1369,10830,0.5,16,2,7049.5,3780.5,0.349076638965836,440.59375,381.054054054054,676.875,585.405405405405,Week,39,2026,2026 - Week 39,
2400008095,Line 1 Gravity,Belen Diaz,2026-09-22,2023,SWBS,R660D T,TVW23U7585X1,6047,0.42,8,0.75,4507.5,1539.5,0.254589052422689,563.4375,491.54852780807,755.875,659.432933478735,Week,39,2026,2026 - Week 39,
2400008096,Colorsorter Line 2,Belen Diaz,2026-09-22,2023,SWBS,R660D T,TVW23U7586X1,7122.5,0.42,12,0.08,6899,223.5,0.0313794313794314,574.916666666667,551.92,593.541666666667,569.8,Week,39,2026,2026 - Week 39,
300102380,Handpick,Maria Alvarez,2026-09-23,2024,SWPB,R20264,TVW24S8635X1P,191,0.17,16.5,0.25,177,14,0.0732984293193717,10.7272727272727,10.4609929078014,11.5757575757576,11.2884160756501,Week,39,2026,2026 - Week 39,
2400008097,Line 1 Gravity,Luisa Salas,2026-09-23,2023,SWBS,AC128Y T,WAW23T7500,465,0.25,1,0.25,368.5,96.5,0.20752688172043,368.5,245.666666666667,465,310,Week,39,2026,2026 - Week 39,
2400008098,Line 1 Gravity,Luisa Salas,2026-09-23,2023,SWBS,AC128Y,WAW23T7500,612,0.25,1,0.5,548.5,63.5,0.103758169934641,548.5,313.428571428571,612,349.714285714286,Week,39,2026,2026 - Week 39,
2400008134,Line 1 Gravity,Luisa Salas,2026-09-23,2024,SWCO,GSS7877,WAW088539X2,1310,0.25,2,0.5,1167.5,142.5,0.108778625954198,583.75,424.545454545455,655,476.363636363636,Week,39,2026,2026 - Week 39,
1002291141,Line 2,Rey Hernandez,2026-09-24,2026,PECO,SUGAR FLASH,WAS101279K,8450,0.67,9,2,6661,1789,0.211715976331361,740.111111111111,570.779777206513,938.888888888889,724.07883461868,Week,39,2026,2026 - Week 39,
2400008099,Line 2,Maria Contreras,2026-09-24,2023,SWBS,R660D T,TVW23U7585X1,4507.5,0.5,8.5,2,4284.5,223,0.0494731003882418,504.058823529412,389.5,530.294117647059,409.772727272727,Week,39,2026,2026 - Week 39,
300102376,Handpick,Maria Alvarez,2026-09-24,2024,SWPB,G9089,TVW24S8614X1P,118,0.08,10.5,0.25,103.5,14.5,0.122881355932203,9.85714285714286,9.55678670360111,11.2380952380952,10.8956602031394,Week,39,2026,2026 - Week 39,
2400008075,Line 1 Gravity,Belen Diaz,2026-09-24,2023,SWCO,OVERLAND-R,WAW077111X1,2475,0.25,3,0.5,2265.5,209.5,0.0846464646464647,755.166666666667,604.133333333333,825,660,Week,39,2026,2026 - Week 39,
1002266912,Line 1,Belen Diaz,2026-09-19,2026,PECO,IDALGO,ORP101353,137900,3,86,0.5,117907.5,19992.5,0.144978245105149,1371.01744186047,1317.40223463687,1603.48837209302,1540.78212290503,Week,38,2026,2026 - Week 38,
