PO Number,Equipment ID,Operator,Date,Species,Variety Name,Lot Number,Input KG,Prep Time (Hours),Run Time (Hours),Cleandown Time (Hours),Output KGs,Loss KG,Loss %,KG per hour,Defect Comments,Year
1002003245,Line 5,Zenaida Reyes,2024-07-15,WABS,W5A32,150661935,6.02,0.17,0.5,0.67,4.28,1.74,0.289036544850498,12.04,,2024
1002003288,Line 5,Zenaida Reyes,2024-07-15,WABS,W5A31,150661933,7.54,1,1,0.5,9.02,-1.48,-0.196286472148541,7.54,,2024
1002003486,Line 5,Zenaida Reyes,2024-07-15,WABS,W5A14,150661931,8.09,0.5,0.5,0.67,6.5,1.59,0.196538936959209,16.18,,2024
1002007506,Line 5,Zenaida Reyes,2024-07-15,WACO,CAPTIVATION,1506386080,23.48,0.33,2,1.09,21.16,2.32,0.0988074957410562,11.74,,2024
1002007507,Line 5,Zenaida Reyes,2024-07-15,WACO,CAPTIVATION,150638608R,11.75,0.33,1,1.09,10.08,1.67,0.142127659574468,11.75,,2024
1002007364,Line 5,Zenaida Reyes,2024-07-15,WACO,CAPTIVATION,150638608P,28.86,0.25,1.5,1.09,26.34,2.52,0.0873180873180873,19.24,,2024
1002007365,Line 5,Zenaida Reyes,2024-07-15,WACO,CAPTIVATION,150638608N,26.84,0.25,1.8,1.09,24.4,2.44,0.0909090909090909,14.9111111111111,,2024
1002003287,Line 6,Zenaida Reyes,2024-07-15,SQBS,SQ579,150638202,20,0.33,1,1.09,16.46,3.54,0.177,20,,2024
1002007470,Line 5,Alicia Avelar,2024-07-15,WACO,SUGAR RED,150638614E,69.15,0.33,2.5,1.09,65,4.15000000000001,0.0600144613159799,27.66,,2024
1002007471,Line 5,Alicia Avelar,2024-07-16,WACO,SUGAR RED,150638614B,69.01,0.33,2.5,1.09,65.5,3.51000000000001,0.0508621938849444,27.604,,2024
1002001340,Line 6,Zenaida Reyes,2024-07-16,CUCO,ERICO,150641169,1.08,0.33,0.5,0.5,1.03,0.05,0.0462962962962963,2.16,,2024
1002007472,Line 5,Zenaida Reyes,2024-07-16,WACO,SUGAR RED,150638614C,61.15,0.33,1.5,1.09,56,5.15,0.0842191332788226,40.7666666666667,,2024
1002007473,Line 5,Alicia Avelar,2024-07-16,WACO,SUGAR RED,150638614D,57.02,0.33,2.5,1.09,51,6.02,0.105576990529639,22.808,,2024
1002001338,Line 6,Zenaida Reyes,2024-07-11,CUCO,TANAGER,150633681,17.5,0.33,0.5,0.67,15.91,1.59,0.0908571428571429,35,,2024
1002001339,Line 6,Zenaida Reyes,2024-07-11,CUCO,VIGGO,150641170,7.08,0.33,1,0.67,5.83,1.25,0.176553672316384,7.08,,2024
1002001342,Line 6,Zenaida Reyes,2024-07-12,CUCO,SIRIANA,150641172,6.52,0.33,0.67,0.75,5.32,1.2,0.184049079754601,9.73134328358209,,2024
1002003242,Line 6,Zenaida Reyes,2024-07-11,MEBS,1M815,150664623,11.2,0.33,0.5,0.67,8.78,2.42,0.216071428571429,22.4,,2024
1002002500,Line 6,Zenaida Reyes,2024-07-12,CUCO,DACNIS,150641173,5.6,0.33,0.5,0.83,4.67,0.93,0.166071428571429,11.2,,2024
1002001341,Line 6,Zenaida Reyes,2024-07-12,CUCO,AIOLOS,150641171,2.34,0.33,1.67,0.66,2.25,0.0899999999999999,0.0384615384615384,1.40119760479042,,2024
1002007474,Line 5,Zenaida Reyes,2024-07-16,WACO,SUGAR RED,150638614,47.23,0.33,2.5,1.09,42.83,4.4,0.0931611264027102,18.892,,2024
1002007475,Line 5,Alicia Avelar,2024-07-16,WACO,SUGAR RED,150638614F,46.39,0.33,2,1.09,42.72,3.67,0.0791118775598189,23.195,,2024
1002007477,Line 5,Zenaida Reyes,2024-07-16,WACO,SUGAR RED,150638614A,37.03,0.33,2.5,1.09,32.95,4.08,0.110180934377532,14.812,,2024
1002002375,Line 6,Zenaida Reyes,2024-07-12,SQBS,1S150,150641510,20.01,0.33,1.5,0.67,16.26,3.75,0.187406296851574,13.34,,2024
1002002560,Line 6,Zenaida Reyes,2024-07-12,SQBS,PP775,150638200,20.01,0.33,1.5,0.67,16.73,3.28,0.16391804097951,13.34,,2024
1002007478,Line 5,Zenaida Reyes,2024-07-17,WACO,SUGAR RED,150638614G,31.36,0.33,1.7,1.09,28.84,2.52,0.0803571428571429,18.4470588235294,,2024
1002007479,Line 5,Fabiola Ramirez,2024-07-17,WACO,RED RYDER,150673315D,67.79,0.33,3.5,1.09,58,9.79000000000001,0.14441658061661,19.3685714285714,,2024
1002007480,Line 5,Zenaida Reyes,2024-07-17,WACO,RED RYDER,150673315A,64.22,0.33,2.5,1.09,58.5,5.72,0.0890688259109312,25.688,,2024
1002007481,Line 5,Zenaida Reyes,2024-07-17,WACO,RED RYDER,150673315E,53.22,0.33,2.5,1.08,45.57,7.65,0.143742953776776,21.288,,2024
1002007483,Line 5,Fabiola Ramirez,2024-07-17,WACO,RED RYDER,150673315C,42.72,0.33,1.1,1.08,36.17,6.55,0.153323970037453,38.8363636363636,,2024
1002007482,Line 5,Fabiola Ramirez,2024-07-17,WACO,RED RYDER,150673315B,48.59,0.33,2.5,1.08,41.83,6.76000000000001,0.13912327639432,19.436,,2024
1002002504,Line 6,Zenaida Reyes,2024-07-12,CUCO,SKYLUKS,150641174,8.49,0.33,1,0.83,7.28,1.21,0.142520612485277,8.49,,2024
1002007363,Line 5,Alicia Avelar,2024-07-12,WACO,CAPTIVATION,150638608Q,29.13,0.33,2.5,1.01,27,2.13,0.0731204943357364,11.652,,2024
1002007484,Line 5,Zenaida Reyes,2024-07-18,WACO,RED RYDER,150673315,40.95,0.33,1.1,1.09,35.28,5.67,0.138461538461538,37.2272727272727,,2024
1002007508,Line 5,Zenaida Reyes,2024-07-18,WACO,EXCURSION,150638613C,34.17,0.33,2.3,1.09,31.53,2.64,0.077260755048288,14.8565217391304,,2024
1002007509,Line 5,Fabiola Ramirez,2024-07-18,WACO,EXCURSION,150638613D,38.03,0.33,0.75,1.09,34.68,3.35,0.088088351301604,50.7066666666667,,2024
1002007510,Line 3,Zenaida Reyes,2024-07-18,WACO,EXCURSION,150638613A,31.85,0.33,1,1.09,28.65,3.2,0.100470957613815,31.85,,2024
1002007511,Line 5,Fabiola Ramirez,2024-07-18,WACO,EXCURSION,150638613E,31.31,0.33,0.75,1.09,29.25,2.06,0.0657936761418077,41.7466666666667,,2024
1002007512,Line 5,Zenaida Reyes,2024-07-18,WACO,EXCURSION,150638613B,28.96,0.33,0.9,1.09,26.18,2.78,0.0959944751381215,32.1777777777778,,2024
1002007513,Line 5,Zenaida Reyes,2024-07-19,WACO,EXCURSION,150638613F,28.56,0.33,2.5,1.08,26.02,2.54,0.0889355742296919,11.424,,2024
1002007514,Line 5,Zenaida Reyes,2024-07-19,WACO,EXCURSION,150638613,25.25,0.33,2,1.09,22.83,2.42,0.0958415841584158,12.625,,2024
1002007516,Line 5,Fabiola Ramirez,2024-07-19,WACO,PRINCESS PETITE,150623934A,61.84,0.33,3,0.33,59.5,2.34,0.0378395860284605,20.6133333333333,,2024
1002007518,Line 5,Zenaida Reyes,2024-07-19,WACO,PETITE PERFECTION,150624056,46.26,0.33,2,1.09,44.07,2.19,0.0473411154345006,23.13,,2024
1002007517,Line 5,Zenaida Reyes,2024-07-19,WACO,PETITE PERFECTION,150624056A,71,0.33,6,1.09,66.5,4.5,0.0633802816901409,11.8333333333333,,2024
1002007519,Line 5,Fabiola Ramirez,2024-07-22,WACO,PRESTIGE,150623933B,96.7,0.33,3,1.09,93.5,3.2,0.0330920372285419,32.2333333333333,,2024
1002007520,Line 5,Zenaida Reyes,2024-07-22,WACO,PRESTIGE,150623933A,90.9,0.33,2.6,1.09,87.5,3.40000000000001,0.0374037403740375,34.9615384615385,,2024
1002007521,Line 5,Zenaida Reyes,2024-07-22,WACO,PRESTIGE,150623933,47.79,0.33,2,1.08,44.92,2.87,0.0600544046871731,23.895,,2024
1002007522,Line 5,Fabiola Ramirez,2024-07-22,WACO,CYGNUS,150623931,32.66,0.33,2,1.09,30.14,2.52,0.0771586037966932,16.33,,2024
1002007523,Line 5,Fabiola Ramirez,2024-07-22,WACO,CYGNUS,150678262,15.35,0.33,1.2,1.09,13.83,1.52,0.0990228013029316,12.7916666666667,,2024
1002007524,Line 5,Fabiola Ramirez,2024-07-22,WACO,KRUNCHY PETITE,150623932,51.73,0.33,1.5,1.09,49.84,1.88999999999999,0.0365358592692826,34.4866666666667,,2024
1002010864,Line 5,Fabiola Ramirez,2024-07-23,WACO,SUGAR RED,150638614L,73.85,0.33,4,0.25,70,3.84999999999999,0.0521327014218008,18.4625,,2024
1002007525,Line 5,Zenaida Reyes,2024-07-23,WACO,FASCINATION,150610591A,46.26,0.33,3,1.09,43.62,2.64,0.0570687418936446,15.42,,2024
1002007515,Line 5,Zenaida Reyes,2024-07-19,WACO,EXCURSION,150623934,76.1,0.33,3.5,1.09,71,5.09999999999999,0.067017082785808,21.7428571428571,,2024
1002010865,Line 5,Zenaida Reyes,2024-07-23,WACO,SUGAR RED,150638614M,70.36,0.33,3,1.09,67.5,2.86,0.0406480955088118,23.4533333333333,,2024
1002011286,Line 5,Zenaida Reyes,2024-07-23,WACO,SUGAR RED,150638614K,70.8,0.33,3,1.09,67.5,3.3,0.0466101694915254,23.6,,2024
1002011287,Line 5,Fabiola Ramirez,2024-07-23,WACO,SUGAR RED,150638614I,64.35,0.33,3,1.08,61,3.34999999999999,0.0520590520590519,21.45,,2024
1002011290,Line 5,Zenaida Reyes,2024-07-23,WACO,SUGAR RED,150638614N,64.56,0.33,1.5,1.09,61,3.56,0.0551425030978934,43.04,,2024
1002011291,Line 5,Zenaida Reyes,2024-07-24,WACO,SUGAR RED,150638614J,63.61,0.33,4.5,1.09,60.5,3.11,0.0488916836975318,14.1355555555556,,2024
1002011292,Line 5,Zenaida Reyes,2024-07-23,WACO,SUGAR RED,150638614H,35.29,0.33,3,1.09,32.87,2.42,0.0685746670444885,11.7633333333333,,2024
1002011293,Line 5,Zenaida Reyes,2024-07-24,WACO,SIBARITA,150638604A,44.44,0.33,3,1.09,40.91,3.53,0.0794329432943294,14.8133333333333,,2024
1002011295,Line 5,Fabiola Ramirez,2024-07-24,WACO,SIBARITA,150638604B,36.28,0.33,1.5,1.09,33.79,2.49,0.068632855567806,24.1866666666667,,2024
1002011294,Line 5,Elodia Castaneda,2024-07-24,WACO,SIBARITA,150638604,45.3,0.33,2.33,0.42,42.45,2.84999999999999,0.062913907284768,19.4420600858369,,2024
1002018026,Line 6,Elodia Castaneda,2024-07-24,MECO,HEIDI,150643490A,37.29,0.33,1.5,1.09,35.91,1.38,0.0370072405470636,24.86,,2024
1002011227,Line 3,Jesus Alvarez,2024-07-25,BRCO,BESTY,150588398,892,0.25,48,2.5,650.16,241.84,0.271121076233184,18.5833333333333,,2024
1002018027,Line 6,Alicia Avelar,2024-07-25,MECO,HEIDI,150643490,95.8,0.33,3,1.09,92.5,3.3,0.034446764091858,31.9333333333333,,2024
1002011298,Line 5,Zenaida Reyes,2024-07-25,WACO,RED RYDER,150673315G,44.47,0.333,2,1.09,37.83,6.64,0.149314144366989,22.235,,2024
1002011299,Line 5,Alicia Avelar,2024-07-25,WACO,RED RYDER,150673315F,43.96,0.33,3,1.09,37.53,6.43,0.146269335759782,14.6533333333333,,2024
1002011323,Line 6,Elodia Castaneda,2024-07-25,MEBS,ME711,150664626,12.39,0.33,1.5,1.09,10.3,2.09,0.168684422921711,8.26,,2024
1002011300,Line 5,Zenaida Reyes,2024-07-25,WACO,SWEET DAWN,150638615,65.44,0.33,1.5,1.09,59.5,5.94,0.0907701711491443,43.6266666666667,,2024
1002011346,Line 3,Jesus Alvarez,2024-07-25,SQCO,GRANDPRIZE,RBR/10239,348,0.17,24,2.5,336,12,0.0344827586206897,14.5,,2024
1002017844,Line 6,Jesus Alvarez,2024-07-25,SQCO,ENVY,150656152,146,0.33,12.5,1,136.5,9.5,0.0650684931506849,11.68,,2024
1002011301,Line 5,Zenaida Reyes,2024-07-26,WACO,SWEET DAWN,150638615A,51.03,0.33,3.5,1.09,46.5,4.53,0.0887713109935332,14.58,,2024
1002011302,Line 5,Alicia Avelar,2024-07-26,WACO,SWEET DAWN,150638615B,25.25,0.33,1.8,1.09,22.24,3.01,0.119207920792079,14.0277777777778,,2024
1002011297,Line 5,Elodia Castaneda,2024-07-25,WACO,RED RYDER,150673315H,49.08,0.33,3,1.09,41.85,7.23,0.147310513447433,16.36,,2024
1002011347,Line 3,Jesus Alvarez,2024-07-26,SQCO,GRANDPRIZE,RBR/10174,309,0.33,10,0,278.5,30.5,0.098705501618123,30.9,,2024
1002011303,Line 5,Alicia Avelar,2024-07-26,WACO,EXCURSION,150638613J,75.36,0.33,4,1.09,71,4.36,0.0578556263269639,18.84,,2024
1002011304,Line 5,Zenaida Reyes,2024-07-26,WACO,EXCURSION,150638613G,55.04,0.33,2.5,1.09,51,4.04,0.0734011627906977,22.016,,2024
1002011296,Line 5,Alicia Avelar,2024-07-24,WACO,RED RYDER,150673315I,59.98,0.33,1.1,1.09,50.5,9.48,0.158052684228076,54.5272727272727,,2024
1002011306,Line 5,Alicia Avelar,2024-07-26,WACO,EXCURSION,150638613H,52.98,0.33,2.5,1.09,49,3.98,0.0751226878067195,21.192,,2024
1002011305,Line 5,Alicia Avelar,2024-07-26,WACO,EXCURSION,150638613I,55.47,0.33,3,1.09,51.5,3.97,0.0715702181359293,18.49,,2024
1002011307,Line 5,Zenaida Reyes,2024-07-29,WACO,EXCURSION,RBR/10699,2.74,0.33,0.5,1.09,1.84,0.9,0.328467153284672,5.48,,2024
1002011308,Line 5,Zenaida Reyes,2024-07-29,WACO,SUGAR COAT,150638605C,26.77,0.33,1.5,1.09,24.48,2.29,0.0855435188644005,17.8466666666667,,2024
1002011309,Line 5,Zenaida Reyes,2024-07-29,WACO,SUGAR COAT,150638605B,25.81,0.33,1.5,1.09,23.32,2.49,0.096474234792716,17.2066666666667,,2024
1002011310,Line 5,Alicia Avelar,2024-07-29,WACO,SUGAR COAT,150638605,20.75,0.33,1.3,1.09,18.42,2.33,0.112289156626506,15.9615384615385,,2024
1002011311,Line 5,Zenaida Reyes,2024-07-29,WACO,SUGAR COAT,150638605A,18.06,0.33,1.8,1.09,16.03,2.03,0.112403100775194,10.0333333333333,,2024
1002011348,Line 3,Jesus Alvarez,2024-07-29,SQCO,GRANDPRIZE,RBR/10245,378,0.33,7,0.08,365.5,12.5,0.0330687830687831,54,,2024
1002011312,Line 5,Zenaida Reyes,2024-07-29,WACO,CAPTIVATION,150638608W,59.15,0.33,1.6,1.09,55.5,3.65,0.0617075232459848,36.96875,,2024
1002011313,Line 5,Zenaida Reyes,2024-07-29,WACO,CAPTIVATION,150638608S,51.89,0.33,2.5,1.09,48,3.89,0.0749662748121025,20.756,,2024
1002011314,Line 5,Alicia Avelar,2024-07-29,WACO,CAPTIVATION,150638608V,45.02,0.33,1.5,1.09,41.98,3.04000000000001,0.0675255442025769,30.0133333333333,,2024
1002011316,Line 5,Alicia Avelar,2024-07-29,WACO,CAPTIVATION,150638608T,42,0.33,1.5,1.09,39.2,2.8,0.0666666666666667,28,,2024
1002011315,Line 5,Alicia Avelar,2024-07-30,WACO,CAPTIVATION,150638608U,42.26,0.33,2,1.09,39.53,2.73,0.0646000946521533,21.13,,2024
1002011349,Line 3,Jesus Alvarez,2024-07-30,SQCO,GRANDPRIZE,RBR/10240,302.5,0.33,6.45,0.08,288.5,14,0.0462809917355372,46.8992248062016,,2024
1002011318,Line 5,Alicia Avelar,2024-07-30,WACO,DARK KNIGHT,150638610B,35.69,0.33,1.5,1.09,32.55,3.14,0.0879798262818717,23.7933333333333,,2024
1002011317,Line 5,Alicia Avelar,2024-07-30,WACO,DARK KNIGHT,150638610,39.04,0.33,1.25,1.09,35.84,3.2,0.0819672131147541,31.232,,2024
1002011319,Line 5,Alicia Avelar,2024-07-30,WACO,DARK KNIGHT,150638610A,30.57,0.33,1.25,1.09,27.83,2.74,0.0896303565587177,24.456,,2024
1002018704,Line 3,Alicia Avelar,2024-07-30,MECO,ACCOLADE,RBR/14455,72.07,0.33,2,1.09,70,2.06999999999999,0.028722075759678,36.035,,2024
1002013484,Line 5,Fabiola Ramirez,2024-07-30,WACO,SUGAR RED,150641507,4.39,0.33,1.5,1.09,3.25,1.14,0.259681093394077,2.92666666666667,,2024
1002018703,Line 5,Fabiola Ramirez,2024-07-30,MECO,ACCOLADE,RBR/11077,30.33,0.33,1,1.09,27.57,2.76,0.0909990108803165,30.33,,2024
1002011778,Line 5,Alicia Avelar,2024-07-30,WABS,W5A42,150664536,7.21,0.33,0.67,1.09,5.48,1.73,0.23994452149792,10.7611940298507,,2024
1002011350,Line 3,Jesus Alvarez,2024-07-30,SQCO,GRANDPRIZE,RBR/10243,378,0.33,8.5,0.08,359.5,18.5,0.0489417989417989,44.4705882352941,,2024
1002013708,Line 5,Alicia Avelar,2024-07-31,WACO,CAPTIVATION,RBR/8906,3.51,0.33,0.5,1.09,2.37,1.14,0.324786324786325,7.02,,2024
1002013707,Line 5,Alicia Avelar,2024-07-31,WACO,PRESTIGE,150623933C,89.2,0.33,4.5,1.09,85,4.2,0.047085201793722,19.8222222222222,,2024
1002013706,Line 5,Alicia Avelar,2024-07-31,WACO,SERPENS,150678263,73.35,0.33,4.1,1.09,69.5,3.84999999999999,0.0524880708929787,17.890243902439,,2024
1002013712,Line 5,Alicia Avelar,2024-07-31,WACO,ESCARLETT,RBR/8904,29.68,0.33,1,1.09,28.16,1.52,0.0512129380053908,29.68,,2024
1002013709,Line 5,Zenaida Reyes,2024-07-31,WACO,SANGRIA,RBR/10686,50.6,0.33,2,1.09,49,1.6,0.0316205533596838,25.3,,2024
1002011351,Line 3,Jesus Alvarez,2024-07-31,SQCO,GRANDPRIZE,RBR/10178,485,0.33,12,08,474,11,0.022680412371134,40.4166666666667,,2024
1002013541,Line 5,Alicia Avelar,2024-07-31,WACO,ESTRELLA,RBR/10679,66.31,0.33,2.5,1.09,64.5,1.81,0.0272960337807269,26.524,,2024
1002013543,Line 6,Zenaida Reyes,2024-08-01,WACO,PETITE PERFECTION,150624056C,75.96,0.33,2.5,1.09,73,2.95999999999999,0.0389678778304369,30.384,,2024
1002013542,Line 5,Zenaida Reyes,2024-08-01,WACO,ESTRELLA,RBR/14254,17.24,0.33,1,1.09,15.88,1.36,0.0788863109048724,17.24,,2024
1002013485,Line 5,Zenaida Reyes,2024-07-30,WACO,SUGAR RED,150641507A,0.69,0.33,0.5,1.09,0.41,0.28,0.405797101449275,1.38,,2024
1002011774,Line 6,Zenaida Reyes,2024-07-31,CFCO,CAUC7101,150588702,96.5,0.33,29,1.09,80.31,16.19,0.167772020725389,3.32758620689655,,2024
1002011776,Line 6,Elodia Castaneda,2024-08-01,BRCO,GONGGA,150588401,25.99,0.33,6.5,1.09,25.64,0.349999999999998,0.0134667179684493,3.99846153846154,,2024
1002013544,Line 5,Zenaida Reyes,2024-08-01,WACO,PETITE PERFECTION,150624056B,55.9,0.33,3,1.09,52.5,3.4,0.0608228980322004,18.6333333333333,,2024
1002013545,Line 5,Fabiola Ramirez,2024-08-01,WACO,KRUNCHY PETITE,150623932A,53.46,0.33,2.5,1.09,51.5,1.96,0.0366629255518144,21.384,,2024
1002011353,Line 3,Jesus Alvarez,2024-08-01,SQCO,GRANDPRIZE,RBR/10172,389,0.33,7.5,0.08,369,20,0.051413881748072,51.8666666666667,,2024
1002011354,Line 3,Jesus Alvarez,2024-08-01,SQCO,GRANDPRIZE,RBR/10175,382.5,0.33,8,0.08,323.5,59,0.154248366013072,47.8125,,2024
1002020159,Line 6,Alicia Avelar,2024-08-02,SQBS,1S058,150641508,17.7,0.33,1.5,1.09,14.14,3.56,0.201129943502825,11.8,,2024
1002020542,Line 6,Elodia Castaneda,2024-08-02,SQBS,SQ471,150641515,20.01,0.33,1.25,1.09,15.87,4.14,0.206896551724138,16.008,,2024
1002020543,Line 6,Elodia Castaneda,2024-08-02,SQBS,SQ471,150641515A,11,0.33,1,1.09,6.91,4.09,0.371818181818182,11,,2024
1002014217,Line 5,Alicia Avelar,2024-08-01,CACO,GROUPER,LNR-23-25493,13.35,0.33,1,1.09,11.97,1.38,0.103370786516854,13.35,,2024
1002014212,Line 5,Alicia Avelar,2024-08-02,CACO,ARUBA,LNR-23-24599,10.6,0.33,2,1.09,9.19,1.41,0.133018867924528,5.3,,2024
1002014213,Line 5,Alicia Avelar,2024-08-02,CACO,ARUBA,LNR-23-25486,7.1,0.33,1,1.09,6.08,1.02,0.143661971830986,7.1,,2024
1002011356,Line 3,Jesus Alvarez,2024-08-02,SQCO,GRANDPRIZE,RBR/10182,323,0.33,7.5,0.08,303.5,19.5,0.0603715170278638,43.0666666666667,,2024
1002014214,Line 5,Alicia Avelar,2024-08-05,CACO,GROUPER,LNR-23-24593,29.83,0.33,5,1.09,27.51,2.32,0.0777740529668119,5.966,,2024
1002014215,Line 5,Fabiola Ramirez,2024-08-05,CACO,GROUPER,LNR-23-25499,26.2,0.33,3,1.09,24.56,1.64,0.0625954198473283,8.73333333333333,,2024
1002013726,Line 5,Fabiola Ramirez,2024-08-05,WACO,KRUNCHY PETITE,150623932B,50.8,0.33,3,1.09,47.5,3.3,0.0649606299212598,16.9333333333333,,2024
1002014216,Line 5,Fabiola Ramirez,2024-08-05,CACO,GROUPER,LNR-23-24592,17.4,0.33,2.5,1.09,16.02,1.38,0.0793103448275862,6.96,,2024
1002013133,Line 5,Fabiola Ramirez,2024-08-05,WABS,W5A26,150661930,5.17,0.33,0.5,1.09,3.93,1.24,0.239845261121857,10.34,,2024
1002011367,Line 5,Jesus Alvarez,2024-08-05,SQBS,SQ578,150639254,7.05,0.33,1.5,1.09,5.18,1.87,0.265248226950355,4.7,,2024
1002013137,Line 6,Fabiola Ramirez,2024-08-05,MEBS,ME635,150673497,13.48,0.33,1.5,1.09,11.39,2.09,0.155044510385757,8.98666666666667,,2024
1002013134,Line 5,Zenaida Reyes,2024-08-05,WABS,W5A27,150661929,17.89,0.33,1,1.09,15.63,2.26,0.126327557294578,17.89,,2024
1002008987,Line 6,Fabiola Ramirez,2024-08-06,SQBS,1S237,150641511,50.02,0.33,3.5,1.09,45,5.02,0.100359856057577,14.2914285714286,,2024
1002013135,Line 5,Zenaida Reyes,2024-08-06,WABS,W5A28,150661927,13.25,0.33,1.5,1.09,10.97,2.28,0.172075471698113,8.83333333333333,,2024
1002013136,Line 5,Zenaida Reyes,2024-08-06,WABS,W5A13,150661928,16.74,0.33,2.5,1.09,14.73,2.01,0.120071684587814,6.696,,2024
1002008986,Line 6,Fabiola Ramirez,2024-08-06,SQBS,PP070,150642696,24.62,0.33,1,1.09,20,4.62,0.187652315190902,24.62,,2024
1002011120,Line 6,Fabiola Ramirez,2024-08-06,MECO,APHRODITE,150664628,64.43,0.33,1,1.09,62,2.43000000000001,0.0377153499922398,64.43,,2024
1002011125,Line 3,Jesus Alvarez,2024-08-08,SQCO,GRANDPRIZE,RBR/10173,132,0.33,19.5,2,126.85,5.15000000000001,0.0390151515151516,6.76923076923077,,2024
300093869,Line 5,Zenaida Reyes,2024-08-12,CACO,GROUPER,150596844,11.45,0.33,1.5,1.09,10.24,1.21,0.105676855895197,7.63333333333333,,2024
1002011121,Line 6,Fabiola Ramirez,2024-08-12,MECO,OVATION,150664627,78.7,0.33,2.5,1.09,76,2.7,0.0343074968233799,31.48,,2024
300093870,Line 5,Zenaida Reyes,2024-08-12,CACO,GROUPER,150596844C,6.28,0.33,1.5,1.09,4.15,2.13,0.339171974522293,4.18666666666667,,2024
300093871,Line 5,Zenaida Reyes,2024-08-12,CACO,GROUPER,150596844A,4.84,0.33,0.5,1.09,3.91,0.93,0.192148760330579,9.68,,2024
300093872,Line 5,Alicia Avelar,2024-08-12,CACO,GROUPER,150596844B,3.56,0.33,0.5,1.09,2.39,1.17,0.328651685393258,7.12,,2024
300093873,Line 5,Zenaida Reyes,2024-08-12,CACO,GROUPER,LNR 23-24524,2.2,0.33,0.33,1.09,1.76,0.44,0.2,6.66666666666667,,2024
300093897,Line 5,Alicia Avelar,2024-08-12,CACO,GROUPER,150596844D,12.48,0.33,1,1.09,10.81,1.67,0.133814102564103,12.48,,2024
1002011325,Line 6,Alicia Avelar,2024-08-12,SQBS,PP602,150638199,35.02,0.33,1.5,1.09,30.02,5,0.142775556824672,23.3466666666667,,2024
1002018078,Line 3,Jesus Alvarez,2024-08-06,SQCO,GRANDPRIZE,RBR/15110,463,0.33,11,0.08,447.5,15.5,0.0334773218142549,42.0909090909091,,2024
1002019007,Line 5,Zenaida Reyes,2024-08-06,WABS,WA999,150624916,96.93,0.33,5,1.09,90.5,6.43000000000001,0.0663365315175901,19.386,,2024
1002017845,Line 3,Jesus Alvarez,2024-08-13,SQCO,EQUINOX,159656261,160.5,0.33,4.5,3,152,8.5,0.0529595015576324,35.6666666666667,,2024
1002017990,Line 5,Fabiola Ramirez,2024-08-13,WACO,BAHAMA,150638720F,58.3,0.33,1.5,1.09,55,3.3,0.0566037735849057,38.8666666666667,,2024
1002017991,Line 5,Zenaida Reyes,2024-08-13,WACO,BAHAMA,150638720D,56.72,0.33,1.5,1.08,52,4.72,0.0832157968970381,37.8133333333333,,2024
1002021283,Line 5,Zenaida Reyes,2024-08-13,TOCO,BQ273,RBR/15475,6.6,0.33,2.5,1.09,5.65,0.949999999999999,0.143939393939394,2.64,,2024
1002018006,Line 3,Jesus Alvarez,2024-08-13,SQCO,EQUINOX,150656261-A,223.5,0.33,3.1,0.08,215,8.5,0.0380313199105145,72.0967741935484,,2024
1001998943,Line 3,Jesus Alvarez,2024-08-13,SQCO,PAYROLL,150563450A,266.5,0.33,4.5,2,256,10.5,0.0393996247654784,59.2222222222222,,2024
1002021284,Line 5,Alicia Avelar,2024-08-13,TOCO,BQ273,RBR/15476,4.2,0.33,2,1.09,3.49,0.71,0.169047619047619,2.1,,2024
1002017992,Line 5,Alicia Avelar,2024-08-13,WACO,BAHAMA,150638720B,56.11,0.33,1,1.09,51.5,4.61,0.0821600427731242,56.11,,2024
1002011322,Line 6,Alicia Avelar,2024-08-14,MEBS,ME709,150664625,6.33,0.33,0.5,1.09,4.49,1.84,0.290679304897314,12.66,,2024
1002018007,Line 3,Jesus Alvarez,2024-08-14,SQCO,EQUINOX,150656261-B,121,0.33,3,0.08,115.5,5.5,0.0454545454545455,40.3333333333333,,2024
1002017993,Line 5,Fabiola Ramirez,2024-08-14,WACO,BAHAMA,150638720G,51.23,0.33,1.5,1.09,46,5.23,0.102088619949249,34.1533333333333,,2024
1002017994,Line 5,Alicia Avelar,2024-08-14,WACO,BAHAMA,150638720A,41.39,0.33,1,1.09,37.71,3.68,0.0889103648224209,41.39,,2024
1002018008,Line 3,Jesus Alvarez,2024-08-14,SQCO,EQUINOX,150656151,218,0.33,3.1,0.08,210,8,0.036697247706422,70.3225806451613,,2024
1002011368,Line 6,Alicia Avelar,2024-08-14,SQBS,PP433,150638198,34.21,0.33,1.5,1.09,29.62,4.59,0.134171294942999,22.8066666666667,,2024
1002017995,Line 5,Alicia Avelar,2024-08-14,WACO,BAHAMA,150638720E,37.44,0.33,1,1.08,33.39,4.05,0.108173076923077,37.44,,2024
1002008988,Line 6,Alicia Avelar,2024-08-14,SQBS,SQ406,150641514,4.11,0.33,1,1.09,2.73,1.38,0.335766423357664,4.11,,2024
1002011324,Line 5,Alicia Avelar,2024-08-14,SQBS,PP404,150638964,17.72,0.33,1,1.08,12.93,4.79,0.270316027088036,17.72,,2024
1002017996,Line 5,Alicia Avelar,2024-08-14,WACO,BAHAMA,150638720C,34.97,0.33,1.5,1.09,31.53,3.44,0.0983700314555333,23.3133333333333,,2024
1002018009,Line 3,Jesus Alvarez,2024-08-15,SQCO,EQUINOX,150656151-A,271.5,0.33,5.45,0.08,262.5,9,0.0331491712707182,49.8165137614679,,2024
1001998943,Line 3,Jesus Alvarez,2024-08-13,SQCO,PAYROLL,150563450A,266.5,0.33,4.5,2,256,10.5,0.0393996247654784,59.2222222222222,,2024
1002017845,Line 3,Jesus Alvarez,2024-08-13,SQCO,EQUINOX,1506556261,160.5,0.33,4.5,3.08,152,8.5,0.0529595015576324,35.6666666666667,,2024
1002017997,Line 5,Alicia Avelar,2024-08-15,WACO,BAHAMA,150638720,34.79,0.33,2,1.09,31.19,3.6,0.103478010922679,17.395,,2024
1002018074,Line 6,Fabiola Ramirez,2024-08-15,SQBS,SQ279,150641513,45.64,0.33,2,1.09,42.14,3.5,0.0766871165644172,22.82,,2024
1002017998,Line 5,Alicia Avelar,2024-08-15,WACO,BAHAMA,150638720H,32.33,0.33,1.5,1.08,28.55,3.78,0.116919270027838,21.5533333333333,,2024
1002018010,Line 3,Jesus Alvarez,2024-08-15,SQCO,EQUINOX,150656151-B,205.5,0.33,5,0.08,196.5,9,0.0437956204379562,41.1,,2024
1002018784,Line 5,Zenaida Reyes,2024-08-15,SQBS,SQ212,150639225,28.3,0.33,1.5,1.09,24.3,4,0.141342756183746,18.8666666666667,,2024
1002011366,Line 6,Fabiola Ramirez,2024-08-15,SQBS,SQ326,150639243,72.67,0.33,2.5,0.83,67,5.67,0.0780239438557864,29.068,,2024
1002017999,Line 5,Fabiola Ramirez,2024-08-16,WACO,EXCLAMATION,150638612A,34.11,0.33,1.5,1.09,31.59,2.52,0.0738786279683377,22.74,,2024
1002019008,Line 5,Zenaida Reyes,2024-08-16,SQBS,SQ475,150639247,11.67,0.33,1,1.08,7.8,3.87,0.331619537275064,11.67,,2024
1002018000,Line 5,Zenaida Reyes,2024-08-16,WACO,EXCLAMATION,150638612,33.84,0.33,1.5,1.08,31.57,2.27,0.067080378250591,22.56,,2024
1002018001,Line 5,Alicia Avelar,2024-08-16,WACO,MELODY,150638719B,53.6,0.33,2.5,1.08,50.43,3.17,0.0591417910447761,21.44,,2024
1002018781,Line 5,Zenaida Reyes,2024-08-16,SQBS,PP677,150639220,23.77,0.33,1.5,1.08,19.43,4.34,0.182583087925957,15.8466666666667,,2024
1002018002,Line 5,Alicia Avelar,2024-08-16,WACO,MELODY,150638719C,52.46,0.33,2.5,1.08,49.02,3.44,0.0655737704918033,20.984,,2024
1002018003,Line 5,Alicia Avelar,2024-08-19,WACO,MELODY,150638719,49.65,0.33,2,1.08,46.02,3.63,0.0731117824773414,24.825,,2024
1002018070,Line 3,Jesus Alvarez,2024-08-19,SQCO,PAYROLL,RBR/10334,179,0.33,5,3,166.5,12.5,0.0698324022346369,35.8,,2024
1002019006,Line 6,Alicia Avelar,2024-08-19,SQBS,SQ470,150642700,8.57,0.33,1,1.08,4.85,3.72,0.434072345390899,8.57,,2024
1002018004,Line 5,Alicia Avelar,2024-08-19,WACO,MELODY,150638719A,35.99,0.33,2,1.08,33.25,2.74,0.0761322589608225,17.995,,2024
1002018785,Line 6,Alicia Avelar,2024-08-19,SQBS,SQ279,150642698,27.3,0.33,2.5,1.08,24.37,2.93,0.107326007326007,10.92,,2024
1002018005,Line 5,Alicia Avelar,2024-08-19,WACO,SWEET GEM,150638716A,43.96,0.33,2,1.08,41.39,2.57,0.0584622383985441,21.98,,2024
1002018071,Line 3,Jesus Alvarez,2024-08-19,SQCO,PAYROLL,RBR/10362,307.5,0.33,4,0.08,293.5,14,0.0455284552845529,76.875,,2024
1002018046,Line 5,Alicia Avelar,2024-08-19,WACO,SWEET GEM,150638716B,41.14,0.33,1.75,1.08,38.69,2.45,0.0595527467185221,23.5085714285714,,2024
1002018047,Line 5,Alicia Avelar,2024-08-20,WACO,SWEET GEM,150638716,37.54,0.33,1.5,1.08,34.91,2.63,0.0700586041555674,25.0266666666667,,2024
1002018072,Line 6,Alicia Avelar,2024-08-19,SQCO,SPINE BEAUTY,RBR/15028,105.5,0.33,2.5,1.08,104,1.5,0.014218009478673,42.2,,2024
1002018048,Line 5,Alicia Avelar,2024-08-20,WACO,SWEET GEM,150638716C,33.94,0.33,1.5,1.08,31.73,2.21,0.0651149086623453,22.6266666666667,,2024
1002018055,Line 5,Alicia Avelar,2024-08-20,WACO,EXCURSION,150638613J,44.38,0.33,2,1.08,41.55,2.83000000000001,0.0637674628210908,22.19,,2024
1002018056,Line 5,Alicia Avelar,2024-08-20,WACO,EXCURSION,150638613I,43.73,0.33,2,1.08,40.93,2.8,0.064029270523668,21.865,,2024
1002018057,Line 5,Alicia Avelar,2024-08-21,WACO,EXCURSION,150638613N,37.32,0.33,1.5,1.08,34.07,3.25,0.0870846730975348,24.88,,2024
1002018073,Line 6,Alicia Avelar,2024-08-21,SQCO,SPINE BEAUTY,RBR/10372,90.8,0.33,2,1.08,81.5,9.3,0.102422907488987,45.4,,2024
1002018782,Line 5,Alicia Avelar,2024-08-21,WABS,1W521,150624957,58.36,0.33,1.5,1.08,53.5,4.86,0.0832762165867032,38.9066666666667,,2024
1002018074,Line 6,Alicia Avelar,2024-08-21,SQCO,SUNBURST,RBR/15031,54.85,0.33,2,1.08,51.5,3.35,0.0610756608933455,27.425,,2024
1002018783,Line 5,Fabiola Ramirez,2024-08-21,WABS,1W594,150624958B,34.04,0.33,1,0.5,30.01,4.03,0.118390129259694,34.04,,2024
1002020658,Line 5,Fabiola Ramirez,2024-08-22,WACO,SERPENS,150678263A,39.24,0.42,2,0.75,36.59,2.65,0.067533129459735,19.62,,2024
1002018074,Line 6,Elodia Castaneda,2024-08-21,SQCO,SUNBURST,RBR/15031,54.85,0.33,2,0.5,51.5,3.35,0.0610756608933455,27.425,,2024
1002018076,Line 6,Elodia Castaneda,2024-08-23,SQCO,SPINE PERFEC,RBR/15024,96.55,0.33,2.5,1.08,92,4.55,0.0471258415328845,38.62,,2024
1002020544,Line 3,Jesus Alvarez,2024-08-23,SQCO,TENGRI,150610039,573.5,0.5,23.3,5,504.5,69,0.120313862249346,24.6137339055794,,2024
1002021447,Line 5,Fabiola Ramirez,2024-08-23,WACO,PETITE PER,150624056D,47.78,0.33,2.5,1.08,45.67,2.11,0.0441607367099205,19.112,,2024
1002021446,Line 5,Fabiola Ramirez,2024-08-23,WACO,PETITE PER,150624056E,57.55,0.33,3,1.08,56,1.55,0.0269331016507385,19.1833333333333,,2024
1002018077,Line 6,Alicia Avelar,2024-08-26,SQCO,GOLDEN GLORY,150656153,70.5,0.33,3.5,1.08,69,1.5,0.0212765957446809,20.1428571428571,,2024
300093898,Line 5,Alicia Avelar,2024-08-26,CACO,ARUBA,LNR 23-24517,22.46,0.33,2,1.08,21.84,0.620000000000001,0.0276046304541407,11.23,,2024
300093899,Line 5,Alicia Avelar,2024-08-26,CACO,GROUPER,LNR-23-24593,27.52,0.33,3,1.08,26.27,1.25,0.045421511627907,9.17333333333333,,2024
1002021438,Line 6,Alicia Avelar,2024-08-26,SQCO,SN0271,150642705,55.52,0.33,2.5,1.08,52,3.52,0.0634005763688761,22.208,,2024
300094004,Line 5,Alicia Avelar,2024-08-26,CACO,ARUBA,LNR-23-24599,9.19,0.33,1,1.08,8.25,0.94,0.102285092491839,9.19,,2024
300094005,Line 5,Fabiola Ramirez,2024-08-27,CACO,ARUBA,LNR-23-25486,6.09,0.42,0.83,0.75,5.64,0.45,0.0738916256157636,7.33734939759036,,2024
1002018049,Line 6,Elodia Castaneda,2024-08-26,WACO,EXCURSION,150638613O,78.38,0.42,2,0.75,73.5,4.88,0.0622607808114315,39.19,,2024
1002018050,Line 6,Elodia Castaneda,2024-08-28,WACO,EXCURSION,150638613P,70.31,0.33,2,0.5,66,4.31,0.0612999573318162,35.155,,2024
1002025638,Line 5,Elodia Castaneda,2024-08-28,SQCO,PP565,150638965,28.35,0.33,2.5,0.5,23.78,4.57,0.161199294532628,11.34,,2024
1002023060,Line 5,Fabiola Ramirez,2024-08-28,CACO,ARUBA,LNR 23-24/23822,11.11,0.33,1.33,0.75,9.98,1.13,0.101710171017102,8.35338345864662,,2024
10020117755,Line 3,Jesus Alvarez,2024-08-28,BRCO,GONGGA,150588400,303.5,0.33,17,3,262.5,41,0.135090609555189,17.8529411764706,,2024
1002023071,Line 5,Fabiola Ramirez,2024-08-29,CACO,GROUPER,DLR-23-14538,35.05,0.33,2,0.75,33.99,1.06,0.0302425106990014,17.525,,2024
1002023058,Line 5,Fabiola Ramirez,2024-08-28,CACO,ARUBA,LNR 23-24/23818,15.55,0.33,1,0.75,14.46,1.09,0.070096463022508,15.55,,2024
1002023061,Line 5,Fabiola Ramirez,2024-08-28,CACO,ARUBA,DLR-23-25196,8.08,0.33,1.2,0.75,7.26,0.82,0.101485148514851,6.73333333333333,,2024
1002023062,Line 5,Fabiola Ramirez,2024-08-28,CACO,ARUBA,LNR-23-24642,3.07,0.33,0.5,0.75,2.37,0.7,0.228013029315961,6.14,,2024
1002023059,Line 5,Fabiola Ramirez,2024-08-28,CACO,ARUBA,DLR-23-23205,12.78,0.33,0.83,0.75,11.73,1.05,0.0821596244131456,15.3975903614458,,2024
1002023063,Line 5,Fabiola Ramirez,2024-08-28,CACO,BAYONET,DLR-23-14541,22.33,0.33,1,0.75,21.46,0.869999999999998,0.0389610389610389,22.33,,2024
1002026848,Line 5,Fabiola Ramirez,2024-08-29,TOCO,BETTER BUSH,LNR 23-24/24066,12.77,0.42,3.33,0.75,10.75,2.02,0.158183241973375,3.83483483483483,,2024
1002026849,Line 5,Fabiola Ramirez,2024-09-03,TOCO,BETTER BUSH,LNR 23-24/24069,12.57,0.42,3.33,0.75,10.26,2.31,0.183770883054893,3.77477477477478,,2024
1002026850,Line 5,Fabiola Ramirez,2024-09-04,TOCO,BQ400,DLR-23-26181,16.47,0.42,4.75,0.75,14.29,2.18,0.132361870066788,3.46736842105263,,2024
1002026697,Line 5,Fabiola Ramirez,2024-09-03,TOCO,CAROLINA,LNR 23-24/24054,13.87,0.42,4.3,0.75,12.4,1.47,0.105984138428262,3.22558139534884,,2024
1002011123,Line 5,Fabiola Ramirez,2024-09-04,CUCO,CELESTINO,150633679,31.55,0.42,1.5,0.75,30.01,1.54,0.048811410459588,21.0333333333333,,2024
1002011122,Line 5,Fabiola Ramirez,2024-09-04,CUCO,RANDALL,150641168,4.3,0.42,0.5,0.75,3.2,1.1,0.255813953488372,8.6,,2024
1002020545,Line 3,Jesus Alvarez,2024-09-04,SQCO,GRANDPRIZE,RBR/15106,340,0.83,8,1,297.5,42.5,0.125,42.5,,2024
1002020559,Line 5,Elodia Castaneda,2024-09-03,BRCO,SAMBUCO,150588406,2.82,0.42,1.5,0.75,2.32,0.5,0.177304964539007,1.88,,2024
1002020590,Line 5,Fabiola Ramirez,2024-09-03,CFCO,GUIDELINE,150609574,22.34,0.42,5.5,0.75,21.57,0.77,0.0344673231871083,4.06181818181818,,2024
1002020591,Line 5,Elodia Castaneda,2024-09-04,BRCO,SECEDA,150610041,22.58,0.33,5,0.5,21.27,1.31,0.0580159433126661,4.516,,2024
1002011124,Line 5,Fabiola Ramirez,2024-09-05,CUCO,FRESCURA,150633680,36.77,0.42,3.17,0.75,35.38,1.39,0.0378025564318738,11.5993690851735,,2024
1002027928,Line 5,Fabiola Ramirez,2024-09-05,WACO,WDL9433,150661926,5.85,0.42,1,0.75,4.65,1.2,0.205128205128205,5.85,,2024
1002020589,Line 3,Jesus Alvarez,2024-09-05,BRCO,GONGGA,150640368,716,0.83,34,1,602,114,0.159217877094972,21.0588235294118,,2024
1002016039,Line 5,Fabiola Ramirez,2024-09-04,CFBS,3C232,150603144,1.25,0.42,0.5,0.75,1.01,0.24,0.192,2.5,,2024
1002016040,Line 5,Fabiola Ramirez,2024-09-05,CFBS,3C097,150602690,5.5,0.42,1.67,0.75,5.04,0.46,0.0836363636363636,3.29341317365269,,2024
1002025359,Line 5,Fabiola Ramirez,2024-09-05,MEBS,1M747,150664622,12.87,0.42,1.5,0.75,10.53,2.34,0.181818181818182,8.58,,2024
1002018051,Line 6,Jose Gomez,2024-08-29,WACO,EXCURSION,150638613L,67.48,0.33,1.83,1.08,63.5,3.98,0.0589804386484884,36.8743169398907,,2024
1002020586,Line 3,Jesus Alvarez,2024-09-06,SQCO,GRANDPRIZE,RBR/15125,627,0.17,17,0.08,612.5,14.5,0.0231259968102073,36.8823529411765,,2024
1002025184,Line 5,Fabiola Ramirez,2024-09-09,CFCO,LECANU,150640794,36.06,0.42,7.17,1.5,34.6,1.46,0.0404880754298392,5.02928870292887,,2024
1002028885,Line 6,Jose Gomez,2024-09-06,WABS,1W594,150701127,181.5,0.33,25.83,0.75,107,74.5,0.410468319559229,7.0267131242741,,2024
1002031539,Line 6,Elodia Castaneda,2024-09-09,WACO,RED RYDER,150722306,225,0.33,12,0.5,163,62,0.275555555555556,18.75,,2024
1002020587,Line 3,Jesus Alvarez,2024-09-09,SQCO,GRANDPRIZE,RBR/15129,539,0.33,12.5,0.08,530,9,0.0166975881261596,43.12,,2024
1002028091,Line 6,Jose Gomez,2024-09-05,SQBS,PP447,150700061,72,0.33,32.5,0.75,61,11,0.152777777777778,2.21538461538462,,2024
1002020588,Line 3,Jesus Alvarez,2024-09-09,SQCO,GRANDPRIZE,RBR/10377,251.5,0.17,6.15,0.08,217,34.5,0.137176938369781,40.8943089430894,,2024
1002025639,Line 5,Fabiola Ramirez,2024-09-09,SQBS,PP640,150638971,24.29,0.42,1.5,0.75,20.8,3.49,0.14368052696583,16.1933333333333,,2024
1002025358,Line 5,Fabiola Ramirez,2024-09-10,MECO,MS0528,150664629,14.34,0.42,1,0.75,13.31,1.03,0.0718270571827057,14.34,,2024
1002025641,Line 5,Fabiola Ramirez,2024-09-09,MEBS,ME508,150673113,5.56,0.42,0.67,0.75,4.07,1.49,0.267985611510791,8.29850746268657,,2024
1002018052,Line 6,Fabiola Ramirez,2024-09-09,WACO,EXCURSION,150638613Q,63.44,0.42,2,0.75,59.5,3.94,0.0621059268600252,31.72,,2024
1002018053,Line 6,Elodia Castaneda,2024-09-10,WACO,EXCURSION,150638613K,62.37,0.42,2.5,0.75,57.5,4.87,0.0780824114157448,24.948,,2024
1002025640,Line 5,Fabiola Ramirez,2024-09-09,SQBS,PP611,150638967,4.71,0.42,0.67,0.75,3.31,1.4,0.29723991507431,7.02985074626866,,2024
1002025448,Line 5,Fabiola Ramirez,2024-09-11,MECO,MS22-1112,150664630,7.21,0.42,0.5,0.75,6.17,1.04,0.144244105409154,14.42,,2024
1002018054,Line 6,Elodia Castaneda,2024-09-11,WACO,EXCURSION,150638613M,59.89,0.42,1.5,0.75,56.5,3.39,0.0566037735849057,39.9266666666667,,2024
1002029235,Line 5,Fabiola Ramirez,2024-09-11,WACO,WDL9454,150529718,16.78,0.42,1.33,0.75,15.36,1.42,0.0846245530393325,12.6165413533835,,2024
1002032996,Line 6,Elodia Castaneda,2024-09-12,WACO,BAHAMA,150722562,112.5,0.42,8,0.75,73,39.5,0.351111111111111,14.0625,,2024
1002020560,Line 3,Jesus Alvarez,2024-09-09,BRCO,ANETO,150588405,288.5,0.83,12,2,254.5,34,0.117850953206239,24.0416666666667,,2024
1002027927,Line 6,Elodia Castaneda,2024-09-12,WACO,SERPENS,150624057A,67.27,0.42,1.5,0.5,65.5,1.77,0.0263118775085476,44.8466666666667,,2024
1002028884,Line 5,Fabiola Ramirez,2024-09-12,SQBS,1S134,150700059,25.64,0.42,1.5,0.75,21.1,4.54,0.177067082683307,17.0933333333333,,2024
1002028883,Line 5,Fabiola Ramirez,2024-09-12,SQBS,PP566,150700063,32.5,0.42,3.5,0.75,27.6,4.9,0.150769230769231,9.28571428571429,,2024
1002027795,Line 6,Fabiola Ramirez,2024-09-13,SQCO,BRICE,150656482-B,118.5,0.42,4.5,0.67,113.5,5,0.0421940928270042,26.3333333333333,,2024
1002028075,Line 6,Fabiola Ramirez,2024-09-13,SQBS,1S071,150700057,108,0.42,4.5,0.75,98,10,0.0925925925925926,24,,2024
1002028882,Line 6,Fabiola Ramirez,2024-09-13,SQBS,PP565,150700062,121,0.42,5,0.75,109,12,0.0991735537190083,24.2,,2024
1002020683,Line 3,Jesus Alvarez,2024-09-13,SQCO,GRANDPRIZE,RBR/10333,497.5,0.83,7,2,483.5,14,0.0281407035175879,71.0714285714286,,2024
1002028926,Line 6,Fabiola Ramirez,2024-09-14,SQBS,SQ243,150700072,59.5,0.42,3,0.75,50,9.5,0.159663865546218,19.8333333333333,,2024
1002033251,Line 5,Alicia Avelar,2024-09-14,SPCO,EL CAPOEIRA,150676467,15.07,0.42,10.5,0.75,9.74,5.33,0.353682813536828,1.4352380952381,,2024
1002020561,Line 3,Jesus Alvarez,2024-09-13,BRCO,SBB003,150588397,253,0.83,20,2,228.39,24.61,0.0972727272727273,12.65,,2024
1002022437,Line 3,Jesus Alvarez,2024-09-14,SQCO,GRANDPRIZE,RBR/15140,413,0.25,12.5,2,391,22,0.0532687651331719,33.04,,2024
1002028928,Line 5,Alicia Avelar,2024-09-15,TOCO,Better bush,LNR 23-24/24092,6.71,0.33,2.5,0.5,3.19,3.52,0.524590163934426,2.684,,2024
1002037012,Line 5,Fabiola Ramirez,2024-09-14,SPCO,EL KUDURO,150683530,14.89,0.42,10,0.75,9.07,5.82,0.39086635325722,1.489,,2024
1002028928,Line 6,Fabiola Ramirez,2024-09-16,SQBS,SQ325,150700098,87.5,0.42,4,0.75,76,11.5,0.131428571428571,21.875,,2024
1002032999,Line 5,Alicia Avelar,2024-09-16,CACO,Nathalie,150580392,53.78,33,6,0.5,51,2.78,0.0516920788397174,8.96333333333333,,2024
1002018075,Line 6,Fabiola Ramirez,2024-09-16,SQCO,SUNBURST,RBR/10318,157.5,0.42,7,0.75,154,3.5,0.0222222222222222,22.5,,2024
1002031983,Line 5,Alicia Avelar,2024-09-14,TOCO,LAYBACK,DLR-23-14833,1.09,0.33,1.25,0.33,0.36,0.73,0.669724770642202,0.872,,2024
1002035873,Line 5,Alicia Avelar,2024-09-17,SPCO,EL BOLERO,150685731,12.15,0.42,9,0.75,9.03,3.12,0.25679012345679,1.35,,2024
1002032123,Line 5,Alicia Avelar,2024-09-16,CACO,ARUBA,DLR-23-23287,7.23,0.33,1.5,0.33,5.92,1.31,0.18118948824343,4.82,,2024
1002031985,Line 5,Alicia Avelar,2024-09-18,TOCO,BETTER BUSH,LNR 23-24/24067,7.51,0.33,4.5,0.33,3.27,4.24,0.564580559254328,1.66888888888889,,2024
1002031984,Line 5,Alicia Avelar,2024-09-18,TOCO,BETTER BUSH,LNR 23-24/24089,22.38,0.33,6,0.5,17.42,4.96,0.221626452189455,3.73,,2024
1002031985,Line 5,Alicia Avelar,2024-09-16,TOCO,Better BUSH,LNR 23-24/24067,7.51,0.33,4.5,0.33,3.27,4.24,0.564580559254328,1.66888888888889,,2024
1002025938,Line 6,Elodia Castaneda,2024-09-19,BSCO,GLADIUS,150602526,183,1,11.5,1,96.16,86.84,0.474535519125683,15.9130434782609,,2024
1002028927,Line 5,Alicia Avelar,2024-09-20,SQBS,SQ281,150700096,49,0.42,10.5,0.75,44.58,4.42,0.0902040816326531,4.66666666666667,,2024
1002028930,Line 5,Alicia Avelar,2024-09-20,SQBS,SQ272,150700074,22.02,0.42,2.5,0.75,16.51,5.51,0.250227066303361,8.808,,2024
1002029656,Line 5,Alicia Avelar,2024-09-20,SQCO,ENTERPRISE,150656476-A,9.81,0.42,1,0.75,8.27,1.54,0.156982670744139,9.81,,2024
1002029458,Line 5,Alicia Avelar,2024-09-20,BRBS,BB112,150603142,5.72,0.42,4.5,0.75,5.22,0.5,0.0874125874125874,1.27111111111111,,2024
1002029653,Line 6,Fabiola Ramirez,2024-09-21,SQCO,PAYROLL,150656260,86.5,0.42,3.33,0.75,84.5,2,0.023121387283237,25.975975975976,,2024
1002025940,Line 6,Elodia Castaneda,2024-09-20,BSCO,SOLIDUS,150602556,194,1,21,1.5,103.96,90.04,0.464123711340206,9.23809523809524,,2024
300094257,Line 5,Alicia Avelar,2024-09-21,WACO,MELODY,150638719C,49.01,0.42,5,0.75,45.48,3.53,0.0720261171189553,9.802,,2024
1002025939,Line 3,Jesus Alvarez,2024-09-19,BSCO,TRIMSTAR,150603937,485,0.75,13,2.5,286.54,198.46,0.40919587628866,37.3076923076923,,2024
1002039347,Line 6,Elodia Castaneda,2024-09-23,CFCO,SPACESTAR GOLD,150609573,160,0.42,21,0.75,155,5,0.03125,7.61904761904762,,2024
1002029651,Line 6,Fabiola Ramirez,2024-09-23,SQCO,SPINELESS BEAUTY,150656155-B,108,0.42,5.17,0.75,105,3,0.0277777777777778,20.889748549323,,2024
1002033253,Line 5,Elodia Castaneda,2024-09-23,SPCO,EL MAJESTIC,150676466,14.99,0.33,9,1,10.5,4.49,0.299533022014676,1.66555555555556,,2024
1002027797,Line 6,Fabiola Ramirez,2024-09-23,SQCO,BRICE,150656482-A,134,0.42,6,0.75,131.5,2.5,0.0186567164179104,22.3333333333333,,2024
1002035790,Line 5,Alicia Avelar,2024-09-23,CFBS,3C142,150602691,17.1,0.42,8,0.75,2.79,14.31,0.836842105263158,2.1375,,2024
1002025183,Line 3,Jesus Alvarez,2024-09-19,BRCO,SERRATA,150588402,308.5,0.92,11,3,300.96,7.54000000000002,0.0244408427876824,28.0454545454545,,2024
1002027796,Line 6,Fabiola Ramirez,2024-09-24,SQCO,BRICE,150656482,162.5,0.42,6,0.75,161,1.5,0.00923076923076923,27.0833333333333,,2024
1002033253,Line 5,Alicia Avelar,2024-09-23,SPCO,EL MAJESTIC,150676466,14.99,0.33,9,1,10.5,4.49,0.299533022014676,1.66555555555556,,2024
1002036255,Line 5,Alicia Avelar,2024-09-23,SQCO,SCAE21-1048,150700951,22.08,0.42,1.25,0.75,17.66,4.42,0.20018115942029,17.664,,2024
1002029657,Line 6,Fabiola Ramirez,2024-09-25,SQCO,ENTERPRISE,150656476,144,0.42,6,0.75,140.5,3.5,0.0243055555555556,24,,2024
1002029460,Line 5,Alicia Avelar,2024-09-17,BRBS,2B184,150602689,0.398,0.08,0.5,0.08,0.095,0.303,0.761306532663317,0.796,,2024
1002028929,Line 5,Alicia Avelar,2024-09-19,SQBS,SQ325,150700098A,11.55,0.33,1.5,0.33,8.83,2.72,0.235497835497836,7.7,,2024
1002025637,Line 6,Fabiola Ramirez,2024-09-26,MECO,OVATION,150664627A,218.62,0.5,5,0.75,216,2.62,0.0119842649345897,43.724,,2024
1002034641,Line 3,Jesus Alvarez,2024-09-25,WACO,RED RYDER,150722307,281,0.83,27,3,187.5,93.5,0.332740213523132,10.4074074074074,,2024
1002034640,Line 3,Jesus Alvarez,2024-09-25,WACO,RED RYDER,150722305,333,0.83,24,3,275,58,0.174174174174174,13.875,,2024
1002035798,Line 5,Alicia Avelar,2024-09-25,SQBS,SQ280,150700075,4.69,0.33,1.5,0.42,3.5,1.19,0.253731343283582,3.12666666666667,,2024
1002035794,Line 5,Alicia Avelar,2024-09-25,SQBS,PP781,150700069,13.26,0.42,5.5.,0.5,9.63,3.63,0.273755656108597,#INVALID OPERATION,,2024
1002035792,Line 5,Alicia Avelar,2024-09-24,CFBS,BK998,150603143,10.48,0.5,4,1,0.46,10.02,0.956106870229008,2.62,,2024
1002029649,Line 3,Jesus Alvarez,2024-09-26,SQCO,SPINELESS BEAUTY,150656155,222,0.92,4,2,212,10,0.045045045045045,55.5,,2024
1002034642,Line 6,Fabiola Ramirez,2024-09-27,WACO,RED RYDER,150722304,199,0.42,11,1,156.5,42.5,0.21356783919598,18.0909090909091,,2024
1002029650,Line 3,Jesus Alvarez,2024-09-28,SQCO,SPINELESS BEAUTY,150656155-A,252,0.92,13,3,245.5,6.5,0.0257936507936508,19.3846153846154,,2024
1002029652,Line 3,Jesus Alvarez,2024-09-28,SQCO,PAYROLL,150656260-A,185,0.92,6,3,178.5,6.5,0.0351351351351351,30.8333333333333,,2024
1002035867,Line 5,Alicia Avelar,2024-09-27,BRBS,BB149,150603141,19.52,0.33,10,0.83,13.27,6.25,0.320184426229508,1.952,,2024
1002035868,Line 5,Alicia Avelar,2024-09-30,CFBS,CF514,150603147,12.3,0.33,9.5,0.5,3.1,9.2,0.747967479674797,1.29473684210526,,2024
1002035802,Line 5,Alicia Avelar,2024-09-27,CFBS,CF320,150603146,11.94,0.33,6.5,0.5,3.89,8.05,0.674204355108878,1.83692307692308,,2024
1002035788,Line 6,Fabiola Ramirez,2024-09-30,SQBS,PP419,150700060,157.5,0.5,8.5,1,140,17.5,0.111111111111111,18.5294117647059,,2024
1002036455,Line 5,Alicia Avelar,2024-09-30,SQBS,SQ204,150700071A,26,0.5,1.5,0.75,17.65,8.35,0.321153846153846,17.3333333333333,,2024
1002037492,Line 5,Alicia Avelar,2024-10-01,WACO,CAPTIVATION,DLR-23-24451,8.69,0.5,1,0.75,6.95,1.74,0.200230149597238,8.69,,2024
1002037493,Line 5,Alicia Avelar,2024-10-01,WACO,EXCURSION,NDN-23-27581,6.36,0.5,0.5,0.75,4.92,1.44,0.226415094339623,12.72,,2024
1002035795,Line 6,Fabiola Ramirez,2024-10-01,SQBS,PP683,150700067,93.5,0.5,7,0.75,81.5,12,0.128342245989305,13.3571428571429,,2024
1002037494,Line 5,Alicia Avelar,2024-10-01,WACO,ESCARLETT,DLR-23-24412,23.33,0.5,1.5,0.75,21.96,1.37,0.0587226746678097,15.5533333333333,,2024
1002037496,Line 6,Elodia Castaneda,2024-10-02,WACO,RED RYDER,150722308,120,0.33,4,1,98,22,0.183333333333333,30,,2024
1002036454,Line 6,Fabiola Ramirez,2024-10-02,SQBS,SQ204,150700071,56.25,0.5,4,0.75,48.14,8.11,0.144177777777778,14.0625,,2024
300094349,Line 5,Alicia Avelar,2024-10-02,WACO,SWEET GEM,150638716C,31.75,0.5,3,0.75,26.92,4.83,0.152125984251969,10.5833333333333,,2024
1002027984,Line 3,Jesus Alvarez,2024-10-01,CFCO,CROONER,150609376,208.5,0.92,12.5,3,188.73,19.77,0.0948201438848921,16.68,,2024
1002040676,Line 5,Elodia Castaneda,2024-10-03,MEBS,1M106,150701837,9.18,0.33,2.5,0.5,7.37,1.81,0.197167755991285,3.672,,2024
1002040677,Line 5,Fabiola Ramirez,2024-10-03,MEBS,ME755,150701124,10.18,33,3,0.75,7.55,2.63,0.258349705304519,3.39333333333333,,2024
0300094350,Line 5,Alicia Avelar,2024-10-03,WACO,CAPTIVATION,150638608F,38.02,0.33,4.5,0.75,34.77,3.25,0.0854813256180957,8.44888888888889,,2024
1002037530,Line 6,Fabiola Ramirez,2024-10-03,SQCO,GRANDPRIZE,150656501,151.5,0.5,7.5,0.75,149,2.5,0.0165016501650165,20.2,,2024
1002040678,Line 5,Elodia Castaneda,2024-10-03,MEBS,ME297,150701842,13.33,0.33,3,0.75,10.52,2.81,0.210802700675169,4.44333333333333,,2024
300094351,Line 5,Alicia Avelar,2024-10-03,WACO,SWEET GEM,150638716A,41.38,0.42,2,0.75,37.74,3.64,0.0879652005799903,20.69,,2024
300094352,Line 5,Alicia Avelar,2024-10-03,WACO,SWEET GEM,150618988C,17.46,0.42,1.5,1,13.81,3.65,0.209049255441008,11.64,,2024
1002040211,Line 5,Alicia Avelar,2024-10-03,SQBS,1S088,150700058,18.82,0.42,1.5,0.75,14.19,4.63,0.246014877789586,12.5466666666667,,2024
1002040212,Line 5,Alicia Avelar,2024-10-03,SQBS,SQ260,150700073,23.25,0.42,1,0.75,17.56,5.69,0.244731182795699,23.25,,2024
1002037531,Line 6,Fabiola Ramirez,2024-10-04,SQCO,GRANDPRIZE,150656501-D,132.5,0.42,5.25,0.75,126,6.5,0.0490566037735849,25.2380952380952,,2024
1002037535,Line 5,Elodia Castaneda,2024-10-07,MEBS,1M063,150700953,13.63,0.33,1.5,0.75,11.15,2.48,0.181951577402788,9.08666666666667,,2024
1002037545,Line 5,Alicia Avelar,2024-10-07,WABS,W0A20,150701113,23.34,0.33,3,0.75,17.08,6.26,0.268209083119109,7.78,,2024
1002037536,Line 5,Alicia Avelar,2024-10-07,WABS,1W213,150701109,4.32,0.33,1.5,0.5,2.5,1.82,0.421296296296296,2.88,,2024
1002037540,Line 5,Alicia Avelar,2024-10-08,WABS,1W162,150702503,6.08,0.33,1.5,0.5,4.29,1.79,0.294407894736842,4.05333333333333,,2024
1002037537,Line 5,Alicia Avelar,2024-10-08,WABS,1W182,150702505,7.77,0.33,1,0.5,5.74,2.03,0.261261261261261,7.77,,2024
1002037538,Line 5,Alicia Avelar,2024-10-08,MEBS,1M290,150701838,9.26,0.33,1.5,0.5,7.99,1.27,0.137149028077754,6.17333333333333,,2024
1002027983,Line 3,Jesus Alvarez,2024-10-03,CFCO,COPACABANA,150588703,622.5,0.92,14.5,3,405.48,217.02,0.348626506024096,42.9310344827586,,2024
1002025942,Line 3,Jesus Alvarez,2024-10-08,BSCO,COLELIUS,150602527,473,0.92,17,3,333.89,139.11,0.294101479915433,27.8235294117647,,2024
1002039830,Line 6,Fabiola Ramirez,2024-10-10,WACO,RED RYDER,160732445,67.5,0.5,4,0.75,48,19.5,0.288888888888889,16.875,,2024
1002048230,Line 5,Alicia Avelar,2024-10-09,MEBS,ME462,150701123,1.94,0.33,0.5,0.5,1.4,0.54,0.278350515463918,3.88,,2024
1002037542,Line 5,Alicia Avelar,2024-10-09,WABS,WM614,150702498,6.68,0.33,2,0.5,4.56,2.12,0.317365269461078,3.34,,2024
1002037539,Line 5,Alicia Avelar,2024-10-08,MEBS,1M291,150701839,7.1,0.33,2.5,0.75,4.92,2.18,0.307042253521127,2.84,,2024
1002037541,Line 5,Alicia Avelar,2024-10-09,WABS,1W180,150702504,10.95,0.33,2.5,0.75,8.7,2.25,0.205479452054795,4.38,,2024
1002037495,Line 6,Fabiola Ramirez,2024-10-09,WACO,POWERHOUSE,150721666,208,0.33,13.5,0.75,166.5,41.5,0.199519230769231,15.4074074074074,,2024
1002037646,Line 5,Alicia Avelar,2024-10-09,MEBS,ME773,150761393,5.21,0.33,1,0.75,3.47,1.74,0.333973128598848,5.21,,2024
1002040274,Line 5,Alicia Avelar,2024-10-10,CFCO,LECANU,150667337C,35.22,0.42,8,0.75,34.57,0.649999999999999,0.0184554230550823,4.4025,,2024
1002039826,Line 5,Alicia Avelar,2024-10-09,WACO,POWERHOUSE,150694720,26,0.42,5.3,..75,13.42,12.58,0.483846153846154,4.90566037735849,,2024
1002040273,Line 6,Fabiola Ramirez,2024-10-11,CFCO,LECANU,150667337,62.68,0.33,6,0.75,61.44,1.24,0.0197830248883216,10.4466666666667,,2024
1002040424,Line 5,Alicia Avelar,2024-10-11,CFCO,LECANU,150610038,11.54,0.42,4,0.75,10.71,0.829999999999998,0.0719237435008664,2.885,,2024
300094424,Line 5,Alicia Avelar,2024-10-11,WACO,JAVELIN,150638717A,36.21,0.42,4,0.75,22.79,13.42,0.370615851974593,9.0525,,2024
1002040423,Line 6,Fabiola Ramirez,2024-10-14,CFCO,LECANU,150610037,163.5,0.33,14.5,0.75,161.64,1.86000000000001,0.0113761467889909,11.2758620689655,,2024
1002025944,Line 3,Jesus Alvarez,2024-10-11,BSCO,GUSTUS,150627363C,247,0.92,26,3,135.39,111.61,0.451862348178138,9.5,,2024
1002040685,Line 5,Alicia Avelar,2024-10-14,SQBS,PP651,150700066,29.11,0.33,4,0.5,24.1,5.01,0.172105805565098,7.2775,,2024
1002040679,Line 5,Alicia Avelar,2024-10-14,MEBS,1M042,150700952,17.32,0.33,1,0.75,15.04,2.28,0.131639722863741,17.32,,2024
1002040682,Line 5,Alicia Avelar,2024-10-14,MEBS,ME774,150748634,5.94,0.33,1,0.5,4.11,1.83,0.308080808080808,5.94,,2024
1002040683,Line 5,Alicia Avelar,2024-10-15,SQBS,PP640,150700064,17.91,0.33,1,0.5,12,5.91,0.32998324958124,17.91,,2024
1002040272,Line 3,Jesus Alvarez,2024-10-15,BSCO,GUSTUS,150602525,837.5,0.92,38.5,0.92,496,341.5,0.407761194029851,21.7532467532468,,2024
1002040680,Line 5,Alicia Avelar,2024-10-15,SQBS,1S047,150700056,8.08,0.33,1,0.5,4.73,3.35,0.41460396039604,8.08,,2024
1002040275,Line 5,Alicia Avelar,2024-10-15,WCCO,TEKILA-R,150602531,31.5,0.42,4,0.75,22.69,8.81,0.27968253968254,7.875,,2024
1002040684,Line 5,Alicia Avelar,2024-10-16,SQBS,PP640,150700065,45.16,0.42,3,0.75,35.84,9.31999999999999,0.20637732506643,15.0533333333333,,2024
1002040766,Line 5,Alicia Avelar,2024-10-16,SQBS,PP727,150700068,39.34,0.42,4,0.75,33.23,6.11000000000001,0.155312658871378,9.835,,2024
1002040768,Line 5,Alicia Avelar,2024-10-18,WABS,WA009,150701110,25.88,0.42,1,0.75,19.52,6.36,0.245749613601237,25.88,,2024
1002040769,Line 5,Alicia Avelar,2024-10-18,WABS,WA437,150702499,42.24,0.42,2,0.75,34.42,7.82,0.185132575757576,21.12,,2024
1002039831,Line 6,Elodia Castaneda,2024-10-18,WACO,BAHAMA,150722561,212.5,0.5,5,1,162,50.5,0.237647058823529,42.5,,2024
1002040770,Line 5,Alicia Avelar,2024-10-18,WABS,WM802,150702497,14.83,0.42,1.5,0.75,9.69,5.14,0.346594740391099,9.88666666666667,,2024
1002043368,Line 5,Alicia Avelar,2024-10-18,WABS,1W386,150702496,28.98,0.42,1,0.75,23.67,5.31,0.183229813664596,28.98,,2024
1002040755,Line 6,Elodia Castaneda,2024-10-19,WCCO,AGRESSOR,150620702C,167.5,1,16,1.5,10.28,157.22,0.938626865671642,10.46875,,2024
1002040767,Line 5,Elodia Castaneda,2024-10-17,SQBS,SQ320,150700097,9.86,0.42,1.5,0.75,6.41,3.45,0.349898580121704,6.57333333333333,,2024
1002035869,Line 5,Elodia Castaneda,2024-10-01,CFBS,CF605,150603148,0.97,0.5,3,0.75,0.011,0.959,0.988659793814433,0.323333333333333,,2024
1002035805,Line 5,Elodia Castaneda,2024-09-27,BRBS,BB111,150603140,2.27,0.33,3.5,0.75,0.073,2.197,0.96784140969163,0.648571428571429,,2024
1002040271,Line 3,Jesus Alvarez,2024-10-17,BSCO,HEY MELIS,150602557,569.5,0.92,29,3,299.85,269.65,0.473485513608428,19.6379310344828,,2024
1002025941,Line 3,Jesus Alvarez,2024-10-19,BSCO,NIMBUS,150602558,648,0.92,24,3,476.29,171.71,0.264984567901235,27,,2024
1002037543,Line 6,Elodia Castaneda,2024-10-23,SQBS,SQ204,150700070,184.5,0.5,6,1,140.5,44,0.238482384823848,30.75,,2024
1002037532,Line 6,Elodia Castaneda,2024-10-23,SQCO,GRANPRIZE,150656501-A,178.5,0.33,2.5,0,169.5,9,0.0504201680672269,71.4,,2024
1002040756,Line 6,Fabiola Ramirez,2024-10-23,WCCO,AGRESSOR,150632406C,240.5,0.42,20,2,84.35,156.15,0.649272349272349,12.025,,2024
1002025943,Line 3,Jesus Alvarez,2024-10-16,BSCO,GUSTUS,1506027363,510.5,0.92,26,0.92,125.5,385,0.754162585700294,19.6346153846154,,2024
1002037533,Line 6,Elodia Castaneda,2024-10-23,SQCO,GRANDPRIZE,150656501-B,203,0.33,3,0,197.5,5.5,0.0270935960591133,67.6666666666667,,2024
1002043371,Line 5,Alicia Avelar,2024-10-23,CABS,4P081,150686238,2.41,0.33,0.5,0.5,1.76,0.65,0.269709543568465,4.82,,2024
1002043372,Line 5,Alicia Avelar,2024-10-23,CABS,5P045,150685772,2.2,0.33,0.5,0.5,1.55,0.65,0.295454545454545,4.4,,2024
1002045126,Line 3,Jesus Alvarez,2024-10-23,SPCO,CAPOEIRA,150619256A,4989,2.5,13.5,3.5,4327,662,0.132691922228904,369.555555555556,,2024
1002043375,Line 5,Alicia Avelar,2024-10-23,CABS,P01M2,150685769,1.06,0.33,0.5,0.5,0.71,0.35,0.330188679245283,2.12,,2024
1002043373,Line 5,Alicia Avelar,2024-10-24,MEBS,ME305,150701121,8.16,0.33,0.5,0.5,6.19,1.97,0.241421568627451,16.32,,2024
1002047633,Line 6,Fabiola Ramirez,2024-10-25,WABS,1W039,150701126,328,0.33,22,1,276.5,51.5,0.157012195121951,14.9090909090909,,2024
1002048228,Line 6,Fabiola Ramirez,2024-10-25,WCCO,KEPLER,150602688,88,0.33,11,1,84.93,3.06999999999999,0.0348863636363635,8,,2024
1002037647,Line 5,Elodia Castaneda,2024-10-09,MEBS,ME775,150749896,1.74,0.33,0.5,0.5,1.17,0.57,0.327586206896552,3.48,,2024
2400006423,Line 6,Elodia Castaneda,2024-10-25,SQCO,GRANDPRIZE,RBR/10239,93.5,0.33,3.75,0.75,78.5,15,0.160427807486631,24.9333333333333,,2024
1002040917,Line 5,Alicia Avelar,2024-10-17,BRCO,SGD1076,150590887,8.63,0.33,3,1,1.17,7.46,0.864426419466976,2.87666666666667,,2024
1002040918,Line 5,Alicia Avelar,2024-10-17,BRCO,SGD0104,150590888,8.53,0.33,2,0.75,2.12,6.41,0.751465416178195,4.265,,2024
1002040276,Line 5,Alicia Avelar,2024-10-17,BRCO,BBRO21-50042,150614722,12.26,0.33,3,0.75,0.98,11.28,0.920065252854812,4.08666666666667,,2024
1002048175,Line 3,Jesus Alvarez,2024-10-26,SPCO,EL BOLERO,150678169,4314,0.92,26.5,3,4263,51,0.0118219749652295,162.792452830189,,2024
300094502,Line 5,Alicia Avelar,2024-10-26,TOCO,BETTER BUSH,LNR 23-24/24069,10.26,0.42,4.5,0.75,9.34,0.92,0.0896686159844055,2.28,,2024
1002043229,Line 5,Elodia Castaneda,2024-10-24,MEBS,1M747,150701840,4.07,0.33,0.5,0.5,2.68,1.39,0.341523341523341,8.14,,2024
300094503,Line 5,Alicia Avelar,2024-10-26,TOCO,BETTER BUSH,LNR 23-24/24066,10.54,0.42,1.5,0.75,9.95,0.59,0.055977229601518,7.02666666666667,,2024
300094505,Line 5,Alicia Avelar,2024-10-28,CACO,ARUBA,DLR-23-23205,11.71,0.42,1,0.75,11.26,0.450000000000001,0.0384286934244237,11.71,,2024
1002048906,Line 6,Fabiola Ramirez,2024-10-28,MECO,ACCOLADE,150673321,76.41,0.33,1,0.75,74.5,1.91,0.0249967281769402,76.41,,2024
300094506,Line 5,Alicia Avelar,2024-10-28,CACO,ARUBA,LNR-23-24642,2.37,0.42,0.5,0.67,2.04,0.33,0.139240506329114,4.74,,2024
300094507,Line 5,Alicia Avelar,2024-10-28,CACO,GROUPER,DLR-23-14538,33.93,0.42,3,0.75,24.29,9.64,0.28411435307987,11.31,,2024
1002037534,Line 6,Elodia Castaneda,2024-10-24,SQCO,GRANDPRIZE,150656501-C,168,0.33,2.5,1.17,164,4,0.0238095238095238,67.2,,2024
300094508,Line 5,Alicia Avelar,2024-10-28,CACO,GROUPER,LNR-23-25493,11.97,0.42,2,0.75,7.84,4.13,0.345029239766082,5.985,,2024
1002040746,Line 6,Fabiola Ramirez,2024-10-29,WCCO,KEVIN,150602683,303,0.5,26.08,2,176.2,126.8,0.418481848184819,11.6180981595092,,2024
1002047748,Line 5,Alicia Avelar,2024-10-25,SQBS,1S181,150700099,23.74,0.42,4,0.75,15.5,8.24,0.34709351305813,5.935,,2024
1002043370,Line 5,Alicia Avelar,2024-10-23,CABS,4P080,150685771,1.168,0.42,0.5,0.67,0.77,0.398,0.340753424657534,2.336,,2024
300094427,Line 6,Fabiola Ramirez,2024-10-29,SQCO,GRANDPRIZE,RBR/10239,243.5,0.33,7.25,1.25,168.5,75,0.308008213552361,33.5862068965517,,2024
2400006423,Line 6,Fabiola Ramirez,2024-10-25,SQCO,GRANDPRIZE,RBR/10239,93.5,0.33,3.75,0.75,77,16.5,0.176470588235294,24.9333333333333,,2024
2400006422,Line 6,Fabiola Ramirez,2024-10-30,SQCO,SPINE BEAUTY,RBR/10196,352,0.33,10.5,0.75,297,55,0.15625,33.5238095238095,,2024
1002043376,Line 5,Alicia Avelar,2024-10-23,CABS,P01M3,150685770,0.96,0.33,0.5,0.5,0.71,0.25,0.260416666666667,1.92,,2024
1002048870,Line 5,Alicia Avelar,2024-10-30,CABS,5P058,150685773,2.28,0.42,1,5,1.87,0.41,0.179824561403509,2.28,,2024
1002048888,Line 5,Elodia Castaneda,2024-10-30,WABS,WA801,150702501,3.99,0.42,1,0.5,3.01,0.98,0.245614035087719,3.99,,2024
1002048872,Line 5,Elodia Castaneda,2024-10-29,CUBS,CU213,150700045,2.17,0.42,0.5,0.5,1.89,0.28,0.129032258064516,4.34,,2024
1002048891,Line 5,Alicia Avelar,2024-10-31,WABS,W2A55,150702500,21.39,0.42,1.5,50,18.16,3.23,0.151005142589995,14.26,,2024
1002048873,Line 5,Alicia Avelar,2024-10-31,WABS,WA013,150701112,15.57,0.42,1.5,0.5,12.07,3.5,0.224791265253693,10.38,,2024
1002048890,Line 5,Alicia Avelar,2024-10-29,CUBS,CL317,150700043,0.121,0.42,0.15,0.67,0.045,0.076,0.628099173553719,0.806666666666667,,2024
1002048889,Line 5,Alicia Avelar,2024-10-29,CUBS,CL289,150700042,0.166,0.42,0.25,0.67,0.072,0.094,0.566265060240964,0.664,,2024
2400006235,Line 6,Fabiola Ramirez,2024-10-31,SQCO,GRANDPRIZE,150510648,172,0.42,16.5,0.75,162.5,9.5,0.0552325581395349,10.4242424242424,,2024
1002048871,Line 5,Alicia Avelar,2024-10-30,WABS,WA149,150701111,10.23,0.42,1.5,0.5,7.4,2.83,0.27663734115347,6.82,,2024
1002040749,Line 3,Jesus Alvarez,2024-10-30,BRCO,SSB003,150640367,347,0.25,29,3,304.36,42.64,0.122881844380403,11.9655172413793,,2024
1002039827,Line 3,Jesus Alvarez,2024-10-31,WACO,QUETZALI,150689102,1990.5,2,27,3,1730.5,260,0.130620447123838,73.7222222222222,,2024
1002040747,Line 3,Jesus Alvarez,2024-10-21,CFCO,SPACESTAR GOLD,150641304,277.5,1.5,31,3,232.28,45.22,0.162954954954955,8.95161290322581,,2024
1002042573,Line 6,Fabiola Ramirez,2024-11-01,SQBS,SQ325,150699634,207.5,1,14,1,134.5,73,0.351807228915663,14.8214285714286,,2024
1002051189,Line 5,Alicia Avelar,2024-11-02,MEBS,ME701,150718600,6.82,0.33,1,0.5,5.12,1.7,0.249266862170088,6.82,,2024
1002049881,Line 6,Alicia Avelar,2024-11-04,MECO,ACCOLADE,150705615,226,0.42,2.5,0.5,221.5,4.5,0.0199115044247788,90.4,,2024
2400006424,Line 3,Jesus Alvarez,2024-11-02,SQCO,GRANDPRIZE,RBR/10174,279,0.83,7.5,3,275,4,0.014336917562724,37.2,,2024
1002049884,Line 5,Alicia Avelar,2024-11-04,MECO,HEIDI,150673324,8.67,0.42,0.5,0.5,7.54,1.13,0.130334486735871,17.34,,2024
1002044401,Line 6,Fabiola Ramirez,2024-11-04,CFCO,TETRIS,150609377,138.5,0.33,12,0.75,135.12,3.38,0.0244043321299639,11.5416666666667,,2024
1002049891,Line 6,Fabiola Ramirez,2024-11-04,WACO,CAROLINA STG BK,150694679C,154,0.33,10.83,0.75,134.5,19.5,0.126623376623377,14.2197599261311,,2024
1002049885,Line 5,Alicia Avelar,2024-11-04,MECO,NOVIRA,150673323,24.45,0.42,1.5,0.5,23.6,0.849999999999998,0.034764826175869,16.3,,2024
1002044402,Line 6,Fabiola Ramirez,2024-11-04,CFCO,CLARINA,150609107,70,0.33,5.83,0.75,66.58,3.42,0.0488571428571429,12.0068610634648,,2024
1002049888,Line 3,Jesus Alvarez,2024-11-04,WACO,CAROLINA STG BK,150694679B,1158,0.92,10,2,895,263,0.227115716753022,115.8,,2024
1002050836,Line 5,Alicia Avelar,2024-11-05,MECO,OVATION,150673316-B,49.5,0.42,3,0.5,48.2,1.3,0.0262626262626263,16.5,,2024
1002049889,Line 3,Jesus Alvarez,2024-11-05,WACO,CAROLINA STG BK,150694679A,492.5,0.33,4.5,0.83,441.54,50.96,0.103472081218274,109.444444444444,,2024
1002050536,Line 5,Alicia Avelar,2024-11-04,CUCO,SKYLUKS,150702651,2.29,0.42,0.5,0.5,1.96,0.33,0.14410480349345,4.58,,2024
1002044396,Line 6,Fabiola Ramirez,2024-11-05,CFCO,CROONER,150585325,210,0.33,14.5,0.75,157.93,52.07,0.247952380952381,14.4827586206897,,2024
1002049890,Line 3,Jesus Alvarez,2024-11-06,WACO,CAROLINA STG BK,150694679,486,0.33,7,0.17,422.5,63.5,0.130658436213992,69.4285714285714,,2024
1002051129,Line 5,Alicia Avelar,2024-11-06,MECO,COLORSWEET,150673325,71,0.42,5.5,0.5,69.5,1.5,0.0211267605633803,12.9090909090909,,2024
1002047537,Line 6,Fabiola Ramirez,2024-11-06,WACO,BAHAMA,150694680,206.5,0.33,9,0.75,166,40.5,0.196125907990315,22.9444444444444,,2024
1002052290,Line 5,Alicia Avelar,2024-11-06,MEBS,ME696,150756368,7.32,0.42,0.5,0.5,5.78,1.54,0.210382513661202,14.64,,2024
1002050542,Line 5,Alicia Avelar,2024-11-07,MECO,COLORSWEET,150673326,87,0.42,6,0.5,83,4,0.0459770114942529,14.5,,2024
1002039828,Line 3,Jesus Alvarez,2024-11-07,WACO,RED RYDER,150689103,460,0.83,6.5,3,395.5,64.5,0.140217391304348,70.7692307692308,,2024
1002048229,Line 6,Fabiola Ramirez,2024-11-07,WCCO,KILASTOR,150603101,142.5,0.33,12,0.75,134.81,7.69,0.0539649122807018,11.875,,2024
1002039829,Line 3,Jesus Alvarez,2024-11-07,WACO,RED RYDER,150733143,352.5,0.17,5.5,0.08,320,32.5,0.0921985815602837,64.0909090909091,,2024
1002050834,Line 5,Alicia Avelar,2024-11-07,MECO,OVATION,150673316,96,0.42,6,0.5,94,2,0.0208333333333333,16,,2024
1002050541,Line 6,Fabiola Ramirez,2024-11-07,MECO,OVATION,150673317,191,0.33,2.67,0.75,187,4,0.0209424083769634,71.5355805243446,,2024
1002052291,Line 6,Fabiola Ramirez,2024-11-08,WABS,1W244,150701128,396,0.33,17.17,0.75,362.5,33.5,0.0845959595959596,23.0634828188701,,2024
1002050835,Line 5,Alicia Avelar,2024-11-11,MECO,OVATION,150673316-A,97,0.25,7,0.42,96,1,0.0103092783505155,13.8571428571429,,2024
1002044344,Line 6,Fabiola Ramirez,2024-11-11,SQCO,RIGAS,150728702,292,1,25.83,1,99,193,0.660958904109589,11.3046844754162,,2024
300094472,Line 5,Alicia Avelar,2024-11-12,SQCO,BRICE,150656482-A,132,0.42,4.5,0.75,108.5,23.5,0.178030303030303,29.3333333333333,,2024
0300094426,Line 5,Elodia Castaneda,2024-10-12,WACO,JAVELIN,150638717G,18.57,0.08,5,0.17,17.18,1.39,0.0748519116855143,3.714,,2024
1002050538,Line 3,Jesus Alvarez,2024-11-12,SQCO,SPINE BEAUTY,150681822,574,0.17,8.67,0.33,557,17,0.029616724738676,66.2053056516724,,2024
300094423,Line 5,Alicia Avelar,2024-10-12,WACO,JAVELIN,150638717,39.37,0.42,9.5,0.75,22.64,16.73,0.4249428498857,4.14421052631579,,2024
300094425,Line 5,Alicia Avelar,2024-10-12,WACO,JAVELIN,150638717D,25.1,0.42,8.5,0.75,12.41,12.69,0.505577689243028,2.95294117647059,,2024
300094426,Line 5,Alicia Avelar,2024-10-12,WACO,JAVELIN,150638717G,18.57,0.08,5,0.17,17.18,1.39,0.0748519116855143,3.714,,2024
300094790,Line 5,Alicia Avelar,2024-11-11,WACO,RED RYDER,150722308,98.5,0.42,3,0.67,91,7.5,0.0761421319796954,32.8333333333333,,2024
1002043378,Line 3,Jesus Alvarez,2024-11-13,SQCO,SPINE BEAUTY,150700050,1506,0.83,29,3,1037.5,468.5,0.311088977423639,51.9310344827586,,2024
1002049119,Line 6,Fabiola Ramirez,2024-11-13,WACO,SP-7,150694719,327.5,0.33,26.83,0.75,285.5,42,0.12824427480916,12.2064852776742,,2024
1002052699,Line 5,Alicia Avelar,2024-11-14,SQBS,PP565,150700062A,50.29,0.42,2.5,0.67,41.61,8.68,0.172598926227878,20.116,,2024
1002035789,Line 5,Alicia Avelar,2024-11-14,CACO,MEXICA HOT,150679895A,5.91,0.17,0.5,0.25,4.93,0.98,0.165820642978003,11.82,,2024
1002035797,Line 5,Alicia Avelar,2024-11-14,CACO,MEXICA HOT,150680597,4.14,0.08,0.5,0.17,3.21,0.93,0.22463768115942,8.28,,2024
1002035799,Line 5,Alicia Avelar,2024-11-14,CACO,MEXICA HOT,150680597C,4.02,0.08,0.5,0.17,3.13,0.89,0.221393034825871,8.04,,2024
1002053232,Line 6,Fabiola Ramirez,2024-11-14,WABS,1W585,150701125,289,0.33,8,0.75,248,41,0.141868512110727,36.125,,2024
1002035796,Line 5,Alicia Avelar,2024-11-14,CACO,MEXICA HOT,150679895,4.6,0.08,0.5,0.17,3.74,0.859999999999999,0.18695652173913,9.2,,2024
1002035793,Line 5,Alicia Avelar,2024-11-14,CACO,MEXICA HOT,150680597A,4.76,0.08,0.5,0.17,3.88,0.88,0.184873949579832,9.52,,2024
1002053233,Line 5,Alicia Avelar,2024-11-14,WABS,WA437,150761394,12.8,0.25,1.5,0.42,8.97,3.83,0.29921875,8.53333333333333,,2024
1002050537,Line 6,Fabiola Ramirez,2024-11-16,SQCO,MILOS,150699974,295,0.33,16.5,1,86.5,208.5,0.706779661016949,17.8787878787879,,2024
1002052695,Line 5,Alicia Avelar,2024-11-15,MEBS,ME759,150718607,6.7,0.17,1,0.25,4.89,1.81,0.270149253731343,6.7,,2024
1002053231,Line 5,Alicia Avelar,2024-11-15,MEBS,ME413,150701122,9.59,0.17,1,0.25,6.4,3.19,0.332638164754953,9.59,,2024
1002052697,Line 5,Alicia Avelar,2024-11-15,MEBS,ME763,150718609,5.74,0.25,0.5,0.42,4.08,1.66,0.289198606271777,11.48,,2024
1002052698,Line 5,Alicia Avelar,2024-11-15,MEBS,ME772,150748632,5.65,0.17,0.5,0.42,3.73,1.92,0.339823008849557,11.3,,2024
1002040752,Line 3,Jesus Alvarez,2024-11-16,WCCO,AGRESSOR,150532406,1692,0.67,32,3,705.5,986.5,0.583037825059102,52.875,,2024
1002053234,Line 5,Alicia Avelar,2024-11-16,WABS,WA437,150761394A,4.86,0.25,0.5,0.42,2.77,2.09,0.430041152263374,9.72,,2024
1002052696,Line 5,Alicia Avelar,2024-11-16,MEBS,ME762,150718608,5.43,0.25,1,0.42,3.86,1.57,0.289134438305709,5.43,,2024
1002035791,Line 5,Alicia Avelar,2024-11-16,CACO,MEXICA HOT,150680597B,5.66,0.17,1.5,0.25,4.68,0.98,0.173144876325088,3.77333333333333,,2024
1002047538,Line 5,Alicia Avelar,2024-11-16,CACO,MEXICA HOT,150679895B,3.74,0.08,0.5,0.17,2.84,0.9,0.240641711229947,7.48,,2024
1002035803,Line 5,Alicia Avelar,2024-11-16,CACO,TLAPANECO,150680596A,4.06,0.17,0.5,0.33,3.08,0.98,0.241379310344828,8.12,,2024
1002035804,Line 5,Alicia Avelar,2024-11-16,CACO,TLAPANECO,150680596,3.77,0.08,0.5,0.17,2.82,0.95,0.251989389920424,7.54,,2024
1002040754,Line 3,Jesus Alvarez,2024-11-18,WCCO,AGRESSOR,150632408,608,0.17,14,0.08,223.56,384.44,0.632302631578947,43.4285714285714,,2024
1002035801,Line 5,Alicia Avelar,2024-11-19,CACO,TLAPANECO,150679894A,4.8,0.33,1,0.75,3.85,0.95,0.197916666666667,4.8,,2024
1002035866,Line 5,Alicia Avelar,2024-11-16,CACO,TLAPANECO,150679894,2.61,0.08,0.5,0.17,1.72,0.89,0.340996168582376,5.22,,2024
1002055521,Line 5,Alicia Avelar,2024-11-19,MECO,APHRODITE,150705613,43.27,0.25,3.5,0.42,42.06,1.21,0.0279639473076034,12.3628571428571,,2024
1002055525,Line 6,Fabiola Ramirez,2024-11-19,SQCO,GRANDPRIZE,NDN-23-27505,53.5,0.33,1.83,1,50.5,3,0.0560747663551402,29.2349726775956,,2024
1002033644,Line 5,Alicia Avelar,2024-11-19,CACO,NATHALIE,LNR-23-24467,12.5,0.25,1.5,0.42,11.16,1.34,0.1072,8.33333333333333,,2024
1002057284,Line 6,Fabiola Ramirez,2024-11-21,MECO,ACCOLADE,150706324,238.5,0.5,4,0.75,234.5,4,0.0167714884696017,59.625,,2024
1002040750,Line 3,Jesus Alvarez,2024-11-20,WCCO,AGRESSOR,150602686,2113,0.5,32,0.08,914,1199,0.567439659252248,66.03125,,2024
1002055523,Line 3,Fabiola Ramirez,2024-11-26,MECO,OVATION,150705612A,346,0.33,7.67,0.75,344.5,1.5,0.00433526011560694,45.1108213820078,,2024
1002034826,Line 5,Alicia Avelar,2024-11-22,TOCO,QUALI T 99,LNR-23-25353,5.05,0.08,0.2,0.17,3.7,1.35,0.267326732673267,25.25,,2024
1002034664,Line 5,Alicia Avelar,2024-11-25,TOCO,QUALI T 99,LNR-23-25352,11,0.08,6,0.17,9.35,1.65,0.15,1.83333333333333,,2024
1002034665,Line 5,Alicia Avelar,2024-11-25,TOCO,QUALI T 99,LNR-23-25376,5.45,0.08,2.5,0.17,4.61,0.84,0.154128440366972,2.18,,2024
1002034663,Line 5,Alicia Avelar,2024-11-26,TOCO,QUALI T 99,LNR-23-25316,10.6,0.17,3,0.25,9.1,1.5,0.141509433962264,3.53333333333333,,2024
1002055522,Line 3,Fabiola Ramirez,2024-11-26,MECO,OVATION,150705612,344,0.33,5,0.17,340,4,0.0116279069767442,68.8,,2024
1002037529,Line 3,Jesus Alvarez,2024-11-27,SQCO,ORTANO,150700051,528.5,0.92,50.5,3,259,269.5,0.509933774834437,10.4653465346535,,2024
1002040753,Line 3,Jesus Alvarez,2024-11-23,WCCO,AGRESSOR,150620702,1033.5,0.83,44,3,108.37,925.13,0.895142718916304,23.4886363636364,,2024
1002058598,Line 6,Fabiola Ramirez,2024-12-03,MECO,HEIDI,150706121,103,0.33,3,0.75,101,2,0.0194174757281553,34.3333333333333,,2024
1002057956,Line 5,Alicia Avelar,2024-12-03,MEBS,ME758,150718606,6.71,0.25,1,0.42,5.01,1.7,0.253353204172876,6.71,,2024
1002057957,Line 5,Alicia Avelar,2024-12-04,MEBS,ME749,150718604,6.95,0.25,1,0.42,5.37,1.58,0.227338129496403,6.95,,2024
300094897,Line 5,Alicia Avelar,2024-12-04,MECO,NOVIRA,150673323,23.6,0.25,2,0.42,19.48,4.12,0.174576271186441,11.8,,2024
1002032269,Line 5,Alicia Avelar,2024-12-04,TOCO,BQ400,DLR-23-26311,11.23,0.25,2,0.42,10.64,0.59,0.0525378450578807,5.615,,2024
1002032270,Line 5,Alicia Avelar,2024-12-05,TOCO,BQ400,DLR-23-26188,8.75,0.25,2,0.42,7.72,1.03,0.117714285714286,4.375,,2024
1002032274,Line 5,Alicia Avelar,2024-12-05,TOCO,BQ273,LNR-23-25379,8.91,0.25,2,0.42,8.32,0.59,0.0662177328843995,4.455,,2024
1002038953,Line 5,Alicia Avelar,2024-12-06,TOCO,BQ273,150623370/LNR-23-26528,6.49,0.25,2,0.42,6.22,0.27,0.0416024653312789,3.245,,2024
1002032273,Line 5,Alicia Avelar,2024-12-10,TOCO,BQ273,LNR-23-25340,9.21,0.25,2,0.42,8.13,1.08,0.117263843648208,4.605,,2024
1002050539,Line 3,Jesus Alvarez,2024-12-03,SQCO,NOCHE,150722315,650.5,0.58,28,3,119,531.5,0.81706379707917,23.2321428571429,,2024
1002032267,Line 5,Alicia Avelar,2024-12-10,TOCO,BQ400,DLR-23-26185,29.38,0.25,5,0.42,27.45,1.93,0.0656909462219197,5.876,,2024
1002048227,Line 3,Jesus Alvarez,2024-12-11,WCCO,Gloria Star,150602533,2830.9,0.83,29,3,2534.5,296.4,0.104701684976509,97.6172413793103,,2024
1002036176,Line 5,Alicia Avelar,2024-12-06,CACO,NATHALIE,150580388C,17.35,0.25,4,0.42,16.6,0.75,0.0432276657060519,4.3375,,2024
1002064001,Line 5,Alicia Avelar,2024-12-12,CACO,MEXICA HOT,DLR-23-14819,5.35,0.25,1,0.42,4.63,0.72,0.134579439252336,5.35,,2024
1002036177,Line 5,Alicia Avelar,2024-12-12,CACO,NATHALIE,150580388A,17.55,0.25,1.5,0.42,16.79,0.760000000000002,0.0433048433048434,11.7,,2024
1002032276,Line 5,Alicia Avelar,2024-12-13,TOCO,BQ273,LNR-23-26565,6.5,0.25,1.5,0.42,5.92,0.58,0.0892307692307692,4.33333333333333,,2024
1002066037,Line 5,Elodia Castaneda,2024-12-11,SQBS,SQ391,150718520,30.1,0.17,2.5,0.67,25.75,4.35,0.144518272425249,12.04,,2024
1002032277,Line 5,Alicia Avelar,2024-12-13,TOCO,BQ273,LNR-23-26537,5.59,0.8,2,0.17,4.24,1.35,0.241502683363149,2.795,,2024
1002032275,Line 5,Alicia Avelar,2024-12-13,TOCO,BQ273,LNR-23-25334,8.46,0.08,3.5,0.17,7.73,0.73,0.0862884160756501,2.41714285714286,,2024
1002064003,Line 5,Fabiola Ramirez,2024-12-16,TOCO,BQ273,LNR 23-24/26645,4.59,0.33,2,0.42,2.87,1.72,0.374727668845316,2.295,,2024
1002044403,Line 3,Jesus Alvarez,2024-12-13,CFCO,Lecanu,150585324,542,0.83,8,3,320.2,221.8,0.409225092250923,67.75,,2024
1002032271,Line 5,Fabiola Ramirez,2024-12-16,TOCO,BQ273,LNR-23-25335,11.92,0.33,3.5,0.42,10.17,1.75,0.146812080536913,3.40571428571429,,2024
1002066086,Line 6,Elodia Castaneda,2024-12-16,SQCO,SHOROUQ,150699973,311,1,12,2,196,115,0.369774919614148,25.9166666666667,,2024
1002066065,Line 6,Fabiola Ramirez,2024-12-17,SQCO,ENVY,QH1S138DW24004,54.5,0.33,2.5,0.42,52,2.5,0.0458715596330275,21.8,,2024
1002036478,Line 5,Elodia Castaneda,2024-12-17,TOCO,QUALI T 47,LNR-23-24 /26618,10.91,0.17,6,0.42,8.33,2.58,0.236480293308891,1.81833333333333,,2024
1002055586,Line 3,Jesus Alvarez,2024-12-17,SQCO,GRANDPRIZE,RBR/10176,233.5,0.17,7,3,221.5,12,0.0513918629550321,33.3571428571429,,2024
1002055524,Line 3,Jesus Alvarez,2024-12-18,SQCO,GRANDPRIZE,RBR/15137,199,0.33,6.5,3,194,5,0.0251256281407035,30.6153846153846,,2024
1002036475,Line 5,Elodia Castaneda,2024-12-18,TOCO,QUALI T 21,LNR-23-25348,12.31,0.17,5.5,0.42,10.06,2.25,0.182778229082047,2.23818181818182,,2024
1002066062,Line 6,Fabiola Ramirez,2024-12-19,SQCO,EQUINOX,QH1S119DW24001,137,0.33,4.16,1,133.5,3.5,0.0255474452554745,32.9326923076923,,2024
1002066063,Line 6,Fabiola Ramirez,2024-12-18,SQCO,ENVY,QH1S138DW24002,91,0.33,2.5,1,87.5,3.5,0.0384615384615385,36.4,,2024
1002066064,Line 6,Fabiola Ramirez,2024-12-17,SQCO,ENVY,QH1S138DW24003,97.5,0.33,2.5,0.42,95,2.5,0.0256410256410256,39,,2024
1002067751,Line 6,Fabiola Ramirez,2024-12-19,SQCO,NOCHE,150681058,114,0.33,4,1,111,3,0.0263157894736842,28.5,,2024
1002066970,Line 5,Alicia Avelar,2024-12-20,SQBS,PP790,150718519,13.5,0.17,1.5,0.42,9.93,3.57,0.264444444444444,9,,2024
1002036476,Line 5,Alicia Avelar,2024-12-19,TOCO,QUALIT 21,LNR-23-25347,8.9,0.25,4.5,0.42,7.79,1.11,0.124719101123596,1.97777777777778,,2024
1002066971,Line 5,Alicia Avelar,2024-12-19,MEBS,1M698,150718521,14.62,0.17,1.5,0.42,11.82,2.8,0.191518467852257,9.74666666666667,,2024
1002064216,Line 5,Alicia Avelar,2024-12-18,SQBS,SQ243,150749898,28.91,0.17,2,0.42,25.52,3.39,0.117260463507437,14.455,,2024
1002064217,Line 5,Alicia Avelar,2024-12-18,WABS,W4A25,150707334,42.38,0.33,2,0.42,36.52,5.86,0.138272770174611,21.19,,2024
1002064002,Line 5,Alicia Avelar,2024-12-20,TOCO,BQ273,150623370/LNR-23-8002,9.09,0.33,6,0.42,7.98,1.11,0.122112211221122,1.515,,2024
1002032272,Line 5,Alicia Avelar,2024-12-23,TOCO,BQ273,LNR-23-25369,11.26,0.33,7.5,0.42,8.62,2.64,0.234458259325044,1.50133333333333,,2024
1002066972,Line 5,Alicia Avelar,2024-12-19,MEBS,ME295,150718523,13.7,0.33,1.5,0.42,11.54,2.16,0.157664233576642,9.13333333333333,,2024
1002066973,Line 5,Alicia Avelar,2024-12-20,MEBS,ME757,150718605,6.99,0.33,1,0.42,4.9,2.09,0.298998569384835,6.99,,2024
1002066974,Line 5,Alicia Avelar,2024-12-19,MEBS,ME747,150718603,2.69,0.33,0.5,0.42,1.61,1.08,0.401486988847584,5.38,,2024
1002058048,Line 3,Jesus Alvarez,2024-12-27,SQCO,RIGAS,150728703,490.5,0.58,10,3,386.5,104,0.212028542303772,49.05,,2024
1002058047,Line 3,Jesus Alvarez,2024-12-23,SQCO,ZEFIROS,150700174,406.5,0.5,30.5,3,223,183.5,0.451414514145141,13.327868852459,,2024
1002067716,Line 5,Alicia Avelar,2024-12-23,SQBS,SQ593,150718611,14.71,0.17,1.5,0.42,10.65,4.06,0.276002719238613,9.80666666666667,,2024
1002036477,Line 5,Alicia Avelar,2024-12-26,TOCO,QUALIT 47,LNR-23-25375,14.49,0.33,6,0.42,11.31,3.18,0.219461697722567,2.415,,2024
1002067714,Line 5,Alicia Avelar,2024-12-23,WABS,WA303,150708257,16.01,0.33,1,0.42,12.94,3.07,0.191755153029357,16.01,,2024
1002067715,Line 5,Alicia Avelar,2024-12-23,WABS,W4A59,150708258,11.75,0.17,1,0.42,8.96,2.79,0.237446808510638,11.75,,2024
1002058049,Line 3,Jesus Alvarez,2024-12-31,SQCO,RIGAS,150728704,675,0.58,13.5,3,567.5,107.5,0.159259259259259,50,,2024
1002064004,Line 5,Alicia Avelar,2024-12-26,TOCO,BETTER BUSH,RBR/15227,15.99,0.33,3,0.42,14.23,1.76,0.110068792995622,5.33,,2024
1002032278,Line 5,Alicia Avelar,2024-12-31,TOCO,CAROLINA GLD,LNR-23-25359,21.43,0.33,6,0.42,20.11,1.32,0.0615958936070929,3.57166666666667,,2024
1002032268,Line 5,Alicia Avelar,2025-01-06,TOCO,BQ400,DLR-23-26314,23.72,0.33,16.5,0.42,22.72,1,0.0421585160202361,1.43757575757576,,2025
1002063897,Line 3,Jesus Alvarez,2025-01-01,WACO,ELGHALI-S,150694717,290,0.5,14,3,268.5,21.5,0.0741379310344828,20.7142857142857,,2025
300095173,Line 6,Fabiola Ramirez,2025-01-06,SQCO,GRANDPRIZE,RBR/10178,138,0.33,7.33,0.5,103.5,34.5,0.25,18.8267394270123,,2025
1002064005,Line 5,Alicia Avelar,2025-01-07,TOCO,BETTER BUSH,RBR/15228,9.65,0.33,5,0.42,8.68,0.970000000000001,0.100518134715026,1.93,,2025
1002064286,Line 5,Alicia Avelar,2025-01-06,TOCO,BETTER BUSH,RBR/15229,1.26,0.33,0.5,0.42,0.99,0.27,0.214285714285714,2.52,,2025
300095088,Line 5,Alicia Avelar,2025-01-09,WACO,MELODY,150638719B,46.54,0.33,4,0.42,17.04,29.5,0.63386334336055,11.635,,2025
300095143,Line 5,Alicia Avelar,2025-01-09,WACO,MELODY,150638719,42.2,0.33,3.5,0.42,16.55,25.65,0.60781990521327,12.0571428571429,,2025
2400006541,Line 6,Fabiola Ramirez,2025-01-09,SQCO,GRANDPRIZE,RBR/10243,221.5,0.42,3.33,0.42,211,10.5,0.0474040632054176,66.5165165165165,,2025
300095001,Line 5,Alicia Avelar,2025-01-09,WACO,DARK KNIGHT,150638610A,27.83,0.33,2,0.42,17.81,10.02,0.3600431189364,13.915,,2025
1002063896,Line 3,Jesus Alvarez,2025-01-08,WACO,TOPGUN-S,150694718,687.5,0.5,11,3,637.5,50,0.0727272727272727,62.5,,2025
300094997,Line 5,Alicia Avelar,2025-01-09,WACO,RED RYDER,150673315,29.49,0.33,2,0.42,10,19.49,0.660902000678196,14.745,,2025
300094996,Line 5,Alicia Avelar,2025-01-09,WACO,RED RYDER,150673315H,35.64,0.33,2,0.42,11.99,23.65,0.66358024691358,17.82,,2025
300095167,Line 5,Fabiola Ramirez,2025-01-10,WACO,BAHAMA,150694680,164,0.33,8,0.42,114.5,49.5,0.301829268292683,20.5,,2025
300095142,Line 5,Fabiola Ramirez,2025-01-10,WACO,MELODY,150638719C,45.48,0.33,2.67,0.42,30.33,15.15,0.33311345646438,17.0337078651685,,2025
300095174,Line 6,Fabiola Ramirez,2025-01-10,SQCO,GRANDPRIZE,RBR/10182,219.5,0.33,7.83,0.42,193.5,26,0.118451025056948,28.0332056194125,,2025
1002036178,Line 5,Alicia Avelar,2025-01-10,CACO,NATHALIE,150580388D,18.35,0.33,2.5,0.42,16.67,1.68,0.0915531335149864,7.34,,2025
0300094998,Line 5,Elodia Castaneda,2025-01-09,WACO,VIRTUE,150618978B,42.88,0.33,4,0.42,40.67,2.21,0.0515391791044776,10.72,,2025
300094999,Line 5,Alicia Avelar,2025-01-14,WACO,VIRTUE,150638606A,29.66,0.33,2,0.42,27.49,2.17,0.0731625084288604,14.83,,2025
1002067752,Line 6,Fabiola Ramirez,2025-01-14,SQCO,GRANDPRIZE,150681065B,494,0.42,8.83,0.33,464.5,29.5,0.0597165991902834,55.9456398640997,,2025
300095320,Line 3,Alicia Avelar,2025-01-14,SQCO,GRANDPRIZE,150656501-B,197.5,0.33,7,0.42,171.5,26,0.131645569620253,28.2142857142857,,2025
2400006542,Line 6,Fabiola Ramirez,2025-01-13,SQCO,GRANDPRIZE,RBR/15106,297.5,0.33,10,0.42,267,30.5,0.102521008403361,29.75,,2025
1002067753,Line 3,Alicia Avelar,2025-01-15,SQCO,GRANDPRIZE,150681065,366,0.33,9,0.42,354,12,0.0327868852459016,40.6666666666667,,2025
1002067754,Line 3,Alicia Avelar,2025-01-16,SQCO,GRANDPRIZE,150681065A,701,0.33,14.17,0.42,677.5,23.5,0.0335235378031384,49.4707127734651,,2025
1002079516,Line 5,Fabiola Ramirez,2025-01-21,WACO,SANGRIA,RBR/13966,24.99,0.33,3,0.5,24.22,0.77,0.030812324929972,8.33,,2025
1002083794,Line 5,Alicia Avelar,2025-01-21,SQBS,SQ458,150718610,8.96,0.33,1,0.42,6.88,2.08,0.232142857142857,8.96,,2025
1002079511,Line 5,Elodia Castaneda,2025-01-23,CACO,Grouper,150663143,29.65,0.33,2,0.5,27.91,1.74,0.0586846543001686,14.825,,2025
1002080649,Line 5,Fabiola Ramirez,2025-01-24,CACO,GROUPER,150663143B,28.65,0.33,2.17,0.33,26.64,2.01,0.0701570680628272,13.2027649769585,,2025
1002083425,Line 6,Alicia Avelar,2025-01-24,MECO,ACCOLADE,150706118,662.5,0.33,14,0.42,658,4.5,0.00679245283018868,47.3214285714286,,2025
300095144,Line 5,Fabiola Ramirez,2024-01-29,WACO,CAROLINA STGBK,150694679A,437,0.42,17.34,0.33,432.5,4.5,0.0102974828375286,25.20184544406,,2024
300095145,Line 5,Fabiola Ramirez,2025-01-29,WACO,CAROLINA STGBK,150694679,420.5,0.42,12.17,0.42,417,3.5,0.00832342449464923,34.5521774856204,,2025
300095146,Line 5,Fabiola Ramirez,2025-01-29,WACO,CAROLINA STGBK,150694679B,1008,0.5,19.5,0.42,1002,6,0.00595238095238095,51.6923076923077,,2025
1002064214,Line 3,Jesus Alvarez,2025-01-27,SQBS,SQ204,150699635,722,0.17,35,3,501,221,0.306094182825485,20.6285714285714,,2025
1002087328,Line 5,Alicia Avelar,2025-01-29,WABS,WA805,150708261,27.52,0.33,1.5,0.42,22.58,4.94,0.179505813953488,18.3466666666667,,2025
1002087245,Line 5,Alicia Avelar,2025-01-29,SQBS,PP566,150718518,15.01,0.33,2,0.42,10.86,4.15,0.276482345103265,7.505,,2025
1002088570,Line 6,Fabiola Ramirez,2025-01-30,MECO,COLORIFIC,150706119,95.08,0.33,3,0.5,92,3.08,0.0323937736642827,31.6933333333333,,2025
300095712,Line 6,Fabiola Ramirez,2025-01-30,SQCO,ZEFIROS,150700174,85,0.33,4,0.42,36.65,48.35,0.568823529411765,21.25,,2025
1002087327,Line 5,Alicia Avelar,2025-01-30,SQBS,SQ281,150642699,35.42,0.33,2.5,0.42,32.59,2.83,0.0798983625070582,14.168,,2025
1002087326,Line 5,Alicia Avelar,2025-01-30,WABS,1W332,150708260,32.54,0.33,3,0.42,31.71,0.829999999999998,0.0255070682237246,10.8466666666667,,2025
300095580,Line 3,Jesus Alvarez,2025-01-30,SPCO,El Capoeira,150619256a,3131.5,0.17,10.5,3,2817,314.5,0.100431103305125,298.238095238095,,2025
1002087204,Line 6,Maria Villa,2025-01-30,MECO,NOVIRA,150706120,72.5,0.5,2.5,0.67,71,1.5,0.0206896551724138,29,,2025
300095000,Line 5,Fabiola Ramirez,2025-01-30,WACO,DARK KNIGHT,150638610B,32.55,0.33,1,0.5,28.49,4.06,0.124731182795699,32.55,,2025
1002087330,Line 5,Alicia Avelar,2025-01-31,WABS,WS755,150707335,6.42,0.33,1,0.42,5.42,1,0.155763239875389,6.42,,2025
1002079515,Line 5,Alicia Avelar,2025-01-30,TOCO,RFT819064,150801612,3.21,0.17,1.5,0.15,2.49,0.72,0.224299065420561,2.14,,2025
1002087205,Line 3,Jesus Alvarez,2025-02-03,SQCO,EQUINOX,150729338,607.5,0.08,5,3,592.5,15,0.0246913580246914,121.5,,2025
0300095711,Line 6,Elodia Castaneda,2025-01-31,SQCO,ZEFIROS,150700174,138,0.33,10.33,0.42,99.5,38.5,0.278985507246377,13.3591481122943,,2025
0300095260,Line 5,Maria Villa,2025-02-03,TOCO,QUALIT 99,LNR-23-25353,3.71,0.17,3,0.42,3.48,0.23,0.0619946091644205,1.23666666666667,,2025
1002087329,Line 5,Alicia Avelar,2025-01-31,MEBS,ME569,150718599,18.28,0.33,3.5,0.42,15.39,2.89,0.158096280087527,5.22285714285714,,2025
1002080648,Line 5,Alicia Avelar,2025-02-03,CACO,GROUPER,150663143A,44.86,0.33,8,0.42,41.5,3.36,0.074899687917967,5.6075,,2025
0300095259,Line 5,Maria Villa,2025-02-03,TOCO,QUALIT 99,LNR-23-25316,9.11,0.33,6,0.75,7.12,1.99,0.218441273326015,1.51833333333333,,2025
1002079512,Line 5,Alicia Avelar,2025-02-04,CACO,COMPADRE,1506824628,3.66,0.33,2,0.42,3.29,0.37,0.101092896174863,1.83,,2025
1002091180,Line 5,Elodia Castaneda,2025-02-06,SQBS,SQ602,150718614,15.33,0.25,2.5,0.42,12.05,3.28,0.21395955642531,6.132,,2025
1002033726,Line 5,Alicia Avelar,2025-02-05,CACO,NATHALIE,150596845,10.36,0.25,3,0.42,9.26,1.1,0.106177606177606,3.45333333333333,,2025
0300095781,Line 6,Maria Villa,2025-02-05,SQCO,GRANDPRIZE,RBR/10173,96,0.33,4.5,0.33,81,15,0.15625,21.3333333333333,,2025
1002079514,Line 5,Alicia Avelar,2025-02-04,CACO,COMPADRE,150682462A,2.31,0.17,1,0.42,1.96,0.35,0.151515151515152,2.31,,2025
1002079513,Line 5,Alicia Avelar,2025-02-04,CACO,COMPADRE,150682462,3.31,0.08,1,0.17,2.95,0.36,0.108761329305136,3.31,,2025
1002091179,Line 5,Alicia Avelar,2025-02-06,WABS,W4A36,150723156,15.78,0.25,4,0.42,13.48,2.3,0.14575411913815,3.945,,2025
1002091178,Line 5,Elodia Castaneda,2025-02-06,SQBS,PP799,150749897,15.21,0.33,1.5,0.42,11.95,3.26,0.214332675871137,10.14,,2025
1002066088,Line 3,Jesus Alvarez,2025-02-07,SQCO,KATHRINA,150700950,455.5,0.17,35.5,3,291,164.5,0.361141602634468,12.830985915493,,2025
1002066087,Line 3,Jesus Alvarez,2025-02-17,SQCO,LOGOS,150804015,1248.5,0.17,26,3,926,322.5,0.25830997196636,48.0192307692308,,2025
1002096023,Line 5,Alicia Avelar,2025-02-17,CACO,TAPIOCA,PECA25014A,6.51,0.17,1,0.42,5.92,0.59,0.0906298003072197,6.51,,2025
1002096022,Line 5,Alicia Avelar,2025-02-17,CACO,TAPIOCA,PECA25014,13.04,0.17,2.5,0.42,12.22,0.819999999999999,0.062883435582822,5.216,,2025
1002096230,Line 5,Alicia Avelar,2025-02-18,CACO,PUREPECHA HOT,LNR-23-25468,10.81,0.17,2.5,0.42,10.13,0.68,0.062904717853839,4.324,,2025
2400006744,Line 6,Fabiola Ramirez,2025-02-19,SQCO,SUNBURST,RBR/6348,128,0.33,6,1,125.5,2.5,0.01953125,21.3333333333333,,2025
2400006621,Line 6,Fabiola Ramirez,2025-02-20,SQBS,1S066,150491943A,189.5,0.33,8,1,184,5.5,0.029023746701847,23.6875,,2025
0300095882,Line 3,Jesus Alvarez,2025-02-20,SQCO,ORTANO,150700051,257.5,0.17,9,3,175.5,82,0.318446601941748,28.6111111111111,,2025
1002096232,Line 5,Alicia Avelar,2025-02-19,CACO,PUREPECHA HOT,BYD-3852,4.81,0.08,1.5,0.17,4.5,0.31,0.0644490644490645,3.20666666666667,,2025
1002096024,Line 5,Alicia Avelar,2025-02-19,CACO,TAPIOCA,PECA25014B,4.99,0.17,1.5,0.42,4.67,0.32,0.0641282565130261,3.32666666666667,,2025
1002096231,Line 5,Alicia Avelar,2025-02-19,CACO,PUREPECHA HOT,LNR-23-25469,7.3,0.08,1,0.17,7.04,0.26,0.0356164383561644,7.3,,2025
1002096229,Line 5,Alicia Avelar,2025-02-19,CACO,PUREPECHA HOT,LNR-23-25465,10.82,0.17,3,0.42,10.17,0.65,0.0600739371534196,3.60666666666667,,2025
1002100100,Line 5,Alicia Avelar,2025-02-20,SQBS,SQ598,150718612,47.33,0.25,4.5,..50,43.43,3.9,0.0824001690259878,10.5177777777778,,2025
1002096227,Line 5,Alicia Avelar,2025-02-21,CACO,CHAMETLA,DLR-23-12869,5.19,0.08,1.5,0.17,4.9,0.29,0.0558766859344894,3.46,,2025
300095883,Line 3,Jesus Alvarez,2025-02-24,SQCO,GRANDPRIZE,150491838,360,0.17,10.5,3,314,46,0.127777777777778,34.2857142857143,,2025
1002096025,Line 5,Alicia Avelar,2025-02-21,CACO,CHAMETLA,DLR-23-14504,11.64,0.08,2.5,0.17,10.85,0.790000000000001,0.0678694158075602,4.656,,2025
1002096226,Line 5,Alicia Avelar,2025-02-24,CACO,CHAMETLA,LNR-23-24393,11.06,0.08,3,0.17,10.14,0.92,0.0831826401446655,3.68666666666667,,2025
2400006513,Line 3,Jesus Alvarez,2025-02-25,SQCO,GRANDPRIZE,RBR/10240,195,0.17,7,0.08,155.5,39.5,0.202564102564103,27.8571428571429,,2025
1002091288,Line 5,Alicia Avelar,2025-02-25,WACO,CRISP DELIGHT,150701115,5.03,0.17,1,0.42,4.74,0.29,0.0576540755467197,5.03,,2025
1002096228,Line 5,Alicia Avelar,2025-02-24,CACO,PUREPECHA,LNR-23-25466,12.38,0.25,1,0.42,11.42,0.960000000000001,0.0775444264943458,12.38,,2025
1002096233,Line 5,Alicia Avelar,2025-02-25,CACO,PUREPECHA,LNR-23-25467,2.63,0.17,0.5,0.25,2.33,0.3,0.114068441064639,5.26,,2025
1002048874,Line 5,Maria Villa,2024-11-29,CUBS,CL247,150699956,0.056,0.42,0.25,0.67,0.031,0.025,0.446428571428571,0.224,,2024
1002053229,Line 5,Maria Villa,2025-01-17,CUBS,CL332,150702643,0.064,0.33,0.5,0.42,0.046,0.018,0.28125,0.128,,2025
1002053290,Line 5,Maria Villa,2025-01-17,CUBS,CL279,150700041,0.281,..42,0.15,0.67,0.149,0.132,0.469750889679715,1.87333333333333,,2025
1002063289,Line 5,Alicia Avelar,2024-10-29,CUBS,CL278,150700040,0.021,0.42,0.25,0.67,0.01,0.011,0.523809523809524,0.084,,2024
1002053288,Line 5,Maria Villa,2024-11-18,CUBS,CU249,150702645,1.87,0.17,0.5,0.25,1.46,0.41,0.219251336898396,3.74,,2024
1002053294,Line 6,Maria Villa,2025-01-17,CUBS,CU331,150702647,0.242,0.17,0.5,0.25,0.194,0.048,0.198347107438017,0.484,,2025
1002053230,Line 5,Maria Villa,2025-11-18,CUBS,CU376,150702648,1.28,0.17,0.25,0.25,0.676,0.604,0.471875,5.12,,2025
1002053292,Line 5,Maria Villa,2025-11-18,CUBS,CU308,150702646,0.835,0.17,0.25,0.25,0.551,0.284,0.340119760479042,3.34,,2025
1002102606,Line 6,Maria Villa,2025-02-25,CUCO,FRESCURA,150685049,4.11,0.17,1,0.42,3.95,0.16,0.0389294403892944,4.11,,2025
1002053297,Line 5,Maria Villa,2024-11-19,CUBS,CL331,150702642,0.022,0.17,0.5,0.25,0.007,0.015,0.681818181818182,0.044,,2024
1002053295,Line 5,Maria Villa,2024-11-19,CUBS,CL334,150702644,0.041,0.17,0.5,0.25,0.015,0.026,0.634146341463415,0.082,,2024
1002100098,Line 5,Alicia Avelar,2025-02-26,WABS,WA806,150707332,7.54,0.25,1,0.42,5.72,1.82,0.241379310344828,7.54,,2025
1002098148,Line 6,Fabiola Ramirez,2025-02-28,BRCO,SGD19-5017,150697411,149.5,0.33,19.5,0.5,147,2.5,0.0167224080267559,7.66666666666667,,2025
2400006593,Line 3,Jesus Alvarez,2025-02-27,SQCO,GRANDPRIZE,RBR/10176,143.5,0.42,11.5,3,108,35.5,0.247386759581882,12.4782608695652,,2025
1002032998,Line 5,Fabiola Ramirez,2025-03-03,CACO,NATHALIE,DLR-23-24931,63.32,0.25,8.5,0.67,62,1.32,0.0208464939987366,7.44941176470588,,2025
1002100096,Line 5,Fabiola Ramirez,2025-03-04,CUBS,CL287,150685051,0.075,0.17,0.5,0.25,0.06,0.015,0.2,0.15,,2025
1002100097,Line 5,Fabiola Ramirez,2025-03-04,CUBS,CL324,150685052,0.05,0.17,0.5,0.25,0.036,0.014,0.28,0.1,,2025
300096129,Line 6,Fabiola Ramirez,2025-03-05,MECO,NOVIRA,150706120,71,0.33,3,0.5,55,16,0.225352112676056,23.6666666666667,,2025
1002100099,Line 5,Alicia Avelar,2025-03-04,SQBS,SQ579,150638202,5,0.17,1,0.25,3.56,1.44,0.288,5,,2025
1002106275,Line 5,Alicia Avelar,2025-03-04,SQBS,PP763,150748537,3.21,0.17,1,0.25,1.74,1.47,0.457943925233645,3.21,,2025
1002100101,Line 5,Alicia Avelar,2025-03-05,SQBS,SQ599,150718613,51.65,0.25,3.5,0.42,48.24,3.41,0.0660212971926428,14.7571428571429,,2025
300096302,Line 3,Jesus Alvarez,2025-03-05,BSCO,GUSTUS,150602525,287,0.17,10,3,202,85,0.29616724738676,28.7,,2025
300096281,Line 6,Jesus Alvarez,2025-03-06,BSCO,GUSTUS,150602525,142.5,0.33,2,0.42,108.5,34,0.23859649122807,71.25,,2025
1002033630,Line 5,Alicia Avelar,2025-03-06,CACO,NATHALIE,DLR-23-24930,48.09,0.25,5,0.42,46.7,1.39,0.0289041380744437,9.618,,2025
1002108346,Line 5,Alicia Avelar,2025-03-07,WACO,SERPENS,150702556,21.35,0.17,2.5,0.25,19.31,2.04,0.0955503512880562,8.54,,2025
300096303,Line 6,Fabiola Ramirez,2025-03-10,BSCO,GUSTUS,150602525,64,0.08,9.25,0.08,43.76,20.24,0.31625,6.91891891891892,,2025
1002108120,Line 5,Alicia Avelar,2025-03-10,WABS,1W081,150708259,3.24,0.17,1,0.25,2.21,1.03,0.317901234567901,3.24,,2025
1002108121,Line 5,Alicia Avelar,2025-03-10,WABS,1W399,150708256,9.65,0.17,1,0.25,7.94,1.71,0.17720207253886,9.65,,2025
1002109102,Line 6,Fabiola Ramirez,2025-03-11,MECO,MS1031,150706117,79.79,0.33,3,0.67,77.5,2.29000000000001,0.0287003383882693,26.5966666666667,,2025
1002033631,Line 5,Alicia Avelar,2025-03-11,CACO,NATHALIE,DLR-23-24944,45.51,0.17,8,0.25,43.19,2.32,0.0509778070753681,5.68875,,2025
1002033727,Line 5,Alicia Avelar,2025-03-12,CACO,NATHALIE,150596845A,9.96,0.17,1.5,0.42,8.99,0.970000000000001,0.0973895582329318,6.64,,2025
1002033730,Line 5,Alicia Avelar,2025-03-13,CACO,NATHALIE,150596845D,1.41,0.08,0.5,0.17,1.06,0.35,0.24822695035461,2.82,,2025
1002033632,Line 5,Alicia Avelar,2025-03-13,CACO,NATHALIE,DLR-23-24923,44.94,0.08,6.5,0.17,43.09,1.84999999999999,0.0411659991099241,6.91384615384615,,2025
1002033728,Line 5,Alicia Avelar,2025-03-14,CACO,NATHALIE,150596845C,9.06,0.8,1.5,0.17,8.2,0.860000000000001,0.0949227373068434,6.04,,2025
0120000582,Line 3,Jesus Alvarez,2025-03-17,SQTO,HSR 4777 F1,23395,2534.91,0.25,44,3,2389.41,145.5,0.057398487520267,57.6115909090909,,2025
1002033643,Line 5,Alicia Avelar,2025-03-14,CACO,NATHALIE,150596845B,16.4,0.08,3,0.17,15.2,1.2,0.0731707317073171,5.46666666666667,,2025
300095798,Line 6,Fabiola Ramirez,2025-03-18,SQCO,SHOROUQ,150699973,191,0.33,4,0.67,101.5,89.5,0.468586387434555,47.75,,2025
0120000583,Line 3,Jesus Alvarez,2025-03-19,SQTO,HSR 4777 F1,23397,1243,0.33,12.5,0.08,1172.5,70.5,0.0567176186645213,99.44,,2025
1002033635,Line 5,Alicia Avelar,2025-03-19,CACO,NATHALIE,DLR-23-14529,33.09,0.17,2.5,0.42,31.69,1.4,0.0423088546388637,13.236,,2025
1002112730,Line 5,Alicia Avelar,2025-03-20,WACO,CRISP DELIGHT,150767553,42.74,0.33,4,0.58,40.38,2.36,0.055217594759008,10.685,,2025
1002111791,Line 5,Fabiola Ramirez,2025-03-19,WACO,BARAKA,150694716A,4.04,0.33,1,0.5,3.71,0.33,0.0816831683168317,4.04,,2025
1002111790,Line 5,Fabiola Ramirez,2025-03-19,WACO,BARAKA,150694716,10.27,0.33,1,0.25,9.93,0.34,0.0331061343719572,10.27,,2025
1002110328,Line 5,Fabiola Ramirez,2025-03-19,WACO,SUGAR RED,150689069,4.13,0.33,2.5,0.5,3.56,0.57,0.138014527845036,1.652,,2025
0120000662,Line 6,Elodia Castaneda,2025-03-20,SQTO,DARLING F1,23429,59.66,0.17,4.5,0.5,53.72,5.94,0.0995641971169963,13.2577777777778,,2025
1002110050,Line 5,Fabiola Ramirez,2025-03-20,SQCO,GRANDPRIZE,QHSQ319YS24016,84,0.33,3,0.67,80.5,3.5,0.0416666666666667,28,,2025
1002110051,Line 6,Fabiola Ramirez,2025-03-20,SQCO,SN0271,150700048,92.5,0.33,4,0.67,89.5,3,0.0324324324324324,23.125,,2025
1002112731,Line 5,Alicia Avelar,2025-03-20,WACO,CRISP DELIGHT,150767553A,18.91,0.17,1,0.33,17.29,1.62,0.0856689582231624,18.91,,2025
1002113252,Line 5,Alicia Avelar,2025-03-21,WACO,DELICIOSA,150767541,37.16,0.17,3,0.42,34.02,3.13999999999999,0.0844994617868673,12.3866666666667,,2025
1002110053,Line 5,Alicia Avelar,2025-03-21,CUCO,FRESCURA,150685050,31.2,0.17,3,0.42,29.94,1.26,0.0403846153846154,10.4,,2025
1002113253,Line 5,Alicia Avelar,2025-03-21,WACO,DELICIOSA,150767541A,29.17,0.08,2,0.17,26.78,2.39,0.0819334933150497,14.585,,2025
1002113254,Line 5,Alicia Avelar,2025-03-21,WACO,DELICIOSA,150767541B,28.03,0.08,3,0.17,26.38,1.65,0.0588655012486621,9.34333333333333,,2025
1002033633,Line 5,Alicia Avelar,2025-03-21,CACO,NATHALIE,DLR-23-14536,40.51,0.17,2,0.42,39.76,0.75,0.0185139471735374,20.255,,2025
1002113255,Line 5,Alicia Avelar,2025-03-21,WACO,DELICIOSA,150767541C,34.38,0.25,2.5,0.75,32.39,1.99,0.0578824898196626,13.752,,2025
1002033645,Line 5,Alicia Avelar,2025-03-21,CACO,NATHALIE,LNR 23-24549,10.49,0.17,1,0.42,9.6,0.890000000000001,0.0848427073403242,10.49,,2025
120000665,Line 6,Fabiola Ramirez,2025-03-24,SQTO,HEAVENLY HUBBARD F1,23412,103.16,0.33,7.5,0.67,98.4,4.75999999999999,0.0461419154711127,13.7546666666667,,2025
1002113251,Line 5,Alicia Avelar,2025-03-24,WACO,WDL20484,150701114,1.8,0.17,1,0.42,1.42,0.38,0.211111111111111,1.8,,2025
1002113866,Line 5,Maria Villa,2025-03-24,WACO,BLACK JACK,150765729A,27.56,0.17,2,0.17,25.49,2.07,0.0751088534107402,13.78,,2025
1002113845,Line 5,Fabiola Ramirez,2025-03-24,WACO,BLACK JACK,150765729,19.35,0.33,3.5,0.17,17.6,1.75,0.0904392764857881,5.52857142857143,,2025
1002113867,Line 5,Elodia Castaneda,2025-03-25,WACO,BLACK JACK,15065729B,36.4,0.17,3.5,0.67,34.41,1.99,0.0546703296703297,10.4,,2025
120000563,Line 6,Fabiola Ramirez,2025-03-25,SQCO,ASPEN F1,23413,122.33,0.33,6,0.67,114.75,7.58,0.0619635412409058,20.3883333333333,,2025
1002113840,Line 5,Elodia Castaneda,2025-03-25,WACO,MELODY,150767547,31.19,0.17,3,0.25,28.79,2.4,0.0769477396601475,10.3966666666667,,2025
1002113841,Line 5,Elodia Castaneda,2025-03-25,WACO,MELODY,150767547A,27.11,0.17,2.5,0.42,24.53,2.58,0.0951678347473257,10.844,,2025
1002113842,Line 5,Elodia Castaneda,2025-03-25,WACO,MELODY,150767547B,17.37,0.17,1.5,0.42,15.7,1.67,0.0961427748992516,11.58,,2025
1002113868,Line 5,Elodia Castaneda,2025-03-25,WACO,ENDLESS SUMMER,150767542,21.08,0.17,2,0.42,19.24,1.84,0.0872865275142315,10.54,,2025
1002110052,Line 5,Elodia Castaneda,2025-03-25,SQCO,SAHUARO,150700049,129.61,0.33,5.5,0.67,127.5,2.11000000000001,0.0162796080549341,23.5654545454545,,2025
1002113869,Line 5,Elodia Castaneda,2025-03-26,WACO,ENDLESS SUMMER,150767542A,30.06,0.17,2.5,0.25,28.01,2.05,0.0681969394544245,12.024,,2025
1002113843,Line 5,Elodia Castaneda,2025-03-26,WACO,MELODY,150767547C,31.04,0.17,2.5,0.42,28.91,2.13,0.0686211340206186,12.416,,2025
0120000584,Line 3,Jesus Alvarez,2025-03-26,SQTO,HSR 4777 F1,23397,1135.99,0.33,44,3,936.5,199.49,0.175608940219544,25.8179545454545,,2025
1002113870,Line 5,Elodia Castaneda,2025-03-26,WACO,ENDLESS SUMMER,150767542B,29.21,0.17,3,0.72,26.16,3.05,0.104416295789113,9.73666666666667,,2025
1002113844,Line 5,Elodia Castaneda,2025-03-26,WACO,MELODY,150767547D,33.36,0.17,3,0.72,31.03,2.33,0.0698441247002398,11.12,,2025
1002113877,Line 5,Fabiola Ramirez,2025-03-26,WACO,RED RYDER,150767552C,36.05,0.33,1.5,0.25,30.34,5.71,0.158391123439667,24.0333333333333,,2025
1002113878,Line 6,Fabiola Ramirez,2025-03-26,WACO,RED RYDER,150767552D,46.18,0.33,2.17,0.33,40.48,5.7,0.123430056301429,21.2811059907834,,2025
1002113871,Line 5,Elodia Castaneda,2025-03-26,WACO,SIBARITA,150767548,49.62,0.33,5.25,0.5,46.25,3.37,0.0679161628375655,9.45142857142857,,2025
1002113872,Line 5,Elodia Castaneda,2025-03-27,WACO,SIBARITA,150767548A,29.38,0.33,2,0.33,26.48,2.9,0.0987066031313819,14.69,,2025
1002113874,Line 5,Alicia Avelar,2025-03-27,WACO,RED RYDER,150767552,45.13,0.17,2.5,0.42,41.73,3.40000000000001,0.0753379126966543,18.052,,2025
120000667,Line 5,Fabiola Ramirez,2025-03-25,SQTO,MUSTANG F1,23417,47.36,0.33,3,0.67,43.47,3.89,0.0821368243243243,15.7866666666667,,2025
1002113873,Line 5,Fabiola Ramirez,2025-03-27,WACO,SIBARITA,150767548B,31.86,0.33,2,0.33,28.45,3.41,0.107030759573132,15.93,,2025
1002113876,Line 5,Alicia Avelar,2025-03-27,WACO,RED RYDER,150767552B,32.88,0.33,1.5,0.33,28.47,4.41,0.134124087591241,21.92,,2025
1002113875,Line 5,Alicia Avelar,2025-03-27,WACO,RED RYDER,150767552A,34.99,0.17,1.5,0.42,31.1,3.89,0.111174621320377,23.3266666666667,,2025
1002117273,Line 5,Alicia Avelar,2025-03-27,WABS,W0A20,150707333,6.14,0.33,1,0.33,4.41,1.73,0.281758957654723,6.14,,2025
1002117274,Line 5,Alicia Avelar,2025-03-28,WABS,W0A20,150707333A,16.5,0.17,1.5,0.42,13.21,3.29,0.199393939393939,11,,2025
1002119259,Line 5,Fabiola Ramirez,2025-03-31,WACO,GUARDSMAN,150767545,21.92,0.33,1.5,0.33,20.19,1.73,0.0789233576642336,14.6133333333333,,2025
120000668,Line 5,Alicia Avelar,2025-03-28,SQTO,EARLY PRINCE F1,23427,26.03,0.33,5,0.58,20.91,5.12,0.196696119861698,5.206,,2025
1002119260,Line 5,Fabiola Ramirez,2025-03-31,WACO,GUARDSMAN,150767545A,44.13,0.33,3.25,0.33,41.97,2.16,0.0489462950373895,13.5784615384615,,2025
1002119707,Line 5,Fabiola Ramirez,2025-03-31,WACO,CAPTIVATION,150767540A,17.62,0.33,1.5,0.67,16.13,1.49,0.0845629965947787,11.7466666666667,,2025
1002119706,Line 5,Fabiola Ramirez,2025-03-31,WACO,CAPTIVATION,150767540,41.76,0.33,2,0.33,39.44,2.32,0.0555555555555556,20.88,,2025
1002119709,Line 5,Alicia Avelar,2025-03-31,WACO,CAPTIVATION,150767540C,28.47,0.08,1.5,0.17,26.44,2.03,0.0713031260976466,18.98,,2025
1002119708,Line 5,Fabiola Ramirez,2025-03-31,WACO,CAPTIVATION,150767540B,33.7,0.33,1.5,0.33,31.84,1.86,0.0551928783382789,22.4666666666667,,2025
1002119926,Line 5,Fabiola Ramirez,2025-04-01,WACO,CAPTIVATION,150767540D,21.4,0.33,1.5,0.25,19.34,2.06,0.0962616822429907,14.2666666666667,,2025
1002119711,Line 5,Fabiola Ramirez,2025-04-01,WACO,CAPTIVATION,150767540E,21.1,0.33,1,0.33,19.38,1.72,0.0815165876777251,21.1,,2025
1002119712,Line 5,Fabiola Ramirez,2025-04-01,WACO,CAPTIVATION,150767540F,12.96,0.33,0.92,0.33,11.31,1.65,0.127314814814815,14.0869565217391,,2025
120000664,Line 5,Fabiola Ramirez,2025-04-02,SQTO,SMALL WONDER F1,23410,154.52,0.42,4,0.75,149.45,5.07000000000002,0.0328112865648461,38.63,,2025
120000670,Line 6,Fabiola Ramirez,2025-04-02,SQTO,ULTRA F1,23414,167.11,0.33,10,0.67,159.94,7.17000000000002,0.0429058703847766,16.711,,2025
1002118712,Line 5,Alicia Avelar,2025-04-02,CACO,SAGUARO,150695443,15.11,0.42,1.5,0.75,14.08,1.03,0.0681667769688948,10.0733333333333,,2025
1002120322,Line 5,Alicia Avelar,2025-04-02,WACO,JAVELIN,HNWA25002,12.87,0.25,1.17,0.33,11.12,1.75,0.135975135975136,11,,2025
1002120323,Line 5,Alicia Avelar,2025-04-02,WACO,JAVELIN,HNWA25002A,34.25,0.25,2.5,0.33,32.4,1.85,0.054014598540146,13.7,,2025
1002120324,Line 5,Alicia Avelar,2025-04-03,WACO,JAVELIN,HNWA25002B,13.56,0.25,1.75,0.33,12.28,1.28,0.0943952802359882,7.74857142857143,,2025
1002120325,Line 5,Alicia Avelar,2025-04-03,WACO,JAVELIN,HNWA25002C,20.01,0.25,1.25,0.33,18.57,1.44,0.0719640179910045,16.008,,2025
1002121726,Line 5,Alicia Avelar,2025-04-03,WACO,JAVELIN,HNWA25002D,17.24,0.25,1.25,0.33,16,1.24,0.0719257540603248,13.792,,2025
1002121727,Line 5,Alicia Avelar,2025-04-03,WACO,JAVELIN,HNWA25002E,26.39,0.25,2.5,0.33,25.14,1.25,0.0473664266767715,10.556,,2025
120000663,Line 6,Fabiola Ramirez,2025-04-03,SQTO,BLAZE F1,23415,211,0.33,7.5,0.67,203.77,7.22999999999999,0.0342654028436019,28.1333333333333,,2025
120000682,Line 5,Fabiola Ramirez,2025-04-04,SQTO,ONE BALL F1,23409,45.07,0.33,4,0.42,42.82,2.25,0.0499223430219658,11.2675,,2025
1002109100,Line 6,Fabiola Ramirez,2025-04-07,SQCO,EQUINOX,QH1S119DW24005,197.5,0.33,11.5,0.33,192.5,5,0.0253164556962025,17.1739130434783,,2025
120000702,Line 5,Alicia Avelar,2025-04-07,SQTO,HSR 4859 F1,23408,33.49,0.42,3,0.5,30.98,2.51,0.0749477455957002,11.1633333333333,,2025
1002118684,Line 5,Alicia Avelar,2025-04-07,CACO,MEXICA,DLR-24-6176,18.34,0.25,2,0.42,17.24,1.1,0.0599781897491821,9.17,,2025
1002118685,Line 5,Fabiola Ramirez,2025-04-08,CACO,MEXICA HOT,DLR-24-8906,12.12,0.33,1,0.42,11.16,0.959999999999999,0.0792079207920791,12.12,,2025
1002118706,Line 5,Fabiola Ramirez,2025-04-08,CACO,MEXICA,LNR-24-12927,6.32,0.33,0.67,0.17,5.64,0.680000000000001,0.107594936708861,9.43283582089552,,2025
1002109101,Line 6,Fabiola Ramirez,2025-04-08,SQCO,EQUINOX,QH1S119DW24006,225,0.33,11.5,0.67,218.5,6.5,0.0288888888888889,19.5652173913043,,2025
1002116676,Line 6,Fabiola Ramirez,2025-04-09,SQCO,BRICE,150700046,203,0.33,8,0.67,199,4,0.0197044334975369,25.375,,2025
1002118707,Line 5,Elodia Castaneda,2025-04-09,CACO,MEXICA HOT,LNR-24-7353,14.03,0.17,2,0.42,13.09,0.94,0.0669992872416251,7.015,,2025
1002122548,Line 5,Alicia Avelar,2025-04-09,WACO,POWERHOUSE,HNWA25006A,9.2,0.25,1.5,0.42,7.85,1.35,0.146739130434783,6.13333333333333,,2025
1002122547,Line 5,Alicia Avelar,2025-04-09,WACO,POWERHOUSE,HNWA25006,14.3,0.17,2,0.33,12.97,1.33,0.093006993006993,7.15,,2025
1002122008,Line 5,Alicia Avelar,2025-04-09,WACO,CRISP DELIGHT,CLWA25000,20.06,0.33,1.5,0.42,18.24,1.82,0.090727816550349,13.3733333333333,,2025
1002118708,Line 5,Elodia Castaneda,2025-04-09,CACO,MEXICA,LNR~24~7354,12.55,0.33,2,0.42,11.83,0.720000000000001,0.0573705179282869,6.275,,2025
1002122009,Line 5,Alicia Avelar,2025-04-10,WACO,CRISP DELIGHT,CLWA25000C,29.62,0.17,3,0.25,27.51,2.11,0.0712356515867657,9.87333333333333,,2025
1002122550,Line 5,Alicia Avelar,2025-04-10,WACO,SWEET DAWN,HNWA25004,19.15,0.33,1.5,0.42,18.14,1.01,0.0527415143603133,12.7666666666667,,2025
1002122551,Line 5,Alicia Avelar,2025-04-10,WACO,SWEET DAWN,HNWA25004A,31.95,0.17,3,0.33,30.46,1.49,0.0466353677621283,10.65,,2025
1002118709,Line 5,Alicia Avelar,2025-04-10,CACO,MEXICA,LNR~24~7355,8.52,0.17,2.5,0.33,7.78,0.739999999999999,0.0868544600938966,3.408,,2025
1002122552,Line 5,Alicia Avelar,2025-04-10,WACO,SWEET DAWN,HNWA25004B,28.95,0.17,2.5,0.33,26.29,2.66,0.0918825561312608,11.58,,2025
120000723,Line 6,Fabiola Ramirez,2025-04-11,SQTO,EARLY GIANT F1,23423,210.5,0.33,12,0.67,203.06,7.44,0.0353444180522565,17.5416666666667,,2025
1002122553,Line 5,Alicia Avelar,2025-04-11,WACO,SWEET DAWN,HNWA25004C,30.34,0.17,4,0.33,28.8,1.54,0.0507580751483191,7.585,,2025
1002033640,Line 5,Alicia Avelar,2025-04-11,CACO,NATHALIE,KOTH-2588,22.43,0.17,2.5,0.33,21.63,0.800000000000001,0.0356665180561748,8.972,,2025
1002122555,Line 5,Alicia Avelar,2025-04-11,WACO,SUGAR RED,HNWA25003,22.35,17,3,0.33,21.14,1.21,0.0541387024608501,7.45,,2025
1002033729,Line 5,Alicia Avelar,2025-04-11,CACO,NATHALIE,LNR-23-24469,7.45,0.17,2,0.25,6.73,0.72,0.0966442953020134,3.725,,2025
1002122556,Line 5,Alicia Avelar,2025-04-11,WACO,SUGAR RED,HNWA25003A,26.33,0.17,2,0.25,25.31,1.02,0.038739080896316,13.165,,2025
1002122557,Line 5,Alicia Avelar,2025-04-11,WACO,SUGAR RED,HNWA25003B,20.22,0.17,2,0.33,19.26,0.959999999999997,0.0474777448071215,10.11,,2025
1002122558,Line 5,Alicia Avelar,2025-04-14,WACO,SWEET GEM,HNWA25000,34.52,0.42,2.5,0.58,32.89,1.63,0.0472190034762457,13.808,,2025
1002122559,Line 5,Alicia Avelar,2025-04-14,WACO,SWEET GEM,HNWA25000A,32.47,0.33,2.5,0.25,30.81,1.66,0.0511241145672929,12.988,,2025
1002122560,Line 5,Alicia Avelar,2025-04-14,WACO,SWEET GEM,HNWA25000B,39.68,0.33,3,0.5,37.82,1.86,0.046875,13.2266666666667,,2025
1002122626,Line 5,Alicia Avelar,2025-04-14,WACO,EXCLAMATION,HNWA25001,26.37,0.33,2.5,0.25,24.59,1.78,0.0675009480470231,10.548,,2025
1002122627,Line 5,Alicia Avelar,2025-04-15,WACO,EXCLAMATION,HNWA25001A,31.11,0.17,2,0.33,29.13,1.98,0.0636451301832208,15.555,,2025
120000722,Line 5,Alicia Avelar,2025-04-14,SQTO,TOLLING SQUASH,23411,39.45,0.42,3,0.58,35.87,3.58000000000001,0.0907477820025351,13.15,,2025
1002122628,Line 5,Alicia Avelar,2025-04-15,WACO,EXCLAMATION,HNWA25001B,23.58,0.17,1.5,0.33,21.85,1.73,0.0733672603901612,15.72,,2025
1002122629,Line 5,Alicia Avelar,2025-04-15,WACO,EXCLAMATION,HNWA25001C,25.36,0.17,1.5,0.33,23.41,1.95,0.0768927444794953,16.9066666666667,,2025
1002123000,Line 5,Alicia Avelar,2025-04-15,WACO,EXCURSION,HNWA25005,14.32,0.42,1.5,0.58,12.91,1.41,0.098463687150838,9.54666666666667,,2025
300096543,Line 3,Jesus Alvarez,2025-04-15,SQCO,LOGOS,150804015,1048.5,0.08,24,3,611,437.5,0.41726275631855,43.6875,,2025
1002123001,Line 5,Alicia Avelar,2025-04-15,WACO,EXCURSION,HNWA25005A,23.16,0.17,3,0.33,21.61,1.55,0.0669257340241796,7.72,,2025
100213003,Line 5,Alicia Avelar,2025-04-16,WACO,EXCURSION,HNWA25005C,38.41,0.17,3,0.33,36.78,1.63,0.0424368653996355,12.8033333333333,,2025
1002033641,Line 5,Fabiola Ramirez,2025-04-15,CACO,NATHALIE,LNR23-24563,20.03,0.33,1,0.67,19.17,0.859999999999999,0.0429355966050923,20.03,,2025
1002116677,Line 6,Fabiola Ramirez,2025-04-16,MECO,OVATION,150706323,364,0.42,9.33,0.67,358.5,5.5,0.0151098901098901,39.0139335476956,,2025
1002124001,Line 5,Alicia Avelar,2025-04-16,WACO,EXCURSION,HNWA25005D,38.62,0.17,2.5,0.25,37.1,1.52,0.0393578456758156,15.448,,2025
1002123002,Line 5,Elodia Castaneda,2025-04-16,WACO,EXCURSION,HNWA25005B,20.1,0.33,2,0.33,18.76,1.34,0.0666666666666667,10.05,,2025
1002124002,Line 5,Alicia Avelar,2025-04-16,WACO,EXCURSION,HNWA25005E,25.43,0.17,2,0.25,23.83,1.6,0.0629178136059772,12.715,,2025
1002124003,Line 5,Alicia Avelar,2025-04-16,WACO,EXCURSION,HNWA25005F,28.83,0.17,3,0.25,27.24,1.59,0.0551508844953174,9.61,,2025
1002109103,Line 6,Fabiola Ramirez,2025-04-17,SQCO,SPINE BEAUTY,CJPP181LT24001,223,0.33,3.83,0.25,217.5,5.5,0.0246636771300448,58.22454308094,,2025
0120000602,Line 3,Jesus Alvarez,2025-04-16,SQTO,ALEXANDRIA F1,23375,3532.15,0.33,42,3,3268.35,263.8,0.0746853899183217,84.0988095238095,,2025
1002124004,Line 5,Alicia Avelar,2025-04-17,WACO,EXCURSION,HNWA25005G,29.41,0.17,7,0.25,27.18,2.23,0.0758245494729684,4.20142857142857,,2025
1002116678,Line 3,Ana Ramirez,2025-04-17,SQCO,SPINE BEAUTY,QHPP181ZF24007,223.5,0.33,4.5,0.25,217.5,6,0.0268456375838926,49.6666666666667,,2025
0300097108,Line 5,Alicia Avelar,2025-04-17,TOCO,CAROLINA GOLD,LNR-23-25359,20.04,0.33,7,0.5,19.06,0.98,0.0489021956087824,2.86285714285714,,2025
1002124005,Line 5,Alicia Avelar,2025-04-17,WACO,EXCURSION,HNWA25005H,36.14,0.17,3.5,0.25,34.27,1.87,0.051743220807969,10.3257142857143,,2025
1002033636,Line 5,Alicia Avelar,2025-04-17,CACO,NATHALIE,DLR-23-14533,32.86,0.33,3,0.42,31.29,1.57,0.0477784540474741,10.9533333333333,,2025
1002116679,Line 6,Fabiola Ramirez,2025-04-17,SQCO,SPINE BEAUTY,QHPP181ZF24008,302,0.33,3,0.67,294,8,0.0264900662251656,100.666666666667,,2025
1002124026,Line 5,Alicia Avelar,2025-04-17,WACO,EXCURSION,HNWA25005J,31.03,0.17,3,0.25,29.65,1.38,0.044473090557525,10.3433333333333,,2025
300097109,Line 6,Fabiola Ramirez,2025-04-17,SQCO,SN0271,150700048,89.5,0.42,3.67,0.5,78,11.5,0.128491620111732,24.3869209809264,,2025
1002124027,Line 5,Alicia Avelar,2025-04-21,WACO,EXCURSION,HNWA25005K,11.64,0.17,1,0.25,10.25,1.39,0.119415807560137,11.64,,2025
1002124028,Line 5,Alicia Avelar,2025-04-21,WACO,EXCURSION,HNWA25005L,15.89,0.17,1,0.25,14.49,1.4,0.0881057268722467,15.89,,2025
1002124029,Line 5,Alicia Avelar,2025-04-21,WACO,EXCURSION,HNWA25005M,12.89,0.17,1.5,0.25,11.64,1.25,0.0969743987587277,8.59333333333333,,2025
1002123985,Line 6,Fabiola Ramirez,2025-04-21,SQCO,GRANDPRIZE,QHSQ319YS24012,207.5,0.33,3.17,0.25,201,6.5,0.0313253012048193,65.4574132492114,,2025
1002124010,Line 6,Fabiola Ramirez,2025-04-21,SQCO,GRANDPRIZE,KA/WS24/13513,220,0.33,3.5,0.25,216,4,0.0181818181818182,62.8571428571429,,2025
1002123983,Line 6,Fabiola Ramirez,2025-04-22,SQCO,GRANDPRIZE,QHSQ319YS24010,225,0.33,3.5,0.25,220,5,0.0222222222222222,64.2857142857143,,2025
1002124935,Line 5,Alicia Avelar,2025-04-21,WACO,RED RYDER,HNWA25007,47.52,0.42,2.5,0.5,44.53,2.99,0.0629208754208754,19.008,,2025
1002124936,Line 5,Alicia Avelar,2025-04-22,WACO,RED RYDER,HNWA25007A,37.68,0.17,2,0.25,35.92,1.76,0.0467091295116773,18.84,,2025
1002123984,Line 6,Fabiola Ramirez,2025-04-22,SQCO,GRANDPRIZE,QHSQ319YS24011,226,0.33,3,0.25,221,5,0.0221238938053097,75.3333333333333,,2025
1002118671,Line 5,Alicia Avelar,2025-04-22,CACO,BAYONET,PECA25009A,12.91,0.17,1.5,0.25,11.83,1.08,0.0836560805577072,8.60666666666667,,2025
1002124937,Line 5,Alicia Avelar,2025-04-22,WACO,RED RYDER,HNWA25007B,35.39,0.17,2,0.25,32.93,2.46,0.0695111613450127,17.695,,2025
1002118672,Line 5,Alicia Avelar,2025-04-21,CACO,BAYONET,PECA25009B,9.78,0.42,2,0.5,9.15,0.629999999999999,0.0644171779141103,4.89,,2025
1002118673,Line 5,Alicia Avelar,2025-04-22,CACO,BAYONET,PECA25009C,5.27,0.17,1,0.25,4.72,0.55,0.104364326375712,5.27,,2025
1002124938,Line 5,Alicia Avelar,2025-04-22,WACO,RED RYDER,HNWA25007C,29.77,0.17,3,0.25,28.45,1.32,0.0443399395364461,9.92333333333333,,2025
1002124006,Line 6,Fabiola Ramirez,2025-04-22,SQCO,GRANDPRIZE,QHSQ319YS24013,230,0.33,3.17,0.25,224.5,5.5,0.0239130434782609,72.5552050473186,,2025
1002123982,Line 6,Fabiola Ramirez,2025-04-23,SQCO,GRANDPRIZE,CJSQ319GJ24004,243.5,0.33,3.5,0.25,239,4.5,0.0184804928131417,69.5714285714286,,2025
1002124008,Line 6,Fabiola Ramirez,2025-04-23,SQCO,GRANDPRIZE,QHSQ319YS24015,249,0.33,5,0.25,242.5,6.5,0.0261044176706827,49.8,,2025
1002124939,Line 5,Alicia Avelar,2025-04-23,WACO,RED RYDER,HNWA25007D,51.14,0.17,4,0.25,49.32,1.82,0.0355885803676183,12.785,,2025
1002124941,Line 5,Alicia Avelar,2025-04-24,WACO,RED RYDER,HNWA25007F,42.7,0.17,3,0.25,39.76,2.94000000000001,0.0688524590163937,14.2333333333333,,2025
100214940,Line 5,Alicia Avelar,2025-04-23,WACO,RED RYDER,HNWA25007E,57.55,0.17,4,0.25,55.5,2.05,0.0356211989574283,14.3875,,2025
1002124007,Line 6,Fabiola Ramirez,2025-04-24,SQCO,GRANDPRIZE,QHSQ319YS24014,260,0.33,4.33,0.25,253.5,6.5,0.025,60.0461893764434,,2025
1002124942,Line 5,Alicia Avelar,2025-04-24,WACO,RED RYDER,HNWA25007G,49.99,0.17,3.5,0.25,48.57,1.42,0.0284056811362272,14.2828571428571,,2025
1002124009,Line 6,Fabiola Ramirez,2025-04-24,SQCO,GRANDPRIZE,GASQ319GT24006,298.5,0.33,3,0.25,292.5,6,0.0201005025125628,99.5,,2025
1002123981,Line 6,Elodia Castaneda,2025-04-25,SQCO,GRANDPRIZE,CJSQ319LT24003,380,0.33,5,1,371,9,0.0236842105263158,76,,2025
1002118711,Line 5,Alicia Avelar,2025-04-25,CACO,RPP46475,PECA25010B,8.09,0.42,1,0.5,7.54,0.55,0.0679851668726823,8.09,,2025
1002124126,Line 5,Alicia Avelar,2025-04-24,CACO,RPP46475,PECA25010C,5.06,0.25,1,0.33,4.57,0.489999999999999,0.0968379446640314,5.06,,2025
0120000622,Line 3,Jesus Alvarez,2025-04-24,SQTO,Alexandria F1,23377,3502.23,0.33,30,3,3212.7,289.53,0.0826701844253519,116.741,,2025
1002118710,Line 5,Alicia Avelar,2025-04-25,CACO,RPP46475,PECA25010,2.36,0.17,0.5,0.25,1.95,0.41,0.173728813559322,4.72,,2025
1002125251,Line 5,Alicia Avelar,2025-04-25,CACO,MEXICA,LNR-24-12934,12.07,0.33,2,0.42,11.07,1,0.0828500414250207,6.035,,2025
1002125254,Line 5,Alicia Avelar,2025-04-28,CACO,SAGUARO,PECA25011C,16.72,0.33,3,0.42,15.2,1.52,0.0909090909090909,5.57333333333333,,2025
1002127767,Line 5,Elodia Castaneda,2025-04-28,CFBS,CF405,AZCF25002,8.16,0.17,4.5,0.75,0.395,7.765,0.951593137254902,1.81333333333333,,2025
1002127625,Line 5,Elodia Castaneda,2025-04-28,CFBS,CF230,AZCF25004,43.5,0.33,19,1,31.94,11.56,0.265747126436782,2.28947368421053,,2025
1002118668,Line 5,Alicia Avelar,2025-04-28,CACO,AL3626,PECA25007,2.93,0.33,0.5,0.42,2.47,0.46,0.156996587030717,5.86,,2025
1002118670,Line 5,Alicia Avelar,2025-04-28,CACO,BAYONET,PECA25009,4.05,0.33,0.5,0.42,3.56,0.49,0.120987654320988,8.1,,2025
1002127261,Line 6,Fabiola Ramirez,2025-04-28,SQCO,BACANORA,PESQ25007,202.5,0.33,1.83,1,199,3.5,0.017283950617284,110.655737704918,,2025
0120000669,Line 3,Jesus Alvarez,2025-04-28,SQTO,Pinnacle F1,23404,1241.43,0.17,16,3,1184.5,56.9300000000001,0.0458584052262311,77.589375,,2025
120000745,Line 6,Fabiola Ramirez,2025-04-28,SQTO,SLICK PIK F1,23401,266.5,0.5,9,0.67,259.51,6.99000000000001,0.0262288930581614,29.6111111111111,,2025
120000743,Line 5,Alicia Avelar,2025-04-29,SQTO,TOLLING SQUASH,23421,67.69,0.33,5,0.42,63.81,3.88,0.0573201359137243,13.538,,2025
1002127766,Line 5,Elodia Castaneda,2025-04-29,CFBS,CF405,AZCF25002A,8.1,0.17,4,0.75,0.195,7.905,0.975925925925926,2.025,,2025
1002118677,Line 5,Fabiola Ramirez,2025-04-29,CACO,GROUPER,PECA25012C,5.74,0.08,0.75,0.25,5.32,0.42,0.0731707317073171,7.65333333333333,,2025
1002123245,Line 5,Ana Ramirez,2025-04-30,CACO,RPP46475,PECA25010A,11.89,0.17,2,0.25,10.84,1.05,0.088309503784693,5.945,,2025
120000744,Line 5,Fabiola Ramirez,2025-04-29,SQTO,MOON BEAM F1,23419,53.96,0.5,2.5,0.75,50.03,3.93,0.0728317272053373,21.584,,2025
1002129496,Line 5,Maria Villa,2025-04-30,SQBS,AQ540,CLSQ25001,84.04,0.25,5,0.67,79.5,4.54000000000001,0.0540218943360306,16.808,,2025
1002129497,Line 5,Ana Ramirez,2025-04-30,SQBS,SQ610,CLSQ25002,34,0.25,1.33,0.67,29.9,4.1,0.120588235294118,25.5639097744361,,2025
100219495,Line 5,Ana Ramirez,2025-05-01,SQBS,1S071,CLSQ25000,79,0.25,4,0.67,74.5,4.5,0.0569620253164557,19.75,,2025
120000724,Line 6,Fabiola Ramirez,2025-04-30,SQTO,HSR 3535 F1,23405,195.09,0.33,5.5,0.67,189.95,5.14000000000002,0.0263468142908402,35.4709090909091,,2025
1002033634,Line 5,Ana Ramirez,2025-05-01,CACO,NATHALIE,DLR-23-14516,34.2,0.17,2.5,0.25,32.85,1.35,0.0394736842105263,13.68,,2025
120000666,Line 6,Fabiola Ramirez,2025-05-02,SQTO,ISHTAR F1,23403,453.35,0.33,12.5,0.75,443.03,10.3200000000001,0.0227638689754055,36.268,,2025
1002033639,Line 5,Ana Ramirez,2025-05-06,CACO,NATHALIE,LNR-23-24473,26.23,0.17,4,0.17,24.93,1.3,0.049561570720549,6.5575,,2025
1002127063,Line 5,Alicia Avelar,2025-05-06,CACO,SAGUARO,PECA25011B,18.79,0.33,3,0.42,17.32,1.47,0.0782331027142097,6.26333333333333,,2025
120000642,Line 3,Jesus Alvarez,2025-05-06,SQTO,Alexandria F1,23379,3526.94,0.5,35,3,3447,79.9400000000001,0.0226655400999167,100.769714285714,,2025
1002132443,Line 5,Ana Ramirez,2025-05-07,SQBS,SQ626,PESQ25002,25.55,0.25,1.5,0.25,21.85,3.7,0.144814090019569,17.0333333333333,,2025
300097338,Line 6,Fabiola Ramirez,2025-05-08,SQCO,GRANDPRIZE,QHSQ319YS24010,221,0.33,8,0.67,204,17,0.0769230769230769,27.625,,2025
1002132908,Line 6,Fabiola Ramirez,2025-05-08,WACO,SANGRIA,KA-DS-24-14431,50.42,0.33,1,0.25,49.34,1.08,0.021420071400238,50.42,,2025
1002033637,Line 5,Alicia Avelar,2025-05-08,CACO,NATHALIE,DLR-23-14517,32.77,0.33,5,0.42,31.32,1.45,0.0442477876106195,6.554,,2025
1002132909,Line 6,Fabiola Ramirez,2025-05-08,WACO,SANGRIA,KA-DS-24-14223,70.44,0.33,1,0.67,68.5,1.94,0.0275411697898921,70.44,,2025
1002132910,Line 5,Alicia Avelar,2025-05-09,WACO,SERPENT,150702556A,42.25,0.33,3.5,0.42,39.27,2.98,0.0705325443786982,12.0714285714286,,2025
1002132912,Line 5,Alicia Avelar,2025-05-09,WACO,EXCURSION,150787129B,19.78,0.08,2.5,0.17,18.25,1.53,0.0773508594539939,7.912,,2025
1002033638,Line 5,Ana Ramirez,2025-05-12,CACO,NATHALIE,BYD-3363,31.57,0.08,2.5,0.25,30.57,1,0.031675641431739,12.628,,2025
0120000643,Line 3,Elodia Castaneda,2025-05-12,SQTO,Alexandria F1,23381,3629.17,0.92,57,0.75,3503.5,125.67,0.0346277523510885,63.669649122807,,2025
1002132913,Line 5,Alicia Avelar,2025-05-12,WACO,Excursion,150787129A,8.91,0.17,1.5,0.25,8.45,0.460000000000001,0.0516273849607184,5.94,,2025
1002132915,Line 5,Elodia Castaneda,2025-05-14,WACO,CAPTIVATION,150787128A,21.15,0.08,1,0.25,19.09,2.06,0.0973995271867613,21.15,,2025
1002132919,Line 5,Elodia Castaneda,2025-05-14,WACO,CAPTIVATION,150787128E,16.73,0.08,1,0.25,15.49,1.24,0.0741183502689779,16.73,,2025
1002132916,Line 5,Alicia Avelar,2025-05-12,WACO,CAPTIVATION,150787128B,47.17,0.33,2.5,0.42,45.56,1.61,0.0341318634725461,18.868,,2025
1002132917,Line 5,Alicia Avelar,2025-05-12,WACO,CAPTIVATION,150787128C,28.58,0.17,2.5,0.33,26.13,2.45,0.0857242827151855,11.432,,2025
1002132918,Line 5,Alicia Avelar,2025-05-13,WACO,CAPTIVATION,150787128D,22.51,0.08,1,0.25,20.98,1.53,0.0679697912039094,22.51,,2025
1002130699,Line 5,Alicia Avelar,2025-05-13,CACO,TLAPANECO,DLR-24-8925,14.11,0.25,2,0.42,13.38,0.729999999999999,0.0517363571934797,7.055,,2025
1002132921,Line 5,Alicia Avelar,2025-05-13,WACO,CAPTIVATION,150787128,34.7,0.08,2.5,0.25,32.44,2.26000000000001,0.0651296829971184,13.88,,2025
1002132920,Line 5,Alicia Avelar,2025-05-13,WACO,CAPTIVATION,150787128F,20.48,0.08,1.5,0.25,18.83,1.65,0.08056640625,13.6533333333333,,2025
1002132922,Line 5,Alicia Avelar,2025-05-13,WACO,CAPTIVATION,150787128H,27.33,0.08,1.5,0.25,25.5,1.83,0.0669593852908891,18.22,,2025
1002118669,Line 5,Alicia Avelar,2025-05-13,CACO,AL3626,PECA25007A,1.75,0.08,0.25,0.25,1.35,0.4,0.228571428571429,7,,2025
1002133671,Line 5,Alicia Avelar,2025-05-13,WABS,WA805,150769814,44.97,0.25,2.5,0.42,40.58,4.39,0.0976206359795419,17.988,,2025
1002033642,Line 5,Alicia Avelar,2025-05-14,CACO,NATHALIE,LNR-23-24562,19.83,0.33,2.5,0.42,19.06,0.77,0.0388300554715078,7.932,,2025
120000726,Line 3,Jesus Alvarez,2025-05-14,SQTO,Alexandria F1,23385,3329.1,0.92,22.5,0.08,3249.5,79.5999999999999,0.0239103661650296,147.96,,2025
1002119657,Line 6,Fabiola Ramirez,2025-05-15,WCCO,GREGORIAN,CLWC25000,599,0.42,21,0.83,585.5,13.5,0.0225375626043406,28.5238095238095,,2025
1002119658,Line 6,Fabiola Ramirez,2025-05-15,WCCO,GALLICAN,CLWC25001,598.5,0.42,32,0.83,592.92,5.58000000000004,0.00932330827067676,18.703125,,2025
1002135118,Line 5,Alicia Avelar,2025-05-15,WACO,CRIST DELIGHT,CLWA25000A,47.43,0.33,4.5,0.42,44.71,2.72,0.0573476702508961,10.54,,2025
1002135119,Line 5,Alicia Avelar,2025-05-15,WACO,CRISP DELIGHT,CLWA25000D,22.47,0.08,2,0.17,20,2.47,0.109924343569203,11.235,,2025
1002118675,Line 5,Alicia Avelar,2025-05-16,CACO,GROUPER,PECA25012A,12.83,0.33,1.5,0.42,11.82,1.01,0.0787217459080281,8.55333333333333,,2025
1002033731,Line 5,Alicia Avelar,2025-05-16,CACO,NATHALIE,DLR-23-14534,27.25,0.33,3.5,0.42,26.11,1.14,0.0418348623853211,7.78571428571429,,2025
0120000725,Line 3,Jesus Alvarez,2025-05-19,SQTO,Alexandria F1,23383,3453.98,0.92,23.5,0.08,3328.5,125.48,0.036329104395509,146.977872340426,,2025
1002135992,Line 5,Alicia Avelar,2025-05-20,WACO,JAVELIN,HNWA25009,38.48,0.33,1.5,0.42,36.77,1.70999999999999,0.0444386694386692,25.6533333333333,,2025
1002135993,Line 5,Alicia Avelar,2025-05-20,WACO,JAVELIN,HNWA25009A,42.58,0.17,2,0.25,40.98,1.6,0.0375763269140442,21.29,,2025
1002135994,Line 5,Alicia Avelar,2025-05-21,WACO,Javelin,HNWA25009B,44.41,0.17,1.5,0.25,42.5,1.91,0.0430083314568791,29.6066666666667,,2025
1002125253,Line 5,Alicia Avelar,2025-05-21,CACO,ARUBA,PECA25013A,10.88,0.33,1,0.42,10.01,0.870000000000001,0.0799632352941177,10.88,,2025
1002135995,Line 5,Alicia Avelar,2025-05-21,WACO,JAVELIN,HNWA25009C,47.23,0.17,4,0.25,45.58,1.65,0.0349354224010163,11.8075,,2025
120000704,Line 6,Fabiola Ramirez,2025-05-21,SQTO,STRIPETTI F1,23406,562,0.42,24,0.75,553.64,8.36000000000001,0.0148754448398577,23.4166666666667,,2025
1002135996,Line 5,Alicia Avelar,2025-05-21,WACO,JAVELIN,HNWA25009D,43.52,0.17,4.5,0.25,41.88,1.64,0.0376838235294118,9.67111111111111,,2025
1002033732,Line 5,Alicia Avelar,2025-05-21,CACO,NATHALIE,LNR-23-24465,30.98,0.33,3.5,0.42,30.03,0.949999999999999,0.0306649451258876,8.85142857142857,,2025
1002136000,Line 5,Alicia Avelar,2025-05-22,WACO,DELICIOSA,HNWA25016,35.63,0.33,3.5,0.42,33.96,1.67,0.0468706146505754,10.18,,2025
1002135749,Line 6,Fabiola Ramirez,2025-05-22,CFCO,CAUC7168,AZCF25007,97.5,3,4.67,1,16.96,80.54,0.826051282051282,20.8779443254818,,2025
1002136001,Line 5,Alicia Avelar,2025-05-23,WACO,DELICIOSA,HNWA25016A,33.42,0.17,4.5,0.25,31.43,1.99,0.0595451825254339,7.42666666666667,,2025
0120000727,Line 3,Jesus Alvarez,2025-05-22,SQTO,Alexandria F1,23387,3704.08,2,21.5,0.08,3589.5,114.58,0.0309334571607525,172.282790697674,,2025
1002136002,Line 5,Alicia Avelar,2025-05-23,WACO,DELICIOSA,HNWA25016B,38.02,0.17,4.5,0.25,36.04,1.98,0.0520778537611783,8.44888888888889,,2025
1002136003,Line 5,Alicia Avelar,2025-05-23,WACO,DELICIOSA,HNWA25016C,22.05,0.17,2.5,0.25,20.51,1.54,0.0698412698412698,8.82,,2025
1002118676,Line 5,Alicia Avelar,2025-05-23,CACO,GROUPER,PECA25012B,12.62,0.17,2,0.25,11.62,1,0.0792393026941363,6.31,,2025
1002118674,Line 5,Alicia Avelar,2025-05-22,CACO,GROUPER,PECA25012,15.49,0.33,1.5,0.42,14.57,0.92,0.0593931568754035,10.3266666666667,,2025
1002130697,Line 5,Alicia Avelar,2025-05-23,CACO,MEXICA,LNR-24-12501,6.07,0.33,1,0.42,5.35,0.720000000000001,0.118616144975288,6.07,,2025
1002135209,Line 6,Fabiola Ramirez,2025-05-27,WABS,WA149,150769815A,122.5,0.33,6.5,0.67,118,4.5,0.036734693877551,18.8461538461538,,2025
1002135208,Line 5,Alicia Avelar,2025-05-27,WCBS,WA149,150769815,36.67,0.33,3,0.42,32.2,4.47,0.121898009271884,12.2233333333333,,2025
1002133769,Line 5,Alicia Avelar,2025-05-22,CACO,AL3615,PECA25008A,0.295,0.17,0.5,0.25,0.199,0.096,0.325423728813559,0.59,,2025
1002125255,Line 5,Fabiola Ramirez,2025-05-28,CACO,SAGUARO,PECA25011D,20.9,0.33,2,0.5,19.41,1.49,0.0712918660287081,10.45,,2025
1002138701,Line 5,Fabiola Ramirez,2025-05-29,SQBS,SQ578,CLSQ25003,35.82,0.25,2.5,0.33,30.98,4.84,0.135120044667783,14.328,,2025
1002125256,Line 5,Fabiola Ramirez,2025-05-29,CACO,SAGUARO,PECA25011A,21.29,0.25,2.5,0.33,20.14,1.15,0.0540159699389385,8.516,,2025
1002137075,Line 5,Fabiola Ramirez,2025-05-29,CUCO,DRETOS,CLCU25006,3.59,0.17,0.5,0.17,3.2,0.39,0.108635097493036,7.18,,2025
0120000762,Line 3,Jesus Alvarez,2025-05-28,SQTO,Alexandria F1,23389,3372.27,2,22,0.08,3271.5,100.77,0.0298819489542652,153.285,,2025
1002137077,Line 5,Fabiola Ramirez,2025-05-29,CUCO,AIOLOS,CLCU25004,2.39,0.17,0.5,0.17,2.1,0.29,0.121338912133891,4.78,,2025
1002137076,Line 5,Fabiola Ramirez,2025-05-29,CUCO,SC201212,CLCU25010,7.17,0.33,1,0.5,6.88,0.29,0.0404463040446304,7.17,,2025
1002137078,Line 5,Fabiola Ramirez,2025-05-29,CUCO,ERICO,CLCU25002,9.79,0.25,0.5,0.33,9.38,0.409999999999998,0.0418794688457608,19.58,,2025
1002137543,Line 5,Fabiola Ramirez,2025-05-30,MECO,ACCOLADE,KA-DS-24-13558,51.87,0.33,3.5,0.5,50.5,1.37,0.0264121843069212,14.82,,2025
1002135602,Line 6,Fabiola Ramirez,2025-05-29,CFBS,3C210,AZCF25001,135,1,15.5,0.67,58,77,0.57037037037037,8.70967741935484,,2025
1002125252,Line 5,Fabiola Ramirez,2025-05-30,CACO,ARUBA,PECA25013,12.69,0.33,2.5,0.5,11.52,1.17,0.0921985815602837,5.076,,2025
1002137541,Line 5,Fabiola Ramirez,2025-05-30,CUCO,DACNIS,CLCU25008,4.5,0.17,0.5,0.17,4.1,0.4,0.0888888888888889,9,,2025
1002137542,Line 5,Fabiola Ramirez,2025-05-30,CUCO,SKYLUKS,CLCU25009,2.99,0.33,0.5,0.42,2.71,0.28,0.0936454849498328,5.98,,2025
1002135605,Line 5,Alicia Avelar,2025-06-02,CFBS,3C232,AZCF25003,28,0.17,10,0.33,3.43,24.57,0.8775,2.8,,2025
1002109104,Line 6,Fabiola Ramirez,2025-06-02,SQCO,SPINE BEAUTY,CJPP181LT24002,408,0.33,5.5,0.5,399.5,8.5,0.0208333333333333,74.1818181818182,,2025
1002138585,Line 5,Fabiola Ramirez,2025-06-04,CUCO,SOLTANE,CLCU25007,7.78,0.17,1.5,0.17,6.67,1.11,0.1426735218509,5.18666666666667,,2025
1002138626,Line 5,Ana Ramirez,2025-06-05,CUCO,RANDALL,CLCU25000,9.26,0.17,1,0.17,8.09,1.17,0.126349892008639,9.26,,2025
0120000783,Line 3,Jesus Alvarez,2025-06-05,SQTO,Alexandria F1,23393,1942,0.67,13,0.08,1893,49,0.0252317198764161,149.384615384615,,2025
1002138657,Line 5,Ana Ramirez,2025-06-05,CUCO,WA437,150769839A,27.57,0.17,1,0.17,22.68,4.89,0.177366702937976,27.57,,2025
1002135747,Line 3,Elodia Castaneda,2025-06-06,BRCO,SBB033,AZBR25001,660,0.5,57,1.5,13.26,646.74,0.979909090909091,11.5789473684211,,2025
300097732,Line 6,Fabiola Ramirez,2025-06-06,SQCO,GRANDPRIZE,KA/WS24/13513,216.5,0.33,9.5,0.5,202,14.5,0.0669745958429561,22.7894736842105,,2025
1002138656,Line 5,Fabiola Ramirez,2025-06-05,WABS,WA437,150769839,5.25,0.17,0.5,0.17,3.42,1.83,0.348571428571429,10.5,,2025
1002138584,Line 5,Ana Ramirez,2025-06-05,CUCO,ESBEN,CLCU25001,17.28,0.17,1.5,0.17,15.99,1.29,0.0746527777777778,11.52,,2025
1002138655,Line 5,Elodia Castaneda,2025-06-05,WABS,WA156,150798172,9.61,0.17,1,0.33,8.1,1.51,0.157127991675338,9.61,,2025
1002140423,Line 6,Fabiola Ramirez,2025-06-06,WABS,WA013,150769838,50.7,0.33,1,0.5,46.5,4.2,0.0828402366863905,50.7,,2025
1002138654,Line 5,Elodia Castaneda,2025-06-06,WABS,1W328,150798174,19.49,0.33,2,0.42,16.93,2.56,0.131349409953823,9.745,,2025
1002138658,Line 6,Fabiola Ramirez,2025-06-06,WABS,WA560,150798175,99.93,0.33,1.5,0.5,95,4.93000000000001,0.0493345341739219,66.62,,2025
1002138660,Line 5,Alicia Avelar,2025-06-06,SQBS,SQ623,PESQ2500,17.24,0.33,1,0.42,13.99,3.25,0.188515081206497,17.24,,2025
1002138661,Line 5,Alicia Avelar,2025-06-09,SQBS,SQ624,PESQ25001,19.23,0.33,2,0.42,15.97,3.26,0.169526781071243,9.615,,2025
1002140365,Line 5,Alicia Avelar,2025-06-10,WACO,JAVELIN,HNWA25009E,41.51,0.33,4.5,0.42,38.85,2.66,0.0640809443507589,9.22444444444444,,2025
1002140719,Line 6,Fabiola Ramirez,2025-06-10,MECO,HEIDI,PEME25026,137,0.33,3.17,0.5,135,2,0.0145985401459854,43.217665615142,,2025
1002138659,Line 5,Elodia Castaneda,2025-06-09,SQBS,SQ578,PESQ235003,33.6,0.33,1.5,0.42,29.54,4.06,0.120833333333333,22.4,,2025
1002140720,Line 6,Fabiola Ramirez,2025-06-10,MECO,ASTOUND,PEME25023,61,0.33,1.5,0.5,60,1,0.0163934426229508,40.6666666666667,,2025
1002140721,Line 6,Fabiola Ramirez,2025-06-11,MECO,NOVIRA,PEME24025,125.5,0.33,3.17,0.5,122.5,3,0.0239043824701195,39.589905362776,,2025
1002140406,Line 5,Alicia Avelar,2025-06-10,WACO,JAVELIN,HNWA25009F,52.01,0.17,6,0.33,50,2.01,0.0386464141511248,8.66833333333333,,2025
300097721,Line 5,Alicia Avelar,2025-06-11,CACO,MEXICA,LNR-24-7355,7.79,0.33,1.5,0.42,7.24,0.55,0.0706033376123235,5.19333333333333,,2025
300097369,Line 5,Alicia Avelar,2025-05-06,WACO,VIRTUE,150638606D,31.04,0.17,2.5,0.33,5.99,25.05,0.807023195876289,12.416,,2025
300097368,Line 5,Alicia Avelar,2025-06-11,WACO,VIRTUE,150520756B,42.95,0.33,5,0.42,28.76,14.19,0.330384167636787,8.59,,2025
300097364,Line 5,Alicia Avelar,2025-06-11,WACO,VIRTUE,15038606H,44,0.33,4,0.42,29.5,14.5,0.329545454545455,11,,2025
300097720,Line 5,Alicia Avelar,2025-06-11,CACO,TLAPANECO,DLR-24-8925,13.38,0.17,2.5,0.33,12.59,0.790000000000001,0.0590433482810165,5.352,,2025
1002140645,Line 6,Fabiola Ramirez,2025-06-11,WABS,1W244,150769836,120,0.33,1.5,0.5,116.5,3.5,0.0291666666666667,80,,2025
120000782,Line 3,Jesus Alvarez,2025-06-11,SQTO,Alexandria F1,23391,3331.43,2,21,3,3293.2,38.23,0.0114755525405006,158.639523809524,,2025
1002140414,Line 6,Fabiola Ramirez,2025-06-12,WACO,CRISP DELIGHT,HNWA25015,56.19,0.33,1.5,0.33,54,2.19,0.0389749065670048,37.46,,2025
1.16,Line 6,Fabiola Ramirez,2025-06-12,WACO,DELICIOSA,HNWA25016D,21.02,0.33,1.5,0.33,19.39,1.63,0.0775451950523311,14.0133333333333,,2025
300097772,Line 5,Alicia Avelar,2025-06-12,WACO,JAVELIN,HNWA25009,36.79,0.17,2.5,0.33,29.09,7.7,0.209296004349008,14.716,,2025
1002140420,Line 6,Fabiola Ramirez,2025-06-12,WACO,DELICIOSA,HNWA25016E,15.05,0.33,0.83,0.33,13.52,1.53,0.101661129568106,18.1325301204819,,2025
1002140421,Line 6,Fabiola Ramirez,2025-06-12,WACO,DELICIOSA,HNWA25016F,20.96,0.33,0.83,0.33,19.34,1.62,0.0772900763358779,25.2530120481928,,2025
1002140422,Line 6,Fabiola Ramirez,2025-06-13,WACO,DELICIOSA,HNWA25016G,19.35,0.33,0.83,0.5,17.63,1.72,0.0888888888888889,23.3132530120482,,2025
1002140643,Line 5,Alicia Avelar,2025-06-12,MEBS,ME724,PEME25020,7.64,0.17,1,0.33,6.33,1.31,0.171465968586387,7.64,,2025
1002140644,Line 5,Alicia Avelar,2025-06-12,MEBS,ME726,PEME25021,7,0.17,0.5,0.33,5.61,1.39,0.198571428571429,14,,2025
1002140642,Line 5,Elodia Castaneda,2025-06-12,MEBS,ME650,PEME25022,3,0.17,0.5,0.33,2.15,0.85,0.283333333333333,6,,2025
300097773,Line 5,Alicia Avelar,2025-06-13,WACO,JAVELIN,HNWA25009A,40.99,0.17,3.5,0.33,34.57,6.42,0.156623566723591,11.7114285714286,,2025
1002140415,Line 5,Elodia Castaneda,2025-06-13,WACO,CRISP DELIGHT,HNWA25015A,48.69,0.17,1.5,0.33,46.65,2.04,0.0418977202711029,32.46,,2025
1002140416,Line 5,Elodia Castaneda,2025-06-13,WACO,CRISP DELIGHT,HNWA25015B,40.78,0.33,1.5,0.5,39.1,1.68,0.0411966650318784,27.1866666666667,,2025
300097370,Line 5,Alicia Avelar,2025-06-13,WACO,RED RYDER,150767552C,30.3,0.33,2,0.33,6.64,23.66,0.780858085808581,15.15,,2025
300097799,Line 5,Alicia Avelar,2025-06-13,WACO,RED RYDER,150767552,39.43,0.17,2.5,0.33,26.87,12.56,0.318539183362922,15.772,,2025
120000742,Line 3,Jesus Alvarez,2025-06-12,SQTO,EIGHTBALL F1,23399,905,0.42,13,3,861.5,43.5,0.0480662983425414,69.6153846153846,,2025
1002140375,Line 6,Fabiola Ramirez,2025-06-16,WACO,MELODY,HNWA25017,40.8,0.33,1.17,0.33,39.13,1.66999999999999,0.0409313725490194,34.8717948717949,,2025
1002140376,Line 6,Fabiola Ramirez,2025-06-16,WACO,MELODY,HNWA25017A,24.74,0.33,0.67,0.33,23.34,1.4,0.0565885206143897,36.9253731343284,,2025
1002140377,Line 6,Fabiola Ramirez,2025-06-16,WACO,MELODY,HNWA25017B,47.76,0.33,1.33,0.33,45.49,2.27,0.0475293132328308,35.9097744360902,,2025
1002140378,Line 6,Fabiola Ramirez,2025-06-16,WACO,MELODY,HNWA25017C,33.37,0.33,1.16,0.5,32.07,1.3,0.038957147138148,28.7672413793103,,2025
1002135746,Line 6,Fabiola Ramirez,2025-06-16,CFCO,CAUC7132,AZCF25006,416.5,1,27.5,1,57.22,359.28,0.862617046818727,15.1454545454545,,2025
1002142487,Line 5,Alicia Avelar,2025-06-13,WABS,1W594,150798171,25.1,0.17,2,0.33,21.36,3.74,0.149003984063745,12.55,,2025
1002142489,Line 5,Alicia Avelar,2025-06-16,WABS,1W594,150798171B,22.43,0.17,2,0.33,18.7,3.73,0.166295140436915,11.215,,2025
1002140371,Line 5,Alicia Avelar,2025-06-16,WACO,BLACK JACK,HNWA25008,18.7,0.17,2,0.33,17.24,1.46,0.0780748663101604,9.35,,2025
1002141758,Line 5,Alicia Avelar,2025-06-16,CUCO,SIRIANA,CLCU25005,17.39,0.33,1.5,0.33,16.24,1.15,0.066129959746981,11.5933333333333,,2025
1002142488,Line 5,Alicia Avelar,2025-06-16,WABS,1W594,150798171A,20.94,0.17,1.5,0.33,17.37,3.57,0.170487106017192,13.96,,2025
1002140372,Line 5,Alicia Avelar,2025-06-17,WACO,BLACK JACK,HNWA25008A,33.71,0.17,2.5,0.33,31.84,1.87,0.0554731533669534,13.484,,2025
1002140373,Line 5,Alicia Avelar,2025-06-17,WACO,BLACK JACK,HNWA25008B,22.6,0.17,1.5,0.33,21.14,1.46,0.0646017699115044,15.0666666666667,,2025
1002140374,Line 5,Alicia Avelar,2025-06-17,WACO,BLACK JACK,HNWA25008C,36.81,0.17,2.5,0.33,35.08,1.73,0.0469980983428416,14.724,,2025
1002140806,Line 5,Alicia Avelar,2025-06-18,WABS,WM814,150769840,30.01,0.33,1,0.42,27.35,2.66,0.0886371209596801,30.01,,2025
1002142145,Line 6,Fabiola Ramirez,2025-06-18,SQBS,SQ626,CLSQ25013,112,0.42,3.33,1,108,4,0.0357142857142857,33.6336336336336,,2025
1002142490,Line 5,Alicia Avelar,2025-06-18,MEBS,ME417,CLME25000,4.71,0.33,0.5,0.33,3.78,0.93,0.197452229299363,9.42,,2025
120000703,Line 3,Jesus Alvarez,2025-06-18,SQTO,Sebring F1,23407,1457.39,1.5,19,3,1430,27.3900000000001,0.018793871235565,76.7047368421053,,2025
1002130696,Line 5,Elodia Castaneda,2025-06-19,CACO,MEXICA Hot,DLR-24-8934,12.41,0.33,1.5,0.42,11.4,1.01,0.0813859790491539,8.27333333333333,,2025
1002141625,Line 5,Alicia Avelar,2025-06-19,SQBS,PP565,CLSQ25005,24.42,0.33,1.5,0.33,20.18,4.24,0.173628173628174,16.28,,2025
1002141946,Line 5,Alicia Avelar,2025-06-19,MECO,MS0528,PEME25027,39.34,0.33,3,0.33,38.23,1.11000000000001,0.0282155566853078,13.1133333333333,,2025
1002133768,Line 5,Alicia Avelar,2025-06-20,CACO,MEXICA,DLR-24-8933,14.81,0.33,2,0.33,13.72,1.09,0.0735989196488859,7.405,,2025
1002142935,Line 5,Alicia Avelar,2025-06-20,WACO,CAPTIVATION,HNWA25020,27.73,0.33,2.5,0.33,25.84,1.89,0.0681572304363505,11.092,,2025
1002142936,Line 5,Alicia Avelar,2025-06-23,WACO,CAPTIVATION,HNWA25020A,25.38,0.33,2,0.33,23.79,1.59,0.0626477541371159,12.69,,2025
1002142934,Line 6,Fabiola Ramirez,2025-06-23,WACO,SANGRIA,150797816,96.82,0.33,2.33,0.5,96,0.819999999999993,0.00846932451972726,41.5536480686695,,2025
1002142938,Line 5,Elodia Castaneda,2025-06-23,WACO,SIBARITA,HNWA25018,46.96,0.33,2.33,0.67,45,1.96,0.0417376490630324,20.1545064377682,,2025
1002142937,Line 5,Alicia Avelar,2025-06-23,WACO,CAPTIVATION,HNWA25020B,38.24,0.17,4,0.33,36.58,1.66,0.0434100418410042,9.56,,2025
1002142940,Line 5,Alicia Avelar,2025-06-24,WACO,RED RYDER,HNWA25012A,28.08,0.33,2,0.33,24.9,3.18,0.113247863247863,14.04,,2025
1002144150,Line 6,Fabiola Ramirez,2025-06-24,MECO,HEIDI,150797756,90.84,0.33,2.67,0.33,89.5,1.34,0.0147512109202994,34.0224719101124,,2025
1002135748,Line 3,Jesus Alvarez,2025-06-23,BRCO,SBB003,AZBR25002,1544,0.75,16,3,164.35,1379.65,0.893555699481865,96.5,,2025
1002142939,Line 5,Alicia Avelar,2025-06-24,WACO,RED RYDER,HNWA25012,30.98,0.17,2.5,0.33,27.27,3.71,0.119754680438993,12.392,,2025
1002143098,Line 5,Alicia Avelar,2025-06-23,WABS,WA012,FLWA25000,9.23,0.33,2.5,0.33,7.6,1.63,0.176598049837486,3.692,,2025
1002144151,Line 6,Fabiola Ramirez,2025-06-24,MECO,HEIDI,150797756-A,120.72,0.33,1.5,0.67,119.5,1.22,0.0101060304837641,80.48,,2025
1002142942,Line 5,Alicia Avelar,2025-06-24,WACO,RED RYDER,HNWA25012C,34.67,0.17,2,0.33,30.34,4.33,0.124891837323334,17.335,,2025
1002142941,Line 5,Alicia Avelar,2025-06-25,WACO,RED RYDER,HNWA25012B,37.81,0.33,3,0.42,33.33,4.48,0.118487172705633,12.6033333333333,,2025
1002144468,Line 6,Fabiola Ramirez,2025-06-25,WACO,SERPENS,PEWA25024C,103.62,0.33,1.83,0.33,100.5,3.12,0.0301100173711639,56.6229508196721,,2025
1002144469,Line 6,Fabiola Ramirez,2025-06-25,WACO,SERPENS,PEWA25024,75.18,0.33,1.5,0.33,72.5,2.68000000000001,0.0356477786645386,50.12,,2025
1002144470,Line 6,Fabiola Ramirez,2025-06-25,WACO,SERPENS,PEWA25024A,75.12,0.33,1.5,0.33,73.5,1.62,0.0215654952076677,50.08,,2025
1002144471,Line 6,Fabiola Ramirez,2025-06-25,SQCO,SERPENS,PEWA25024B,77.56,0.33,1.75,0.33,75.5,2.06,0.0265600825167612,44.32,,2025
1002144472,Line 6,Fabiola Ramirez,2025-06-26,WACO,SERPENS,PEWA25024D,35.57,0.33,1,1,34.34,1.23,0.0345797019960641,35.57,,2025
1002143097,Line 5,Alicia Avelar,2025-06-25,SQBS,PP419,FLSQ25000,22.23,0.33,1.5,0.42,18.04,4.19,0.188484030589294,14.82,,2025
1002142943,Line 5,Maria Villa,2025-06-25,WACO,Red Ryder,HNWA25012D,41.68,0.33,3,0.42,36.67,5.01,0.120201535508637,13.8933333333333,,2025
1002143747,Line 6,Fabiola Ramirez,2025-06-26,WACO,ESCARLETT,150797764-A,25.31,0.33,0.67,0.33,24.29,1.02,0.0403002765705255,37.7761194029851,,2025
1002143746,Line 6,Fabiola Ramirez,2025-06-26,WACO,ESCARLETT,15097764,62.33,0.33,1,0.67,61,1.33,0.0213380394673512,62.33,,2025
1002142944,Line 5,Maria Villa,2025-06-26,WACO,GUARDSMAN,HNWA25019,21.61,0.33,2,0.42,19.81,1.8,0.0832947709393799,10.805,,2025
1002142945,Line 5,Maria Villa,2025-06-26,WACO,GUARDSMAN,HNWA25019A,51.12,0.33,5,0.42,47,4.12,0.0805946791862285,10.224,,2025
1002144473,Line 5,Maria Villa,2025-07-01,WACO,JAVELIN,HNWA25009G,61.76,0.33,2.5,0.42,59,2.76,0.0446891191709845,24.704,,2025
1002144474,Line 5,Elodia Castaneda,2025-07-01,WACO,DELICIOSA,HNWA25016H,20.39,0.33,2,0.42,18.33,2.06,0.101029916625797,10.195,,2025
1002144475,Line 5,Alicia Avelar,2025-07-02,WACO,DELICIOSA,HNWA25016J,22.37,0.17,2.5,0.33,19.86,2.51,0.112203844434511,8.948,,2025
1002144785,Line 6,Maria Villa,2025-07-02,WACO,SANGRIA,150796460-A,82.97,0.33,1.5,0.42,81.5,1.47,0.0177172471977823,55.3133333333333,,2025
1002144152,Line 5,Alicia Avelar,2025-07-02,MECO,ASTOUND,150791559,45,0.33,3,0.42,43.98,1.02,0.0226666666666667,15,,2025
1002144476,Line 5,Alicia Avelar,2025-07-02,WACO,DELICIOSA,HNWA25016K,20.43,0.17,2,0.33,17.96,2.47,0.120900636319139,10.215,,2025
1002146302,Line 6,Maria Villa,2025-07-02,WACO,SANGRIA,150796460,43.25,0.33,1,0.42,42.63,0.619999999999998,0.0143352601156069,43.25,,2025
1002144584,Line 6,Elodia Castaneda,2025-07-02,MECO,ACCOLADE,RBR/15725,61.35,0.33,1.5,0.33,59.5,1.85,0.0301548492257539,40.9,,2025
1002144477,Line 5,Alicia Avelar,2025-07-02,WACO,DELICIOSA,HNWA25016L,27.4,0.17,2.5,0.33,24.74,2.66,0.0970802919708029,10.96,,2025
1002146301,Line 5,Alicia Avelar,2025-07-02,WACO,CATO,HNWA25013B,15.12,0.33,1.5,0.42,13.27,1.85,0.122354497354497,10.08,,2025
1002144886,Line 6,Maria Villa,2025-07-02,MECO,ACCOLADE,1852,85.72,0.33,1.5,0.42,83,2.72,0.0317312179188054,57.1466666666667,,2025
1002146300,Line 5,Alicia Avelar,2025-07-03,WACO,CATO,HNWA25013A,14.16,0.17,1.5,0.33,11.72,2.44,0.172316384180791,9.44,,2025
1002144585,Line 5,Maria Villa,2025-07-03,MECO,ACCOLADE,1462,32.58,0.33,1,0.42,31.19,1.39,0.0426642111724985,32.58,,2025
1002146299,Line 5,Alicia Avelar,2025-07-03,WACO,CATO,HNWA25013,15.54,0.17,2,0.33,12.97,2.57,0.165379665379665,7.77,,2025
1002146303,Line 5,Alicia Avelar,2025-07-03,WACO,ESCARLETT,150977630,27.35,0.33,2,0.42,27.02,0.330000000000002,0.0120658135283365,13.675,,2025
1002146083,Line 5,Elodia Castaneda,2025-07-03,CFBS,3C387,CRCF25001,18.1,0.5,5.5,0.75,11.48,6.62,0.365745856353591,3.29090909090909,,2025
1002139986,Line 3,Jesus Alvarez,2025-06-25,CFCO,CFH1522,AZCF25005,308.5,0.17,11.5,3,304.17,4.32999999999998,0.0140356564019448,26.8260869565217,,2025
1002146304,Line 5,Elodia Castaneda,2025-07-07,WACO,ESCARLETT,150797630-A,38.23,0.33,2,0.42,37.74,0.489999999999995,0.0128171592989797,19.115,,2025
300098050,Line 5,Alicia Avelar,2025-07-07,WACO,SERPENS,150702556,16.52,0.33,1.5,0.42,15.1,1.42,0.085956416464891,11.0133333333333,,2025
300098049,Line 5,Alicia Avelar,2025-07-09,WACO,SERPENS,150702556A,38.66,0.33,3.5,0.42,36.5,2.16,0.0558717020175892,11.0457142857143,,2025
1002147871,Line 5,Maria Villa,2025-07-10,MECO,MAMUT,150791561,53.72,0.17,"3,5",0.42,53.5,0.219999999999999,0.0040953090096798,#INVALID OPERATION,,2025
1002147874,Line 6,Fabiola Ramirez,2025-07-10,MECO,APHRODITE,150791558,68.69,0.33,1.5,0.33,68,0.689999999999998,0.0100451302955306,45.7933333333333,,2025
1002147873,Line 6,Fabiola Ramirez,2025-07-11,MECO,APHRODITE,PEME25028,88.44,0.33,1.5,0.75,87.5,0.939999999999998,0.0106286748077793,58.96,,2025
1002147875,Line 6,Fabiola Ramirez,2025-07-11,MECO,ACCOLADE,150791560-A,74.53,0.33,1.33,0.33,73.5,1.03,0.0138199382798873,56.0375939849624,,2025
1002147876,Line 6,Fabiola Ramirez,2025-07-11,MECO,ACCOLADE,150791560,112.96,0.33,1.5,0.67,112.5,0.459999999999994,0.00407223796033989,75.3066666666667,,2025
1002136078,Line 5,Elodia Castaneda,2025-07-11,CACO,YEDDA,CLCA25001,9.74,0.33,1.5,0.67,9,0.74,0.0759753593429158,6.49333333333333,,2025
1002149669,Line 5,Alicia Avelar,2025-07-09,MEBS,ME776,PEME25019,9.6,0.33,1,0.42,7.65,1.95,0.203125,9.6,,2025
1002147883,Line 6,Fabiola Ramirez,2025-07-14,MECO,OVATION,150791557-G,69.3,0.33,1.83,0.33,68.5,0.799999999999997,0.0115440115440115,37.8688524590164,,2025
1002149671,Line 6,Fabiola Ramirez,2025-07-10,SQBS,SQ598,CLSQ25007,237,0.33,3,1,230,7,0.029535864978903,79,,2025
1002149672,Line 6,Fabiola Ramirez,2025-07-09,SQBS,SQ602,CLSQ25009,87,0.33,3.17,0.67,83.5,3.5,0.0402298850574713,27.4447949526814,,2025
1002147872,Line 5,Alicia Avelar,2025-07-09,MECO,ACCOLADE,150791560-B,10.16,0.33,1,0.42,9.58,0.58,0.0570866141732283,10.16,,2025
300097367,Line 5,Alicia Avelar,2025-05-05,WACO,VIRTUE,150638606I,48,0.33,6,0.42,27.39,20.61,0.429375,8,,2025
1002149673,Line 6,Fabiola Ramirez,2025-07-09,SQBS,SQ599,CLSQ25008,81.7,0.33,2.67,0.67,78,3.7,0.0452876376988984,30.5992509363296,,2025
300097366,Line 5,Alicia Avelar,2025-05-02,WACO,VIRTUE,150638606F,57,0.33,7,0.42,38,19,0.333333333333333,8.14285714285714,,2025
1002149670,Line 5,Alicia Avelar,2025-07-09,SQBS,SQ619,CLSQ25010,15,0.33,1.5,0.42,11.98,3.02,0.201333333333333,10,,2025
1002147882,Line 6,Fabiola Ramirez,2025-07-14,MECO,OVATION,150791557-F,89.62,0.33,1,0.33,89,0.620000000000005,0.00691809863869678,89.62,,2025
0300097365,Line 5,Elodia Castaneda,2025-07-14,WACO,VIRTUE,150520756A,31.71,0.33,3,0.42,21.55,10.16,0.320403658152003,10.57,,2025
1002137315,Line 5,Elodia Castaneda,2025-07-14,CACO,FITZIA,PECA25022,9.85,0.17,1,0.33,9.21,0.639999999999999,0.06497461928934,9.85,,2025
1002136079,Line 5,Elodia Castaneda,2025-07-14,CACO,AL3615,PECA25008,0.63,0.17,0.25,0.25,0.088,0.542,0.86031746031746,2.52,,2025
1002147879,Line 6,Fabiola Ramirez,2025-07-14,MECO,OVATION,150791557-B,115.6,0.33,1.5,0.33,115.5,0.0999999999999943,0.000865051903114138,77.0666666666667,,2025
1002137313,Line 5,Alicia Avelar,2025-07-14,TOCO,BQ400,PETO25000,9.99,0.33,2,0.42,9.1,0.890000000000001,0.0890890890890892,4.995,,2025
1002147880,Line 6,Fabiola Ramirez,2025-07-14,MECO,OVATION,150791557-C,133.24,0.33,2.33,0.33,132,1.24000000000001,0.00930651456019221,57.1845493562232,,2025
1002135752,Line 5,Alicia Avelar,2025-07-14,CACO,FITZIA,PECA25022A,16.78,0.33,2,0.42,16.11,0.670000000000002,0.0399284862932063,8.39,,2025
1002137314,Line 5,Alicia Avelar,2025-07-15,TOCO,BQ400,PETO25000A,4.38,0.17,1,0.33,3.97,0.41,0.0936073059360731,4.38,,2025
1002147881,Line 6,Fabiola Ramirez,2025-07-15,MECO,OVATION,150791557-D,147.12,0.33,2,0.33,146.5,0.620000000000005,0.00421424687330074,73.56,,2025
0300097736,Line 5,Elodia Castaneda,2025-07-15,WACO,EXCURSION,150638613,17.95,0.33,1.33,0.25,17.2,0.75,0.0417827298050139,13.4962406015038,,2025
1002149871,Line 5,Alicia Avelar,2025-07-15,WACO,MELODY,HNWA25017F,19.56,0.33,2,0.42,18.9,0.66,0.0337423312883436,9.78,,2025
1002147877,Line 6,Fabiola Ramirez,2025-07-15,MECO,OVATION,15079157,170.02,0.33,2,1,170,0.0200000000000102,0.000117633219621281,85.01,,2025
1002149870,Line 5,Alicia Avelar,2025-07-15,WACO,MELODY,HNWA25017E,25.33,0.17,1.5,0.33,24.57,0.759999999999998,0.0300039478878799,16.8866666666667,,2025
1002149869,Line 5,Alicia Avelar,2025-07-15,WACO,MELODY,HNWA25017D,32.73,0.17,2.5,0.33,31.68,1.05,0.0320806599450046,13.092,,2025
1002150422,Line 6,Fabiola Ramirez,2025-07-16,SQBS,SQ260,CLSQ25006,121.33,0.33,4,0.67,117.5,3.83,0.0315668012857496,30.3325,,2025
1002150421,Line 6,Fabiola Ramirez,2025-07-16,SQBS,1S088,CLSQ25004,79,0.33,1.67,1,76,3,0.0379746835443038,47.3053892215569,,2025
1002149873,Line 5,Alicia Avelar,2025-07-16,WACO,VIRTUE,HNWA25011A,48.01,0.17,3.5,0.25,46.48,1.53,0.0318683607581754,13.7171428571429,,2025
1002149872,Line 5,Fabiola Ramirez,2025-07-16,WACO,VIRTUE,HNWA25011,52.03,0.33,2.5,0.42,50,2.03,0.0390159523351912,20.812,,2025
1002150618,Line 5,Fabiola Ramirez,2025-07-17,WACO,JAVELIN,HNWA25009J,48.61,0.33,6.5,0.17,47.5,1.11,0.0228348076527464,7.47846153846154,,2025
1002150617,Line 5,Fabiola Ramirez,2025-07-17,WACO,JAVELIN,HNWA25009H,52.72,0.33,5,0.67,50.5,2.22,0.0421092564491654,10.544,,2025
1002147878,Line 6,Elodia Castaneda,2025-07-14,MECO,OVATION,150791557-A,89.03,0.33,1.33,0.33,88,1.03,0.0115691339997754,66.9398496240602,,2025
1002139905,Line 5,Elodia Castaneda,2025-07-21,CACO,TLAPANECO,DLR-24-8951,2.92,0.33,0.33,0.5,2.58,0.34,0.116438356164384,8.84848484848485,,2025
1002143662,Line 5,Elodia Castaneda,2025-07-18,CACO,SILEX,LNR-24-12539,9.69,0.33,1,0.5,9.24,0.449999999999999,0.046439628482972,9.69,,2025
1002149674,Line 5,Elodia Castaneda,2025-07-21,MEBS,ME229,PEME25015,3.87,0.33,0.5,0.42,2.81,1.06,0.27390180878553,7.74,,2025
0300097735,Line 5,Elodia Castaneda,2025-07-21,WACO,EXCURSION,150638613P,58,0.33,6,0.5,22.45,35.55,0.612931034482759,9.66666666666667,,2025
1002144877,Line 5,Fabiola Ramirez,2025-07-18,CACO,YEDDA,CLCA25001A,12.54,0.33,1.5,0.5,11.8,0.739999999999998,0.059011164274322,8.36,,2025
2400007121,Line 5,Fabiola Ramirez,2025-07-21,WACO,CRISP DELIGHT,HNWA25015B,39.09,0.33,14,0.5,36.13,2.96,0.0757226912253773,2.79214285714286,,2025
1002145609,Line 5,Fabiola Ramirez,2025-07-21,CACO,RIDONA,CLCA25003A,11.05,0.33,0.67,0.67,10.34,0.710000000000001,0.0642533936651585,16.4925373134328,,2025
300097984,Line 5,Fabiola Ramirez,2025-06-20,WACO,CAPTIVATION,150638608T,34.84,0.33,3,0.5,23,11.84,0.3398392652124,11.6133333333333,,2025
1002141800,Line 5,Alicia Avelar,2025-07-18,CACO,SILEX,LNR-24-12530,9.86,0.33,1,0.17,9.02,0.84,0.0851926977687627,9.86,,2025
1002143665,Line 5,Alicia Avelar,2025-07-18,CACO,SILEX,DLR-24-12194,14.4,0.33,1,0.17,13.71,0.69,0.0479166666666667,14.4,,2025
1002151001,Line 5,Alicia Avelar,2025-07-23,WACO,JAVALIN,HNWA25009K,41.61,0.33,4,0.42,40.93,0.68,0.0163422254265802,10.4025,,2025
1002151003,Line 5,Alicia Avelar,2025-07-23,WACO,JAVELIN,HNWA25009L,42.5,0.17,4.5,0.33,41.7,0.799999999999997,0.0188235294117646,9.44444444444445,,2025
2400007180,Line 6,Fabiola Ramirez,2025-07-24,MECO,HEIDI,150797756,89,0.33,15,2,73.5,15.5,0.174157303370787,5.93333333333333,,2025
1002149675,Line 5,Elodia Castaneda,2025-07-24,SQBS,SQ623,CLSQ25011,30.02,0.33,23.5,0.5,24.97,5.05,0.168221185876083,1.27744680851064,,2025
1002151004,Line 5,Alicia Avelar,2025-07-24,WACO,JAVELIN,HNWA25009M,42.58,0.17,3.5,0.33,40.47,2.11,0.0495537811178957,12.1657142857143,,2025
1002152457,Line 6,Fabiola Ramirez,2025-07-24,MECO,MS22-1112,PEME25029,61.09,0.33,1.5,0.67,60,1.09,0.0178425274185628,40.7266666666667,,2025
1002152610,Line 3,Jesus Alvarez,2025-07-23,SQCO,GRANDPRIZE,RBR/15710,197,0.17,4.5,2.5,192,5,0.0253807106598985,43.7777777777778,,2025
1002151005,Line 5,Alicia Avelar,2025-07-24,WACO,JAVELIN,HNWA25009N,44.55,0.17,4,0.33,43.35,1.2,0.0269360269360269,11.1375,,2025
1002150998,Line 3,Jesus Alvarez,2025-07-24,SQCO,EVERGLADE,CLSQ25015,393,0.17,2.5,2.5,379,14,0.0356234096692112,157.2,,2025
1002151026,Line 5,Maria Villa,2025-07-24,WACO,JAVELIN,HNWA25009P,32.46,0.25,0.3,0.33,31.56,0.900000000000002,0.0277264325323476,108.2,,2025
1002152456,Line 6,Fabiola Ramirez,2025-07-24,MECO,ACCOLADE,150796830,72.16,0.33,1.5,0.67,72,0.159999999999997,0.00221729490022169,48.1066666666667,,2025
1002143664,Line 5,Elodia Castaneda,2025-07-24,CACO,SILEX,DLR-24-12190,14.5,0.33,1,0.42,13.72,0.779999999999999,0.0537931034482758,14.5,,2025
1002151027,Line 5,Alicia Avelar,2025-07-25,WACO,JAVELIN,HNWA25009Q,44.4,0.25,4,0.33,43.46,0.939999999999998,0.0211711711711711,11.1,,2025
1002139903,Line 5,Alicia Avelar,2025-07-25,CACO,PAQUIME,DLR-24-8972,11.52,0.33,3,0.67,10.5,1.02,0.0885416666666667,3.84,,2025
1002143663,Line 5,Elodia Castaneda,2025-07-24,CACO,SILEX,DLR-24-12193,14.8,0.33,0.5,0.42,14.22,0.58,0.0391891891891892,29.6,,2025
1002139904,Line 5,Maria Villa,2025-07-25,CACO,PAQUIME,DLR-24-8969,15.22,0.33,2.5,0.58,13.92,1.3,0.0854139290407359,6.088,,2025
1002152613,Line 3,Jesus Alvarez,2025-07-23,SQCO,GRANDPRIZE,RBR/21357,237,0.17,2.5,0.08,233,4,0.0168776371308017,94.8,,2025
1002139902,Line 5,Elodia Castaneda,2025-07-25,CACO,PAQUIME,DLR-24-8968,14.81,0.33,3,0.42,13.71,1.1,0.0742741390952059,4.93666666666667,,2025
1002151028,Line 5,Maria Villa,2025-07-28,WACO,JAVELIN,HNWA25009R,61.35,0.33,4.5,0.33,59.5,1.85,0.0301548492257539,13.6333333333333,,2025
1002151029,Line 5,Fabiola Ramirez,2025-07-28,WACO,JAVELIN,HNWA25009S,38.37,0.33,3.5,0.25,36.6,1.77,0.0461297888975762,10.9628571428571,,2025
1002151030,Line 5,Fabiola Ramirez,2025-07-28,WACO,JAVELIN,HNWA25009T,47.41,0.33,3,0.33,46.5,0.909999999999997,0.0191942628137523,15.8033333333333,,2025
1002146609,Line 5,Fabiola Ramirez,2025-07-28,CACO,ARUBA,DLR-24-8985,4.53,0.33,0.5,0.33,3.95,0.58,0.1280353200883,9.06,,2025
1002146610,Line 5,Fabiola Ramirez,2025-07-28,CACO,ARUBA,LNR-24-6304,4.93,0.33,1,0.5,4.34,0.59,0.119675456389452,4.93,,2025
1002139901,Line 5,Elodia Castaneda,2025-07-28,CACO,MEXICA,DLR-24-12147,7.97,0.33,1.5,0.5,7.46,0.51,0.0639899623588457,5.31333333333333,,2025
1002139900,Line 5,Fabiola Ramirez,2025-07-28,CACO,MEXICA,DLR-24-8945,12.7,0.33,1.5,0.5,11.54,1.16,0.0913385826771654,8.46666666666667,,2025
1002151028,Line 5,Fabiola Ramirez,2025-07-28,WACO,JAVELIN,HNWA25009R,61.35,0.33,4.5,0.33,59.5,1.85,0.0301548492257539,13.6333333333333,,2025
1002151031,Line 5,Fabiola Ramirez,2025-07-29,WACO,JAVELIN,HNWA25009U,48.87,0.33,2.5,0.33,47.5,1.37,0.0280335584202988,19.548,,2025
1002152460,Line 3,Jesus Alvarez,2025-07-25,SQCO,PAYROLL,RBR/15658,233,0.17,2,0.08,214,19,0.0815450643776824,116.5,,2025
1002152459,Line 3,Jesus Alvarez,2025-07-25,SQCO,PAYROLL,RBR/15602,206,0.17,3,2.5,182.5,23.5,0.114077669902913,68.6666666666667,,2025
1002152614,Line 5,Elodia Castaneda,2025-07-28,MEBS,ME697,PEME25016,7.13,0.33,0.5,0.42,5.81,1.32,0.185133239831697,14.26,,2025
1002152615,Line 5,Elodia Castaneda,2025-07-29,SQBS,SQ604,CLSQ25014,49.8,0.33,3,0.5,45.87,3.93,0.0789156626506024,16.6,,2025
1002152616,Line 5,Elodia Castaneda,2025-07-29,SQBS,SQ604,CLSQ25014A,35.8,0.33,1.83,0.58,32.12,3.68,0.102793296089385,19.5628415300546,,2025
1002151033,Line 5,Fabiola Ramirez,2025-07-29,WACO,JAVELIN,HNWA25009W,38.41,0.33,2.83,0.33,37,1.41,0.0367091903150221,13.5724381625442,,2025
1002143659,Line 5,Elodia Castaneda,2025-07-30,CACO,ARUBA,LNR-24-6306,6.98,0.17,0.5,0.42,5.93,1.05,0.150429799426934,13.96,,2025
1002151034,Line 5,Fabiola Ramirez,2025-07-30,WACO,JAVELIN,HNWA25009X,34.56,0.33,2,0.33,33.3,1.26000000000001,0.0364583333333336,17.28,,2025
1002143706,Line 5,Elodia Castaneda,2025-07-30,CACO,MEXICA,DLR-24-12151,14.95,0.17,1,0.17,13.84,1.11,0.074247491638796,14.95,,2025
1002151035,Line 5,Fabiola Ramirez,2025-07-30,WACO,JAVELIN,HNWA25009Y,41.52,0.33,3.5,0.33,40.37,1.15000000000001,0.0276974951830446,11.8628571428571,,2025
1002146616,Line 5,Fabiola Ramirez,2025-07-30,CACO,MEXICA,DLR-24-12148,9.9,0.33,2,0.42,8.85,1.05,0.106060606060606,4.95,,2025
1002141799,Line 5,Elodia Castaneda,2025-07-30,CACO,ARUBA,DLR-24-8983,6.13,0.33,1,0.42,5.21,0.92,0.150081566068516,6.13,,2025
1002151032,Line 5,Elodia Castaneda,2025-07-30,CACO,JAVELIN,HNWA25009V,41.28,0.33,2.5,0.33,40,1.28,0.0310077519379845,16.512,,2025
1002152461,Line 3,Jesus Alvarez,2025-07-25,SQCO,PAYRLL,RBR/15660,202.5,0.17,2.5,0.08,181,21.5,0.106172839506173,81,,2025
1002151037,Line 5,Fabiola Ramirez,2025-07-31,WACO,JAVELIN,HNWA25009AA,34.55,0.33,2,0.58,32.41,2.14,0.0619392185238785,17.275,,2025
1002152472,Line 5,Elodia Castaneda,2025-07-31,CUCO,VIGGO,CLCU25003,11.74,0.33,0.5,0.42,10.98,0.76,0.0647359454855196,23.48,,2025
1002144869,Line 5,Elodia Castaneda,2025-07-31,CACO,BAYONET,150685767,0.97,0.33,0.17,0.42,0.654,0.316,0.325773195876289,5.70588235294118,,2025
1002143660,Line 5,Elodia Castaneda,2025-07-31,CACO,ARUBA,DLR-24-7811,11.78,0.33,1.34,0.33,10.78,1,0.0848896434634975,8.7910447761194,,2025
1002151036,Line 5,Fabiola Ramirez,2025-07-30,WACO,JAVELIN,HNWA25009Z,42.55,0.33,3.5,0.33,41.26,1.29,0.0303172737955347,12.1571428571429,,2025
1002146608,Line 5,Fabiola Ramirez,2025-07-31,CACO,ARUBA,DLR-24-7804,7.72,0.33,0.5,0.58,6.9,0.819999999999999,0.106217616580311,15.44,,2025
1002152617,Line 5,Fabiola Ramirez,2025-07-30,MEBS,ME760,PEME25018,1.8,0.33,0.33,0.42,1.14,0.66,0.366666666666667,5.45454545454545,,2025
1002151038,Line 5,Fabiola Ramirez,2025-07-31,WACO,CRISP DELIGHT,HNWA5015C,36.56,0.33,2.5,0.5,35.86,0.700000000000003,0.0191466083150985,14.624,,2025
1002152611,Line 6,Fabiola Ramirez,2025-08-01,SQCO,GRANDPRIZE,RBR/15711,144.5,0.33,3.5,0.33,141,3.5,0.0242214532871972,41.2857142857143,,2025
1002152863,Line 3,Jesus Alvarez,2025-07-31,BSCO,BBRO18-5201,CRBR25008,380,0.17,12,3,193,187,0.492105263157895,31.6666666666667,,2025
1002152609,Line 6,Fabiola Ramirez,2025-08-04,SQCO,GRANDPRIZE,RBR/15691,184.5,0.33,3.83,0.33,182.5,2,0.010840108401084,48.1723237597911,,2025
1002154960,Line 5,Elodia Castaneda,2025-08-01,MEBS,ME698,PEME25017,3.39,0.17,0.5,0.42,2.45,0.94,0.277286135693215,6.78,,2025
1002152455,Line 5,Elodia Castaneda,2025-08-31,MECO,ACCOLADE,150796830-A,26.6,0.33,2.5,0.42,25.84,0.760000000000002,0.0285714285714286,10.64,,2025
1002152608,Line 6,Fabiola Ramirez,2025-08-04,SQCO,GRANDPRIZE,RBR/15688,156,0.33,3,1,154.5,1.5,0.00961538461538462,52,,2025
1002146614,Line 5,Maria Villa,2025-08-05,CACO,SYCAMORE,DLR-24-7805,6.11,0.33,1.5,0.33,5.23,0.88,0.144026186579378,4.07333333333333,,2025
1002152612,Line 6,Fabiola Ramirez,2025-08-01,SQCO,GRANDPRIZE,RBR/15712,156.5,0.33,4,0.33,153,3.5,0.0223642172523962,39.125,,2025
2400007083,Line 6,Elodia Castaneda,2025-07-29,WCCO,ESCAZU,150492487,107.5,0.33,14,0.5,96.5,11,0.102325581395349,7.67857142857143,,2025
1002152618,Line 5,Elodia Castaneda,2025-07-31,SQBS,SQ624,CLSQ25012,30,0.33,1,0.58,26.88,3.12,0.104,30,,2025
1002146612,Line 5,Maria Villa,2025-08-05,CACO,SYCAMORE,LNR-24-12597,13.51,0.33,3,0.33,12.56,0.949999999999999,0.0703182827535158,4.50333333333333,,2025
1002146018,Line 5,Fabiola Ramirez,2025-08-04,CACO,ARUBA,LNR-24-12582,11.57,0.33,1.5,0.33,10.56,1.01,0.0872947277441659,7.71333333333333,,2025
1002143661,Line 5,Maria Villa,2025-08-04,CACO,ARUBA,DLR-24-7204,11.52,0.33,1.5,0.33,10.54,0.98,0.0850694444444445,7.68,,2025
1002156665,Line 5,Elodia Castaneda,2025-08-06,CFCO,ARAGONITE,CRCF25003B,11.69,0.5,7,0.5,4.46,7.23,0.618477331052181,1.67,,2025
1002146613,Line 5,Fabiola Ramirez,2025-08-06,CACO,SYCAMORE,LNR-24-12581,10.66,0.33,9.8,0.5,9.8,0.859999999999999,0.0806754221388367,1.08775510204082,,2025
1002156664,Line 5,Fabiola Ramirez,2025-08-06,CFCO,ARAGONITE,CRCF25003A,68.52,0.33,8.5,2,29.71,38.81,0.5664039696439,8.06117647058824,,2025
1002154740,Line 5,Elodia Castaneda,2025-08-05,CFCO,ARAGONITE,CRCF25003,58.58,0.33,9.5,0.33,19.03,39.55,0.675145100716968,6.16631578947368,,2025
1002157221,Line 5,Fabiola Ramirez,2025-08-07,BRBS,2B184,CRBR25001A,5.83,0.33,1.66,0.33,0.945,4.885,0.837907375643225,3.51204819277108,,2025
1002157220,Line 5,Fabiola Ramirez,2025-08-07,BRBS,2B184,CRBR25001,11.12,0.33,1.49,1,2.14,8.98,0.807553956834533,7.46308724832215,,2025
1002141797,Line 5,Maria Villa,2025-08-07,CACO,ARUBA,DLR-24-7203,14.79,0.33,2,0.33,13.93,0.859999999999999,0.0581473968897903,7.395,,2025
1002141798,Line 5,Fabiola Ramirez,2025-08-08,CACO,ARUBA,DLR-24-8984,11.66,0.33,1,0.58,10.66,1,0.0857632933104631,11.66,,2025
0300097855,Line 5,Elodia Castaneda,2025-08-08,WACO,CAPTIVATION,150638608M,31.55,0.33,2.5,0.42,11.91,19.64,0.622503961965135,12.62,,2025
0300098009,Line 5,Elodia Castaneda,2025-08-08,WACO,BLACK JACK,HNWA25008,17.23,0.33,1.5,0.5,6.6,10.63,0.616947185142194,11.4866666666667,,2025
1002146615,Line 5,Elodia Castaneda,2025-08-08,CACO,SYCAMORE,LNR-24-12598,4.96,0.17,1,0.42,4.46,0.5,0.100806451612903,4.96,,2025
1002144543,Line 5,Fabiola Ramirez,2025-08-11,CACO,ARUBA,LNR-24-6303,14.87,0.33,1.75,0.58,13.69,1.18,0.0793544048419637,8.49714285714286,,2025
1002154739,Line 3,Jesus Alvarez,2025-08-08,BRCO,MONCLANO,CRBR25007,806,0.17,10.5,3,341.3,464.7,0.576550868486352,76.7619047619048,,2025
1002144836,Line 5,Maria Villa,2025-08-11,CACO,GROUPER,LNR-24-6305,7.16,0.33,1,0.33,6.49,0.67,0.0935754189944134,7.16,,2025
1002156025,Line 5,Elodia Castaneda,2025-08-13,BRBS,BB147,CRBR25003,13.09,0.33,5,0.5,0.414,12.676,0.968372803666921,2.618,,2025
1002156477,Line 6,Fabiola Ramirez,2025-08-13,MECO,ACCOLADE,PEME25030,124.4,0.33,2,0.58,122.5,1.90000000000001,0.0152733118971062,62.2,,2025
1002144872,Line 5,Maria Villa,2025-08-12,CACO,SHITARA,CLCA25002,22.25,0.33,2,0.5,21.12,1.13,0.0507865168539326,11.125,,2025
1002156098,Line 6,Fabiola Ramirez,2025-08-13,CFCO,STELLA,150699418,96,0.33,9,1,94.78,1.22,0.0127083333333333,10.6666666666667,,2025
1002157036,Line 3,Jesus Alvarez,2025-08-12,BRCO,GAVILAN,CRBR25005,364.5,0.17,10.5,3,161.8,202.7,0.556104252400549,34.7142857142857,,2025
1002156186,Line 5,Fabiola Ramirez,2025-08-11,BRBS,BB175,CRBR25004,30.06,0.33,7,1,6.99,23.07,0.76746506986028,4.29428571428571,,2025
1002156099,Line 5,Fabiola Ramirez,2025-08-11,CFCO,NABOO,CRCF25002,24.07,0.33,4,0.5,5.83,18.24,0.757789779808891,6.0175,,2025
1002144873,Line 5,Elodia Castaneda,2025-08-14,CACO,SHITARA,DLR-24-8975,7.61,0.25,1,0.33,6.63,0.98,0.128777923784494,7.61,,2025
1002144841,Line 5,Alicia Avelar,2025-08-14,CACO,GROUPER,DLR-24-9000,12.2,0.25,1.5,0.33,11.13,1.07,0.0877049180327869,8.13333333333333,,2025
1002139986,Line 3,Jesus Alvarez,2025-06-26,CFCO,CFH1522,AZCF25005,308.5,0.17,11.5,3,303.67,4.82999999999998,0.0156564019448946,26.8260869565217,,2025
1002157222,Line 5,Elodia Castaneda,2025-08-15,WABS,W0A20,150798173,42.59,0.33,2.5,0.42,38.68,3.91,0.0918055881662362,17.036,,2025
1002146019,Line 5,Elodia Castaneda,2025-08-15,CACO,GROUPER,DLR-248994,4.05,0.17,0.5,0.17,3.19,0.86,0.212345679012346,8.1,,2025
1002144839,Line 5,Elodia Castaneda,2025-08-15,CACO,GROUPER,DLR-24-7858,12,0.17,1,0.42,11.01,0.99,0.0825,12,,2025
1002145608,Line 5,Elodia Castaneda,2025-08-15,CACO,PALADIN,150685766,5.74,0.17,0.5,0.42,4.83,0.91,0.158536585365854,11.48,,2025
1002157223,Line 5,Elodia Castaneda,2025-08-15,WABS,1W594,150798171C,27,0.25,1.5,0.25,23.43,3.57,0.132222222222222,18,,2025
1002156101,Line 5,Elodia Castaneda,2025-08-15,CFCO,NABOO,CRCF25002B,7.57,0.33,3,0.5,2.25,5.32,0.702774108322325,2.52333333333333,,2025
1002156100,Line 5,Elodia Castaneda,2025-08-15,CFCO,NABOO,CRCF25002A,22.34,0.5,4,0.42,10.93,11.41,0.510743061772605,5.585,,2025
1002160013,Line 6,Fabiola Ramirez,2025-08-14,WACO,SERPENS,PEWA25024H,62.98,0.5,1.5,0.5,62,0.979999999999997,0.0155604953953636,41.9866666666667,,2025
1002160015,Line 6,Fabiola Ramirez,2025-08-18,WACO,PRINCESS PETITE,15085474,70.7,0.5,1.5,0.5,69.5,1.2,0.016973125884017,47.1333333333333,,2025
1002156103,Line 5,Alicia Avelar,2025-08-11,WACO,SUGAR RED,GTWA25000A,1.76,0.33,0.5,0.5,0.89,0.87,0.494318181818182,3.52,,2025
1002156102,Line 5,Alicia Avelar,2025-08-11,WACO,SUGAR RED,GTWA25000,1.97,0.33,0.25,0.5,1.16,0.81,0.411167512690355,7.88,,2025
1002157224,Line 5,Alicia Avelar,2025-08-15,WABS,1W594,15079871D,7.3,0.25,1,0.42,5.28,2.02,0.276712328767123,7.3,,2025
1002156104,Line 5,Alicia Avelar,2025-08-18,WACO,SWEET GEM,HNWA25014,22.03,0.33,2.5,0.42,20.63,1.4,0.0635497049477985,8.812,,2025
1002156105,Line 5,Alicia Avelar,2025-08-18,WACO,SWEET GEM,HNWA5014A,22.09,0.33,2.5,0.42,21.17,0.919999999999998,0.0416478044363965,8.836,,2025
1002160009,Line 3,Jesus Alvarez,2025-08-15,BSCO,GUSTUS,WABS25002,561,0.17,14,3,357.75,203.25,0.362299465240642,40.0714285714286,,2025
1002156167,Line 5,Alicia Avelar,2025-08-19,WACO,SWEET GEM,HNWA5014C,28.21,0.25,2.5,0.33,26.92,1.29,0.0457284650833038,11.284,,2025
1002152808,Line 3,Jesus Alvarez,2025-08-06,BRCO,MONTOP,CRBR25009,1937,0.17,22.5,3,1913.5,23.5,0.0121321631388745,86.0888888888889,,2025
1002156166,Line 5,Alicia Avelar,2025-08-19,WACO,SWEET GEM,HNWA5014B,29.19,0.25,2,0.33,28.16,1.03,0.0352860568687907,14.595,,2025
1002156169,Line 5,Alicia Avelar,2025-08-19,WACO,SWEET GEM,HNWA5014E,22.24,0.25,2.5,0.33,21.45,0.789999999999999,0.0355215827338129,8.896,,2025
1002156168,Line 5,Alicia Avelar,2025-08-20,WACO,SWEET GEM,HNWA5014D,30.2,0.25,2.5,0.33,29.09,1.11,0.0367549668874172,12.08,,2025
1002156170,Line 5,Alicia Avelar,2025-08-20,WACO,SWEET GEM,HNWA5014F,25.11,0.25,2.5,0.33,24.38,0.73,0.0290720828355237,10.044,,2025
1002156171,Line 5,Alicia Avelar,2025-08-20,WACO,SWEET GEM,HNWA5014G,27.2,0.25,2.5,0.33,26.11,1.09,0.0400735294117647,10.88,,2025
1002156172,Line 5,Alicia Avelar,2025-08-20,WACO,SWEET GEM,HNWA5014H,23.25,0.25,2,0.33,22.22,1.03,0.0443010752688172,11.625,,2025
2400007068,Line 6,Fabiola Ramirez,2025-08-20,CFCO,CAUC132,AZCF25006,8.64,0.33,2.17,0.5,5.52,3.12,0.361111111111111,3.9815668202765,,2025
1002156173,Line 5,Alicia Avelar,2025-08-21,WACO,SWEET GEM,HNWA5014J,29.22,0.25,2.5,0.33,27.86,1.36,0.0465434633812457,11.688,,2025
1002156174,Line 5,Alicia Avelar,2025-08-21,WACO,SWEET GEM,HNWA5014K,29.3,0.25,2.5,0.33,28.2,1.1,0.037542662116041,11.72,,2025
1002146035,Line 3,Jesus Alvarez,2025-07-03,BRCO,SERRATA,AZBR25003,522.5,1,7,3,233.5,289,0.55311004784689,74.6428571428571,,2025
1002156175,Line 5,Alicia Avelar,2025-08-21,WACO,SWEET GEM,HNWA5014L,31.93,0.25,3,0.33,30.67,1.26,0.0394613216410899,10.6433333333333,,2025
2400007069,Line 6,Fabiola Ramirez,2025-08-19,CFCO,CAUC7132,AZCF25006,35.86,0.5,2.5,0.5,34.25,1.61,0.0448968209704406,14.344,,2025
2400007070,Line 6,Fabiola Ramirez,2025-08-19,CFCO,CAUC7132,AZCF25006,11.81,0.5,3.17,1,11.37,0.440000000000001,0.0372565622353938,3.72555205047319,,2025
1002156658,Line 5,Alicia Avelar,2025-08-22,WACO,FASCINATION,HNWA25010,36.98,0.33,5,0.42,35.15,1.83,0.0494862087614927,7.396,,2025
1002156659,Line 5,Alicia Avelar,2025-08-22,WACO,FASCINATION,HNWA5010A,37.9,0.33,4,0.42,36.13,1.77,0.0467018469656992,9.475,,2025
1002156660,Line 5,Fabiola Ramirez,2025-08-25,WACO,FASCINATION,HNWA5010B,38.51,0.33,2.5,0.5,36.61,1.9,0.0493378343287458,15.404,,2025
1002156488,Line 5,Fabiola Ramirez,2025-08-21,SPCO,EL CAPOEIRA,WASP25002,20,0.33,2.5,0.5,16.08,3.92,0.196,8,,2025
1002161545,Line 6,Fabiola Ramirez,2025-08-25,MECO,ACCOLADE,HNME25001,77.75,0.33,2,0.67,76,1.75,0.022508038585209,38.875,,2025
1002163038,Line 6,Fabiola Ramirez,2025-08-25,CFCO,SGC2006,CRCF25004,952,0.5,55.16,1,357.5,594.5,0.624474789915966,17.258883248731,,2025
1000216-922,Line 6,Fabiola Ramirez,2025-08-26,BSCO,GUSTUS,WABS25003,149.5,0.5,14.33,0.67,62.39,87.11,0.582675585284281,10.4326587578507,,2025
1002156661,Line 5,Alicia Avelar,2025-08-26,WACO,BAHAMA,HNWA25021,52.19,0.33,5,0.42,50.95,1.23999999999999,0.0237593408698983,10.438,,2025
1002156662,Line 5,Alicia Avelar,2025-08-26,WACO,BAHAMA,HNWA5021A,48.66,0.33,3,0.42,47.79,0.869999999999998,0.0178791615289765,16.22,,2025
1002156097,Line 3,Jesus Alvarez,2025-08-19,CFCO,SPACEDREAM,150697378,519.2,0.17,15.5,3,446.4,72.8000000000001,0.140215716486903,33.4967741935484,,2025
1002144840,Line 5,Elodia Castaneda,2025-08-27,CACO,GROUPER,DLR-24-8977,20.31,0.33,1.5,0.5,18.83,1.48,0.0728705071393402,13.54,,2025
1002156663,Line 5,Alicia Avelar,2025-08-27,WACO,BAHAMA,HNWA5021B,45.4,0.33,3.5,0.42,44.76,0.640000000000001,0.0140969162995595,12.9714285714286,,2025
2400007129,Line 6,Fabiola Ramirez,2025-08-27,SQCO,GRANDPRIZE,RBR/21357,233,0.33,12.75,0.67,219,14,0.0600858369098713,18.2745098039216,,2025
1002152458,Line 6,Fabiola Ramirez,2025-08-27,SQCO,PAYROLL,RBR/15601,182.5,0.33,13.17,1,123.5,59,0.323287671232877,13.8572513287775,,2025
1002161666,Line 5,Alicia Avelar,2025-08-27,MECO,OVATION,HNME25000,24.96,0.25,3,0.33,24.6,0.359999999999999,0.0144230769230769,8.32,,2025
1002160010,Line 5,Alicia Avelar,2025-08-28,WACO,SERPENS,PEWA25024E,44.45,0.25,4,0.33,43.15,1.3,0.0292463442069741,11.1125,,2025
1002160011,Line 5,Alicia Avelar,2025-08-28,WACO,SERPENS,PEWA25024F,42.88,0.25,4,0.33,41.36,1.52,0.0354477611940299,10.72,,2025
1002160014,Line 5,Alicia Avelar,2025-08-27,WACO,SERPENS,PEWA25024J,17.94,0.42,2.5,0.67,16.85,1.09,0.0607580824972129,7.176,,2025
1002160012,Line 5,Alicia Avelar,2025-08-29,WACO,SERPENS,PEWA25024G,47.06,0.25,4.5,0.33,45.58,1.48,0.0314492137696558,10.4577777777778,,2025
1002164210,Line 6,Fabiola Ramirez,2025-08-29,WABS,1W594,SVWA25015A,139,0.33,19.33,0.33,94.5,44.5,0.320143884892086,7.19089498189343,,2025
1002147812,Line 5,Alicia Avelar,2025-08-29,CACO,FITZIA,CLCA25005,14.59,0.33,2,0.42,13.88,0.709999999999999,0.0486634681288553,7.295,,2025
1002161650,Line 5,Alicia Avelar,2025-08-29,CACO,FITZIA,PECA25022E,15.28,0.25,2,0.33,14.67,0.609999999999999,0.0399214659685863,7.64,,2025
1002150080,Line 5,Alicia Avelar,2025-09-02,CACO,MEXICA,BAYAD-24-2608,14.83,0.33,2.5,0.42,13.49,1.34,0.0903573836817262,5.932,,2025
1002150084,Line 5,Alicia Avelar,2025-09-02,CACO,MEXICA,BAYAD -24-2612,14.82,0.25,3,0.33,13.84,0.98,0.0661268556005398,4.94,,2025
1002161998,Line 6,Fabiola Ramirez,2025-09-03,WABS,1W594,SVWA25015,220,0.33,27.5,1,163.5,56.5,0.256818181818182,8,,2025
1002163818,Line 6,Fabiola Ramirez,2025-09-04,WACO,CATO,SVWA25004,130,0.33,8.33,1,98.5,31.5,0.242307692307692,15.6062424969988,,2025
2400007165,Line 5,Alicia Avelar,2025-09-04,WACO,CRISP DELIGHT,HNWA25015C,35.88,0.33,6.5,0.42,30.38,5.5,0.153288740245262,5.52,,2025
1002150083,Line 5,Alicia Avelar,2025-09-03,CACO,MEXICA,BAYAD-24-2610,14.24,0.33,3,0.5,13.15,1.09,0.0765449438202247,4.74666666666667,,2025
1002150081,Line 5,Alicia Avelar,2025-09-05,CACO,MEXICA,BAYAD-24-2609,14.82,0.33,3,0.42,13.87,0.950000000000001,0.0641025641025642,4.94,,2025
1002156486,Line 5,Fabiola Ramirez,2025-09-03,SPCO,EL MAJESTIC,WASP25001,19.79,0.33,5,0.5,5.35,14.44,0.729661445174331,3.958,,2025
1002163815,Line 6,Fabiola Ramirez,2025-09-08,WACO,DELICIOSA,SVWA25001,248,0.33,9.5,0.33,208,40,0.161290322580645,26.1052631578947,,2025
1002165680,Line 5,Alicia Avelar,2025-09-08,CACO,TLAPANECO,LNR-24-7392,18.41,0.33,3,0.42,17.39,1.02,0.0554046713742531,6.13666666666667,,2025
1002168305,Line 6,Fabiola Ramirez,2025-09-09,WACO,EXCURSION,SVWA25029,119.5,0.33,6.67,1,75,44.5,0.372384937238494,17.9160419790105,,2025
1002168213,Line 5,Alicia Avelar,2025-09-09,SQBS,1S133,SVSQ25000,41.59,0.42,4,0.5,36.86,4.73,0.113729261841789,10.3975,,2025
1002163045,Line 6,Elodia Castaneda,2025-09-05,WACO,DARK KNIGHT,SVWA25005,116.5,0.33,6.5,1,81,35.5,0.304721030042918,17.9230769230769,,2025
1002168211,Line 6,Fabiola Ramirez,2025-09-09,WABS,1W328,SVWA25013,72.5,0.33,2.67,0.67,68.5,4,0.0551724137931035,27.1535580524345,,2025
1002160964,Line 5,Alicia Avelar,2025-09-09,CACO,GROUPER,LNR-24-12550,16.91,0.42,2,0.5,15.84,1.07,0.0632761679479598,8.455,,2025
0300098282,Line 5,Elodia Castaneda,2025-09-10,WACO,BLACK JACK,HNWA25008C,32.85,0.33,1.5,0.42,15.69,17.16,0.522374429223744,21.9,,2025
300098283,Line 5,Alicia Avelar,2025-09-10,WACO,RED RYDER,150767552,26.87,0.33,1.5,0.42,20.37,6.5,0.241905470785262,17.9133333333333,,2025
300098284,Line 5,Alicia Avelar,2025-09-10,WACO,RED RYDER,150767552A,26.6,0.33,1.5,0.33,18.07,8.53,0.320676691729323,17.7333333333333,,2025
300098285,Line 5,Alicia Avelar,2025-09-10,WACO,RED RYDER,150767552D,36.09,0.25,2,0.33,35.07,1.02,0.028262676641729,18.045,,2025
300098021,Line 5,Alicia Avelar,2025-09-10,WACO,MELODY,HNWA25017B,43.55,0.33,2.5,0.42,25.05,18.5,0.424799081515499,17.42,,2025
300098326,Line 5,Alicia Avelar,2025-09-10,WACO,MELODY,HNWA25017E,24.57,0.25,2,0.33,19.2,5.37,0.218559218559219,12.285,,2025
300098325,Line 5,Alicia Avelar,2025-09-10,WACO,RED RYDER,150767552B,26.25,0.33,2,0.42,14.93,11.32,0.431238095238095,13.125,,2025
1002168209,Line 6,Fabiola Ramirez,2025-09-10,WACO,PP640,SVWA25008,70.93,0.33,3.25,0.25,62,8.93000000000001,0.125898773438602,21.8246153846154,,2025
1002168214,Line 5,Alicia Avelar,2025-09-10,WABS,WOA20,SVWA25017,45.7,0.33,6.5,0.42,39.54,6.16,0.134792122538293,7.03076923076923,,2025
1002159948,Line 5,Elodia Castaneda,2025-09-10,CACO,CYPRESS,LNR-24-12536,15.27,0.33,2.5,0.42,14.2,1.07,0.0700720366732155,6.108,,2025
1002168210,Line 6,Fabiola Ramirez,2025-09-10,SQBS,PP640,SVWA25008A,66.33,0.33,3,0.67,57,9.33,0.140660334690185,22.11,,2025
1002168212,Line 5,Alicia Avelar,2025-09-08,WABS,1W328,SVWA25013A,8.24,0.25,1,0.33,6.43,1.81,0.219660194174757,8.24,,2025
1002163044,Line 6,Fabiola Ramirez,2025-09-08,WACO,DELICIOSA,SVWA25032,228.5,0.33,10,1,179.5,49,0.214442013129103,22.85,,2025
1002162001,Line 5,Elodia Castaneda,2025-09-10,CACO,ARUBA,LNR-24-7491,15.18,0.33,2,0.42,14.49,0.69,0.0454545454545455,7.59,,2025
1002162001,Line 5,Alicia Avelar,2025-09-10,CACO,ARUBA,LNR-24-7491,15.18,0.33,2,0.42,14.49,0.69,0.0454545454545455,7.59,,2025
1002159951,Line 5,Alicia Avelar,2025-09-11,CACO,CYPRESS,LNR-24-7446,14.26,0.33,2.5,0.42,13.3,0.959999999999999,0.067321178120617,5.704,,2025
1002161999,Line 5,Alicia Avelar,2025-09-11,CACO,ARUBA,LNR-24-6319,14.83,0.33,3,0.42,13.85,0.98,0.0660822656776804,4.94333333333333,,2025
1002168266,Line 5,Alicia Avelar,2025-09-12,MECO,MAMUT,PEME25024,32.61,0.33,3.5,0.42,32.02,0.589999999999996,0.0180926096289481,9.31714285714286,,2025
1002168197,Line 5,Alicia Avelar,2025-09-12,CACO,GROUPER,DLR-24-7872,19.14,0.33,2.5,0.42,17.85,1.29,0.0673981191222571,7.656,,2025
1002168113,Line 6,Fabiola Ramirez,2025-09-12,SQCO,SCAE21-1025,SVSQ25030,134,0.33,8,0.67,124,10,0.0746268656716418,16.75,,2025
1002168303,Line 6,Fabiola Ramirez,2025-09-15,WACO,EXCLAMATION,SVWA25035,223,0.33,23.5,1,180,43,0.192825112107623,9.48936170212766,,2025
1002156487,Line 5,Alicia Avelar,2025-09-15,SPCO,EL KUDURO,WASP25000,19.93,0.33,5,0.42,16.4,3.53,0.177119919719017,3.986,,2025
1002168301,Line 6,Fabiola Ramirez,2025-09-15,WACO,SUGAR RED,SVWA25012,118,0.33,6,1,88,30,0.254237288135593,19.6666666666667,,2025
1002168191,Line 5,Fabiola Ramirez,2025-09-16,CACO,SILEX,PECA25017A,13.32,0.33,1,0.5,12.15,1.17,0.0878378378378378,13.32,,2025
1002162003,Line 5,Fabiola Ramirez,2025-09-16,CACO,SYCAMORE,LNR-24-6322,6.2,0.33,3.5,0.5,5.1,1.1,0.17741935483871,1.77142857142857,,2025
1002170381,Line 3,Jesus Alvarez,2025-09-17,WACO,EXCURSION,SVWA25037,432,0.08,14,2,286,146,0.337962962962963,30.8571428571429,,2025
1002170084,Line 5,Elodia Castaneda,2025-09-17,WABS,WA013,SVWA25019A,2.78,0.33,0.5,0.5,2.52,0.26,0.0935251798561151,5.56,,2025
1002150048,Line 5,Fabiola Ramirez,2025-09-17,CACO,SHITARA,CLCA25002B,12.52,0.33,1,0.5,11.45,1.07,0.0854632587859425,12.52,,2025
1002170382,Line 3,Jesus Alvarez,2025-09-17,WACO,EXCURSION,SVWA25038,548.5,0.08,13,0.08,408.5,140,0.255241567912489,42.1923076923077,,2025
1002169748,Line 6,Fabiola Ramirez,2025-09-18,CFCO,SPACESTAR GOLD,CRCF25007,187,0.33,10.5,1,181.79,5.21000000000001,0.027860962566845,17.8095238095238,,2025
1002168207,Line 5,Alicia Avelar,2025-09-18,CACO,MEXICA,BYD-24-2653,11.3,0.17,1.5,0.25,10.57,0.73,0.0646017699115044,7.53333333333333,,2025
300098324,Line 5,Alicia Avelar,2025-08-15,WACO,VIRTUE,HNWA25011,50,0.33,3.5,0.42,49.21,0.789999999999999,0.0158,14.2857142857143,,2025
1002170085,Line 5,Fabiola Ramirez,2025-09-17,WABS,WM779,SVWA25016,7.25,0.33,0.5,0.5,5.76,1.49,0.20551724137931,14.5,,2025
1002172158,Line 5,Alicia Avelar,2025-09-19,WABS,WA013,SVWA25019,44.59,0.33,6.5,0.42,36.5,8.09,0.181430814083875,6.86,,2025
1002168200,Line 5,Alicia Avelar,2025-09-17,CACO,MEXICA,LNR-24-12901,13.53,0.33,8.5,0.42,12.35,1.18,0.0872135994087214,1.59176470588235,,2025
1002150082,Line 5,Fabiola Ramirez,2025-09-19,CACO,MEXICA,KOTHAMBA-24-1631,9.81,0.33,2,0.5,8.71,1.1,0.112130479102956,4.905,,2025
1002168019,Line 5,Alicia Avelar,2025-09-22,CACO,SHITARA,PECA25020,24.46,0.33,4.5,0.42,23.35,1.11,0.0453802125919869,5.43555555555556,,2025
1002168020,Line 5,Alicia Avelar,2025-09-22,CACO,SHITARA,PECA25020A,16.57,0.17,3,0.25,15.6,0.970000000000001,0.0585395292697647,5.52333333333333,,2025
1002172727,Line 6,Fabiola Ramirez,2025-09-22,WACO,CAPTIVATION,SVWA25031,283,0.33,11,1,183.5,99.5,0.351590106007067,25.7272727272727,,2025
1002170384,Line 5,Elodia Castaneda,2025-09-16,WACO,SUGAR RED,GTWA25000B,2.52,0.25,1,0.42,2.08,0.44,0.174603174603175,2.52,,2025
1002144542,Line 5,Alicia Avelar,2025-09-23,CACO,ARUBA,150685768,4.81,0.33,1.5,0.42,3.86,0.95,0.197505197505198,3.20666666666667,,2025
1002161503,Line 5,Alicia Avelar,2025-09-23,CACO,SHITARA,DLR-24-6808,19.41,0.33,4,0.42,18.28,1.13,0.0582174137042761,4.8525,,2025
1002160965,Line 5,Alicia Avelar,2025-09-23,CACO,GROUPER,LNR-24-6323,13.24,0.33,2,0.42,11.89,1.35,0.101963746223565,6.62,,2025
1002147814,Line 5,Alicia Avelar,2025-09-24,CACO,FITZIA,CLCA25005B,12.84,0.33,2.5,0.42,12.02,0.82,0.0638629283489097,5.136,,2025
1002172208,Line 6,Fabiola Ramirez,2025-09-24,SQCO,GOLDEN GLORY,150834023,105.2,0.33,2,0.17,103.5,1.7,0.0161596958174905,52.6,,2025
1002147815,Line 5,Alicia Avelar,2025-09-24,CACO,FITZIA,CLCA25005C,13.37,0.17,2.5,0.25,12.5,0.869999999999999,0.0650710545998503,5.348,,2025
1002164172,Line 3,Jesus Alvarez,2025-09-22,WACO,BLACKJACK,SVWA25034,564.5,0.17,11.5,3,482,82.5,0.146147032772365,49.0869565217391,,2025
1002168304,Line 3,Jesus Alvarez,2025-09-24,WACO,BLACKJACK,SVWA25011,745.5,0.17,14,0.08,614.5,131,0.175720992622401,53.25,,2025
1002172238,Line 5,Alicia Avelar,2025-09-24,SQCO,GOLDEN GLORY,150834023-C,46.71,0.42,4,0.5,42.71,4,0.0856347677156926,11.6775,,2025
1002172237,Line 6,Fabiola Ramirez,2025-09-24,SQCO,GOLDEN GLORY,150834023-B,91,0.33,1.5,1,85,6,0.0659340659340659,60.6666666666667,,2025
1002172236,Line 6,Fabiola Ramirez,2025-09-24,SQCO,GOLDEN GLORY,150834023-A,105.7,0.33,2,0.17,94,11.7,0.110690633869442,52.85,,2025
1002172207,Line 6,Fabiola Ramirez,2025-09-25,SQCO,EQUINOX,150832510-A,196.7,0.33,2.84,0.17,195.5,1.19999999999999,0.00610066090493132,69.2605633802817,,2025
1002172239,Line 6,Fabiola Ramirez,2025-09-25,SQCO,EQUINOX,150832510-B,262.2,0.33,3.5,0.17,261,1.19999999999999,0.00457665903890156,74.9142857142857,,2025
1002170757,Line 5,Alicia Avelar,2025-09-25,SQBS,PP781,SVSQ25013,20.45,0.42,5.5,0.5,14.55,5.9,0.288508557457213,3.71818181818182,,2025
1002172240,Line 6,Fabiola Ramirez,2025-09-26,SQCO,EQUINOX,150832510,267.4,0.33,4,1,265.5,1.89999999999998,0.00710545998504106,66.85,,2025
1002147817,Line 5,Alicia Avelar,2025-09-26,CACO,FITZIA,CLCA25005F,10.25,0.33,2,0.42,9.39,0.859999999999999,0.0839024390243902,5.125,,2025
1002161649,Line 5,Alicia Avelar,2025-09-26,CACO,FITZIA,PECA25022D,10.97,0.17,2,0.33,10.36,0.610000000000001,0.0556061987237922,5.485,,2025
1002159602,Line 5,Alicia Avelar,2025-09-26,CACO,ARUBA,LNR-24-12566,11.82,0.33,4,0.42,10.5,1.32,0.111675126903553,2.955,,2025
1002168196,Line 5,Elodia Castaneda,2025-09-29,CACO,GROUPER,LNR-24-12541,11.81,0.33,3,0.42,10.42,1.39,0.117696867061812,3.93666666666667,,2025
1002163606,Line 3,Jesus Alvarez,2025-09-30,CFCO,KAMINO,CRCF25005,3015,0.25,28,3,389.5,2625.5,0.870812603648425,107.678571428571,,2025
1002174848,Line 6,Fabiola Ramirez,2025-09-30,WACO,CAPTIVATION,SVWA25030,298,0.33,10,1,234.5,63.5,0.213087248322148,29.8,,2025
1002172385,Line 5,Elodia Castaneda,2025-10-01,TOCO,QUALI T 99,DLR-24-5949,6.55,0.33,3.5,0.42,1.27,5.28,0.806106870229008,1.87142857142857,,2025
1002173073,Line 5,Elodia Castaneda,2025-10-01,TOCO,GRAN SENDERO,DLR-24-5941,6.5,0.33,3,0.42,1.26,5.24,0.806153846153846,2.16666666666667,,2025
1002174849,Line 6,Fabiola Ramirez,2025-10-01,WACO,EXCURSION,SVWA25002,404.5,0.33,10,2,341,63.5,0.156983930778739,40.45,,2025
1002170758,Line 5,Elodia Castaneda,2025-10-01,SQBS,PP678,SVSQ25009,27.14,0.33,3,0.42,22.18,4.96,0.182756079587325,9.04666666666667,,2025
1002172243,Line 6,Fabiola Ramirez,2025-10-02,SQCO,GRANDPRIZE,150834035-B,106,0.33,2.17,0.25,103.5,2.5,0.0235849056603774,48.8479262672811,,2025
1002172244,Line 6,Fabiola Ramirez,2025-10-02,SQCO,GRANDPRIZE,150834035-C,187.7,0.33,3.5,0.25,186.5,1.19999999999999,0.00639318060735211,53.6285714285714,,2025
1002172241,Line 6,Fabiola Ramirez,2025-10-02,SQCO,GRANDPRIZE,150834035,131.7,0.33,3,0.25,130,1.69999999999999,0.0129081245254365,43.9,,2025
1002172242,Line 6,Fabiola Ramirez,2025-10-02,SQCO,GRANDPRIZE,150834035-A,139.7,0.33,2.5,1,139,0.699999999999989,0.00501073729420178,55.88,,2025
1002170755,Line 5,Elodia Castaneda,2025-10-03,WABS,1W164,SVWA25021,15.9,0.33,2,0.42,13.05,2.85,0.179245283018868,7.95,,2025
1002170760,Line 5,Elodia Castaneda,2025-10-03,SQBS,1S235,SVSQ25001,6.98,0.33,1,0.42,4.64,2.34,0.335243553008596,6.98,,2025
1002170759,Line 5,Elodia Castaneda,2025-10-03,SQBS,PP763,SVSQ25012,14.96,0.33,1.5,0.42,10.99,3.97,0.265374331550802,9.97333333333334,,2025
1002174929,Line 5,Elodia Castaneda,2025-10-06,WABS,1W030,SVWA25018,29.76,0.33,5,0.42,24.87,4.89,0.164314516129032,5.952,,2025
1002172160,Line 6,Fabiola Ramirez,2025-10-06,SQBS,PP419,SVSQ25003,130.5,0.33,6.17,1,118.5,12,0.0919540229885058,21.1507293354943,,2025
1002170756,Line 5,Elodia Castaneda,2025-10-06,WABS,WM561,SVWA25014,17.03,0.33,4.5,0.5,12.57,4.46,0.26189078097475,3.78444444444444,,2025
2400007247,Line 5,Alicia Avelar,2025-10-07,WABS,1W594,150798171C,23.46,0.17,5,0.25,22.51,0.949999999999999,0.0404944586530264,4.692,,2025
1002172163,Line 5,Alicia Avelar,2025-10-07,WABS,1W420,SVWA25025,26.55,0.33,2.5,0.42,21.84,4.71,0.177401129943503,10.62,,2025
1002174934,Line 5,Alicia Avelar,2025-10-06,WABS,1W030,SVWA25018A,5.88,0.17,1,0.25,4.13,1.75,0.297619047619048,5.88,,2025
1002177117,Line 6,Fabiola Ramirez,2025-10-08,WACO,CAPTIVATION,SVWA25000,201,0.33,20.33,1,140.5,60.5,0.300995024875622,9.88686669945893,,2025
0300098259,Line 5,Elodia Castaneda,2025-10-08,WACO,JAVELIN,HNWA25009S,36.63,0.42,2.5,0.5,28.39,8.24,0.224952224952225,14.652,,2025
0300098255,Line 5,Elodia Castaneda,2025-10-08,WACO,MELODY,HNWA25017,37.14,0.33,2.5,0.42,28.81,8.33,0.22428648357566,14.856,,2025
300098256,Line 5,Elodia Castaneda,2025-10-08,WACO,MELODY,HNWA25017C,30.79,0.17,3,0.25,29.8,0.989999999999998,0.0321532965248457,10.2633333333333,,2025
1002174935,Line 5,Alicia Avelar,2025-10-08,WABS,WA437,SVWA25023,34.53,0.33,3.5,0.42,27.65,6.88,0.199247031566754,9.86571428571429,,2025
1002172165,Line 6,Fabiola Ramirez,2025-10-09,SQBS,SQ575,SVSQ25021,149,0.33,6.5,1,135,14,0.0939597315436242,22.9230769230769,,2025
1002160921,Line 3,Jesus Alvarez,2025-10-09,BSCO,ABACUS,WABS,635,0.17,20,3,315.95,319.05,0.50244094488189,31.75,,2025
0100027659,Line 5,Elodia Castaneda,2025-10-09,CFCO,CAUC7168,AZCF25007,6.33,0.33,4,0.5,3.99,2.34,0.369668246445498,1.5825,,2025
0100027658,Line 5,Elodia Castaneda,2025-10-09,CFCO,CAUC7168,AZCF25007,9.79,0.33,5,0.5,5.58,4.21,0.43003064351379,1.958,,2025
1002172159,Line 5,Alicia Avelar,2025-10-09,WABS,1W029,SVWA25024,28.12,0.33,3.5,0.42,18.1,10.02,0.356330014224751,8.03428571428571,,2025
1002174933,Line 5,Alicia Avelar,2025-10-09,WABS,1W162,SVWA25020,9.54,0.25,2,0.33,7.09,2.45,0.256813417190776,4.77,,2025
1002174857,Line 6,Fabiola Ramirez,2025-10-10,SQCO,N0CHE,150852923A,283.3,0.33,3.97,1,279.5,3.80000000000001,0.0134133427462055,71.360201511335,,2025
0100027632,Line 5,Elodia Castaneda,2025-10-10,BRCO,MONCLANO,CRBR25007,160,0.33,9,0.5,144,16,0.1,17.7777777777778,,2025
0100027633,Line 5,Elodia Castaneda,2025-10-10,BRCO,MONCLANO,CRBR25007,4.59,0.33,3.5,0.5,2.92,1.67,0.363834422657952,1.31142857142857,,2025
0100027516,Line 5,Elodia Castaneda,2025-10-10,CFCO,ARAGONITE,CRCF25003B,3.56,0.33,1,0.42,3.23,0.33,0.0926966292134832,3.56,,2025
1002174937,Line 5,Elodia Castaneda,2025-10-10,CUBS,CL334,SVCU25003,4.17,0.25,0.5,0.33,3.63,0.54,0.129496402877698,8.34,,2025
100027515,Line 5,Elodia Castaneda,2025-10-13,CFCO,ARAGONITE,CRCF25003A,5.88,0.33,0.83,0.25,5.15,0.73,0.124149659863946,7.08433734939759,,2025
1002176742,Line 6,Fabiola Ramirez,2025-10-13,WACO,SWEET DAWN,SVWA25007,429,0.33,21.67,1,363.5,65.5,0.152680652680653,19.7969543147208,,2025
0100027513,Line 5,Elodia Castaneda,2025-10-13,CFCO,ARAGONITE,CRCF25003,4.27,0.33,0.66,0.25,3.61,0.66,0.154566744730679,6.46969696969697,,2025
0100027512,Line 5,Fabiola Ramirez,2025-10-13,CFCO,ARAGONITE,CRCF25003,14.74,0.33,2,0.25,13.81,0.93,0.0630936227951153,7.37,,2025
1002174938,Line 5,Elodia Castaneda,2025-10-13,CUBS,CL355,SVCU25004,4.72,0.25,0.5,0.33,4.25,0.47,0.0995762711864407,9.44,,2025
100027514,Line 5,Fabiola Ramirez,2025-10-13,CFCO,ARAGONITE,CRCF25003A,23.83,0.33,2,1,21.74,2.09,0.087704574066303,11.915,,2025
1002170763,Line 5,Elodia Castaneda,2025-10-10,CUBS,CL255,SVCU25001,0.399,0.33,0.25,0.33,0.213,0.186,0.466165413533835,1.596,,2025
0100027624,Line 5,Elodia Castaneda,2025-10-14,CFCO,NABOO,CRCF25002B,2.26,0.33,0.5,0.42,2.08,0.18,0.079646017699115,4.52,,2025
0100027622,Line 5,Elodia Castaneda,2025-10-14,CFCO,NABOO,CRCF25002,5.84,0.33,1.75,0.42,5.55,0.29,0.0496575342465753,3.33714285714286,,2025
0100027623,Line 5,Elodia Castaneda,2025-10-14,CFCO,NABOO,CRCF25002A,10.94,0.33,3,0.42,10.3,0.639999999999999,0.0585009140767824,3.64666666666667,,2025
1002179566,Line 6,Fabiola Ramirez,2025-10-14,WACO,MELODY,SVWA25028,255.5,0.33,7.33,1,205.5,50,0.195694716242661,34.8567530695771,,2025
0300098489,Line 5,Elodia Castaneda,2025-10-14,WACO,JAVELIN,HNWA25009M,40.5,0.25,3,0.33,31.43,9.07,0.223950617283951,13.5,,2025
0100027677,Line 5,Elodia Castaneda,2025-10-14,BRCO,BBR018-5201,CRBR25008,6.23,0.25,2,0.42,3.44,2.79,0.447833065810594,3.115,,2025
1002163817,Line 3,Jesus Alvarez,2025-10-15,WACO,POWERHOUSE,SVWA25036,365.8,0.33,10,2,311,54.8,0.149808638600328,36.58,,2025
1002163816,Line 3,Jesus Alvarez,2025-10-15,WACO,POWERHOUSE,SVWA25009,359.1,0.33,9,0.5,251.5,107.6,0.29963798384851,39.9,,2025
100027679,Line 5,Elodia Castaneda,2025-10-15,BRCO,BBRO18-5201,CRBR25008,122.5,0.33,11.5,1,106,16.5,0.13469387755102,10.6521739130435,,2025
100027678,Line 5,Elodia Castaneda,2025-10-15,BRCO,BBRO18-5201,CRBR25008,60.5,0.33,3,0.5,52,8.5,0.140495867768595,20.1666666666667,,2025
100027625,Line 5,Elodia Castaneda,2025-10-16,BRCO,MONTOP,CRBR25009,84.5,0.33,3.5,0.5,79.5,5,0.0591715976331361,24.1428571428571,,2025
100027688,Line 5,Fabiola Ramirez,2025-10-16,BRCO,MONTOP,CRBR25009,201.5,0.33,5.5,0.33,190.5,11,0.054590570719603,36.6363636363636,,2025
100027631,Line 5,Fabiola Ramirez,2025-10-16,BRCO,MONCLANO,CRBR25007,176.5,0.33,3,1,156,20.5,0.11614730878187,58.8333333333333,,2025
1002172162,Line 5,Elodia Castaneda,2025-10-17,SQBS,PP068,SVSQ25002,10.13,0.33,1.5,0.5,7.17,2.96,0.292201382033564,6.75333333333333,,2025
1002179008,Line 5,Elodia Castaneda,2025-10-17,SQBS,SQ673,SVSQ25029,16.95,0.33,2,1,14,2.95,0.174041297935103,8.475,,2025
1002174930,Line 6,Fabiola Ramirez,2025-10-17,SQBS,PP619,SVSQ25007,75,0.33,3.17,1,66.5,8.5,0.113333333333333,23.6593059936909,,2025
1002174859,Line 6,Fabiola Ramirez,2025-10-20,SQCO,SPINELESS PERFECT,150852925A,233.3,0.33,2.67,1,223.5,9.80000000000001,0.0420060008572654,87.3782771535581,,2025
1002177785,Line 5,Elodia Castaneda,2025-10-17,SQBS,SQ672,SVSQ25028,8.38,0.33,2.5,1,5.86,2.52,0.300715990453461,3.352,,2025
300098258,Line 5,Elodia Castaneda,2025-10-20,WACO,BLACK JACK,HNWA25008B,20.31,0.33,2.5,0.42,14.89,5.42,0.266863613983259,8.124,,2025
1002172164,Line 5,Elodia Castaneda,2025-10-20,SQBS,SQ540,SVSQ25020,36.94,0.33,4,0.5,33.12,3.82,0.103410936654034,9.235,,2025
1002179006,Line 5,Elodia Castaneda,2025-10-20,SQBS,SQ667,SVSQ25025,9.6,0.33,1.5,1,6.75,2.85,0.296875,6.4,,2025
1002170761,Line 6,Elodia Castaneda,2025-10-17,SQBS,1S133,SVSQ25000A,60.05,0.33,2.33,1,56.5,3.55,0.0591174021648626,25.7725321888412,,2025
1002170762,Line 5,Fabiola Ramirez,2025-10-21,SQBS,SQ241,SVSQ25015,20.11,0.33,2.33,1,15.72,4.39,0.218299353555445,8.63090128755365,,2025
1002174932,Line 5,Fabiola Ramirez,2025-10-21,SQBS,PP614,SVSQ25006,33.02,0.33,3.66,1,25.54,7.48,0.226529376135675,9.02185792349727,,2025
1002165651,Line 3,Jesus Alvarez,2025-10-20,SPCO,EL BOLERO,NZSP25000,2474.5,0.17,47,3,2318.5,156,0.0630430389977773,52.6489361702128,,2025
100027626,Line 5,Fabiola Ramirez,2025-10-22,BRCO,MONTOP,CRBR25009,810.5,0.33,6.33,1,798.5,12,0.0148056755089451,128.041074249605,,2025
1002163041,Line 3,Jesus Alvarez,2025-10-17,WCCO,ROSBERG,ORWC25004,864,0.17,27,3,739,125,0.144675925925926,32,,2025
1002174936,Line 5,Elodia Castaneda,2025-10-22,SQBS,SQ458,SVSQ25022,39.97,0.33,5,1,32.27,7.7,0.192644483362522,7.994,,2025
1002174858,Line 6,Fabiola Ramirez,2025-10-22,SQCO,PAYROLL,150852924B,388.8,0.33,6,1,384,4.80000000000001,0.0123456790123457,64.8,,2025
0300098620,Line 5,Elodia Castaneda,2025-10-23,CACO,SYCAMORE,LNR-24-12581,9.8,0.17,3,0.25,9.34,0.460000000000001,0.0469387755102042,3.26666666666667,,2025
300098621,Line 5,Elodia Castaneda,2025-10-23,CACO,PALADIN,150685766,4.83,0.33,0.5,0.5,3.85,0.98,0.202898550724638,9.66,,2025
1002180657,Line 6,Fabiola Ramirez,2025-10-23,WACO,SANGRIA,150839798,105.5,0.33,3,0.67,104.5,1,0.00947867298578199,35.1666666666667,,2025
100027737,Line 6,Fabiola Ramirez,2025-10-23,CFCO,SPACESTAR GOLD,CRCF25007,53.5,0.33,1,0.25,51,2.5,0.0467289719626168,53.5,,2025
0300098257,Line 5,Fabiola Ramirez,2025-10-20,WACO,BLACK JACK,HNWA25008A,30.68,0.17,3,0.25,23.23,7.45,0.242829204693612,10.2266666666667,,2025
100027736,Line 6,Fabiola Ramirez,2025-10-23,CFCO,SPACESTAR GOLD,CRCF25007,126,0.33,2,0.83,120.5,5.5,0.0436507936507937,63,,2025
300098669,Line 5,Fabiola Ramirez,2025-10-23,MECO,MAMUT,PEME25024,32.02,0.33,2,0.5,28.99,3.03000000000001,0.0946283572767024,16.01,,2025
1002172161,Line 5,Fabiola Ramirez,2025-10-22,SQBS,PP439,SVSQ25004,53.57,0.33,5.5,0.5,47,6.57,0.122643270487213,9.74,,2025
1002174936,Line 5,Elodia Castaneda,2025-10-22,SQBS,SQ458,SVSQ25022,39.95,0.33,5,1,32.27,7.68,0.192240300375469,7.99,,2025
1002174931,Line 5,Elodia Castaneda,2025-10-24,SQBS,PP758,SVSQ25033,29.95,0.33,4.5,0.83,26.13,3.82,0.12754590984975,6.65555555555556,,2025
1002163043,Line 3,Jesus Alvarez,2025-10-23,WCCO,PRUKTOR CEMES,ORWC25001,966,0.17,19,3,745.05,220.95,0.228726708074534,50.8421052631579,,2025
1002167629,Line 6,Elodia Castaneda,2025-10-24,SQCO,ZEFIROS,SVSQ25024,425.5,0.33,28.84,1,165.5,260,0.611045828437133,14.753814147018,,2025
1002179567,Line 6,Fabiola Ramirez,2025-10-27,WACO,TOPGUN,SVWA25010,121.5,0.33,16.5,1,81.5,40,0.329218106995885,7.36363636363636,,2025
1002177784,Line 5,Elodia Castaneda,2025-10-27,SQBS,SQ668,SVSQ25026,19.28,0.5,2.5,0.67,15.07,4.21,0.218360995850622,7.712,,2025
1002177783,Line 5,Elodia Castaneda,2025-10-28,SQBS,SQ470,SVSQ25032,24.08,0.5,3,0.83,19.35,4.73,0.196428571428571,8.02666666666667,,2025
2400007302,Line 6,Fabiola Ramirez,2025-10-28,MECO,MS1031,150706117,65.5,0.33,2.5,1,62.5,3,0.0458015267175573,26.2,,2025
1002169749,Line 3,Jesus Alvarez,2025-10-28,BRCO,SBB003,CRBR25006,1122.7,0.17,9.5,0.08,578.5,544.2,0.484724325287254,118.178947368421,,2025
1002169750,Line 3,Jesus Alvarez,2025-10-28,BRCO,SBB003,CRBR25006A,1008.2,0.17,10,3,418,590.2,0.585399722277326,100.82,,2025
1002177780,Line 5,Fabiola Ramirez,2025-10-28,WABS,1W332,SVWA25026,6,0.33,1.5,0.5,4.04,1.96,0.326666666666667,4,,2025
1002177778,Line 5,Maria Torres,2025-10-29,SQBS,PP699,SVSQ25010,30.91,0.5,3,0.83,25.18,5.73,0.185376900679392,10.3033333333333,,2025
1002167900,Line 3,Jesus Alvarez,2025-10-29,CFCO,ALMAGRO,CRCF25006,661,0.17,18,3,156.35,504.65,0.763464447806354,36.7222222222222,,2025
1002182904,Line 6,Fabiola Ramirez,2025-10-29,SQCO,NOCHE,150856076-A,160,0.33,7,1,140,20,0.125,22.8571428571429,,2025
1002177781,Line 5,Maria Torres,2025-10-29,SQBS,PP790,SVSQ25014,33.88,0.33,4.5,0.83,27.03,6.85,0.202184179456907,7.52888888888889,,2025
1002173138,Line 3,Jesus Alvarez,2025-10-29,WCCO,AGRESSOR,WAWC25017,949.5,0.17,24,2.5,446.3,503.2,0.529963138493944,39.5625,,2025
1002182905,Line 6,Fabiola Ramirez,2025-10-30,SQCO,NOCHE,150856076,93,0.33,2.5,1,85,8,0.0860215053763441,37.2,,2025
1002177779,Line 5,Maria Torres,2025-10-30,SQBS,PP602,SVSQ25005,42.54,0.67,5,0.83,34.17,8.37,0.196755994358251,8.508,,2025
1002183187,Line 6,Fabiola Ramirez,2025-10-30,SQCO,EQUINOX,150834021-A,164.5,0.33,4.5,0.5,155,9.5,0.0577507598784195,36.5555555555556,,2025
1002183186,Line 6,Fabiola Ramirez,2025-10-30,SQCO,EQUINOX,150834021,227.5,0.33,3.5,1,223.5,4,0.0175824175824176,65,,2025
1002175702,Line 5,Elodia Castaneda,2025-10-31,TOCO,LAYBACK,LNR-24-7030,9.36,0.33,4,0.5,8.4,0.959999999999999,0.102564102564102,2.34,,2025
1002178881,Line 5,Elodia Castaneda,2025-10-31,SQBS,PP762,SVSQ25011,12.92,0.5,2.67,0.83,9.53,3.39,0.262383900928793,4.83895131086142,,2025
1002176010,Line 5,Fabiola Ramirez,2025-10-31,TOCO,QUALIT T 99,DLR-24-5966,5,0.33,1.5,0.5,3.25,1.75,0.35,3.33333333333333,,2025
1002179007,Line 5,Elodia Castaneda,2025-10-31,SQBS,SQ669,SVSQ25027,18.8,0.5,0.75,0.83,14.22,4.58,0.243617021276596,25.0666666666667,,2025
1002176332,Line 5,Fabiola Ramirez,2025-11-03,TOCO,GRAN SENDERO,LNR-24-12820,8.05,0.33,3.33,0.5,7.21,0.840000000000001,0.104347826086957,2.41741741741742,,2025
1002178882,Line 5,Elodia Castaneda,2025-11-03,MEBS,1M698,SVME25002,21.31,0.25,2.5,0.25,17.63,3.68,0.172688878460817,8.524,,2025
1002177782,Line 5,Elodia Castaneda,2025-10-30,SQBS,SQ260,SVSQ25016,42.63,0.67,5,0.83,36.69,5.94000000000001,0.139338494018297,8.526,,2025
1002178883,Line 5,Maria Torres,2025-11-03,SQBS,SQ325,SVSQ25018,29.48,0.5,3.5,0.83,25.1,4.38,0.148575305291723,8.42285714285714,,2025
1002173169,Line 5,Elodia Castaneda,2025-11-03,TOCO,BQ400,LNR-24-7992,12.27,0.33,6.25,0.25,10.79,1.48,0.120619396903015,1.9632,,2025
1002173170,Line 5,Maria Villa,2025-11-03,TOCO,BQ400,LNR-24-7975,11.44,0.33,2.25,0.25,10.64,0.799999999999999,0.0699300699300699,5.08444444444444,,2025
1002176541,Line 5,Fabiola Ramirez,2025-11-05,CACO,MEXICA HOT,PECA25016K,5.58,0.33,1.5,0.25,4.84,0.74,0.132616487455197,3.72,,2025
1002178885,Line 5,Elodia Castaneda,2025-11-04,SQBS,SQ320,SVSQ25017,40.12,0.5,6.5,0.83,34.47,5.65,0.140827517447657,6.17230769230769,,2025
1002173171,Line 5,Elodia Castaneda,2025-11-04,TOCO,BQ400,LNR-24-7991,11.54,0.33,4,0.25,10.89,0.649999999999999,0.0563258232235701,2.885,,2025
1002173172,Line 5,Elodia Castaneda,2025-11-04,TOCO,BQ400,LNR-24-7988,6.86,0.33,1.25,0.25,6.16,0.7,0.102040816326531,5.488,,2025
1002173173,Line 5,Elodia Castaneda,2025-11-05,TOCO,BQ400,DLR-24-6862,13.79,0.33,5,0.5,12.51,1.28,0.0928208846990573,2.758,,2025
1002176537,Line 5,Fabiola Ramirez,2025-11-06,CACO,MEXICA HOT,PECA25016F,11.83,0.33,2,0.25,11.02,0.810000000000001,0.0684699915469147,5.915,"LIGHT, SMALL, DUST",2025
1002178884,Line 5,Maria Torres,2025-11-06,SQBS,SQ326,SVSQ25019,44.82,0.58,6,0.83,39.31,5.51,0.122936189201249,7.47,,2025
1002180025,Line 5,Maria Torres,2025-11-06,SQBS,SQ667,SVSQ25025A,8.67,0.25,1.5,0.83,5.66,3.01,0.34717416378316,5.78,,2025
1002176540,Line 5,Fabiola Ramirez,2025-11-06,CACO,MEXICA HOT,PECA25016J,21.83,0.33,3.33,0.5,20.8,1.03,0.0471827759963353,6.55555555555556,"LIGHT, SMALL, DUST, SAMPLES",2025
1002186031,Line 5,Fabiola Ramirez,2025-11-06,MEBS,ME701,SVME25010,10.52,0.33,17.5,0.5,6.81,3.71,0.352661596958175,0.601142857142857,"SAMPLES, LIGHT, SPLIT, DAMAGE,BROKEN",2025
0300098626,Line 5,Elodia Castaneda,2025-11-07,WACO,FASCINATION,HNWA5010A,36.13,0.33,2,0.25,20.58,15.55,0.43039025740382,18.065,Repair Germ,2025
1002168190,Line 5,Maria Torres,2025-11-07,CACO,SILEX HOT,PECA25017,10.22,0.25,1,0.25,9.21,1.01,0.098825831702544,10.22,,2025
0300098954,Line 5,Maria Torres,2025-11-07,TOCO,GRAN SENDERO,DLR-24-5941,1.26,0.25,4,0.25,1.1,0.16,0.126984126984127,0.315,,2025
300098369,Line 5,Fabiola Ramirez,2025-10-16,WACO,MELODY,HNWA25017F,18.9,0.33,2,0.25,11.42,7.48,0.395767195767196,9.45,REPAIR GERM,2025
1002187107,Line 6,Fabiola Ramirez,2025-11-13,MECO,MS9152,PEME25005,60.07,0.33,2,0.75,59.5,0.57,0.00948892958215415,30.035,"SAMPLE, LIGHT, SMALL,DUST, DEFORMED",2025
0100027689,Line 3,Jesus Alvarez,2025-11-07,CFCO,KAMINO,CRCF25005,390,0.08,10,1.5,332,58,0.148717948717949,39,"bATCH DID HAVE SMALL STICKS. TINY ROCKS, DEFORMED SEEDS, REALLY SMALL SEED, AS WELL AS OVER SIZED SEED",2025
1002187486,Line 6,Fabiola Ramirez,2025-11-07,WABS,WA792,SVWA25027,123,0.33,6.17,1,95,28,0.227642276422764,19.935170178282,"Field run production samples, light, small, white seed, shell, broken, doubles dust",2025
100027657,Line 5,Fabiola Ramirez,2025-11-10,BRCO,GAVILAN,CRBR25005,42.49,0.33,2.5,0.5,36.02,6.47,0.152271122617086,16.996,"SAMPLES 1% ,LIGHT,YELLOW SEED, DEFORMED",2025
1002186457,Line 5,Fabiola Ramirez,2025-11-11,MEBS,1M692,SVME25001,7.77,0.33,3,0.67,5.93,1.84,0.236808236808237,2.59,"FIELD RUN PRODUCTION, SAMPLES 16% LIGHT, DOUBLES,SHELL, PEEL, STRUCK TOGETER",2025
1002186463,Line 5,Maria Torres,2025-11-11,MEBS,ME694,SVME25009,3.21,0.33,0.83,0.5,2.2,1.01,0.314641744548287,3.86746987951807,,2025
1002186463,Line 5,Fabiola Ramirez,2025-11-06,MEBS,ME694,SVME25009,3.21,0.33,0.83,0.5,2.2,1.01,0.314641744548287,3.86746987951807,"SAMPLES, LIGHT, SPLIT, DAMAGE, BROKEN",2025
300099024,Line 6,Fabiola Ramirez,2025-11-11,WACO,BLACK JACK,SVWA25011,77,0.33,5,0.67,66.5,10.5,0.136363636363636,15.4,"REPAIR GERM, LIGHT, BROKEN, SPLIT, SAMPLE 1%, DAMAGE",2025
0100027667,Line 5,Elodia Castaneda,2025-11-11,BSCO,GUSTUS,WABS25003,41.08,0.33,3,0.25,38.35,2.73,0.0664556962025317,13.6933333333333,Samples Yellow seed and peel.,2025
1002187001,Line 6,Fabiola Ramirez,2025-11-12,MECO,APHRODITE,PEME25000,105.58,0.33,2.33,0.67,104.5,1.08,0.0102292100776662,45.31330472103,SAMPLE .05% / LIGHT/ SMALL/ DUST,2025
1002187003,Line 5,Maria Torres,2025-11-13,MECO,ME23-3885,PEME25007,16.44,0.33,1.33,0.67,15.67,0.770000000000001,0.0468369829683699,12.3609022556391,"SAMPLE,LIGHT,SHELL SMALL",2025
0100027656,Line 6,Elodia Castaneda,2025-11-13,BRCO,GAVILAN,CRBR25005,118,0.17,3,0.33,109,9,0.076271186440678,39.3333333333333,"SAMPLES, LIGHT, YELLOW SEED AND PEEL",2025
1002186459,Line 5,Maria Torres,2025-11-13,MEBS,ME417,SVME25004,5.95,0.25,10.17,0.25,3.18,2.77,0.465546218487395,0.585054080629302,"shell, broken, garbage, damaged seed and samples",2025
1002186461,Line 5,Maria Torres,2025-11-13,SQBS,ME454,SVME25006,4.86,0.25,1.17,0.33,3.44,1.42,0.292181069958848,4.15384615384615,"samples, light, doubles, small and shell",2025
1002186458,Line 5,Maria Torres,2025-11-13,MEBS,1M281,SVME25000,16.39,0.33,4.5,0.33,13.97,2.42,0.147651006711409,3.64222222222222,"stuck together, garbage, shell, split, broken and samples",2025
1002186462,Line 5,Maria Torres,2025-11-13,MEBS,ME462,SVME25007,5.92,0.25,2.93,0.33,4.88,1.04,0.175675675675676,2.02047781569966,"Light, shell, garbage, split, peel and samples",2025
0100027680,Line 6,Elodia Castaneda,2025-11-14,BRCO,SBB003,AZBR25002,72.5,0.17,3,0.25,65.5,7,0.096551724137931,24.1666666666667,"LIGHT, YELLOW SEED,  BROKEN, SAMPLE",2025
1002188071,Line 6,Fabiola Ramirez,2025-11-14,WACO,EXCLAMATION,SVWA25006,112,0.33,6,1,79.5,32.5,0.290178571428571,18.6666666666667,"FIELD RUN PRODUCTION, SAMPLES,LIGHT,SHELL,DUST,WHITE SEED,BRIKEN,DIPLOID, TETRAPLOID",2025
1002187005,Line 5,Maria Torres,2025-11-14,MECO,MS23-3665,PEME25010,16.29,0.25,1.58,0.17,15.72,0.569999999999999,0.0349907918968692,10.3101265822785,"small, stuck together, light, shell and samples",2025
1002187106,Line 5,Fabiola Ramirez,2025-11-14,MECO,MS23-3709,PEME25009,16.03,0.33,2,0.5,15.41,0.620000000000001,0.0386774797255147,8.015,"LIGHT, SMALL, DUST,SAMPLE DOUBLES",2025
1002170305,Line 3,Jesus Alvarez,2025-11-14,WCCO,GLORIA,WAWC25003,2003,0.17,42.5,3,1791,212,0.105841238142786,47.1294117647059,"Batch had a lot of stems and sticks as well as having a lot of rocks, dirt, small seed, and brokens seed.",2025
1002174880,Line 3,Jesus Alvarez,2025-11-14,WACO,QUETZALI,SVWA25039,1176,0.08,14,3,1062,114,0.0969387755102041,84,"Batch had a lot of peel, wiggy weeds, sticks and stems, broken seeds, really lite seed(hallow),",2025
1002187277,Line 6,Fabiola Ramirez,2025-11-17,EGCO,SANTANA,150855616,57.5,0.33,2.5,0.67,57,0.5,0.00869565217391304,23,"SAMPLE,LIGHT,SMALL,DEFORMED,STAIN",2025
0100027654,Line 6,Elodia Castaneda,2025-11-17,CFCO,CFH1522,AZCF25005,91,0.25,2.5,0.17,83,8,0.0879120879120879,36.4,"LIGHT, YELLOW SEED,  BROKEN, SAMPLE",2025
1002189229,Line 6,Fabiola Ramirez,2025-11-17,MECO,MS22-1112,PEME25006,85.4,0.33,2.33,0.67,84,1.40000000000001,0.0163934426229509,36.6523605150215,"SAMPLE,LIGHT,SMALL,DUST",2025
1002187279,Line 5,Maria Torres,2025-11-19,WABS,W3A24,PEWA25017,6.14,0.33,1.75,0.25,5.27,0.87,0.141693811074919,3.50857142857143,"small, light, shell and samples",2025
1002187283,Line 5,Maria Torres,2025-11-19,WABS,W5A77,PEWA25015,7.67,33,1.33,0.5,5.95,1.72,0.224250325945241,5.76691729323308,"light, stuck together, shell, small and samples",2025
1002187547,Line 5,Maria Torres,2025-11-19,WABS,W5A81,PEWA25019,5.23,0.17,1.25,0.17,4.36,0.87,0.166347992351816,4.184,"LIGHT, STUCK TOGETHER, SMALL AND SAMPLES",2025
1002187546,Line 5,Maria Torres,2025-11-19,WABS,W5A80,PEWA25018,6.69,0.25,0.92,0.25,5.69,1,0.149476831091181,7.27173913043478,"SMALL, LIGHT, STUCK TOGETHER AND SAMPLES",2025
100027653,LINE 7,Fabiola Ramirez,2025-11-19,CFCO,CFH1522,AZCF25005,133,0.33,5.5,0.67,125,8,0.0601503759398496,24.1818181818182,"SMALL, DUST, SHELL, YELLOW SEED",2025
100027738,Line 5,Fabiola Ramirez,2025-11-19,CFCO,SPACESTAR GOLD,CRCF25007,2.79,0.33,0.5,0.42,2.27,0.52,0.186379928315412,5.58,"SAMPLES, LIGHT,SMALL,YELLOW SEED, SHELL",2025
100027662,Line 5,Fabiola Ramirez,2025-11-19,CFCO,SGC2006,CRCF25004,20.01,0.33,2.67,0.5,18.29,1.72,0.0859570214892554,7.49438202247191,"SAMPLES,LIGHT,SMALL, YELLOWSEED",2025
1002187280,Line 5,Maria Torres,2025-11-19,WABS,W5A72,PEWA25013,13.99,0.5,1.58,0.25,11.18,2.81,0.200857755539671,8.85443037974684,"LIGHT, GARBAGE, DUST, BROKEN AND SAMPLES",2025
1002187284,Line 5,Maria Torres,2025-11-20,WABS,W5A78,PEWA25011,13.44,0.25,1,0.17,10.95,2.49,0.185267857142857,13.44,"SMALL, LIGHT AND SAMPLES",2025
1002187278,Line 5,Maria Torres,2025-11-20,WABS,WA791,PEWA25010,10.27,0.25,1,0.17,8.6,1.67,0.162609542356378,10.27,"SMALL, LIGHT AND SAMPLES",2025
1002187282,Line 5,Maria Torres,2025-11-20,WABS,W5A74,PEWA25021,8.19,0.5,0.83,0.25,7.11,1.08,0.131868131868132,9.86746987951807,"stuck together, small, light and samples",2025
1002187281,Line 5,Maria Torres,2025-11-20,WABS,W5A73,PEWA25016,13.99,0.25,1.58,0.17,11.37,2.62,0.187276626161544,8.85443037974684,"small, light and samples",2025
1002187285,Line 5,Maria Torres,2025-11-20,WABS,W5A79,PEWA25012,21.23,0.25,1.75,0.17,18.75,2.48,0.116815826660386,12.1314285714286,"small, light, stuck together, garbage and samples",2025
1002187108,Line 5,Maria Torres,2025-11-21,MECO,MS0528,PEWE25004,29.69,0.33,2.5,0.17,29.01,0.68,0.0229033344560458,11.876,"Split, small, light and samples3",2025
1002170304,Line 3,Jesus Alvarez,2025-11-20,WCCO,GLORIA,WAWC25004,2492,0.08,47,3,2061.4,430.6,0.172792937399679,53.0212765957447,"batch was heavy on the sticks and stems as well as having dirt ,rock broken seeds small seeds and deformed seeds",2025
1002189227,Line 5,Maria Torres,2025-11-21,MECO,T REX,PEWE25001,28.1,0.2,2,0.17,27.4,0.700000000000003,0.0249110320284699,14.05,"light, small, garbage, split, stuck together, shell and samples",2025
0100027748,Line 5,Elodia Castaneda,2025-11-21,BSCO,GUSTUS,WABS25003,9.41,0.08,1,0.17,8.21,1.2,0.127523910733262,9.41,"LIGHT, YELLOW SEED,  BROKEN, SAMPLE",2025
0100027666,Line 5,Elodia Castaneda,2025-11-24,BSCO,GUSTUS,WABS25003,11.95,0.08,2,0.08,10.82,1.13,0.094560669456067,5.975,"LIGHT, YELLOW SEED,  BROKEN, SAMPLE",2025
1002189228,Line 5,Maria Torres,2025-11-24,MECO,MB19707,PEME25011,14.5,0.33,1.08,0.17,13.89,0.609999999999999,0.0420689655172413,13.4259259259259,"small, light, open and garbage",2025
0100027663,Line 5,Maria Torres,2025-11-24,BSCO,GUSTUS,WABS25002,37.22,0.17,2,0.17,35.01,2.21,0.0593766792047286,18.61,"LIGHT, YELLOW SEED,  BROKEN, SAMPLE",2025
0100027655,Line 5,Maria Torres,2025-11-24,CFBS,CFH1522,AZCF25005,45.87,0.25,4,0.17,40.57,5.3,0.115543928493569,11.4675,"LIGHT, YELLOW SEED,  BROKEN, SAMPLE",2025
0100027660,Line 5,Maria Torres,2025-11-20,CFCO,SGC2006,CRCF25004,83,0.33,3,0.25,79,4,0.0481927710843374,27.6666666666667,"LIGHT, YELLOW SEED,  BROKEN, SAMPLE",2025
0100027627,Line 3,Jesus Alvarez,2025-11-24,BRCO,Montop,CRBR252009,819,0.08,30.5,1.5,785,34,0.0415140415140415,26.8524590163934,Batch had a lot of shell broken seed and yellow seeds,2025
0100027652,Line 5,Elodia Castaneda,2025-11-25,CFCO,CFH1522,AZCF25005,34.36,0.17,2,0.25,33.07,1.29,0.0375436554132712,17.18,"LIGHT, YELLOW SEED,  BROKEN, SAMPLE",2025
1002167630,Line 3,Jesus Alvarez,2025-11-25,SQCO,GRANDPRIZE,20488145,1004,0.17,39,0.08,722,282,0.280876494023904,25.7435897435897,"Batch had a lot of peels, sticks, stems rocks, lite seed, broken seeds but most of all had extremely a lot of split seed",2025
0100027661,Line 6,Elodia Castaneda,2025-11-25,CFCO,SGC2006,CRCF25004,255.5,0.25,5.5,0.5,240.5,15,0.0587084148727984,46.4545454545455,"LIGHT, YELLOW SEED,  BROKEN, SAMPLE",2025
0300098810,Line 5,Maria Torres,2025-11-25,WACO,SUGAR COAT,150638605C,24.31,0.17,1.5,0.17,15.1,9.21,0.378856437679967,16.2066666666667,Repair Germ,2025
0300098811,Line 5,Maria Torres,2025-11-25,WACO,SUGAR COAT,150638605B,22.81,0.33,2.5,0.17,14.76,8.05,0.352915387987725,9.124,Repair Germ,2025
0300098812,Line 5,Maria Torres,2025-11-25,WACO,FASCINATION,150431891Y,27.29,0.25,2,0.17,12.57,14.72,0.539391718578234,13.645,Repair Germ,2025
0300098813,Line 5,Maria Torres,2025-11-26,WACO,FASCINATION,150431891O,35.4,0.33,3.08,0.17,27.55,7.85,0.221751412429379,11.4935064935065,Repair Germ,2025
0300099163,Line 5,Maria Torres,2025-11-26,WACO,FASCINATION,150309236U,18.03,0.33,2.17,0.17,9.91,8.12,0.450360510260677,8.30875576036866,Repair Germ,2025
0300099118,Line 5,Maria Torres,2025-12-01,WACO,FASCINATION,HNWA25010,34.17,0.33,4.75,0.17,33.28,0.890000000000001,0.0260462393912789,7.19368421052632,Repair Germ,2025
1002167631,Line 3,Jesus Alvarez,2025-12-01,SQCO,GRANDPRIZE,SVSQ25023,1135,0.17,33.5,0.08,891,244,0.214977973568282,33.8805970149254,"Batch had extremely a lot of split seeds, as well as sticks, stems rocks, light seed , broken seed deformed seeds,hallow seed and peel",2025
0300099025,Line 5,Elodia Castaneda,2025-11-26,WACO,PETITE PER,150409637,34.27,0.08,0.5,0.08,34.09,0.18,0.00525240735337029,68.54,only a sample was taken,2025
0300099117,Line 5,Maria Torres,2025-12-02,WACO,SWEET GEM,HNWA5014K,26.1,0.33,1.42,0.17,12.44,13.66,0.523371647509579,18.3802816901408,Repair Germ,2025
0300098814,Line 5,Elodia Castaneda,2025-11-26,WACO,FASCINATION,150432062BA,30.03,0.08,0.5,0.08,29.92,0.109999999999999,0.00366300366300363,60.06,Repair Germ,2025
0300099008,Line 5,Elodia Castaneda,2025-11-26,WACO,FASCINATION,150309236S,18.31,0.08,0.5,0.08,15.62,2.69,0.146914254505735,36.62,Repair Germ,2025
0300099119,Line 5,Elodia Castaneda,2026-02-03,WACO,BAHAMA,150638720H,23.55,0.25,2.67,0.25,20.84,2.71,0.115074309978769,8.82022471910113,Repair Germ,2026
1002173950,Line 3,Jesus Alvarez,2025-12-02,WCCO,PENNANT,WAWC25016,1257.5,0.17,18,3,962,295.5,0.234990059642147,69.8611111111111,"loss due to sample as well as having extremely a lot of sticks, stems , rocks , dirt broken seed and light seed",2025
1002183906,Line 3,Jesus Alvarez,2025-12-02,WCCO,PRUKTOR,WAWC2509,1975,0.17,22,3,1673.5,301.5,0.152658227848101,89.7727272727273,"batch had a lot of stick, stem, extremely a lot of rocks , dirt, broken seeds, lite seeds.",2025
1002193078,Line 6,Fabiola Ramirez,2025-12-03,MECO,NOVIRA,PEME25002,90,0.33,2,0.67,89,1,0.0111111111111111,45,LIGHT SMALL DUST SAMPLE,2025
1002176821,Line 3,Jesus Alvarez,2025-12-02,WCCO,PENNANT,WAWC25015,1530.5,0.17,40,3,714.9,815.6,0.532897745834695,38.2625,"Batch had a lot of sticks, stems, rocks, dirt, broken seeds, light seeds",2025
1002174860,Line 3,Jesus Alvarez,2025-12-03,SQCO,GRANDPRIZE,150852931A,442.5,0.17,10.5,1.5,424,18.5,0.0418079096045198,42.1428571428571,"batch had a lot of split seed, light seed, broken seed. loose embryo, shell, chaff",2025
1002187002,Line 6,Fabiola Ramirez,2025-12-04,MECO,HEIDI,PEME25003,303.5,0.33,6,0.67,299.5,4,0.0131795716639209,50.5833333333333,"LIGHT, SMALL, DUST, SAMPLE",2025
1002179145,Line 3,Jesus Alvarez,2025-12-04,WCCO,STORIDOR,WAWC25009,405.5,0.17,9.5,1.5,303.65,101.85,0.251171393341554,42.6842105263158,"batch had a lot of sticks, stems, dirt, a lot of rocks, broken seeds, small seeds",2025
300099221,Line 6,Fabiola Ramirez,2025-12-05,SQCO,EQUINOX,150834021-A,155,0.33,4.33,0.67,119.5,35.5,0.229032258064516,35.796766743649,"SAMPLE, DAMAGED",2025
1002174861,Line 3,Maria Villa,2025-12-02,SQCO,GRANDPRIZE,1508522931B,407.9,0.17,16,2.5,398.5,9.39999999999998,0.0230448639372395,25.49375,,2025
300099115,Line 5,Maria Torres,2025-12-05,WACO,SWEET GEM,HNWA5014H,20.09,0.17,19.83,0.17,18.45,1.64,0.0816326530612245,1.01311144730207,"OFFTYPES, SPLIT, BROKEN",2025
2400007137,Line 3,Jesus Alvarez,2025-12-09,SQCO,Spineless Beauty,CJPP181LT24002,394.5,0.08,6,1.5,380,14.5,0.0367553865652725,65.75,"dEFORMED SEEDS, LIGHT SEEDS, SPLITSEEDS. BROKEN SEEDS",2025
1002176906,Line 3,Jesus Alvarez,2025-12-10,SQCO,PAYROLL,150852924A,339.5,0.08,6,2,333,6.5,0.0191458026509573,56.5833333333333,"LIGHT SEEDS, BROKEN SEED, CHAFF, SPLIT SEEDS",2025
1002179142,Line 3,Jesus Alvarez,2025-12-10,WCCO,TEKILA,WAWC25007,2184,0.17,24,3,1547.5,636.5,0.291437728937729,91,"batch had a lot of sticks stems, a lot of dirt, rocks, lite seeds, deformed seeds and broken seeds.",2025
0300099182,Line 3,Jesus Alvarez,2025-12-12,SQCO,PAYROLL,150852924B,385,0.08,7.5,2,343,42,0.109090909090909,51.3333333333333,"Broken seeds, lite seeds, deformed seeds, shells.",2025
1002179616,Line 3,Jesus Alvarez,2025-12-12,WCCO,NEBRASKA,WASA25002,929,0.17,16.5,3,390.35,538.65,0.579817007534984,56.3030303030303,"BATCH HAD A LOT OF DEBRIS(STICKS, STEMS, ROCKS, DIRT, A LOT OF SMALL SEED, AND LIL TINY DIRT CLUMPS",2025
1002186460,Line 5,Maria Torres,2025-12-15,MEBS,ME421,SVME25005,12.42,0.25,10.58,0.17,9.26,3.16,0.254428341384863,1.17391304347826,"light, stuck together, shell, broken, split, open, rocks, garbage, peel and samples",2025
1002198606,Line 5,Maria Torres,2025-12-15,WABS,WS347,PEWA25026,4.1,0.17,1,0.17,3.32,0.78,0.190243902439024,4.1,"small, stuck together, broken, light and samples",2025
1002198608,Line 5,Maria Torres,2025-12-15,WABS,W5A76,PEWA25020,3.18,0.25,3.5,0.17,2.6,0.58,0.182389937106918,0.908571428571429,"stuck together, small, light, split, yellow seed and samples",2025
1002174914,Line 5,Maria Torres,2025-12-16,CACO,MEXICA HOT,PECA25016B,14.29,0.33,2,0.25,13.42,0.869999999999999,0.0608817354793561,7.145,"struck together, light, broken, garbage,samples",2025
1002168201,Line 5,Maria Torres,2025-12-16,CACO,MEXICA HOT,DLR-24-8952,5.82,0.33,1.25,0.25,5.43,0.390000000000001,0.0670103092783507,4.656,"stain, light, samples,shell,broken, struck together",2025
1002176820,Line 3,Jesus Alvarez,2025-12-16,BSCO,GLADIUS,WABS25004,866,0.17,24.5,3,700,166,0.191685912240185,35.3469387755102,"Batch had a lot of dirt, sticks, stems, rocks, lite seeds, and broken seeds",2025
1002198607,Line 5,Maria Torres,2025-12-15,WABS,W5A75,PEWA25014,6.21,0.17,1,0.17,5.63,0.58,0.0933977455716586,6.21,"light, stuck together, peel and samples",2025
1002168208,Line 5,Maria Torres,2025-12-17,CACO,MEXICA HOT,KOTHAMBA-24-1658,5.83,0.08,0.75,0.17,5.35,0.48,0.0823327615780446,7.77333333333333,"light, stain, shell, garbage and samples",2025
1002168202,Line 5,Maria Torres,2025-12-17,CACO,MEXICA HOT,DLR-24-12149,5.96,0.08,1.17,0.17,5.39,0.57,0.0956375838926174,5.09401709401709,"light, stain, shell, garbage and samples",2025
1002176538,Line 5,Maria Torres,2025-12-17,CACO,MEXICA HOT,PECA25016G,16.83,0.08,1.92,0.17,15.9,0.929999999999998,0.0552584670231728,8.765625,"light, stain, shell, garbage and samples",2025
1002176539,Line 5,Maria Torres,2025-12-17,CACO,MEXICA HOT,PECA25016H,13.61,0.08,1.58,0.17,12.7,0.91,0.0668626010286554,8.61392405063291,"light, stain, shell, garbage and samples",2025
1002195305,Line 3,Jesus Alvarez,2025-12-16,WACO,CAROLINA STGBK,SVWA25008,1066.5,0.17,9.5,2,992,74.5,0.0698546647913737,112.263157894737,"BATCH HAD A LOT OF PEEL, DOUBLES, DEFORMED SEED, LITE SEED, BROKEN SEED AND HALLOW SEEDS(SHELLS)",2025
1002174915,Line 5,Maria Torres,2025-12-18,CACO,MEXICA HOT,PECA25016D,13.78,0.08,1.42,0.17,12.92,0.859999999999999,0.0624092888243831,9.70422535211268,"light, stain, shell, garbage and samples",2025
1002179143,Line 3,Jesus Alvarez,2025-12-17,WCCO,TOREADOR,WAWC25013,929.5,0.17,14.5,3,640.5,289,0.310919849381388,64.1034482758621,"BATCH HAD A LOT OF STICKS, STEMS, DIRT, ALOT OF ROCKS, LITE SEEDS, BROKEN SEED, AND DEFORMED SEEDS",2025
1002202252,Line 3,Jesus Alvarez,2025-12-18,SQCO,SAHUARO,pesq25006,209.5,0.17,7.5,2,203,6.5,0.0310262529832936,27.9333333333333,"lite seed, broken seed, some  shells",2025
1002168206,Line 5,Maria Torres,2025-12-18,CACO,MEXICA HOT,GJ/2654,6.24,0.08,0.83,0.17,5.84,0.4,0.0641025641025641,7.51807228915663,"light, stain, shell, garbage, stuck together and samples",2025
1002174916,Line 5,Maria Torres,2025-12-18,CACO,MEXICA HOT,PECA25016E,7.51,0.08,0.67,0.17,7.06,0.45,0.0599201065246338,11.2089552238806,"light, stain, shell, garbage, stuck together and samples",2025
1002168199,Line 5,Maria Torres,2025-12-18,CACO,MEXICA HOT,PECA25016,8.81,0.08,1.17,0.17,8.51,0.300000000000001,0.0340522133938707,7.52991452991453,"light, stain, shell, garbage, stuck together and samples",2025
1002168204,Line 5,Maria Torres,2025-12-18,CACO,MEXICA HOT,PECA25016A,7.76,0.08,1,0.17,7.41,0.35,0.0451030927835052,7.76,"light, stain, shell, garbage, stuck together and samples",2025
1002176542,Line 5,Maria Torres,2025-12-19,CACO,PALADIN,KOTHAMBA-24-183,5.17,0.08,0.75,0.17,4.57,0.6,0.11605415860735,6.89333333333333,"light, stain, shell, garbage, stuck together and samples",2025
1002176706,Line 5,Maria Torres,2025-12-22,CACO,GROUPER,DLR-24-5713,12.65,0.08,1.5,0.17,11.73,0.92,0.0727272727272727,8.43333333333333,"light, stain, shell and samples",2025
1002160960,Line 5,Maria Torres,2025-12-22,CACO,PALADIN,150742265/DLR-24-8772,6.42,0.08,2.33,0.17,5.95,0.47,0.073208722741433,2.75536480686695,"light, dark stain, shell, sticks, rocks, garbage and samples",2025
1002160963,Line 5,Maria Torres,2025-12-22,CACO,GROUPER,LNR-24-12532,6.11,0.08,1,0.17,5.69,0.42,0.0687397708674304,6.11,"light, stain, shell, stuck together and samples",2025
1002180610,Line 5,Maria Torres,2025-12-19,CACO,PALADIN,DLR-24-5806,7.21,0.08,1.92,0.17,6.63,0.58,0.0804438280166435,3.75520833333333,"dark stain, rocks, shell, broken, light and samples",2025
1002160959,Line 5,Maria Torres,2025-12-19,CACO,PALADIN,DLR-24-6816,6.72,0.08,0.75,0.17,6.24,0.48,0.0714285714285714,8.96,"shell, stain, garbage, broken, light and samples",2025
1002163751,Line 5,Maria Torres,2025-12-19,CACO,PALADIN,DLR-24-8770,5.47,0.08,1.08,0.17,4.98,0.489999999999999,0.089579524680073,5.06481481481481,"light, shell, stain, garbage and samples",2025
1002176545,Line 5,Maria Torres,2025-12-22,CACO,GROUPER,DLR-24-5712,16.21,0.08,1.75,0.17,15.38,0.83,0.0512029611351018,9.26285714285714,"light, shell, stain, garbage and samples",2025
1002174913,Line 5,Maria Torres,2025-12-19,CACO,PALADIN,DLR-24-5705,7.19,0.08,1.58,0.17,6.74,0.45,0.062586926286509,4.55063291139241,"dark stain, garbage, broken, shell, light and samples",2025
1002173168,Line 5,Fabiola Ramirez,2025-12-23,TOCO,BQ273,DLR-24-6615,5.28,0.33,1.5,0.5,4.98,0.3,0.0568181818181818,3.52,"sample, light, small, shell,doubles",2025
1002174027,Line 3,Jesus Alvarez,2025-12-18,WCCO,NOVOTON,WAWC25002,693,0.08,11.5,1.5,454.95,238.05,0.343506493506494,60.2608695652174,"A lot of sticks, stems, a lot of dirt, rocks , and a lot of deformed seeds",2025
1002168023,Line 5,Maria Torres,2025-12-24,CACO,OBSIDIANA,LNR-24-12529,12.9,0.08,1.83,0.17,11.9,1,0.0775193798449612,7.04918032786885,"stain, light, shell, garbage, stuck together, sticks and samples",2025
1002176543,Line 5,Maria Torres,2025-12-23,CACO,SYCAMORE,LNR-24-8833,7.46,0.08,0.92,0.17,7.05,0.41,0.0549597855227882,8.10869565217391,"dark stain, garbage, shell, light and samples",2025
1002174912,Line 5,Maria Torres,2025-12-24,CACO,SILEX HOT,PECA25017C,2.55,0.08,0.67,0.17,2,0.55,0.215686274509804,3.80597014925373,"light, stain, shell and samples",2025
0100027739,Line 3,Jesus Alvarez,2025-12-26,BRCO,SBB003,CRBR25006A,415.5,0.08,2,0.17,367,48.5,0.116726835138387,207.75,A LOT OF DIRT AND BROKEN SEED,2025
1002179144,Line 3,Jesus Alvarez,2025-12-26,WCCO,GLORIA,WAWC25005,1766,0.17,29.5,3,1349.15,416.85,0.236041902604757,59.864406779661,"BATCH HAD A LOT OF STICKS AND STEMS, DIRT , BROKEN SEEEDS, DEFORMED SEEDS ,SMALL SEEDS",2025
1002175914,Line 5,Maria Torres,2025-12-24,CACO,SAGUARO,DLR-24-5801,15.32,0.08,2.58,0.17,14.37,0.950000000000001,0.0620104438642298,5.93798449612403,"stain, light, shell, garbage and samples",2025
1002168192,Line 5,Maria Torres,2025-12-24,CACO,SILEX HOT,PECA25017B,3.62,0.08,0.92,0.17,3.09,0.53,0.146408839779006,3.93478260869565,"light, shell, garbage and samples",2025
1002176544,Line 5,Maria Torres,2025-12-23,CACO,SYCAMORE,LNR-24-6926,1.82,0.08,0.67,0.17,1.45,0.37,0.203296703296703,2.71641791044776,"light, dark stain, shell, garbage and samples",2025
1002173167,Line 5,Maria Torres,2025-12-27,TOCO,BQ273,LNR-24-7967,5.97,0.08,2.17,0.17,5.17,0.8,0.134003350083752,2.75115207373272,"light, shell, stuck together, dust and sample",2025
1002173166,Line 5,Maria Torres,2025-12-27,TOCO,BQ274,LNR-24-7962,7.07,0.17,4.08,0.17,6.45,0.62,0.0876944837340877,1.7328431372549,"light, shell, stuck together, dust and sample",2025
1002189249,Line 5,Maria Torres,2025-12-23,TOCO,SY0275,DLR-24-7643,1.19,0.08,0.83,0.17,0.91,0.28,0.235294117647059,1.43373493975904,"light, shell, stuck together and sample",2025
1002175915,Line 5,Maria Torres,2025-12-26,CACO,SAGUARO,DLR-24-5802,11.51,0.08,2.5,0.17,11.15,0.359999999999999,0.0312771503040833,4.604,"light, dark stain, shell, sticks, stuck together and samples",2025
1002161502,Line 5,Maria Torres,2025-12-26,CACO,PAQUIME HOT,PECA25033,5.28,0.08,1.17,0.17,4.76,0.52,0.0984848484848485,4.51282051282051,"light, shell, stain and samples",2025
1002175916,Line 5,Maria Torres,2025-12-26,CACO,SAGUARO,DLR-24-5804,7.12,0.08,1,0.17,6.78,0.34,0.0477528089887641,7.12,"light, dark stain, sticks, shell, garbage and samples",2025
1002161652,Line 5,Maria Torres,2025-12-27,CACO,FITZIA,CLCA25005G,9.9,0.08,1.25,0.17,9.7,0.200000000000001,0.0202020202020203,7.92,"light, shell, dust and samples",2025
1002150050,Line 5,Maria Torres,2025-12-27,CACO,FITZIA,CLACA25005E,12.49,0.08,1.5,0.17,11.88,0.609999999999999,0.0488390712570055,8.32666666666667,"shell, light, dark stain and samples",2025
1002147813,Line 5,Maria Torres,2025-12-27,CACO,FITZIA,CLACA25005A,12.25,0.08,1.75,0.17,11.54,0.710000000000001,0.0579591836734695,7,"stain, shell, light and samples",2025
1002147816,Line 5,Maria Torres,2025-12-27,CACO,FITZIA,CLACA25005A,12.65,0.08,1.83,0.17,11.99,0.66,0.0521739130434783,6.91256830601093,"stain, shell, light and samples",2025
1002180866,Line 5,Fabiola Ramirez,2025-12-29,TOCO,BQ400,DLR-24-6861,4.66,0.08,1.83,0.17,4.36,0.3,0.0643776824034335,2.54644808743169,"sample, light, shell, small, dust and doubles",2025
1002174923,Line 5,Maria Torres,2025-12-27,TOCO,BQ273,LNR-24-7960,6.63,0.08,3,0.17,6.63,0,0,2.21,"stuck together, shell, light, garbage and sample",2025
1002159601,Line 5,Maria Torres,2025-12-26,CACO,SAGUARO,LNR-24-7930,7.37,0.08,1.5,0.17,7.07,0.3,0.0407055630936228,4.91333333333333,"dark stain, light, shell, garbage and samples",2025
1002168024,Line 5,Maria Torres,2025-12-29,CACO,FITZIA,PECA25022C,2.2,0.08,0.75,0.17,1.99,0.21,0.0954545454545455,2.93333333333333,"samples, light, small and doubles",2025
1002173953,Line 3,Jesus Alvarez,2025-12-30,WCCO,ESCAZU,WAWC25001,674,0.17,29,2,544.15,129.85,0.192655786350148,23.2413793103448,"BATCH HAD A LOT OF STICKS AND STEM, DIRT, BROKEN SEEDS, TINY ROCKS, SMALL MUD CLUMPS.",2025
1002161651,Line 5,Maria Torres,2025-12-29,CACO,FITZIA,PECA25022F,9.47,0.33,1.5,0.33,9.28,0.190000000000001,0.020063357972545,6.31333333333333,"Light, she'll, garbage, samples",2025
1002161653,Line 5,Maria Torres,2025-12-30,CACO,FITZIA,CLCA25005H,9.9,0.33,1.58,0.33,9.66,0.24,0.0242424242424242,6.26582278481013,"Light, she'll,garbage, stain, samples",2025
1002150047,Line 5,Maria Torres,2025-12-30,CACO,SHITARA,CLCA25002A,9.94,0.33,2.25,0.33,9.4,0.539999999999999,0.0543259557344063,4.41777777777778,"Light, garbage, shell, samples",2025
1002150049,Line 5,Maria Torres,2025-12-30,CACO,SHITARA,CLCA25002C,11.66,0.33,1.58,0.33,10.73,0.93,0.0797598627787307,7.37974683544304,"light, sticks, garbage, samples",2025
1002168193,Line 5,Fabiola Ramirez,2025-12-31,CACO,RIDONA,PECA25018,8.64,0.33,1,0.33,8.47,0.17,0.0196759259259259,8.64,"samples, light, dust,stain, doubles",2025
1002150078,Line 5,Fabiola Ramirez,2025-12-31,CACO,RIDONA,CLCA25003,6.86,0.33,1.33,0.5,6.46,0.4,0.0583090379008746,5.15789473684211,"samples, light, dust, doubles, stain",2025
1002168186,Line 5,Elodia Castaneda,2026-01-05,CACO,SYCAMORE,PECA25019A,5.86,0.33,1,0.25,5.4,0.46,0.0784982935153584,5.86,"light, shell, stain and samples",2026
1002168188,Line 5,Elodia Castaneda,2026-01-05,CACO,SYCAMORE,PECA25019C,3.3,0.33,0.75,0.25,2.89,0.41,0.124242424242424,4.4,"light, shell, stain and samples",2026
1002168021,Line 5,Elodia Castaneda,2026-01-05,CACO,SHITARA,PECA25020B,11.56,0.33,3,0.25,11.02,0.540000000000001,0.0467128027681662,3.85333333333333,"light, shell, stain and samples",2026
1002174918,Line 5,Elodia Castaneda,2026-01-05,CACO,CYPRESS,LNR-24-8261,4.71,0.33,0.5,0.25,4.25,0.46,0.0976645435244161,9.42,"light, shell, stain and samples",2026
1002159949,Line 5,Elodia Castaneda,2026-01-05,CACO,CYPRESS,LNR-24-12561,7.02,0.33,0.5,0.25,6.59,0.43,0.0612535612535613,14.04,"light, shell, stain and samples",2026
1002168187,Line 5,Elodia Castaneda,2026-01-05,CACO,SYCAMORE,PECA25019B,3.24,0.33,0.83,0.25,2.79,0.45,0.138888888888889,3.90361445783133,"light, shell, stain and samples",2026
1002168195,Line 5,Elodia Castaneda,2026-01-05,CACO,RIDONA,PECA25018B,9.86,0.33,1,0.25,9.73,0.129999999999999,0.0131845841784989,9.86,"dark stain, light, shell, garbage and samples",2026
1002168194,Line 5,Elodia Castaneda,2026-01-05,CACO,RIDONA,PECA25018A,11.52,0.33,2,0.25,11.18,0.34,0.0295138888888889,5.76,"dark stain, light, shell, garbage and samples",2026
1002173174,Line 5,Elodia Castaneda,2026-01-05,TOCO,BQ400,DLR-24-6863,6.603,0.33,1.25,0.5,6.12,0.483,0.0731485688323489,5.2824,"stuck together, shell, light, garbage and sample",2026
1002150079,Line 5,Elodia Castaneda,2026-01-05,CACO,RIDONA,CLCA25003B,7.31,0.33,1.5,0.25,6.97,0.34,0.0465116279069768,4.87333333333333,"dark stain, light, shell, garbage and samples",2026
1002176708,Line 5,Elodia Castaneda,2026-01-05,TOCO,QUALI T 47,LNR-24-12826,4.56,0.33,1.33,0.58,3.7,0.859999999999999,0.18859649122807,3.42857142857143,"stuck together, shell, light, garbage and sample",2026
1002159950,Line 5,Elodia Castaneda,2026-01-06,CACO,CYPRESS,LNR-24-7931,5.31,0.33,0.83,0.25,4.87,0.44,0.0828625235404897,6.39759036144578,"samples, light, dust, doubles, deformed, stain",2026
1002174917,Line 5,Elodia Castaneda,2026-01-06,CACO,CYPRESS,LNR-24-12526,4.28,0.33,0.33,0.25,3.85,0.43,0.100467289719626,12.969696969697,"samples, light, dust, doubles, deformed, stain",2026
1002168025,Line 5,Elodia Castaneda,2026-01-06,CACO,SYCAMORE,PECA25019,6.28,0.33,1,0.25,5.83,0.45,0.071656050955414,6.28,"light, samples, dust, stain",2026
1002161504,Line 5,Elodia Castaneda,2026-01-06,CACO,OBSIDIANA,PECA25015,4.06,0.33,0.67,0.5,3.54,0.52,0.12807881773399,6.05970149253731,"samples, light, small, dust, doubles",2026
1002161646,Line 5,Elodia Castaneda,2026-01-06,CACO,OBSIDIANA,PECA25015B,5.62,0.33,0.5,0.25,5.05,0.57,0.101423487544484,11.24,"samples, light, small, dust, doubles",2026
1002161648,Line 5,Elodia Castaneda,2026-01-06,CACO,OBSIDIANA,PECA25015D,3.54,0.33,0.42,0.25,3.03,0.51,0.14406779661017,8.42857142857143,"samples, light, small, dust, doubles",2026
1002159947,Line 5,Elodia Castaneda,2026-01-06,CACO,CYPRESS,LNR-24-12535,5.91,0.33,1,0.5,5.42,0.49,0.0829103214890017,5.91,"light, samples, dust, stain, sticks",2026
1002162002,Line 5,Elodia Castaneda,2026-01-06,CACO,ARUBA,150792432/DLR-24-7889,4.68,0.33,0.67,0.25,4.13,0.55,0.117521367521368,6.98507462686567,"samples, light, small, shell, doubles, sticks, stain",2026
1002160961,Line 5,Elodia Castaneda,2026-01-06,CACO,ARUBA,LNR-2412562,5.1,0.33,0.5,0.25,4.57,0.529999999999999,0.103921568627451,10.2,"samples, light, small, shell, doubles, sticks, stain",2026
1002160962,Line 5,Elodia Castaneda,2026-01-06,CACO,ARUBA,DLR-24-7897,4.27,0.33,1,0.5,3.85,0.42,0.0983606557377049,4.27,"samples, light, small, shell, doubles, sticks, stain",2026
1002173951,Line 3,Jesus Alvarez,2026-01-06,WCCO,GALLICAN,WAWC25012,1045.5,0.17,22.5,1,750.75,294.75,0.281922525107604,46.4666666666667,"BATCH HAD ALOT OF STICKS,STEMS,DIRT, ROCKS, DEFORMED SEEDS, BROKEN SEEDS, SMALL SEEDS.",2026
1002161505,Line 5,Elodia Castaneda,2026-01-06,CACO,OBSIDIANA,PECA25015A,5.68,0.33,0.58,0.5,5.11,0.569999999999999,0.100352112676056,9.79310344827586,"samples, light, small, shell, doubles, sticks, stain",2026
1002176707,Line 5,Elodia Castaneda,2026-01-06,CACO,KYLIE,DLR-24-5844,6.02,0.33,1.25,0.25,5.56,0.46,0.0764119601328904,4.816,"samples, light, small, shell, doubles, sticks, stain",2026
1002161647,Line 5,Elodia Castaneda,2026-01-07,CACO,OBSIDIANA,PECA25015C,5.52,0.33,1,0.25,4.98,0.539999999999999,0.0978260869565216,5.52,"samples, light, small, shell, doubles, sticks, stain",2026
1002168198,Line 5,Elodia Castaneda,2026-01-07,CACO,SAGUARO,LNR-24-7928,10.13,0.33,1,0.25,9.92,0.210000000000001,0.020730503455084,10.13,"samples, light, small, shell, doubles, sticks, stain",2026
1002173952,Line 3,Jesus Alvarez,2026-01-26,WCCO,ALASKA,WASA25001,343,0.08,12,1.5,277.1,65.9,0.192128279883382,28.5833333333333,"BATCH HAD A LOT OF STICKS, STEMS, DIRT, ROCKS, SMALL SEED, DEFORMED SEEDS, BROCKEN SEEDS",2026
1002189250,Line 5,Elodia Castaneda,2026-01-07,TOCO,SY0298,DLR-24-7636,0.413,0.33,0.5,0.5,0.319,0.094,0.227602905569007,0.826,"stuck together, shell, light, garbage and sample",2026
1002156024,Line 5,Elodia Castaneda,2026-01-07,BRBS,EK476,CRBR25002,0.16,0.08,0.25,0.17,0.02,0.14,0.875,0.64,field run production,2026
1002202249,Line 5,Maria Torres,2026-01-07,MECO,OVATION,150864859,21.59,0.25,3,0.33,20.95,0.640000000000001,0.0296433534043539,7.19666666666667,"light, garbage and samples",2026
1002202250,Line 5,Maria Torres,2026-01-08,MECO,OVATION,150864859-A,22.74,0.25,2.25,0.33,22.2,0.539999999999999,0.0237467018469657,10.1066666666667,"light, garbage small and samples",2026
1002202246,Line 6,Fabiola Ramirez,2026-01-08,SQCO,PAYROLL,150832508-A,188,0.33,4.5,0.25,187.5,0.5,0.00265957446808511,41.7777777777778,"light, sample, dust, small, split",2026
1002202249,Line 5,Maria Torres,2026-01-09,MECO,OVATION,150864859,21.59,0.25,3,0.33,20.95,0.640000000000001,0.0296433534043539,7.19666666666667,"light,garbage,samples.",2026
1002202247,Line 6,Fabiola Ramirez,2026-01-09,SQCO,PAYROLL,150832508-B,114.5,0.33,1.83,0.25,113.5,1,0.00873362445414847,62.568306010929,"sample,light,dust,split",2026
1002144870,Line 5,Elodia Castaneda,2026-01-09,CACO,GINA,CLCA25006,8.59,0.33,1.33,0.5,8.17,0.42,0.0488940628637951,6.45864661654135,"light, garbage small and samples",2026
1002202101,Line 5,Elodia Castaneda,2026-01-09,WABS,WS813,PEWA25027,6.88,0.25,1.08,0.17,5.85,1.03,0.149709302325581,6.37037037037037,"light, broken, together, samples",2026
1002150166,Line 5,Elodia Castaneda,2026-01-09,CACO,AL3626,DLR-24-7821,6.81,0.33,1,0.5,6.35,0.46,0.0675477239353892,6.81,"samples, light, small, shell, doubles, sticks, stain",2026
0300099375,Line 5,Elodia Castaneda,2026-01-09,WABS,1E030,150200747,51.62,0.25,3.17,0.17,31.36,20.26,0.392483533514142,16.2839116719243,Germ Repair,2026
1002202248,Line 6,Fabiola Ramirez,2026-01-09,SQCO,PAYROLL,150832508-C,117.5,0.33,2,0.25,116.5,1,0.00851063829787234,58.75,"samples, light, small, dust, split",2026
0300099119,Line 5,Maria Torres,2026-01-13,WACO,BAHAMA,150638720H,23.55,0.25,2.67,0.25,20.84,2.71,0.115074309978769,8.82022471910113,germ repair and samples,2026
1002205054,Line 5,Maria Torres,2026-01-13,MEBS,1M063,150894512,15.08,0.25,2.08,0.17,13.21,1.87,0.124005305039788,7.25,"light, small, garbage and samples",2026
0100027740,Line 5,Jesus Alvarez,2026-01-08,BRCO,SBB003,CRBR25006,578,0.08,17.5,1.5,474.9,103.1,0.178373702422145,33.0285714285714,"batch had a lot of dirt, rocks, extremely a lot broken seeds, small seeds, deformed seeds, as well as have a lot of shell.",2026
0300099507,Line 5,Elodia Castaneda,2026-01-16,WABS,W5A79,PEWA25012,18.7,0.25,1.33,0.17,16.43,2.27,0.121390374331551,14.0601503759398,Germ Repair,2026
1002204976,Line 5,Elodia Castaneda,2026-01-13,MECO,MS23-3658,150895713,15.7,0.25,1.42,0.25,15.07,0.629999999999999,0.0401273885350318,11.056338028169,"light, sample, garbage",2026
1002214532,Line 6,Elodia Castaneda,2026-01-14,WABS,WA013,PEWA25009,78.02,0.33,3.33,0.33,74,4.02,0.0515252499359139,23.4294294294294,"light, sample, garbage",2026
0300099506,Line 5,Elodia Castaneda,2026-01-16,WABS,WA797,SVWA25027,95,0.17,3,0.25,89,6,0.0631578947368421,31.6666666666667,Germ Repair,2026
1002174928,Line 5,Elodia Castaneda,2026-01-16,TOCO,BQ400,LNR-24-7989,13.75,0.25,4.5,0.25,13.1,0.65,0.0472727272727273,3.05555555555556,"light,  doubles, sample, peel",2026
1002202061,Line 6,Fabiola Ramirez,2026-01-16,SQCO,NOCHE,150832507,133.5,0.33,2.83,0.25,132.5,1,0.00749063670411985,47.1731448763251,"Shaft, small, dust, sample",2026
1002202062,Line 6,Fabiola Ramirez,2026-01-20,SQCO,NOCHE,150832507-A,229,0.33,5,0.25,228,1,0.00436681222707424,45.8,"Sample,small,dust, split",2026
1002174927,Line 5,Maria Torres,2026-01-20,TOCO,BQ400,LNR-24-7987,14.12,0.25,3.17,0.17,13.41,0.709999999999999,0.0502832861189801,4.45425867507886,,2026
1002174928,Line 5,Elodia Castaneda,2026-01-16,TOCO,BQ400,LNR-24-7989,13.75,0.25,4.5,0.25,13.1,0.65,0.0472727272727273,3.05555555555556,"light, shell, peel, doubles and sample",2026
1002174926,Line 5,Maria Torres,2026-01-20,TOCO,BQ400,LNR-24-7990,6.26,0.17,1.83,0.17,5.75,0.51,0.0814696485623003,3.4207650273224,"light, shell, stuck together, small, garbage and sample",2026
0300099429,Line 5,Elodia Castaneda,2026-01-21,WACO,BAHAMA,HNWA5021A,45.62,0.33,108.5,0.25,19.77,25.85,0.566637439719421,0.420460829493088,Hand sort Off types,2026
1002214533,Line 5,Elodia Castaneda,2026-01-14,WABS,WS797,150894513,7.31,0.25,1.5,0.33,5.38,1.93,0.264021887824897,4.87333333333333,"light, sample, garbage",2026
1002202065,Line 6,Elodia Castaneda,2026-01-21,SQCO,PAYROLL,150832508,188.5,0.33,3.83,1,188,0.5,0.0026525198938992,49.2167101827676,"samples, light, small, dust, split",2026
1002174920,Line 5,Maria Torres,2026-01-21,TOCO,BQ273,LNR-24-6234,4.48,0.25,1.58,0.17,4.13,0.350000000000001,0.0781250000000002,2.83544303797468,"light, shell, stuck together, small, garbage and sample",2026
1002174919,Line 5,Maria Torres,2026-01-21,TOCO,BQ273,LNR-24-6232,6.75,0.17,1.58,0.25,6.44,0.31,0.0459259259259259,4.27215189873418,"light, shell, stuck together, small, garbage and sample",2026
1002174921,Line 5,Maria Torres,2026-01-21,TOCO,BQ273,LNR-24-7954,6.44,0.17,1.75,0.33,6.03,0.41,0.0636645962732919,3.68,"light, shell, stuck together, small, garbage and sample",2026
1002202253,Line 3,Jesus Alvarez,2026-01-21,SQCO,BACANORA,PESQ25005,234.5,0.08,6,2,225.5,9,0.0383795309168444,39.0833333333333,"BATCH HAD PEEL, BROKEN SEEDS, SMALL SEEDS, LITE SEED, SOME SPLIT SEED AS WELL.",2026
1002202063,Line 6,Fabiola Ramirez,2026-01-21,SQCO,NOCHE,150832507-B,172,0.33,3.17,0.25,171,1,0.00581395348837209,54.2586750788644,"Shaft, small, dust, sample",2026
1002202064,Line 6,Fabiola Ramirez,2026-01-21,SQCO,NOCHE,150832507-C,198.5,0.33,3.5,1,197,1.5,0.00755667506297229,56.7142857142857,"shaft,small, dust, sample,light,split.",2026
1002204972,Line 6,Fabiola Ramirez,2026-01-22,MECO,APHRODITE,PEME25012,134,0.33,2,0.67,133,1,0.00746268656716418,67,"Sample, light, small, dust, doubles",2026
1002208612,Line 5,Maria Torres,2026-01-21,TOCO,GRAND SENDERO,150853443,5.5,0.17,1.17,0.17,5.13,0.37,0.0672727272727273,4.7008547008547,"light, shell, dust, stuck together and samples",2026
1002208613,Line 5,Maria Torres,2026-01-21,TOCO,GRAND SENDERO,150853443A,4.8,0.25,1.5,0.17,4.36,0.44,0.0916666666666667,3.2,"light, shell, dust, stuck together and samples",2026
1002205051,Line 5,Maria Torres,2026-01-22,CACO,BAYONET,PECA25025B,3.2,0.17,0.67,0.17,2.68,0.52,0.1625,4.77611940298507,"light, dark stain, garbage, broken and samples",2026
1002205049,Line 5,Maria Torres,2026-01-22,CACO,BAYONET,PECA25025,10.11,0.25,1,0.17,9.51,0.6,0.0593471810089021,10.11,"light, dark stain, garbage, broken and samples",2026
1002205050,Line 5,Maria Torres,2026-01-22,CACO,BAYONET,PECA25025A,9.69,0.17,1.17,0.17,9.14,0.549999999999999,0.0567595459236325,8.28205128205128,"light, dark stain, garbage, broken and samples",2026
1002174925,Line 5,Maria Torres,2026-01-23,TOCO,BQ273,DLR-24-6612,8.96,0.17,2.17,0.25,8.29,0.670000000000002,0.0747767857142859,4.12903225806452,"light, shell, dust, stuck together and samples",2026
1002205052,Line 5,Maria Torres,2026-01-23,CACO,SAGUARO,PECA25026,21.66,0.25,3,0.17,20.24,1.42,0.0655586334256694,7.22,"light, garbage, stain and samples",2026
1002202251,Line 6,Fabiola Ramirez,2026-01-22,MECO,OVATION,150864859-B,169.5,0.33,3.5,0.67,168.5,1,0.00589970501474926,48.4285714285714,"sample, light, small, dust, deformed.",2026
1002205053,Line 5,Maria Torres,2026-01-23,CACO,SAGUARO,PECA25026B,14.88,0.08,2.05,0.25,13.71,1.17,0.0786290322580645,7.25853658536586,"light, garbage, stain and samples",2026
1002205047,Line 5,Maria Torres,2026-01-23,CACO,CAOBA,PECA25024A,5.21,0.17,0.92,0.17,4.89,0.32,0.0614203454894434,5.66304347826087,"light, garbage, stain and samples",2026
1002205046,Line 5,Maria Torres,2026-01-23,CACO,CAOBA,PECA25024,8.21,0.25,1.33,0.17,7.91,0.300000000000001,0.0365408038976859,6.17293233082707,"light, garbage, stain and samples",2026
1002205048,Line 5,Maria Torres,2026-01-23,CACO,CAOBA,PECA25024B,1.89,0.17,0.42,0.17,1.62,0.27,0.142857142857143,4.5,"light, garbage, stain and samples",2026
1002205052,Line 5,Maria Torres,2026-01-23,CACO,SAGUARO,PECA25026,21.66,0.25,3,0.17,20.24,1.42,0.0655586334256694,7.22,"light, garbage, stain and samples",2026
1002204973,Line 6,Fabiola Ramirez,2026-01-23,MECO,NOVIRA,PEME25013,137,0.33,2,0.67,132.5,4.5,0.0328467153284672,68.5,"sample. light, small, dust and deformed",2026
1002162004,Line 5,Maria Torres,2026-01-26,CACO,TAPIOCA,PECA25021,8.52,0.17,0.75,0.08,8.28,0.24,0.028169014084507,11.36,"light, stain, stuck together, garbage and samples",2026
1002168189,Line 5,Maria Torres,2026-01-26,CACO,TAPIOCA,PECA25021A,6.6,0.08,0.75,0.25,6.33,0.27,0.0409090909090909,8.8,"light, stain, stuck together, garbage and samples",2026
1002168022,Line 5,Maria Torres,2026-01-26,CACO,SHITARA,PECA25020C,10.01,0.25,1.42,0.17,9.6,0.41,0.040959040959041,7.04929577464789,"light, stain, sticks, garbage and samples",2026
1002146611,Line 5,Maria Torres,2026-01-26,CACO,SHITARA,DLR-24-7818,2.62,0.07,0.58,0.17,2.12,0.5,0.190839694656489,4.51724137931035,"dark stain, light, garbage, sticks and samples",2026
0100027883,Line 3,Jesus Alvarez,2026-01-27,WCCO,PRUKTOR,WAWC2509,1673,0.08,28,1.5,1562,111,0.0663478780633592,59.75,"BATCH HAD ALOT OF DIRT, ROCKS, SMALLSEEDS, BROKEN SEEDS, SHELLS,",2026
1002202254,Line 3,Jesus Alvarez,2026-01-27,MECO,HEIDI,PEME25014,274.5,0.17,31,2,178.5,96,0.349726775956284,8.85483870967742,"BATCH HAD A LOT OF BROKEN SEED, AND EMBRYOS, SEED WAS REALLY FRAGILE AND WAS BREAKING DURING RUN THE MOISTURE WAS AT 5.5 WHICH IS TO DRY.",2026
1002222066,Line 5,Maria Torres,2026-01-28,MECO,MS23-3733,150895714,13.14,0.17,1.25,0.33,12.43,0.710000000000001,0.0540334855403349,10.512,"light, small, sample.",2026
1002202255,Line 3,Jesus Alvarez,2026-01-28,SQCO,EQUINOX,PESQ25004,528.5,0.08,5.5,2,516.5,12,0.0227057710501419,96.0909090909091,"batch had small seeds, broken seeds, lite seeds, deformed seeds, chaff and some split seeds.",2026
1002222097,Line 5,Maria Torres,2026-01-29,WACO,PRESTIGE,PEWA25025,49.33,0.25,4.67,0.33,46.15,3.18,0.0644638151226434,10.5631691648822,tetraploid diploid split sample,2026
1002223844,Line 5,Maria Torres,2026-01-29,CACO,EARLY EXCURSION,PECA25042,14.85,0.25,1.58,0.17,13.99,0.859999999999999,0.0579124579124579,9.39873417721519,"light, small, dust, stain and samples",2026
1002204975,Line 3,Jesus Alvarez,2026-02-02,SQCO,ORTANO,MXSQ25000,197,0.08,9.5,2,192,5,0.0253807106598985,20.7368421052632,"batch had broken seeds, small seeds, some split seed.",2026
1002204974,Line 3,Jesus Alvarez,2026-02-03,SQCO,ZEFIROS,MXSQ25001,236.5,0.08,3.5,2,230,6.5,0.0274841437632135,67.5714285714286,"BATCH HAD BROKEN SEEDS CRACKED SEEDS, SMALL SEEDS, LITE SEEDS, AND SOME SPLIT SEEDS AS WELL.",2026
1002227965,Line 5,Fabiola Ramirez,2026-02-02,WACO,WDL20484,PEWA25007,7,0.33,1,0.42,6.1,0.9,0.128571428571429,7,"sample, small, diploid, tetraploid, doubles, light",2026
0300099025,Line 5,Maria Torres,2026-01-12,WACO,PETITE PER,150409637,34.09,0.33,2.5,0.25,20.32,13.77,0.40393077148724,13.636,repair germ and sample,2026
1002224006,Line 5,Maria Torres,2026-01-30,CACO,EARLY EXCURSION,PECA25042B,14.85,0.08,3,0.17,13.7,1.15,0.0774410774410774,4.95,"samples, light, small, dust and stain",2026
1002223845,Line 5,Maria Torres,2026-01-29,CACO,EARLY EXCURSION,PECA25042A,13.66,0.17,2.58,0.17,12.62,1.04,0.0761346998535871,5.29457364341085,"dark stain, garbage, sticks, light and samples",2026
1002224008,Line 5,Maria Torres,2026-02-02,CACO,EARLY EXCURSION,PECA25042D,14.86,0.17,1.42,0.17,13.73,1.13,0.076043068640646,10.4647887323944,"dark stain, garbage, sticks, light and samples",2026
1002224007,Line 5,Maria Torres,2026-02-02,CACO,EARLY EXCURSION,PECA25042C,14.84,0.08,1.58,0.17,13.74,1.1,0.0741239892183288,9.39240506329114,"dark stain, garbage, sticks, light and samples",2026
0300099676,Line 3,Jesus Alvarez,2026-02-04,SQCO,GRANDPRIZE,RBR/21357,218,0.08,7,2,194,24,0.110091743119266,31.1428571428571,"BATCH GAD A LOT OF LITE SEEDS, BROKEN SEED, CRACKED SEEDS, ANS SHELLS",2026
1002224016,Line 5,Maria Torres,2026-02-04,CACO,MEXICA HOT,PECA25034B,18.15,0.08,1.17,0.17,17.55,0.599999999999998,0.0330578512396693,15.5128205128205,"light, stain, garbage and samples",2026
1002224014,Line 5,Maria Torres,2026-02-04,CACO,MEXICA HOT,PECA25034,15.94,0.08,1.33,0.17,15.29,0.65,0.0407779171894605,11.984962406015,"light, stain, garbage and samples",2026
1002224021,Line 5,Maria Torres,2026-02-04,CACO,MEXICA HOT,PECA25034G,10.23,0.08,1.08,0.17,9.77,0.460000000000001,0.0449657869012709,9.47222222222222,"light, stain, garbage and samples",2026
1002224013,Line 5,Maria Torres,2026-02-04,CACO,MEXICA HOT,PECA25034J,14.85,0.25,1.58,0.17,14.06,0.789999999999999,0.0531986531986531,9.39873417721519,"light, stain, garbage and samples",2026
1002224020,Line 5,Maria Torres,2026-02-04,CACO,MEXICA HOT,PECA25034F,11.12,0.08,1,0.17,10.34,0.779999999999999,0.0701438848920862,11.12,"light, stain, garbage and samples",2026
1002224018,Line 5,Maria Torres,2026-02-04,CACO,MEXICA HOT,PECA25034D,14.45,0.33,1.67,0.25,13.68,0.77,0.0532871972318339,8.65269461077844,"light, stain, garbage and samples",2026
1002224017,Line 5,Maria Torres,2026-02-04,CACO,MEXICA HOT,PECA25034C,20.17,0.08,2,0.17,19.42,0.75,0.037183936539415,10.085,"light, stain, garbage and samples",2026
1002224019,Line 5,Maria Torres,2026-02-06,CACO,MEXICA HOT,PECA25034E,21.33,0.08,2,0.17,20.33,1,0.046882325363338,10.665,"light, stain, garbage and samples",2026
1002227303,Line 3,Jesus Alvarez,2026-02-06,BRCO,ATRACTIX,150868263,345.5,0.08,12.5,2,307.15,38.35,0.110998552821997,27.64,"BATCH HAD BROKEN SEEDS, CRACKED SEEDS, SMALL SEEDS, DIRT, ROCKS, SEED WAS REALLY FRAGILE.",2026
1002227304,Line 6,Fabiola Ramirez,2026-02-06,BRCO,ATRACTIX,150868263,161.5,0.33,27.16,1.5,141.16,20.34,0.12594427244582,5.94624447717231,"samples, yellow seed,broken, rocks,dust.",2026
1002224022,Line 5,Maria Torres,2026-02-05,CACO,MEXICA HOT,PECA25034H,15.92,0.08,1.08,0.17,15.03,0.890000000000001,0.0559045226130654,14.7407407407407,"light, stain, garbage, samples",2026
1002228108,Line 6,Fabiola Ramirez,2026-02-09,WACO,PRINCESS PETITE,PEWA25001,73.75,0.33,1.67,1,71,2.75,0.0372881355932203,44.1616766467066,"light, small, sample, diploid, tetraploid, split",2026
1002228106,Line 5,Maria Torres,2026-02-09,WACO,PRESTIGE,PEWA25006,49.73,0.33,2.33,0.25,48.25,1.48,0.0297607078222401,21.343347639485,"light, split, dust, tetraploid and diploid",2026
1002227305,Line 5,Maria Torres,2026-02-09,CFCO,SGC2203,150869362,19.73,0.33,5.92,0.5,18.578,1.152,0.0583882412569691,3.33277027027027,"samples, yellow seed,broken, rocks,dust.",2026
1002228107,Line 5,Maria Torres,2026-02-10,WACO,SIRIUS,PEWA25026,18.82,0.33,1.08,0.33,17.76,1.06,0.0563230605738576,17.4259259259259,"light, dust, tetraploid, diploid, small and sample",2026
1002228069,Line 3,Jesus Alvarez,2026-02-10,SQCO,SPINE PERFECTION,150857902,565.5,0.08,10,2,525.5,40,0.0707338638373121,56.55,"BATCH HAD ALOT OF LITE SEEDS, BROKEN SEEDS, SPLIT SEEDS AND DEFORMED SEEDS",2026
1002228109,Line 6,Fabiola Ramirez,2026-02-10,WACO,SERPENS,PEWA25000A,63.08,0.33,1.5,1,61.5,1.58,0.0250475586556753,42.0533333333333,"SAMPLE, LIGHT, SMALL, DUST, DIPLOID, TETRAPLOID",2026
1002228070,Line 3,Jesus Alvarez,2026-02-10,SQCO,Spineless Perfection,150857302A,344.5,0.08,4.5,2,329.5,15,0.0435413642960813,76.5555555555556,"BATCH HAD ALOT IF HALLOW SEED, LITE SEEDS, DEFORMED SEEDS, BROKEN SEEDS,",2026
1002224015,Line 5,Maria Torres,2026-02-11,CACO,MEXICA HOT,PECA25034A,24.99,0.17,1.83,0.17,23.96,1.03,0.0412164865946379,13.655737704918,"light, stain, garbage and sample",2026
1002226994,Line 5,Fabiola Ramirez,2026-02-11,TOCO,GRAN SENDERO,150853443C,9.75,0.25,3,0.25,8.82,0.93,0.0953846153846154,3.25,"samples, light, small, dust, doubles,sticks",2026
0300100230,Line 5,Maria Torres,2026-02-12,CACO,SYCAMORE,DLR-21-8689,11.1,0.17,1.17,0.08,9.97,1.13,0.101801801801802,9.48717948717949,Germ Repair,2026
0300100229,Line 5,Maria Torres,2026-02-12,CACO,SYCAMORE,150420782,11.68,0.08,0.83,0.17,10.57,1.11,0.0950342465753425,14.0722891566265,Germ Repair,2026
1002228110,Line 6,Elodia Castaneda,2026-02-13,WACO,SERPENS,PEWA25000,59.33,0.33,1.5,0.25,58,1.33,0.0224169897185235,39.5533333333333,"SAMPLE, LIGHT, SMALL, DUST, DIPLOID, TETRAPLOID",2026
1002228265,Line 5,Maria Torres,2026-02-12,WABS,WA805,PEWA25022,29.69,0.33,2.5,0.25,25.46,4.23,0.142472212866285,11.876,"samples, light, doubles, small.",2026
1002226995,Line 5,Maria Torres,2026-02-13,CACO,TLAPANECO,PECA25037,14.77,0.08,2.5,0.17,13.81,0.959999999999999,0.0649966147596479,5.908,"light, small, dust and samples",2026
1002228071,Line 3,Jesus Alvarez,2026-02-13,SQCO,GRANDPRIZE,150862636,399.5,0.08,15,0.08,254,145.5,0.364205256570713,26.6333333333333,"baTCH HAD ALOT OF SPLIT SEED, BROKEN SEEDS, HALLOW SEEDS, EMBRYOS",2026
1002225072,Line 3,Jesus Alvarez,2026-02-13,SQCO,GRANDPRIZE,150862636A,199.5,0.08,11.5,2,159,40.5,0.203007518796992,17.3478260869565,"BATCH HAD A LOT OF HALLOW SEED, LITE SEED, BROKEN SEEDS, DEFORMED SEEDS,CHAFF,",2026
1002228073,Line 3,Jesus Alvarez,2026-02-16,SQCO,GRANDPRIZE,150862636B,443,0.08,9.5,0.08,378,65,0.146726862302483,46.6315789473684,"BATCH HAD EXTREAMLY ALOT OF LITE SEEDS( HALLOW SEEDS), BROKEN SEEDS, CHAFF, EMBRYOS, AND ALOT OF SPLIT SEEDS.",2026
1002226997,Line 5,Fabiola Ramirez,2026-02-17,CACO,TLAPANECO,PECA25037D,14.94,0.17,2.5,0.17,13.99,0.949999999999999,0.0635876840696117,5.976,Light small dust samples,2026
1002224011,Line 5,Elodia Castaneda,2026-02-11,CACO,TLAPANECO,PECA25037E,3.58,0.08,1,0.17,3.15,0.43,0.120111731843575,3.58,"light, small, dust and samples",2026
1002224009,Line 5,Elodia Castaneda,2026-02-11,CACO,SILEX HOT,PECA25032B,2.95,0.17,0.42,0.17,2.46,0.49,0.166101694915254,7.02380952380953,"dark, sticks, light, garbage, samples.",2026
1002226993,Line 5,Elodia Castaneda,2026-02-11,TOCO,GRAN SENDERO,150853443B,4.98,0.17,1.67,0.5,4.6,0.380000000000001,0.0763052208835343,2.98203592814371,"samples, light, small, dust, doubles,sticks",2026
1002224012,Line 5,Maria Torres,2026-02-11,CACO,TLAPANECO,PECA25037G,2.74,0.17,0.25,0.17,2.35,0.39,0.142335766423358,10.96,"light, stain, garbage samples",2026
1002226996,Line 5,Maria Torres,2026-02-17,CACO,TLAPANECO,PECA25037C,3.27,0.08,0.58,0.17,2.85,0.42,0.128440366972477,5.63793103448276,"light, small, dust and samples",2026
1002224034,Line 5,Maria Torres,2026-02-18,CACO,GROUPER,PECA25041C,3.18,0.17,0.58,0.17,2.69,0.49,0.154088050314465,5.48275862068966,"light, dark stain, garbage and samples",2026
1002226998,Line 5,Fabiola Ramirez,2026-02-19,CACO,TLAPANECO,PECA25037F,14.84,0.17,1.5,0.25,13.88,0.959999999999999,0.0646900269541778,9.89333333333333,"light, small, dust, samples",2026
1002227309,Line 5,Fabiola Ramirez,2026-02-19,CACO,PBOD19-52460,PECA25043,2.17,0.17,0.5,0.25,1.68,0.49,0.225806451612903,4.34,"Light, samples, small, stain,dust",2026
1002224033,Line 5,Maria Torres,2026-02-24,CACO,GROUPER,PECA25041B,8.47,0.17,1.67,0.17,7.73,0.74,0.0873671782762692,5.07185628742515,"Dark stain, light, garbage, sticks and samples",2026
2400007702,Line 6,Fabiola Ramirez,2026-02-24,WCCO,ESCAZU,WAWC25001,154,0.33,6,1,150,4,0.025974025974026,25.6666666666667,"Sample, yellow seed, broken",2026
1002241616,Line 5,Maria Torres,2026-02-25,WACO,GOLDEN CRISP,PEWA25008A,45.23,0.5,2.83,0.58,43.95,1.27999999999999,0.0282998010170239,15.982332155477,"light, small, tetraploid, diploid and sample",2026
1002224028,Line 5,Maria Torres,2026-02-25,CACO,SAGUARO,PECA25039B,8.04,0.08,1.58,0.17,7.48,0.559999999999999,0.0696517412935322,5.08860759493671,"Light, dark stain, sticks, garbage, stuck together and samples",2026
1002227003,Line 5,Maria Torres,2026-02-25,CACO,COMPADRE HOT,PECA25031E,8.18,0.25,1,0.17,7.64,0.54,0.0660146699266504,8.18,"light, small, smaples and stain",2026
1002224027,Line 5,Maria Torres,2026-02-25,CACO,SAGUARO,PECA25039,11.73,0.33,1.75,0.17,10.82,0.91,0.0775788576300085,6.70285714285714,"light, dark stain, garbage, small and samples",2026
1002224030,Line 5,Maria Torres,2026-02-25,CACO,GROUPER,PECA25041,11.67,0.08,2.25,0.17,10.46,1.21,0.103684661525278,5.18666666666667,"dark stain, light, small, sticks and samples",2026
1002224032,Line 5,Maria Torres,2026-02-26,CACO,GROUPER,PECA25041A,13.49,0.17,2,0.17,12.46,1.03,0.0763528539659007,6.745,"dark stain, garbage, light and samples",2026
1002224031,Line 5,Maria Torres,2026-02-26,CACO,GROUPER,PECA25028A,15.41,0.08,1.08,0.25,14.33,1.08,0.0700843608046723,14.2685185185185,"dark stain, sticks, light, garbage, shell and samples",2026
1002224025,Line 5,Maria Torres,2026-02-26,CACO,SYCAMORE,PECA25027B,12.34,0.08,1.75,0.17,11.4,0.94,0.0761750405186386,7.05142857142857,"light, garbage, shell, sticks, small and samples",2026
1002224026,Line 5,Maria Torres,2026-02-26,CACO,SYCAMORE,PECA25027C,14.39,0.08,1.67,0.17,13.43,0.960000000000001,0.0667129951355108,8.61676646706587,"light, sticks, garbage and samples",2026
1002224023,Line 5,Maria Torres,2026-02-26,CACO,SYCAMORE,PECA25027,19.09,0.08,1.83,0.17,17.89,1.2,0.0628601361969618,10.431693989071,"light, sticks, garbage, small and samples",2026
1002224029,Line 5,Maria Torres,2026-02-25,CACO,GROUPER,PECA25028,19.74,0.25,2,0.17,18.6,1.14,0.0577507598784195,9.87,"dark stain, light, shell, garbage and samples",2026
1002224024,Line 5,Maria Torres,2026-02-27,CACO,SYCAMORE,PECA25027A,13.72,0.08,1.5,0.17,12.61,1.11,0.0809037900874636,9.14666666666667,"light, sticks, garbage, small and samples",2026
1002241758,Line 5,Fabiola Ramirez,2026-03-03,WACO,BRIGADE,PEWA25003,26.22,0.33,1.83,0.67,24.8,1.42,0.0541571319603356,14.327868852459,"sample,light,small,diploid,tetraploid,deformed, dust, offtypes",2026
1002227005,Line 5,Elodia Castaneda,2026-02-27,CACO,ARUBA,PECA25030A,9.93,0.25,1.75,0.17,9.4,0.529999999999999,0.05337361530715,5.67428571428572,"light, sticks, garbage, samples, stain.",2026
1002227000,Line 5,Elodia Castaneda,2026-03-02,CACO,COMPADRE HOT,PECA25031B,7.85,0.25,1.58,0.17,7.52,0.33,0.0420382165605096,4.96835443037975,"light, sticks, garbage, samples, stain.",2026
1002227005,Line 5,Maria Torres,2026-02-27,CACO,ARUBA,PECA25030A,9.93,0.25,1.75,0.17,9.4,0.529999999999999,0.05337361530715,5.67428571428572,"light, sticks, garbage, stain and samples",2026
1002227000,Line 5,Maria Torres,2026-03-02,CACO,COMPADRE HOT,PECA25031B,7.85,0.25,1.58,0.17,7.52,0.33,0.0420382165605096,4.96835443037975,"light, stain, sticks, garbage and samples",2026
0300100732,Line 3,Jesus Alvarez,2026-03-03,SPCO,EL MAJESTIC,WASP25001,1163.5,0.08,27.5,3,1080,83.5,0.0717662226042114,42.3090909090909,"BATCH HAD ALOT OF ROCKS, DIRT, A LOT OF STTICKS AND WEEDS, ALSO ALOT OF WEED SEED, HALLOW SEED AS WELL AS LOOSE EMBRYOS, BATCH WAS PRETTY DIRTY.",2026
0300100733,Line 6,Elodia Castaneda,2026-03-02,SPCO,EL MAJESTIC,WASP25001,272,0.33,34.83,1,242.5,29.5,0.108455882352941,7.80935974734424,"sample, sticks, rocks light, black seed.",2026
1002227001,Line 5,Maria Torres,2026-03-03,CACO,COMPADRE HOT,PECA25031C,10.64,0.08,1.58,0.17,10.17,0.470000000000001,0.0441729323308272,6.73417721518987,"light,stain,garbage, samples",2026
1002243800,Line 5,Maria Torres,2026-03-05,WACO,YELLOW BITE,PEWA25005,35.65,1,8.25,0.67,32.65,3,0.0841514726507714,4.32121212121212,"offtype,doubles,split,light, samples,broken",2026
1002226999,Line 5,Maria Torres,2026-03-03,CACO,COMPADRE HOT,PECA25031A,8.86,0.17,1,0.25,8.42,0.44,0.0496613995485327,8.86,"light, stain, samples",2026
1002246405,Line 5,Elodia Castaneda,2026-03-06,WACO,DELICIOSA,HNWA26009,59.45,0.5,2.5,0.67,55,4.45,0.0748528174936922,23.78,"light, diploid, tetraploid, off type, deformed, small, sample.",2026
1002227754,Line 5,Maria Torres,2026-03-05,CACO,SHITARA,PECA25029G,6.36,0.17,1.17,0.17,5.69,0.67,0.105345911949686,5.43589743589744,"stain, garbage, light and samples",2026
1002227106,Line 5,Maria Torres,2026-03-04,CACO,ARUBA,PECA25030B,11.9,0.25,1.75,0.17,11.33,0.57,0.0478991596638655,6.8,"stain, garbage, light and samples",2026
1002227751,Line 5,Maria Torres,2026-03-09,CACO,SHITARA,PECA25029D,14.41,0.17,2.33,0.25,13.45,0.960000000000001,0.0666204024982652,6.18454935622318,"dark stain, garbage, light, stuck together and samples",2026
1002246466,Line 6,Maria Torres,2026-03-09,WACO,DELICIOSA,HNWA26009B,60.68,0.25,2,0.67,57,3.68,0.0606460118655241,30.34,"light, diploid, tetraploid, off type, deformed, small, sample.",2026
1002227746,Line 5,Maria Torres,2026-03-05,CACO,SHITARA,150809918,3.17,0.17,0.5,0.25,2.69,0.48,0.151419558359621,6.34,"light, stain, sticks, garbage and samples",2026
1002227004,Line 5,Maria Torres,2026-03-06,CACO,ARUBA,PECA25030,13.45,0.17,2.58,0.25,12.53,0.92,0.0684014869888476,5.21317829457364,"light, stain, sticks, garbage and samples",2026
1002228264,Line 5,Maria Torres,2026-03-06,CACO,PUREPECHA,PECA25037B,1.61,0.17,0.42,0.17,1.21,0.4,0.248447204968944,3.83333333333333,"light, garbage,samples",2026
1002228047,Line 5,Maria Torres,2026-03-06,CACO,PUREPECHA,PECA25036,3.69,0.33,0.67,0.17,3.29,0.4,0.10840108401084,5.50746268656716,"light, garbage,samples",2026
1002227752,Line 5,Maria Torres,2026-03-06,CACO,SHITARA,PECA25029E,9.87,0.17,2.5,0.25,9.34,0.529999999999999,0.0536980749746706,3.948,"dark, stain, garbage, light, samples",2026
1002227753,Line 5,Maria Torres,2026-03-06,CACO,SHITARA,PECA25029f,8.89,0.17,2.33,0.25,8.1,0.790000000000001,0.0888638920134984,3.81545064377682,"samples, light, dust, small, stain",2026
1002228048,Line 5,Maria Torres,2026-03-06,CACO,PUREPECHA,PECA25037A,5.28,0.17,0.83,0.17,4.84,0.44,0.0833333333333333,6.36144578313253,"light, samples, garbage",2026
1002227750,Line 5,Maria Torres,2026-03-10,CACO,SHITARA,PECA25029C,13.71,0.25,2.83,0.17,12.9,0.810000000000001,0.0590809628008754,4.84452296819788,"dark stain, shell, sticks, light and samples",2026
1002246467,Line 5,Maria Torres,2026-03-10,WACO,VIRTUE,HNWA26016,42.5,0.5,0.83,0.58,39.43,3.07,0.0722352941176471,51.2048192771084,"diploid, tetraploid, off types, light, small, dust and samples",2026
1002227749,Line 5,Maria Torres,2026-03-10,CACO,SHITARA,PECA25029B,19,0.17,3,0.17,17.81,1.19,0.0626315789473684,6.33333333333333,"dark stain, shell, sticks, light and samples",2026
1002227310,Line 5,Maria Torres,2026-03-09,CACO,PBOD19-52460,PECA25043A,1.36,0.25,0.33,0.17,1.03,0.33,0.242647058823529,4.12121212121212,"dark stain, garbage, light and samples",2026
1002227747,Line 5,Maria Torres,2026-03-11,CACO,SHITARA,PECA25029,29.78,0.17,4.5,0.17,28.64,1.14,0.038280725319006,6.61777777777778,"dark stain, shell, sticks, light and samples",2026
1002228046,Line 5,Maria Torres,2026-03-09,CACO,SAGUARO,PECA25039A,7.76,0.17,1.08,0.17,7.35,0.41,0.0528350515463918,7.18518518518518,"Stain, light, garbage and samples",2026
1002227755,Line 5,Maria Torres,2026-03-12,CACO,SILEX HOT,PECA25032,12.42,0.25,2.17,0.17,11.5,0.92,0.0740740740740741,5.72350230414747,"dark stain, garbage, light and samples",2026
1002227757,Line 5,Maria Torres,2026-03-12,CACO,MEXICA HOT,PECA25034L,14.84,0.25,2.25,0.08,14.12,0.720000000000001,0.0485175202156335,6.59555555555556,"light, garbage and samples",2026
1002246468,Line 6,Maria Torres,2026-03-12,WACO,VIRTUE,HNWA26046A,58.85,0.3,1.42,0.5,55.5,3.35,0.0569243840271878,41.443661971831,"diploid, tetraploid, off types, light, garbage, dust and samples",2026
1002228263,Line 5,Maria Torres,2026-03-12,CACO,MEXICA HOT,PECA25034Q,12.86,0.08,1.33,0.17,11.93,0.93,0.0723172628304821,9.66917293233083,"light, garbage and samples",2026
1002227748,Line 5,Maria Torres,2026-03-13,CACO,SHITARA,PECA25029A,29.89,0.25,5.08,0.25,28.63,1.26,0.0421545667447307,5.88385826771654,"light, sticks, shell and samples",2026
1002246836,Line 5,Maria Torres,2026-03-13,WACO,EXCURSION,HNWA26008,59.05,0.33,2.17,0.5,56.5,2.55,0.0431837425910246,27.2119815668203,"diploid, tetraploid, off types, light, garbage, dust and samples",2026
0300099349,Line 5,Elodia Castaneda,2026-03-12,WACO,FASCINATION,HNWA5010B,35.66,0.25,2.17,0.25,10.06,25.6,0.717891194615816,16.4331797235023,repair germ,2026
1002246837,Line 6,Fabiola Ramirez,2026-03-16,WACO,EXCURSION,HNWA26008C,61.23,0.25,1.5,0.67,58.5,2.73,0.0445859872611465,40.82,"sample, light,small,dust,deformed,tetraploid, diploid,offtypes.",2026
1002246840,Line 5,Maria Torres,2026-03-16,WACO,WDL8412,PEWA25027,26.76,0.33,2.75,0.42,25.07,1.69,0.0631539611360239,9.73090909090909,"sizer 2% sample, light, dust, diploid and tetraploid",2026
1002246471,Line 6,Fabiola Ramirez,2026-03-17,WACO,RED RYDER,HNWA26012A,73.1,0.25,1.92,0.75,68.5,4.59999999999999,0.0629274965800272,38.0729166666667,"sample,light,dust,small,deformed,diploid, tetraploid, offtypes.",2026
1002227756,Line 5,Elodia Castaneda,2026-03-17,CACO,SILEX,PECA25032A,14.83,0.08,2.25,0.17,13.88,0.949999999999999,0.0640593391773432,6.59111111111111,"light, dark, stain,samples",2026
1002228049,Line 5,Elodia Castaneda,2026-03-17,CACO,SILEX,PECA25032D,14.83,0.25,2.58,0.08,13.77,1.06,0.0714767363452461,5.74806201550388,"light, dark, stain,samples",2026
1002228259,Line 5,Elodia Castaneda,2026-03-17,CACO,MEXICA HOT,PECA25034K,14.69,0.25,2.08,0.17,13.89,0.799999999999999,0.0544588155207624,7.0625,"light, stain,samples",2026
1002246472,Line 6,Fabiola Ramirez,2026-03-17,WACO,RED RYDER,HNWA26012B,66.48,0.25,2.17,0.25,62.5,3.98,0.0598676293622142,30.6359447004608,"sample,light,dust, deformed, small, diploid,tetraploid,offtype.",2026
1002246470,Line 6,Fabiola Ramirez,2026-03-17,WACO,RED RYDER,HNWA26012,66.05,0.25,2,0.67,60.5,5.55,0.0840272520817563,33.025,"sample,light,dust, deformed, small, diploid,tetraploid,offtype.",2026
1002246841,Line 5,Fabiola Ramirez,2026-03-17,WACO,WDL9433,PEWA25004,13.28,0.25,1.25,0.42,12.02,1.26,0.0948795180722892,10.624,"light, sample,dust,small, diploid, tetraploid",2026
1002248663,Line 3,Jesus Alvarez,2026-03-18,SQCO,BACANORA,PESQ25008,563,0.08,4.5,1.5,548.5,14.5,0.0257548845470693,125.111111111111,"batch did have chaff, small deformed seeds, broken seeds, not much on split seeds, and some hollow seeds.",2026
1002246839,Line 5,Maria Torres,2026-03-17,WACO,WDL8412,PEWA25002,38.55,0.17,3.33,0.33,36.51,2.04,0.0529182879377432,11.5765765765766,"sizer 2% , light, diploid, tetraploid, small, dust and samples",2026
1002248665,Line 3,Jesus Alvarez,2026-03-19,SQCO,SAHUARO,PESQ25009,500,0.08,4.5,1.5,488,12,0.024,111.111111111111,"BATCH HAD SUM LIGHT SEED, HAD SMALL DEFORMED SEEDS, BROKEN SEEDS",2026
1002228261,Line 5,Fabiola Ramirez,2026-03-20,CACO,MEXICA HOT,PECA25034N,3.93,0.17,1,0.17,3.57,0.36,0.0916030534351145,3.93,"samples, light, small",2026
1002249916,Line 5,Fabiola Ramirez,2026-03-20,WACO,SERPENS,PEWA25000B,35.18,0.25,2.66,0.67,33.82,1.36,0.0386583285957931,13.2255639097744,"sample, small,light,tetraploid, diploid, offtype.",2026
1002228257,Line 5,Maria Torres,2026-03-20,CACO,SILEX HOT,PECA25032C,14.69,0.25,1.92,0.17,13.46,1.23,0.0837304288631722,7.65104166666667,"dark stain, sticks, light and samples",2026
300100129,Line 3,Jesus Alvarez,2026-03-20,WACO,EXCURSION,SVWA25038,364.5,0.08,13.5,1.5,284,80.5,0.220850480109739,27,"BATCH HAD A LOT OF DUST, AND LITE SEED",2026
1002228260,Line 5,Maria Torres,2026-03-23,CACO,MEXICA HOT,PECA25034M,14.85,0.25,2.5,0.25,13.86,0.99,0.0666666666666667,5.94,"light, garbage and samples",2026
1002232016,Line 5,Maria Torres,2026-03-23,CACO,MEXICA HOT,PECA25034R,17.9,0.08,3.08,0.25,16.95,0.949999999999999,0.053072625698324,5.81168831168831,"light, garbage and samples",2026
1002228262,Line 5,Maria Torres,2026-03-23,CACO,MEXICA HOT,PECA25034P,14.86,0.08,3.83,0.08,13.88,0.979999999999999,0.0659488559892328,3.8798955613577,"light, garbage and samples",2026
1002228258,Line 5,Maria Torres,2026-03-18,CACO,SILEX HOT,PECA25032F,9.01,0.17,1.67,0.5,8.44,0.57,0.0632630410654828,5.39520958083832,"light, samples, stain, small and dust",2026
1002231353,Line 5,Maria Torres,2026-03-24,CACO,EARLY EXCURSION,PECA25042E,14.24,0.08,3.75,0.25,13.19,1.05,0.0737359550561798,3.79733333333333,"light, samples, stain and garbage",2026
1002250058,Line 5,Maria Torres,2026-03-24,CACO,EARLY EXCURSION,PECA26000A,2.52,0.08,1.08,0.08,2.05,0.47,0.186507936507936,2.33333333333333,"light, stain, garbage and samples",2026
1002250057,Line 5,Maria Torres,2026-03-25,CACO,EARLY EXCURSION,PECA26000,5.56,0.08,1.17,0.08,5.11,0.449999999999999,0.080935251798561,4.75213675213675,"dark stain, light, garbage and samples",2026
1002250059,Line 5,Maria Torres,2026-03-24,CACO,EARLY EXCURSION,PECA26000B,2.75,0.25,1,0.08,2.25,0.5,0.181818181818182,2.75,"light, garbage and samples",2026
1002240145,Line 5,Maria Torres,2026-03-25,TOCO,BQ273,LNR-24-6233,7.14,0.33,5.58,0.5,6.77,0.37,0.0518207282913165,1.27956989247312,"3% doubles, light, stain, shell, dust, stuck together and sample",2026
1002250063,Line 5,Maria Torres,2026-03-26,CACO,GROUPER,PECA26003D,6,0.08,1.25,0.08,5.48,0.52,0.0866666666666667,4.8,"light, garbage and samples",2026
1002250064,Line 5,Maria Torres,2026-03-25,CACO,GROUPER,PECA26003E,2.995,0.25,0.92,0.08,2.43,0.565,0.18864774624374,3.2554347826087,"light, garbage and samples",2026
1002250060,Line 5,Maria Torres,2026-03-26,CACO,GROUPER,PECA26003,3.54,0.08,1.08,0.08,3.05,0.49,0.138418079096045,3.27777777777778,"light, garbage and samples",2026
1002250061,Line 5,Maria Torres,2026-03-26,CACO,GROUPER,PECA26003B,6.75,0.08,2.17,0.08,6.32,0.43,0.0637037037037037,3.11059907834101,"light, garbage and samples",2026
1002250065,Line 5,Maria Torres,2026-03-26,CACO,GROUPER,PECA26003F,2.67,0.08,0.83,0.08,2.13,0.54,0.202247191011236,3.21686746987952,"light, garbage and samples",2026
1002253545,Line 5,Maria Torres,2026-03-30,CACO,SYCAMORE,PECA26002A,3.68,0.08,1.42,0.08,3.2,0.48,0.130434782608696,2.59154929577465,"light, garbage and samples",2026
1002253586,Line 5,Maria Torres,2026-03-30,CACO,SYCAMORE,PECA26002B,2.98,0.08,1.08,0.25,2.55,0.43,0.144295302013423,2.75925925925926,"light, garbage and samples",2026
0300100895,Line 6,Fabiola Ramirez,2026-03-30,BRCO,SBB003,150640367,79,0.17,4,0.25,69,10,0.126582278481013,19.75,"sample, repair for germ",2026
1002250062,Line 5,Maria Torres,2026-03-26,CACO,GROUPER,PECA26003C,6.68,0.08,2.08,0.08,6.08,0.6,0.0898203592814371,3.21153846153846,"sample, repair for germ",2026
1002253587,Line 5,Maria Torres,2026-03-30,CACO,SYCAMORE,PECA26002C,3.77,0.08,1,0.08,3.28,0.49,0.129973474801061,3.77,"sample, repair for germ",2026
1002253544,Line 5,Maria Torres,2026-03-30,CACO,SYCAMORE,PECA26002,2.77,0.25,0.75,0.08,2.36,0.41,0.148014440433213,3.69333333333333,"samples, light, small, dust and satin",2026
100028173,Line 5,Fabiola Ramirez,2026-03-31,BRCO,ATRACTIX,150868263,13.41,0.17,1.33,0.17,12.54,0.870000000000001,0.0648769574944072,10.0827067669173,"sample,light,yellow seed, shell",2026
0100028175,Line 5,Fabiola Ramirez,2026-04-01,BRCO,ATRACTIX,150868263,22.74,0.17,1.17,0.33,20.99,1.75,0.0769569041336851,19.4358974358974,"sample,light,yellow seed, shell",2026
1002256378,Line 6,Fabiola Ramirez,2026-04-01,WACO,CAPTIVATION,HNWA26003C,50.56,0.25,1.5,0.67,48.97,1.59,0.0314477848101266,33.7066666666667,"sample, light, small, diploid, tetraploid, offtype, shell, dust",2026
0300100898,Line 5,Elodia Castaneda,2026-03-31,BRCO,SBB003,CRBR25006,18.7,0.17,2,0.33,16.86,1.84,0.0983957219251337,9.35,repair germ and physical purity,2026
1002246838,Line 5,Elodia Castaneda,2026-03-27,WACO,SIBARITA,HNWA26013,40.55,0.25,39,0.42,30.82,9.73,0.239950678175093,1.03974358974359,"sample, small,light,tetraploid, diploid, offtype.",2026
1002253043,Line 5,Elodia Castaneda,2026-03-31,WACO,VIRTUE,HNWA26016J,3.02,0.5,0.67,0.33,2.2,0.82,0.271523178807947,4.50746268656716,"off types, light, tetraploid, diploid, garbage, sample",2026
0300100896,Line 3,Jesus Alvarez,2026-04-01,BRCO,SBB003,CRBR25006,213,0.08,15,0.5,182.5,30.5,0.143192488262911,14.2,batch did have broken seed,2026
0300100897,Line 5,Elodia Castaneda,2026-03-31,BRCO,SBB003,150640367,44,0.17,1.67,0.17,38.59,5.41,0.122954545454545,26.3473053892216,"repair, for germ",2026
1002253540,Line 5,Elodia Castaneda,2026-04-06,CACO,SHITARA,PECA26004A,10.43,0.17,2,0.17,9.89,0.539999999999999,0.0517737296260785,5.215,"light, small, stain, samples",2026
1002249435,Line 3,Jesus Alvarez,2026-04-07,BRCO,MONCLANO,CLBR2600,417.5,0.08,4.5,1.5,409.5,8,0.0191616766467066,92.7777777777778,"BROKEN SEEDS, LITE SEEDS",2026
1002253542,Line 5,Elodia Castaneda,2026-04-06,CACO,SHITARA,PECA26004C,4.84,0.17,2.67,0.17,4.35,0.49,0.101239669421488,1.812734082397,"light, small, stain, samples",2026
1002253543,Line 5,Elodia Castaneda,2026-04-06,CACO,SHITARA,PECA26004D,3.22,0.17,1,0.17,2.77,0.45,0.139751552795031,3.22,"light, small, stain, samples",2026
1002256372,Line 6,Fabiola Ramirez,2026-04-02,WACO,ENDLESS SUMER,HNWA26011A,66.75,0.33,2.5,0.67,65,1.75,0.0262172284644195,26.7,"sample,shell,dust,diploid,tetraploid",2026
1002253541,Line 5,Elodia Castaneda,2026-04-06,CACO,SHITARA,PECA26004B,6,0.17,1,0.25,5.43,0.57,0.095,6,"light, small, stain, samples",2026
1002253539,Line 5,Elodia Castaneda,2026-04-06,CACO,SHITARA,PECA26004,9.02,0.17,2,0.22,8.42,0.6,0.0665188470066519,4.51,"light, small, stain, samples",2026
1002254842,Line 5,Maria Torres,2026-04-09,WACO,PRESTIGE,PEWA25025A,33.19,0.58,3.67,0.5,29.51,3.68,0.110876770111479,9.04359673024523,"sizer 2%, light. split, off type, diploid, tetraploid, broken, dust and sample",2026
1002255544,Line 5,Maria Torres,2026-04-09,WACO,SERPERS,PEWA25000C,45.68,0.58,3.67,0.5,43.44,2.24,0.0490367775831874,12.4468664850136,"sizer 2%, light, dust, diploid, tetraploid, sample and small",2026
1002256380,Line 6,Fabiola Ramirez,2026-04-09,WACO,JAVELIN,HNWA26019,54.75,0.33,6,0.67,50.5,4.25,0.0776255707762557,9.125,"sizer 2%, light, offtypes,sample, diploid, tetraploid, empty seed",2026
1002255545,Line 5,Maria Torres,2026-04-06,WACO,PRINCESS PETITE,HNWA25001A,52.39,0.58,3.33,0.5,49.21,3.18,0.0606986066043138,15.7327327327327,"sizer 2%. off types, light, dust, small, diploid, tetraploid and samples",2026
1002260591,Line 5,Maria Torres,2026-04-13,WACO,DELICIOSA,HNWA26009E,45.24,0.58,2.75,0.42,42.68,2.56,0.0565870910698497,16.4509090909091,"sizer 3%, off types, diploid, tetraploid, broken, dust, light and sample",2026
1002260590,Line 5,Maria Torres,2026-04-14,WACO,DELICIOSA,HNWA26009D,48.25,0.5,3.17,0.33,45.75,2.5,0.0518134715025907,15.2208201892744,"sizer 3%, off types, diploid, tetraploid, broken, dust, light and sample",2026
100225371,Line 5,Maria Torres,2026-04-15,WACO,ENDLESS SUMMER,HNWA26011,42.17,0.58,3.17,0.42,40.58,1.59,0.0377045292862224,13.3028391167192,"sizer 1%, diploid, tetraploid, light, broken, dust and samples",2026
1002253602,Line 5,Elodia Castaneda,2026-04-13,CACO,SAGUARO,PECA26016A,15.08,0.17,3,0.42,13.78,1.3,0.0862068965517241,5.02666666666667,"light, stain, samlpes",2026
1002253590,Line 5,Elodia Castaneda,2026-04-13,CACO,SAGUARO,PECA26001A,12.05,0.17,2,0.25,10.94,1.11,0.0921161825726141,6.025,"light, stain, samlpes",2026
1002253589,Line 5,Elodia Castaneda,2026-04-13,CACO,SAGUARO,PECA26016,13.47,0.17,2.17,0.25,12.35,1.12,0.0831477357089829,6.2073732718894,"light, stain, samlpes",2026
0100027906,Line 3,Jesus Alvarez,2026-04-15,WCCO,PENNANT,WAWC25016,961.5,0.08,33,1.5,835.95,125.55,0.130577223088924,29.1363636363636,"BATCH HAD ALOT OF BROKEN SEED, LITE SEEDS, DEFORMED SEEDS, AS WELL AS WEED SEEDS.",2026
0100028174,Line 3,Jesus Alvarez,2026-04-16,BRCO,ATRACTIX,150868263,105,0.08,5,0.75,83,22,0.20952380952381,21,"BATCH HAD ALOT OF BROKEN SEED, CRACKED SEEDS,",2026
1002260618,Line 5,Maria Torres,2026-04-17,WACO,YELLOW BITE,PEWA25005A,15.52,0.58,1.83,0.33,13.98,1.54,0.0992268041237114,8.48087431693989,"sizer 2%, off type 47%, diploid, tetraploid, broken, light, dust and sample",2026
1002259026,Line 5,Maria Torres,2026-04-20,MECO,HEIDI,BRME25000,8.29,0.25,1.58,0.17,6.34,1.95,0.235223160434258,5.24683544303797,"split 14%, light, broken, peel, small and sample",2026
1002256376,Line 6,Fabiola Ramirez,2026-04-20,WACO,CAPTIVATION,HNWA26003,67.55,0.33,40,0.67,63.5,4.05,0.0599555884529978,1.68875,"offtypes, diploid, tetraploid, light,dust, sample",2026
300101207,Line 5,Elodia Castaneda,2026-04-20,CACO,PALADIN,DLR-24-5705,6.73,0.17,1.83,0.17,3.33,3.4,0.50520059435364,3.6775956284153,repair germ,2026
1002260761,Line 5,Maria Torres,2026-04-22,WACO,CRISP DELIGHT,HNWA26004F,31.33,0.42,3.33,0.5,28.91,2.42,0.0772422598148739,9.40840840840841,"sizer 3%, off types, diploid, tetraploid, broken, dust, light and sample",2026
102253598,Line 5,Fabiola Ramirez,2026-04-22,CACO,SAGUARO,PECA26001G,15.49,0.17,3,0.17,14.17,1.32,0.0852162685603615,5.16333333333333,"samples,light,small,stain",2026
1002253597,Line 5,Fabiola Ramirez,2026-04-22,CACO,SAGUARO,PECA26001F,5.9,0.17,2,0.17,5.45,0.45,0.076271186440678,2.95,"samples,light,samll,stain",2026
1002260762,Line 5,Maria Torres,2026-04-22,WACO,CRISP DELIGHT,HNWA26004G,31.04,0.42,2.33,0.33,27.71,3.33,0.107280927835052,13.3218884120172,"sizer 3%, off types, diploid, tetraploid, broken, dust, light and sample",2026
1002256285,Line 5,Maria Torres,2026-04-22,WACO,CRISP DELIGHT,HNWA26004,45.89,0.33,2.33,0.42,43.39,2.5,0.0544780998038788,19.6952789699571,"sizer 2%, light, dust, diploid, tetraploid, sample and small",2026
1002256366,Line 5,Maria Torres,2026-04-22,WACO,CRISP DELIGHT,HNWA26004B,39.65,0.5,3.08,0.42,37.49,2.16,0.0544766708701135,12.8733766233766,"sizer 2%, light, dust, diploid, tetraploid, sample and small",2026
1002253596,Line 5,Fabiola Ramirez,2026-04-23,CACO,SAGUARO,PECA26001E,7.75,0.17,1,0.17,7.28,0.47,0.0606451612903226,7.75,"light,samples,small,stain",2026
1002253606,Line 5,Fabiola Ramirez,2026-04-23,CACO,SAGUARO,PECA26016D,7,0.17,1,0.17,6.46,0.54,0.0771428571428572,7,"light,samples,small,stain",2026
1002252490,Line 5,Fabiola Ramirez,2026-04-23,WACO,VIRTUE,HNWA26016B,45.36,0.17,29.44,0.5,40.77,4.59,0.101190476190476,1.54076086956522,"sample, diploid,tetraplois,offtypes, small",2026
1002260764,Line 5,Maria Torres,2026-04-23,WACO,VALOR,HNWA26015A,27.18,0.33,3.83,0.42,25.06,2.12,0.0779985283296542,7.09660574412533,"sizer 2%, diploid, tetraploid, light, broken, sample and dust",2026
1002253595,Line 5,Fabiola Ramirez,2026-04-24,CACO,SAGUARO,PECA26001D,9.73,0.17,3,0.17,9.27,0.460000000000001,0.0472764645426517,3.24333333333333,"light,small,dust,samples,stain",2026
1002253604,Line 5,Fabiola Ramirez,2026-04-24,CACO,SAGUARO,PECA26001B,9.85,0.17,2.42,0.17,9.48,0.369999999999999,0.0375634517766496,4.0702479338843,"samples,light,small,dust,stain",2026
1002253591,Line 5,Fabiola Ramirez,2026-04-24,CACO,SAGUAO,PECA26016B,9.84,0.17,5,0.17,9.27,0.57,0.0579268292682927,1.968,"samples,light,small,stain",2026
1002256367,Line 5,Fabiola Ramirez,2026-04-24,WACO,CRISP DELIGHT,HNWA26004D,52.45,0.17,4.17,0.5,50,2.45,0.0467111534795043,12.5779376498801,"diploid,tetra[ploid,broken,dust,split,offtypes, sample",2026
1002253588,Line 5,Fabiola Ramirez,2026-04-27,CACO,SAGUARO,PECA26001,11.37,0.17,6,0.17,10.51,0.859999999999999,0.0756376429199647,1.895,"samples,light,dust,small,stain",2026
1002260928,Line 5,Fabiola Ramirez,2026-04-27,WACO,RED RYDER,HNWA26012F,44.36,0.42,2.58,0.33,39.83,4.53,0.102119026149684,17.1937984496124,"diploid,tetraploid,broken,dust,light,sample,deformed",2026
1002253592,Line 5,Fabiola Ramirez,2026-04-27,CACO,SAGUARO,PECA26001C,8.26,0.17,3,0.17,7.85,0.41,0.049636803874092,2.75333333333333,"light,samples,small,dust,stain",2026
1002260929,Line 5,Fabiola Ramirez,2026-04-27,WACO,RED RYDER,HNWA26012J,48.58,0.17,2.67,0.5,43.73,4.85,0.0998353231782627,18.1947565543071,"light,sample,deformed,diploid,tetraploid,broken",2026
1002256283,Line 5,Fabiola Ramirez,2026-04-27,WACO,SWEET GEM,HNWA26002B,43.17,0.3,31.68,0.42,31.39,11.78,0.272874681491777,1.36268939393939,"empty seed, diploid,tetraploid,offtypes,broken,split,sample,dust",2026
1002253601,Line 5,Fabiola Ramirez,2026-04-28,CACO,SAGUARO,PECA26001K,10.46,0.17,2,0.17,9.94,0.520000000000001,0.0497131931166349,5.23,"samples,light,small,dust,stain",2026
1002253600,Line 5,Fabiola Ramirez,2026-04-28,CACO,SAGUARO,PECA26001J,9.8,0.17,2,0.17,9.21,0.59,0.0602040816326531,4.9,"samples,light,small,dust,stain",2026
1002260937,Line 5,Maria Torres,2026-04-28,WACO,SUGAR RED,HNWA26007B,46.19,0.5,3.25,0.33,42.82,3.37,0.0729595150465469,14.2123076923077,"sizer 1%, diploid 4%, off type, tetraploid, light, broken, dust and sample",2026
1002259027,Line 6,Fabiola Ramirez,2026-04-28,SQCO,SAHUARO,PESQ26001,85.5,0.25,2.17,1,84.5,1,0.0116959064327485,39.4009216589862,"dust,sample,small,broken",2026
1002261685,Line 5,Maria Torres,2026-04-28,WACO,PRESTIGE,PEWA25006A,31.68,0.5,2.5,0.33,29.69,1.99,0.0628156565656566,12.672,"sizer 1%, diploid, tetraploid, light, small, dust and sample",2026
1002264837,Line 6,Fabiola Ramirez,2026-04-28,WACO,DELICIOSA,HNWA26009L,75.5,0.25,2.5,0.33,68.5,7,0.0927152317880795,30.2,"sizer 7%, deformed,tetraploid,offtypes,broken,diploid,empty seed,light",2026
300101284,Line 5,Maria Torres,2026-04-29,TOCO,GRAN SENDERO,150853443,4.98,0.17,1.08,0.25,4.5,0.48,0.0963855421686747,4.61111111111111,repair germ,2026
1002264834,Line 6,Fabiola Ramirez,2026-04-29,WACO,DELICIOSA,HNWA26009F,86.5,0.17,3,0.25,79,7.5,0.0867052023121387,28.8333333333333,"sample,light,small,diploid,5%derformed,tetrapliod,emptyseed 2%, broken,offtypes.",2026
1002253605,Line 5,Fabiola Ramirez,2026-04-29,CACO,SAGUARO,PECA26001H,10.67,0.17,1.67,0.5,9.93,0.74,0.0693533270852859,6.38922155688623,"light, small, stain and samples",2026
1002253605,Line 5,Fabiola Ramirez,2026-04-29,CACO,SAGUARO,PECA26016C,9.85,0.17,2,0.17,9.09,0.76,0.0771573604060914,4.925,"samples, light, small, dust and stain",2026
1002264836,Line 6,Fabiola Ramirez,2026-04-29,WACO,DELICIOSA,HNWA26009J,89,0.17,2.75,1,79.5,9.5,0.106741573033708,32.3636363636364,"light,small,dust,diploid,8%tetraploids,deformed, offtypes,2%emptyseed",2026
1002256280,Line 5,Elodia Castaneda,2026-04-30,WACO,DARK KNIGHT,HNWA26010,41.88,0.5,66,0.42,34.1,7.78,0.185768863419293,0.634545454545455,"diploid,tetraploid,broken,dust,light,sample,deformed",2026
1002263906,Line 5,Maria Torres,2026-04-30,TOCO,LAYBACK,PETO26000,9.38,0.17,2.83,0.17,8.39,0.99,0.105543710021322,3.31448763250883,"light, doubles, stain, shell, dust and samples",2026
1002260765,Line 6,Fabiola Ramirez,2026-04-30,WACO,VALOR,HNWA26015C,67.49,0.17,3.33,0.25,64.5,2.99,0.044302859682916,20.2672672672673,"light,diploid,tetraploid,dust,small,sample,empty seed",2026
1002262558,Line 5,Maria Torres,2026-04-30,SQCO,SSNN23-0442,PESQ26003,21.96,0.33,2,0.33,21.12,0.84,0.0382513661202186,10.98,"light, dust, broken and samples",2026
1002260930,Line 6,Fabiola Ramirez,2026-04-30,WACO,RED RYDER,HNWA26012H,51.59,0.17,2,0.17,46.74,4.85,0.0940104671447955,25.795,"sample,light,small,deformed,dust,diploid, tetrapliod.",2026
1002260927,Line 6,Fabiola Ramirez,2026-05-01,WACO,RED RYDER,HNWA26012E,56.48,0.17,1.58,0.17,48.73,7.75,0.13721671388102,35.746835443038,"sample,light,dust,diploid,tetraploid,deformed",2026
1002256368,Line 5,Maria Torres,2026-05-01,WACO,BLACK JACK,HNWA26014,37.99,0.58,59.44,0.42,32.96,5.03,0.132403264016847,0.639131897711979,"sizer 2%, off type 8%, diploid, tetraploid, broken, light, split, sample and dust",2026
1002260926,Line 6,Fabiola Ramirez,2026-05-01,WACO,RED RYDER,HNWA26012C,118,0.17,2.67,0.17,104.5,13.5,0.114406779661017,44.1947565543071,"sizer 9%,deformed,tetrapliod,diploid,dust,sample,light",2026
1002260763,Line 6,Fabiola Ramirez,2026-04-30,WACO,VALOR,HNWA26015,90.42,0.17,4,0.33,87.5,2.92,0.0322937403229374,22.605,"sample, ligth, diploid, tetraploid, dust, small, empty seeed",2026
100028297,Line 5,Elodia Castaneda,2026-05-01,CFCO,LEONIS,CLCF2600,1.33,0.17,1.5,0.25,0.899,0.431,0.32406015037594,0.886666666666667,"small size, ligth, samples,",2026
1002260931,Line 6,Fabiola Ramirez,2026-05-01,WACO,RED RYDER,HNWA26012J,70.41,0.17,2.83,0.5,62.5,7.91,0.112341996875444,24.8798586572438,"sizer9%, deformed,tetraploid,diploid,sample,light",2026
1002264839,Line 5,Maria Torres,2026-05-04,WACO,VIRTUE,HNWA26016D,49,0.33,4,0.33,47.69,1.31,0.026734693877551,12.25,"sizer 1%, diploid, tetraploid, light, dust, broken, off type and sample",2026
1002265650,Line 5,Maria Torres,2026-05-05,WACO,VIRTUE,HNWA26016E,46.5,0.42,4.5,0.33,44.86,1.64,0.0352688172043011,10.3333333333333,"sizer 1%, diploid, tetraploid, light, dust, broken, off type and sample",2026
1002260935,Line 6,Fabiola Ramirez,2026-05-05,WACO,JAVELIN,HNWA26019F,60.1,0.17,3,0.17,56,4.1,0.0682196339434276,20.0333333333333,"sizer 3%, tetraploid,deformed,light,empty seed,diploid,small,dust,offtypes",2026
300101389,Line 5,Maria Torres,2026-05-05,CACO,SHITARA,DLR-24-6808,18.3,0.17,1.67,0.17,16.38,1.92,0.104918032786885,10.9580838323353,purity repair,2026
1002260932,Line 6,Fabiola Ramirez,2026-05-05,WACO,JAVELIN,HNWA26019C,73.55,0.17,2.75,0.17,69.5,4.05,0.0550645819170632,26.7454545454545,"sizer 3%, tetraploid,deformed,sample,dust,diploid,offtypes,light,empty seed.",2026
1002260934,Line 6,Fabiola Ramirez,2026-05-05,WACO,JAVELIN,HNWA26019E,50.18,0.17,1.96,0.5,47.5,2.68,0.0534077321642089,25.6020408163265,"sizer 3%, tetraploid,deformed,diploid,small,dust,emptyseed,light,offtypes",2026
300101387,Line 5,Maria Torres,2026-05-06,CACO,NATHALIE,KOTH-2588,21.64,0.17,3.75,0.17,19.83,1.81,0.083641404805915,5.77066666666667,purity repair,2026
1002264835,Line 5,Maria Torres,2026-05-06,WACO,DELICIOSA,HNWA26009G,37.37,0.33,2.83,0.33,34.57,2.8,0.0749264115600749,13.2049469964664,"sizer 2%, diploid, tetraploid, light, dust, broken, off type and sample",2026
300101388,Line 5,Maria Torres,2026-05-06,CACO,NATHALIE,LNR-23-24465,30.05,0.17,3.25,0.17,26.41,3.64,0.121131447587354,9.24615384615385,purity repair,2026
300101390,Line 6,Jesus Alvarez,2026-05-06,BRCO,MONCLANO,CRBR25007,57,0.08,7.5,0.25,52,5,0.087719298245614,7.6,LOSS DUE TO SAMPLE AND THE GERMINATION,2026
3000101300,Line 5,Maria Torres,2026-05-06,CACO,NATHALIE,150685768,3.69,0.17,1.17,0.17,1.69,2,0.542005420054201,3.15384615384615,germ repair,2026
1002264841,Line 6,Fabiola Ramirez,2026-05-07,WACO,VIRTUE,HNWA26016G,99,0.17,3,0.17,97,2,0.0202020202020202,33,"sizer1% tetraploid,deformed,diploid,small,sample,offtypes,dust,light,empty seed",2026
1002264838,Line 6,Fabiola Ramirez,2026-05-07,WACO,VIRTUE,HNWA26016C,63,0.17,2.5,0.17,61,2,0.0317460317460317,25.2,"sizer 1% tetraploid,deformed,diploid,small,dust,sample,light,offtypes,empty seeds",2026
300101301,Line 5,Maria Torres,2026-05-07,CACO,ARUBA,150792432/DLR-24-7889,4.13,0.08,0.92,0.17,1.91,2.22,0.537530266343826,4.48913043478261,germ repair,2026
300101465,Line 5,Maria Torres,2026-05-07,CACO,GROUPER,DLR-24-5713,11.73,0.17,2.08,0.17,9.31,2.42,0.206308610400682,5.63942307692308,germ repair,2026
1002256370,Line 6,Elodia Castaneda,2026-05-07,WACO,BLACK JACK,HNWA26014B,54.85,0.33,27,0.67,41.48,13.37,0.243755697356427,2.03148148148148,"sizer 3%, tetraploid,deformed,light,empty seed,diploid,small,dust,offtypes",2026
300101464,Line 5,Maria Torres,2026-05-08,CACO,GROUPER,DLR-24-8977,18.86,0.08,2.92,0.08,16.64,2.22,0.117709437963945,6.45890410958904,germ repair,2026
300101465,Line 5,Maria Torres,2026-05-07,CACO,GROUPER,DLR-24-5713,11.73,0.17,2.08,0.17,9.31,2.42,0.206308610400682,5.63942307692308,germ repair,2026
1002256373,Line 6,Fabiola Ramirez,2026-05-08,WACO,SWEET DAWN,HNWA26006,88.2,0.25,2.5,0.67,85,3.2,0.036281179138322,35.28,"offtypes,sample,diploid,tetraploid,dust,shell,empty seed,light",2026
300101469,Line 5,Maria Torres,2026-05-08,CACO,GROUPER,LNR-24-6305,6.5,0.08,2.58,0.08,5.2,1.3,0.2,2.51937984496124,germ repair,2026
1002264842,Line 6,Fabiola Ramirez,2026-05-08,WACO,EXCURSION,HNWA26008F,87,0.17,2.87,0.17,83.5,3.5,0.0402298850574713,30.3135888501742,"sizer1% tetraploid,deformed,diploid,sample,dust,small,light",2026
1002256374,Line 5,Maria Torres,2026-05-08,WACO,SWEET DAWN,HNWA26006F,17.32,0.25,1.42,0.25,15.82,1.5,0.0866050808314088,12.1971830985916,"sizer 2%, diploid, tetraploid, light, dust, broken, off type and sample",2026
300101391,Line 3,Jesus Alvarez,2026-05-07,BRCO,MONCLANO,CRBR25007,52.5,0.08,11.5,0.35,47.5,5,0.0952380952380952,4.56521739130435,Batcfh had a lot of broken and cracked seed,2026
300101300,Line 5,Maria Torres,2026-05-06,CACO,ARUBA,150685768,3.69,0.17,1.17,0.17,1.69,2,0.542005420054201,3.15384615384615,germ repair,2026
1002264843,Line 6,Fabiola Ramirez,2026-05-11,WACO,EXCURSION,HNWA26008G,81,0.17,2.66,0.75,77.5,3.5,0.0432098765432099,30.4511278195489,"Tetraploid,diploid,deformed,small,dust,sample,light",2026
300101466,Line 5,Maria Torres,2026-05-11,CACO,GROUPER,LNR-24-6323,11.91,0.08,2.92,0.08,10.5,1.41,0.118387909319899,4.07876712328767,germ repair,2026
300101468,Line 5,Maria Torres,2026-05-11,CACO,GROUPER,LNR-24-12532,5.69,0.08,1.17,0.08,4.92,0.770000000000001,0.135325131810193,4.86324786324786,germ repair,2026
1002256377,Line 6,Fabiola Ramirez,2026-05-11,WACO,CAPTIVATION,HNWA26003A,63.45,0.17,3,0.67,55,8.45,0.13317572892041,21.15,"offtypes,sample,light,diploid,tetraploid,shell,dust",2026
300101467,Line 5,Maria Torres,2026-05-11,CACO,GROUPER,LNR-24-7858,11.03,0.08,1.92,0.08,8.77,2.26,0.204895738893926,5.74479166666667,germ repair,2026
300101423,Line 5,Maria Torres,2026-05-11,CACO,PALADIN,KOTHAMBA-24-183,4.58,0.08,1,0.08,3.9,0.68,0.148471615720524,4.58,germ repair,2026
1002264840,Line 5,Maria Torres,2026-05-12,WACO,VIRTUE,HNWA26016F,92,0.17,3.83,0.83,89.5,2.5,0.0271739130434783,24.0208877284595,"sizer 1%, tetraploid, diploid, deformed, sample, light, small, dust and empty seed",2026
300101499,Line 5,Maria Torres,2026-05-12,CACO,PALADIN,150742265/DLR-24-8772,5.95,0.08,1.5,0.08,5.24,0.71,0.119327731092437,3.96666666666667,germ repair,2026
1002260938,Line 6,Fabiola Ramirez,2026-05-12,WACO,SUGAR COAT,HNWA26005,89.3,0.17,3.5,0.67,85.5,3.8,0.0425531914893617,25.5142857142857,"tetraploid,diploid,deformed,offtypes,diploid,small,dust,empty seed,light",2026
1002260936,Line 6,Fabiola Ramirez,2026-05-11,WACO,SUGAR RED,HNWA26007,86.6,0.17,2,0.67,82.5,4.09999999999999,0.0473441108545034,43.3,"tetraploid,deformed,split,dust,diploid,sample,light,offtypes",2026
300101482,Line 5,Maria Torres,2026-05-12,CACO,CRUSADER,LNR-23-24556,4.91,0.08,1.08,0.08,3.98,0.93,0.189409368635438,4.5462962962963,germ repair,2026
1002268788,Line 5,Maria Torres,2026-05-13,WACO,LAPIS,RBR/1373,45.7,0.17,4.08,0.17,43.84,1.86,0.0407002188183807,11.2009803921569,"light, broken, doubles, rocks, dust, garbage and sample",2026
1002265793,Line 6,Fabiola Ramirez,2026-05-13,WACO,MELODY,HNWA26000D,145.5,0.17,5.5,0.17,140.5,5,0.0343642611683849,26.4545454545455,"deformed,doubles,tetraploid,diploid,broken,dust,sample,light,shell,offtypes",2026
1002269289,Line 5,Maria Torres,2026-05-13,WACO,YELLOW BITE,PEWA25005B,22.79,0.33,2.42,0.17,21.58,1.21,0.0530934620447565,9.41735537190083,"sizer 1%, broken, light, tetraploid, doubles, dust and sample",2026
1002269288,Line 5,Maria Torres,2026-05-14,WACO,YELLOW BITE,PEWA26015,8.53,0.17,0.58,0.17,7.62,0.909999999999999,0.106682297772567,14.7068965517241,"sizer 1%, broken, light, tetraploid, doubles, dust and sample",2026
1002265792,Line 6,Fabiola Ramirez,2026-05-14,WACO,MELODY,HNWA26000B,78,0.17,2.5,0.17,74.5,3.5,0.0448717948717949,31.2,"sizer2% tetraploid,deformed,doubles,diploid,broken,dust,light,shell,offtypes,sample.",2026
1002269290,Line 5,Maria Torres,2026-05-14,WACO,YELLOW BITE,PEWA26015A,22.23,0.17,1.33,0.17,21.24,0.990000000000002,0.0445344129554657,16.7142857142857,"broken, light, tetraploid, doubles, dust and sample",2026
1002269424,Line 5,Maria Torres,2026-05-15,MECO,APHRODITE,PEWE26002,27.86,0.17,2.25,0.17,27.11,0.75,0.0269203158650395,12.3822222222222,"light, peel, split, broken, dust and sample",2026
1002269425,Line 5,Maria Torres,2026-05-18,MECO,APHRODITE,PEWE26002A,64.46,0.17,4.25,0.17,63.5,0.959999999999994,0.014892956872479,15.1670588235294,"light, peel, split, broken, dust and sample",2026
1002269385,Line 5,Maria Torres,2026-05-18,SQCO,SSNN21-0014,PESQ26002,5.87,0.25,1.08,0.25,5.08,0.79,0.13458262350937,5.43518518518519,"split, dust, broken, small, sample and light",2026
1002265790,Line 6,Fabiola Ramirez,2026-05-18,WACO,MELODY,HNWA26000A,56.5,0.17,3.33,0.17,54,2.5,0.0442477876106195,16.966966966967,"doubles,deformed,tetraploid,diploid,sample,dust,broken,offtypes,shell,light.",2026
1002265655,Line 6,Fabiola Ramirez,2026-05-18,WACO,MELODY,HNWA26000,61,0.17,2.5,0.17,58,3,0.0491803278688525,24.4,"deformed,tetraploid,diploid,sample,dust,doubles,broken,offtypes,shell,light",2026
1002269384,Line 5,Maria Torres,2026-05-18,MECO,MS9152,PEME26007,38.9,0.17,2.5,0.17,38,0.899999999999999,0.0231362467866324,15.56,"broken, light, small, split, dust and sample",2026
1002268423,Line 6,Fabiola Ramirez,2026-05-19,WACO,ESTRELLA,RBR/410,125,0.17,5,0.17,124.5,0.5,0.004,25,"light,sample,broken,dust,deformed,doubles",2026
1002269867,Line 5,Maria Torres,2026-05-20,CACO,MEXICA HOT,LNR-24-12928,1.56,0.17,1.5,1.17,1.16,0.4,0.256410256410256,1.04,"light, dark stain, shell, worms, garbage and samples",2026
1002268422,Line 6,Fabiola Ramirez,2026-05-20,WACO,ESTRELLA,RBR/5,66.5,0.17,2.33,0.17,65.5,1,0.0150375939849624,28.5407725321888,"light,small,dust,doubles,deformed,broken,shell",2026
1002265654,Line 6,Fabiola Ramirez,2026-05-20,WACO,FASCINATION,HNWA26001,76,0.17,3.5,1,73,3,0.0394736842105263,21.7142857142857,"offtypes,doubles,tetraploid,diploid,split,sample,light,dust",2026
1002268424,Line 6,Fabiola Ramirez,2026-05-20,WACO,ESTRELLA,RBR/1098,94,0.17,4.5,0.67,93,1,0.0106382978723404,20.8888888888889,"light,small,dust,doubles,sample,deformed",2026
1002269382,Line 5,Maria Torres,2026-05-20,WACO,CRISP DELIGHT,CLWA26000,76.5,0.25,5.17,0.25,74.5,2,0.0261437908496732,14.7969052224371,"sizer 1%, tetraploid, doubles, broken, light, dust, garbage, shell and sample",2026
1002256375,Line 5,Elodia Castaneda,2026-05-21,WACO,CATO,HNWA26017,49.93,0.25,10.33,0.67,45.16,4.77,0.0955337472461446,4.83349467570184,"offtypes,sample,light,diploid,tetraploid,shell,dust",2026
1002256281,Line 5,Maria Torres,2026-05-21,WACO,DARK KNIGHT,HNWA26010A,38.14,0.5,10.25,0.42,34.55,3.59,0.0941269008914525,3.7209756097561,"sizer 1%, diploid, tetraploid, off types, broken, light, sample and dust",2026
1002256369,Line 5,Maria Villa,2026-05-21,WACO,BLACK JACK,HNWA26014A,32.95,0.25,9.9,0.67,29.09,3.86,0.117147192716237,3.32828282828283,"sizer 1%, diploid, tetraploid, off types, broken, light, sample and dust",2026
1002256284,Line 6,Fabiola Ramirez,2026-05-21,WACO,SANGRIA,RBR/403,136.5,0.17,5.5,0.58,135.5,1,0.00732600732600733,24.8181818181818,"light,sample,dust,deformed,doubles,dust,broken",2026
1002256284,Line 5,Maria Villa,2026-05-21,WACO,SWEET GEM,HNWA26002C,49.76,0.5,55,58,41.24,8.52,0.171221864951769,0.904727272727273,"sizer 1%, diploid, tetraploid, off types, broken, light, sample and dust",2026
1002268787,Line 6,Elodia Castaneda,2026-05-22,WACO,JAMBOREE,RBR/479,74,0.25,2.5,0.67,73,1,0.0135135135135135,29.6,"light,sample,dust,deformed,doubles,dust,broken",2026
1002271364,Line 6,Elodia Castaneda,2026-05-22,WACO,SP-7,HNWA26021B,77.5,0.25,3,0.67,75.5,2,0.0258064516129032,25.8333333333333,"light,sample,dust,deformed,doubles,dust,broken",2026
1002256282,Line 6,Elodia Castaneda,2026-05-22,WACO,SWEET GEM,HNWA26002,53.23,0.5,10,1,48,5.23,0.0982528649257937,5.323,"sizer 1%, diploid, tetraploid, off types, broken, light, sample and dust",2026
1002271362,Line 6,Elodia Castaneda,2026-05-22,WACO,SP-7,HNWA26021,58.5,0.25,2.5,0.25,57,1.5,0.0256410256410256,23.4,"light,sample,dust,deformed,doubles,dust,broken",2026
1002271363,Line 6,Fabiola Ramirez,2026-05-26,WACO,SP-7,HNWA26021A,68,0.17,3,0.67,66.5,1.5,0.0220588235294118,22.6666666666667,"light,small,dust,sample,broken,deformed,doubles.",2026
1002271726,Line 6,Maria Villa,2026-05-26,WACO,CATO,HNWA26038A,65,0.25,7.5,1,59,6,0.0923076923076923,8.66666666666667,"siser 6% defomed, tetraploid,diploid,broken,light, small, shell, dust, garbage.",2026
1002271365,Line 6,Elodia Castaneda,2026-05-27,WACO,CATO,HNWA26038,69,0.67,6.5,1,62.5,6.5,0.0942028985507246,10.6153846153846,"siser 6% defomed, tetraploid,diploid,broken,light, small, shell, dust, garbage.",2026
1002256379,Line 6,Maria Villa,2026-05-27,WACO,EXCLAMATION,HNWA26018,95.65,0.25,4.92,0.67,90.5,5.15000000000001,0.053842132775745,19.4410569105691,offtypes sample shell diploid tetraploid small dust,2026
1002271977,Line 6,Fabiola Ramirez,2026-05-29,WACO,VIRTUE,HNWA26035A,81,0.17,6.67,0.17,75,6,0.0740740740740741,12.143928035982,"tetraploid,deformed,offtypes,light,empty seed, diploid,broken,dust",2026
1002271976,Line 6,Fabiola Ramirez,2026-05-29,WACO,VIRTUE,HNWA26035,74.5,0.17,6.5,0.67,69,5.5,0.0738255033557047,11.4615384615385,"tetraploid,deformed,offtypes,diploid,broken,light,empty seed,dust",2026
1002271978,Line 6,Fabiola Ramirez,2026-06-01,WACO,SWEET DAWN,HNWA26032,68.5,0.17,7,0.17,65,3.5,0.0510948905109489,9.78571428571429,"tetraploid,diploid,deformed,light,dudt,broken,sample,offtypes,empty seed.",2026
150881768,Line 6,Elodia Castaneda,2026-06-01,CFCO,CAUC7101,AZCF2617,41.27,0.25,16,0.5,3.07,38.2,0.925611824569906,2.579375,"Trash, rocks, gums",2026
1002271979,Line 6,Fabiola Ramirez,2026-06-02,WACO,SWEET DAWN,HNWA26030C,67.5,0.17,6.67,0.67,64.5,3,0.0444444444444444,10.119940029985,"tetraploid,deformed,diploid,light,dust,sample,broken,offtypes,empty seed.",2026
1002271972,Line 5,Elodia Castaneda,2026-06-02,WACO,CRISP DELIGHT,HNWA26024,54,0.25,6,0.5,52,2,0.037037037037037,9,"tetraploid,deformed,diploid,light,dust,sample,broken,offtypes,empty seed.",2026
1002271909,Line 6,Fabiola Ramirez,2026-06-02,WACO,RED RYDER,HNWA26030,64.5,0.17,2.25,0.17,61.5,3,0.0465116279069767,28.6666666666667,"tetraploid,deformed,diploid,light,dust,sample,broken,offtypes,empty seed.",2026
1002271973,Line 5,Elodia Castaneda,2026-06-02,WACO,ARCHER,HNWA26022,33.77,0.25,3.5,0.5,32.36,1.41,0.0417530352383773,9.64857142857143,offtypes sample shell diploid tetraploid small dust,2026
1002271910,Line 6,Fabiola Ramirez,2026-06-03,WACO,RED RYDER,HNWA26030A,77.5,0.17,3,0.17,71.5,6,0.0774193548387097,25.8333333333333,"tetraploid,deformed,diploid,light,dust,sample,broken,offtypes,empty seed.",2026
1002271911,Line 6,Fabiola Ramirez,2026-06-03,WACO,RED RYDER,HNWA26030B,66.5,0.17,2.75,0.67,63,3.5,0.0526315789473684,24.1818181818182,"tetraploid,deformed,diploid,light,dust,sample,broken,offtypes,empty seed.",2026
2400007755,Line 6,Elodia Castaneda,2026-06-04,WCCO,TEKILA-R,WAWC25007,111,0.25,16.5,1,71,40,0.36036036036036,6.72727272727273,repair for weed and resize,2026
0150978387,Line 3,Jesus Alvarez,2026-06-03,BRCO,SBB003,AZBR2626,731,0.08,17,1.5,93,638,0.872777017783858,43,"REALLY DIRTY, DIRT, STICKS, WEEDS, ROCKS,",2026
0300101532,Line 3,Jesus Alvarez,2026-06-03,SPCO,EL MAJESTIC,150702656,5213.5,0.08,17,1.5,4927,286.5,0.0549534861417474,306.676470588235,GERMINATION,2026
1002273502,Line 6,Fabiola Ramirez,2026-06-04,SQCO,SPINE BEAUTY,RBR/1926,112.5,0.17,5,0.75,108.5,4,0.0355555555555556,22.5,"sample,light,small,dust,shaff,split,peel seed",2026
1002271974,Line 6,Fabiola Ramirez,2026-06-04,WACO,DELICIOSA,HNWA26039,46.31,0.17,2.5,0.17,43.88,2.43,0.0524724681494278,18.524,"tetraploid,defprmed,doubles,sample,dust,diploid,offtypes",2026
1002271975,Line 6,Fabiola Ramirez,2026-06-04,WACO,DELICIOSA,HNWA26039A,58.5,0.17,2.5,0.75,55.5,3,0.0512820512820513,23.4,"tetraploid,defprmed,doubles,sample,dust,diploid,offtypes",2026
1002272630,Line 5,Maria Torres,2026-06-04,CUCO,ESBEN,CLCU26001,44.45,0.17,4.33,0.17,42.59,1.86,0.0418447694038245,10.2655889145497,"deformed, doubles, light, garbage, sample, shell and broken",2026
300101577,Line 5,Elodia Castaneda,2026-06-05,CACO,RPP46475,PECA25010B,6.87,0.17,2.5,0.25,5.22,1.65,0.240174672489083,2.748,germ repair,2026
1002272631,Line 5,Elodia Castaneda,2026-06-05,CUCO,CELESTINO,CLCU26002,26.61,0.17,4,0.33,25.81,0.800000000000001,0.0300638857572342,6.6525,"deformed, doubles, light, garbage, sample, shell and broken",2026
1002273115,Line 5,Elodia Castaneda,2026-06-05,CACO,TLAPANECO,PECA26012A,11.09,0.17,1,0.33,10.71,0.379999999999999,0.0342651036970243,11.09,"stain, garbage, shell, light, sample",2026
1002273116,Line 5,Elodia Castaneda,2026-06-05,CACO,TLAPANECO,PECA26012B,9.1,0.17,2.08,0.33,8.63,0.469999999999999,0.0516483516483515,4.375,"stain, shell, garbage, doubles, light,samlpe",2026
1002273114,Line 5,Elodia Castaneda,2026-06-05,CACO,TLAPANECO,PECA26012,9.01,0.17,1.5,0.33,8.55,0.459999999999999,0.0510543840177579,6.00666666666667,"stain, shell, garbage, doubles, light,samlpe",2026
1002274618,Line 5,Maria Torres,2026-06-08,WABS,1W328,PEWA26007,52.8,0.17,2,0.17,48.5,4.3,0.0814393939393939,26.4,"small, light, doubles and samples",2026
1002274619,Line 5,Maria Torres,2026-06-05,WABS,WA805,PEWA26016,61.9,0.17,2.25,0.17,56.5,5.4,0.0872374798061389,27.5111111111111,"small, light, garbage, dust and samples",2026
1002274615,Line 5,Maria Torres,2026-06-08,WABS,WM589,PEWA26002,16.32,0.17,1.5,0.17,13.93,2.39,0.146446078431373,10.88,"small, light, dust and samples",2026
300101737,Line 3,Fabiola Ramirez,2026-06-08,CFCO,SPACEDREAM,150697378,234.5,0.25,5,0.75,211.5,23,0.0980810234541578,46.9,REPAIR FOR GERM,2026
1002274617,Line 5,Maria Torres,2026-06-08,WABS,1W030,PEWA26005,43.77,0.17,2.08,0.17,38.72,5.05,0.115375828192826,21.0432692307692,"light, samples, dust and broken",2026
1002273503,Line 3,Fabiola Ramirez,2026-06-09,SQCO,SUNBURST,RBR/1903,194.5,0.17,5.5,0.83,191.5,3,0.0154241645244216,35.3636363636364,"sample,light,dust,small,shell,offtytypes,shaff",2026
1002274616,Line 5,Fabiola Ramirez,2026-06-08,WABS,1W208,PEWA26006,43.83,0.17,2.25,0.5,39.52,4.31,0.0983344741044946,19.48,"light,dust,broken,tetraploid,samples",2026
1002274947,Line 5,Maria Torres,2026-06-09,MECO,ME4858,PEME26008,17.48,0.17,2.5,0.17,16.79,0.690000000000001,0.0394736842105264,6.992,"light, broken, small and sample",2026
0300101532,Line 3,Elodia Castaneda,2026-06-10,SPCO,EL MAJASTIC,150702656,5213.5,1,15,3,4927,286.5,0.0549534861417474,347.566666666667,REPAIR FOR GERM,2026
1002274748,Line 5,Fabiola Ramirez,2026-06-10,WACO,PRESTIGE,PEWA26013B,35.01,0.17,3.25,0.17,33.8,1.21,0.0345615538417595,10.7723076923077,"light,sample,diploid,tetraploid,small,dust",2026
1002274620,Line 5,Fabiola Ramirez,2026-06-05,WABS,WA445,PEWA26003,10.33,0.17,1,0.17,8.62,1.71,0.165537270087125,10.33,"samples,light,dust,broken,garbage,",2026
1002275475,Line 5,Maria Torres,2026-06-10,MECO,T REX,150938278,6.58,0.17,1,0.17,5.84,0.74,0.112462006079027,6.58,"light, split, peel. broken and sample",2026
1002274749,Line 5,Fabiola Ramirez,2026-06-10,WACO,PRESTIGE,PEWA26013D,26.33,0.17,3.17,0.17,25.32,1.01,0.0383592859855678,8.30599369085173,"light,sample,diploid,tetraploid,small,dust",2026
1002274750,Line 5,Fabiola Ramirez,2026-06-11,WACO,PRESTIGE,PEWA26013F,38.19,0.17,5.08,0.58,37.02,1.16999999999999,0.0306362922230948,7.51771653543307,"light,sample,diploid,tetraploid,small,dust",2026
1002275474,Line 6,Fabiola Ramirez,2026-06-11,MECO,MAMUT,150937000,50.45,0.17,3.92,0.17,49.6,0.850000000000001,0.0168483647175421,12.8698979591837,"light,deformed,small,sample",2026
1002275477,Line 5,Maria Torres,2026-06-11,MECO,APHRODITE,150938277,48.08,0.17,4,0.5,47.46,0.619999999999998,0.0128951747088186,12.02,"light, small, dust, sample, deformed and doubles",2026
1002275478,Line 5,Fabiola Ramirez,2026-06-12,MECO,OVATION,150937003-B,32.51,0.17,3.83,0.5,31.73,0.779999999999998,0.0239926176561058,8.48825065274151,"light,small,dust,sample",2026
1002275476,Line 5,Maria Torres,2026-06-12,MECO,ASTOUND,150937002,17.54,0.17,3.25,0.17,16.64,0.899999999999999,0.0513112884834663,5.39692307692308,"light,deformed,split,broken,small,sample",2026
1002276300,Line 6,Fabiola Ramirez,2026-06-15,WACO,SANGRIA,150937008,90.5,0.17,3.17,0.67,89.5,1,0.0110497237569061,28.5488958990536,"sample,light,dust,small",2026
1002276909,Line 5,Fabiola Ramirez,2026-06-15,WACO,GOLDEN CRISP,HNWA26036,43.96,0.17,3.42,0.17,42.02,1.94,0.0441310282074613,12.8538011695906,"2% sizer,tetraploid,deformed,diploid,split,offtypes,broken,dust,sample",2026
1002275594,Line 5,Maria Torres,2026-06-12,CACO,BAYONET,BRCA25002,4.82,0.17,0.75,0.17,4.15,0.67,0.139004149377593,6.42666666666667,"dark stain, shell, light, garbage and samples",2026
1002276910,Line 5,Maria Torres,2026-06-16,WACO,GOLDEN CRISP,HNWA2603A,44.95,0.33,3.5,0.25,42.86,2.09,0.046496106785317,12.8428571428571,"sizer 2%, tetraploid, diploid, deformed, split, off types, dust, sample and broken",2026
1002276911,Line 5,Fabiola Ramirez,2026-06-16,WACO,CATO,HNWA26038B,47.5,0.17,4.25,0.17,43.08,4.42,0.0930526315789474,11.1764705882353,"tetraploid,diploid,deformed,doubles,dust,offtypes,sample,emptyseed",2026
1002276370,Line 5,Maria Torres,2026-06-16,WACO,ESCARLETT,150937219,19.8,0.17,2.42,0.17,19.12,0.68,0.0343434343434343,8.18181818181818,"doubles, dust, broken, light and sample",2026
1002276912,Line 5,Fabiola Ramirez,2026-06-16,WACO,CATO,HNWA26038C,57,0.17,3.25,0.75,50,7,0.12280701754386,17.5384615384615,"tetraploid,deformed,doubles,diploid,empty seed,offtypes,sample,dust",2026
1002276301,Line 5,Maria Torres,2026-06-16,WACO,SANGRIA,150937008-A,14.81,0.17,1.17,0.17,14.22,0.59,0.0398379473328832,12.6581196581197,"light, broken, dust and sample",2026
1002276073,Line 5,Maria Torres,2026-06-15,MECO,OVATIION,150937003-A,31.81,0.17,2.83,0.17,31.06,0.75,0.0235774913549198,11.2402826855124,"light, deformed, split, garbage, sample",2026
1002276371,Line 5,Fabiola Ramirez,2026-06-17,WACO,JANBOREE,150937005,56.8,0.17,2.33,0.67,56,0.799999999999997,0.0140845070422535,24.3776824034335,"sample,light,dust,small,doubles",2026
1002276544,Line 5,Maria Torres,2026-06-17,WACO,CRIPS DELIGHT,CLWA26000A,45.5,0.25,3.5,0.17,44.15,1.35,0.0296703296703297,13,"tetraploid, diploid, light, dust, off types, sample, small, split and broken",2026
1002276372,Line 5,Maria Torres,2026-06-17,BRBS,2B184,AZBR2610,0.108,0.08,1.17,0.08,0.045,0.063,0.583333333333333,0.0923076923076923,"yellow seed, rocks, broken, garbage, light, sticks and sample",2026
1002278650,Line 6,Fabiola Ramirez,2026-06-22,WACO,POWERHOUSE,HNWA26029,83.5,0.17,3,0.17,80,3.5,0.0419161676646707,27.8333333333333,"tetraploid,diploid,defromed,dust,broken,offtypes,emptyseed,light",2026
1002278651,Line 6,Fabiola Ramirez,2026-06-22,WACO,POWERHOUSE,HNWA26029A,63,0.17,2.17,0.17,59.5,3.5,0.0555555555555556,29.0322580645161,"tetraploid,diploid,defromed,dust,broken,offtypes,emptyseed,light",2026
1002278652,Line 6,Fabiola Ramirez,2026-06-23,WACO,POWERHOUSE,HNWA26029B,63.5,0.17,2.17,0.67,60.5,3,0.047244094488189,29.2626728110599,"tetraploid,diploid,defromed,dust,broken,offtypes,emptyseed,light",2026
1002277291,Line 5,Maria Torres,2026-06-23,CACO,EARLY EXCURSION,LNR-25-4363,14.93,0.17,1.58,0.17,13.74,1.19,0.0797052913596785,9.4493670886076,"light, stain, garbage and samples",2026
1002277289,Line 5,Maria Torres,2026-06-23,CACO,EARLY EXCURSION,LNR-25-4619,8.23,0.17,1.17,0.17,7.25,0.98,0.119076549210207,7.03418803418804,"light, stain, garbage and samples",2026
1002279217,Line 6,Fabiola Ramirez,2026-06-23,WABS,WA149,PEWA26010,75.1,0.17,2.5,0.67,70.5,4.59999999999999,0.0612516644474033,30.04,"light,dust,small,doubles,deformed,broken,samples",2026
1002278654,Line 5,Maria Torres,2026-06-23,WACO,CAPTIVATION,HNWA26023A,47.5,0.25,3.33,0.25,45.46,2.04,0.0429473684210526,14.2642642642643,"sizer 1%, light, off type, dust, broken, diploid, tetraploid and sample",2026
1002279218,Line 6,Fabiola Ramirez,2026-06-24,WABS,W0A20,PEWA26004,59.25,0.17,2,0.67,55,4.25,0.0717299578059072,29.625,"light,dust,small,shell,deformed,samples.",2026
1002278655,Line 5,Maria Torres,2026-06-24,WACO,CAPTIVATION,HNWA26023B,46.5,0.25,2.92,0.25,44.99,1.51,0.0324731182795699,15.9246575342466,"sizer 1%, light, off type, dust, broken, diploid, tetraploid and sample",2026
1002277290,Line 5,Maria Torres,2026-06-24,CACO,EARLY EXCURSION,LNR-25-4479,11.33,0.17,2.17,0.17,11.33,0,0,5.22119815668203,"light, stain, garbage and samples",2026
1002278908,Line 6,Fabiola Ramirez,2026-06-24,SQCO,GRANDPRIZE,RBR/1905,81,0.33,3.17,0.75,77.5,3.5,0.0432098765432099,25.5520504731861,"light,shafft,sample,split,small,broken,peel seed,empty seed",2026
1002277288,Line 5,Maria Torres,2026-06-24,CACO,SYCAMORE,DLR-25-3041,14.37,0.17,1.5,0.17,13.29,1.08,0.0751565762004176,9.58,"stain, garbage, light and samples",2026
1002278653,Line 6,Fabiola Ramirez,2026-06-25,WACO,CAPTIVATION,HNWA26023,79,0.17,2.33,0.67,76,3,0.0379746835443038,33.9055793991416,"tetraploid,deformed,diploid,dust,small,shell,light,emptyseed,broken,offtypes.",2026
1002278656,Line 5,Maria Torres,2026-06-25,WACO,JAVELIN,HNWA26037,48,0.25,3.67,0.25,45.5,2.5,0.0520833333333333,13.0790190735695,"sizer 2%, diploid, tetraploid, deformed, off type, light, dust, broken, sample, garbage and empty seed",2026
1002278657,Line 5,Maria Torres,2026-06-25,WACO,JAVELIN,HNWA26037A,44.5,0.25,3.67,0.25,43,1.5,0.0337078651685393,12.125340599455,"sizer 1%, diploid, tetraploid, deformed, off type, light, dust, broken, sample, garbage and empty seed",2026
1002278659,Line 5,Maria Torres,2026-06-26,WACO,EXCURSION,HNWA26027,54.5,0.17,3.67,0.5,52,2.5,0.0458715596330275,14.850136239782,"diploid,tetraploid,broken,garbage,dust,light,off type,sample",2026
1002278662,Line 5,Maria Torres,2026-06-26,WACO,EXCURSION,HNWA26027C,55.5,0.17,4.33,0.25,53.5,2,0.036036036036036,12.8175519630485,"sizer 1%, diploid, tetraploid, deformed, off type, light, dust, broken, sample, garbage and empty seed",2026
1002277006,Line 5,Elodia Castaneda,2026-06-29,CFBS,CF439,AZCF2616,6.35,0.17,6.5,0.75,4.13,2.22,0.349606299212598,0.976923076923077,"yellow, broke, split, garbage",2026
1002278661,Line 5,Maria Torres,2026-06-29,WACO,EXCURSION,HNWA26027B,47.5,0.17,3.42,0.25,45.71,1.79,0.0376842105263158,13.8888888888889,"sizer 1%, diploid, tetraploid, deformed, off type, light, dust, broken, sample, garbage and empty seed",2026
1002278660,Line 6,Fabiola Ramirez,2026-06-29,WACO,EXCURSION,HNWA26027A,64,0.17,2.34,0.17,62,2,0.03125,27.3504273504274,"tetraploid,diploid,deformed,dust,offtype,light",2026
1002278663,Line 6,Fabiola Ramirez,2026-06-29,WACO,EXCURSION,HNWA26027D,64.5,0.17,2.67,0.67,62.5,2,0.0310077519379845,24.1573033707865,"tetraploid,diploid,deformed,dust,offtype,light",2026
1002280202,Line 5,Maria Torres,2026-06-29,MECO,MB19710,PEME26009,15.6,0.17,1.5,0.17,14.83,0.77,0.0493589743589744,10.4,"light,deformed,broken,sample, garbage",2026
1002279426,Line 5,Elodia Castaneda,2026-06-30,CACO,SYCAMORE,LNR-25-4629,14.77,0.08,1.5,0.17,13.72,1.05,0.0710900473933649,9.84666666666667,"light, small, samples",2026
3001022122,Line 5,Fabiola Ramirez,2026-06-30,WACO,CRISP DELIGHT,HNWA26024,52,0.17,2,0.17,49.5,2.5,0.0480769230769231,26,repair purity,2026
1002279427,Line 5,Fabiola Ramirez,2026-06-30,CACO,SYCAMORE,LNR-25-4633,10.76,0.17,1,0.17,9.82,0.94,0.087360594795539,10.76,"small,samples,stain,light",2026
1002279428,Line 5,Fabiola Ramirez,2026-06-30,CACO,SYCAMORE,DLR-25-8182,12.56,0.17,1,0.17,11.35,1.21,0.0963375796178344,12.56,"small,samples,stain,light",2026
150881765,Line 5,Elodia Castaneda,2026-06-24,BRCO,BBR022-50358,CRBR2603,50.2,0.5,6.5,0.67,12.81,37.39,0.744820717131474,7.72307692307692,Field run production,2026
1002278665,Line 5,Maria Torres,2026-07-01,WACO,FASCINATION,HNWA26028A,51.5,0.33,4,0.25,48.5,3,0.058252427184466,12.875,"sizer 3%, diploid, tetraploid, deformed, light, dust, broken, sample, garbage, rocks, split, shell and off type 1%",2026
100028449,Line 6,Fabiola Ramirez,2026-06-30,BRCO,MCLAREN,AZBR2600,86,0.17,13.01,1,76.54,9.45999999999999,0.11,6.61029976940815,"yellow seed, samples,broken,small,dust",2026
1002278664,Line 5,Maria Torres,2026-06-30,WACO,FASCINATION,HNWA26028,42.47,0.25,6.59,0.25,38.95,3.52,0.0828820343772074,6.44461305007587,"Sizer 4%, off type1%, tetraploid, diploid, split, garbage, sample, dust, deformed, rocks and shell.",2026
1002278631,Line 5,Maria Torres,2026-07-01,WACO,EXCLAMATION,HNWA26026,53,0.25,4,0.25,51,2,0.0377358490566038,13.25,"sizer 2%, tetraploid, diploid, dust, light, broken, deformed and sample",2026
1002279225,Line 5,Elodia Castaneda,2026-07-02,CACO,SHITARA,CLCA26001C,8.76,0.17,2,0.25,7.98,0.779999999999999,0.0890410958904109,4.38,"small,samples,stain,light",2026
1002279429,Line 5,Elodia Castaneda,2026-06-30,CACO,SYCAMORE,DLR-25-8183,13.62,0.17,1,0.17,13.39,0.229999999999999,0.0168869309838472,13.62,"light, stain, garbage, shell and samples.",2026
1002279223,Line 5,Elodia Castaneda,2026-07-01,CACO,SHITARA,CLCA26001A,7.8,0.17,2.5,0.17,7.04,0.76,0.0974358974358974,3.12,"light, stain, garbage, shell and samples.",2026
1002279222,Line 5,Elodia Castaneda,2026-07-01,CACO,SHITARA,CLCA26001,6.94,0.17,2,0.17,6.94,0,0,3.47,"light, stain, garbage, shell and samples.",2026
1002279451,Line 5,Elodia Castaneda,2026-07-02,CACO,SAGUARO,DLR-25-3058,7.65,0.17,1.5,0.25,6.84,0.810000000000001,0.105882352941177,5.1,"small,samples,stain,light",2026
1002280730,Line 5,Maria Torres,2026-07-02,WACO,PRESTIGE,PEWA26013,52.25,0.25,4.08,0.25,49.85,2.4,0.045933014354067,12.8063725490196,"tetraploid, double, sizer 3%, dust, light, shell and sample",2026
1002279453,Line 5,Elodia Castaneda,2026-07-02,CACO,SAGUARO,LNR-25-4645,6.21,0.17,1,0.25,5.41,0.8,0.128824476650564,6.21,"small,samples,stain,light",2026
1002280731,Line 6,Fabiola Ramirez,2026-07-01,WACO,JAVELIN,CLWA26001,106,0.17,5,0.17,102,4,0.0377358490566038,21.2,"3%sizers, doubles, tetraploid, diploid, small, dust and off type.",2026
1002279224,Line 5,Ana Ramirez,2026-07-01,CACO,SHITARA,CLCA26001B,7.79,0.17,2,0.17,6.9,0.89,0.114249037227214,3.895,"samples, small, light, stain.",2026
1002279450,Line 5,Elodia Castaneda,2026-07-02,CACO,SAGUARO,DLR-25-3057,9.11,0.17,1.5,0.17,8.23,0.879999999999999,0.0965971459934137,6.07333333333333,"samples, small, light, stain.",2026
300101776,Line 5,Maria Torres,2026-07-02,CACO,BAYONET,PECA25009A,8.93,0.17,1.92,0.17,7.11,1.82,0.203807390817469,4.65104166666667,germ repair,2026
1002280734,Line 6,Maria Villa,2026-07-02,WACO,JAVELIN,CLWA26001C,98,0.17,6,0.17,93,5,0.0510204081632653,16.3333333333333,"3%sizers, doubles, tetraploid, diploid, small, dust and off type.",2026
1002279448,Line 5,Fabiola Ramirez,2026-07-06,CACO,SAGUARO,LNR-25-4644,14.81,0.17,1.5,0.17,13.83,0.98,0.0661715057393653,9.87333333333333,"samples,light,small,stain",2026
1002278955,Line 5,Maria Torres,2026-07-06,MECO,MS23-3335,PEWA26010,18.93,0.17,1.5,0.17,18.07,0.859999999999999,0.0454305335446381,12.62,"light,deformed,sample,dust,garbage.",2026
1002279449,Line 5,Fabiola Ramirez,2026-07-06,CACO,SAGUARO,DLR-25-3052,10.59,0.17,1,0.5,9.69,0.9,0.084985835694051,10.59,"samples,light,small,stain,deformed",2026
1002280732,Line 6,Elodia Castaneda,2026-07-01,WACO,JAVELIN,CLWA26001A,135.5,0.17,7.08,0.17,131.5,4,0.029520295202952,19.138418079096,"3%sizers, doubles, tetraploid, diploid, small, dust and off type.",2026
1002279447,Line 5,Elodia Castaneda,2026-07-02,CACO,SAGUARO,LNR-25-4664,4.86,0.17,1,0.17,4.37,0.49,0.10082304526749,4.86,"samples,light,small,stain,deformed",2026
1002279452,Line 5,Elodia Castaneda,2026-07-02,CACO,SAGUARO,DLR-25-3056,4.01,0.17,1,0.17,3.5,0.51,0.127182044887781,4.01,"samples,light,small,stain,deformed",2026
1002280733,Line 6,Elodia Castaneda,2026-07-02,WACO,JAVELIN,CLWA26001B,114,0.17,7.5,0.17,111.5,2.5,0.0219298245614035,15.2,"doubles, tetraploids, diploids, dust, sample, offtype",2026
1002279219,Line 5,Maria Torres,2026-07-07,WABS,1W376,PEWA26008,49.05,0.17,3.25,0.17,46.58,2.47,0.0503567787971458,15.0923076923077,"light, dust, broken, doubles, samples and garbege",2026
1002279220,Line 5,Maria Torres,2026-07-08,WABS,WA013,PEWA26009,52.25,0.17,2.67,0.17,48.13,4.12,0.0788516746411483,19.5692883895131,"light, peel, broken, dust, garbage and samples",2026
1002273113,Line 5,Maria Torres,2026-07-08,CACO,ARUBA,BRCA25003,7.6,0.17,1.67,0.17,6.67,0.93,0.122368421052632,4.55089820359282,"light, stain, sticks, shell, garbage and samples",2026
1002279221,Line 5,Maria Torres,2026-07-06,WABS,W6A32,PEWA26038,7.25,0.17,0.58,0.17,6.25,1,0.137931034482759,12.5,"light, dust, broken and samples",2026
1002273112,Line 5,Maria Torres,2026-07-08,CACO,PALADIN,BRCA25001,4.45,0.17,0.92,0.17,3.9,0.55,0.123595505617978,4.83695652173913,"light, stain, garbage, sticks and samples",2026
1002279261,Line 5,Maria Torres,2026-07-09,CACO,GROUPER,CLCA26000,12.88,0.17,1.58,0.17,11.96,0.92,0.0714285714285714,8.15189873417722,"light, stain, shell, dust, garbage and samples",2026
100028528,Line 6,Fabiola Ramirez,2026-07-09,BRCO,SBB003,AZBR2626,92.5,0.17,24,1,80.54,11.96,0.129297297297297,3.85416666666667,"light,samples,yellow seed,small,shell,",2026
1002279265,Line 5,Maria Torres,2026-07-09,CACO,GROUPER,CLCA26000D,11.7,0.17,1.33,0.17,10.69,1.01,0.0863247863247863,8.79699248120301,"stain, shell, garbage, sticks, light and samples",2026
1002279264,Line 5,Maria Torres,2026-07-09,CACO,GROUPER,CLCA26000C,11.23,0.17,1.5,0.17,10.23,1,0.0890471950133571,7.48666666666667,"stain, shell, garbage, sticks, light and samples",2026
1002279262,Line 5,Maria Torres,2026-07-10,CACO,GROUPER,CLCA26000A,12.83,0.17,1.58,0.17,11.84,0.99,0.0771628994544038,8.12025316455696,"stain, shell, garbage, sticks, light and samples",2026
1002282626,Line 5,Maria Torres,2026-07-10,WACO,ARCHER,PEWA26012,15.61,0.25,0.75,0.17,14.73,0.879999999999999,0.0563741191543882,20.8133333333333,"sizer 1%, tetraploid, diploid, off type, dust, broken, light and sample",2026
1002282632,Line 6,Fabiola Ramirez,2026-07-10,WACO,VIRTUE,HNWA26035D,79,0.17,4,0.67,76,3,0.0379746835443038,19.75,"tetraploid,deformed,light,diploid,dust,small,offtype,sample",2026
1002282639,Line 6,Fabiola Ramirez,2026-07-13,WACO,RED RYDER,HNWA26030H,114.5,0.17,5.17,0.17,107,7.5,0.0655021834061135,22.147001934236,"5%sizer,tetraploid,defprmed,dust,shell,light,sample,emptyseed",2026
1002282634,Line 6,Fabiola Ramirez,2026-07-13,WACO,RED RYDER,HNWA26030C,75,0.17,6,0.17,71.5,3.5,0.0466666666666667,12.5,"tetraploid,defprmed,dust,shell,light,sample,emptyseed",2026
1002282635,Line 6,Fabiola Ramirez,2026-07-13,WACO,RED RYDER,HNWA26030D,85.5,0.17,7,0.17,82,3.5,0.0409356725146199,12.2142857142857,"3%sizer,tetraploid,defprmed,dust,shell,light,sample,emptyseed",2026
1002282631,Line 5,Maria Torres,2026-07-13,WACO,VIRTUE,HNWA26035C,46.25,0.25,4.92,0.25,44.63,1.62,0.035027027027027,9.40040650406504,"sizer 2%, diploid, tetraploid, off type, dust, light, broken and sample",2026
1002282628,Line 6,Fabiola Ramirez,2026-07-09,WACO,BLACK JACK,HNWA26020A,109.5,0.17,9.82,0.17,105,4.5,0.0410958904109589,11.1507128309572,"tetrapliod,deformed,light,dust,broken,sample,diploid",2026
1002282629,Line 6,Fabiola Ramirez,2026-07-09,WACO,BLACK JACK,HNWA26020B,80.5,0.17,5.34,0.67,75.5,5,0.062111801242236,15.0749063670412,"tetrapliod,deformed,light,dust,broken,sample,diploid",2026
1002282637,Line 6,Fabiola Ramirez,2026-07-15,WACO,RED RYDER,HNWA26030F,113.5,0.17,4.58,0.17,105.5,8,0.0704845814977974,24.7816593886463,"tetraploid,defprmed,dust,shell,light,sample,emptyseed",2026
1002279263,Line 5,Maria Torres,2026-07-13,CACO,GROUPER,CLCA26000B,11.4,0.17,1.17,0.17,10.5,0.9,0.0789473684210526,9.74358974358975,"stain, shell, garbage, sticks, light and samples",2026
300101995,Line 6,Elodia Castaneda,2026-07-15,WACO,POWERHOUSE,HNWA26029B,60.5,0.17,150,0.25,53,7.5,0.12396694214876,0.403333333333333,Off types,2026
1002279446,Line 5,Fabiola Ramirez,2026-07-13,CACO,GROUPER,CLCA26000E,11.8,0.17,1.17,0.58,10.83,0.970000000000001,0.0822033898305086,10.0854700854701,"dark stain,light,shell,sticks,garbage,samples",2026
1002282630,Line 5,Fabiola Ramirez,2026-07-10,WACO,VIRTUE,HNWA26035B,43.23,0.25,2.92,0.17,41.48,1.75,0.0404811473513764,14.8047945205479,"tetraploid,diploid,light,dust,broken,shell,offtype,sample",2026
1002282638,Line 6,Fabiola Ramirez,2026-07-17,WACO,RED RYDER,HNWA26030G,63,0.17,2.75,0.17,57.5,5.5,0.0873015873015873,22.9090909090909,"tetraploid,deformed,diploid,offtype,light,emptyseed,sample,dust",2026
1002282636,Line 5,Fabiola Ramirez,2026-07-17,WACO,RED RYDER,HNWA26030E,57,0.17,1.5,0.67,52,5,0.087719298245614,38,"sizer 7%, tetraploid, diploid, deformed, dust off type, light, empty seed and sample",2026
1002280203,Line 5,Maria Torres,2026-07-17,MECO,ASTOUND,PEME26004,37.35,0.17,4,0.17,36.55,0.800000000000004,0.0214190093708167,9.3375,"light, deformed, empty seed sample, garbage and dust",2026
100028256,Line 3,Jesus Alvarez,2026-07-17,WCCO,GREGORIAN,CLWC2600,328.5,0.08,12.5,1.5,307.38,21.12,0.0642922374429224,26.28,"Batch had lite seeds, broken seeds, deformed seeds, and small seeds.",2026
1002282633,Line 5,Elodia Castaneda,2026-07-20,WACO,VIRTUE,HNWA26035E,54,0.17,5.33,0.17,51.5,2.5,0.0462962962962963,10.1313320825516,"tetraploid,diploid,light,dust,broken,shell,offtype,sample",2026
150881760,Line 5,Elodia Castaneda,2026-07-09,BRCO,ATRACTIX,CRBR2604,119.5,0.25,12.5,0.5,118.5,1,0.00836820083682008,9.56,Field run production,2026
1002284316,Line 5,Elodia Castaneda,2026-07-20,CACO,SHITARA,CLCA26002B,12.94,0.17,2,0.17,11.73,1.21,0.0935085007727975,6.47,"small, ligth, samples",2026
1002284315,Line 5,Elodia Castaneda,2026-07-20,CACO,SHITARA,CLCA26002A,12.89,0.17,2,0.17,11.62,1.27,0.0985259891388673,6.445,"small, ligth, samples",2026
1002282627,Line 5,Elodia Castaneda,2026-07-20,WACO,JAVELIN,HNWA26037B,102.5,0.25,18,0.5,87.5,15,0.146341463414634,5.69444444444445,"diploids, tetraploids. light, broken, off types sample",2026
1002269666,Line 3,Jesus Alvarez,2026-07-20,SQCO,BACANORA,PESQ26000,277.5,0.08,5.5,1.5,268.5,9,0.0324324324324324,50.4545454545455,"BATCH HAD LITE SEED, BROKEN SEEDS, CRACKED SEEDS, DEFORMED SEEDS , AND SOME SPLIT SEEDS",2026
1002281141,Line 5,Elodia Castaneda,2026-07-22,BRBS,BB126,CRBR2607,4.14,0.17,2.5,0.25,3.94,0.2,0.0483091787439614,1.656,"yellow, broken, small, samples",2026
1002288871,Line 6,Fabiola Ramirez,2026-07-22,WABS,WA792,PEWA26011,64,0.17,2.5,0.67,59.5,4.5,0.0703125,25.6,"samples,small,dust,deformed",2026
150881758,Line 3,Jesus Alvarez,2026-07-20,BRCO,GONGGA,CRBR2601,708.5,0.8,15,1.5,506,202.5,0.285815102328864,47.2333333333333,"BATCH HAD ALOT OF STICKS, ROCKS, AND DIRT",2026
1002284314,Line 5,Elodia Castaneda,2026-07-21,CACO,SHITARA,CLCA26002,3.26,0.17,1,0.25,2.66,0.6,0.184049079754601,3.26,"small, ligth, samples",2026
1002273462,Line 3,Jesus Alvarez,2026-07-24,SQCO,NOCHE,RBR/1948,215.5,0.08,5,2,208.5,7,0.0324825986078886,43.1,"BATCH HAD SOME SPLITS SEEDS, BROKENS SEEDS, CRSCKED SEEDS, DEFORMED SEEDS, AND HALLOW SEEDS",2026
1002273642,Line 3,Jesus Alvarez,2026-07-24,WCCO,ESCAZU,CLWC2601,300,0.08,14,2,286.44,13.56,0.0452,21.4285714285714,"BATCH GHAD ALOT OF SMALL SEED, BROKEN SEEDS, ROCKS, LITE SEEDS",2026
150986709,Line 5,Elodia Castaneda,2026-07-27,CFCO,CFH1522,GTCF26001,11.43,0.5,5.17,0.5,4.41,7.02,0.614173228346457,2.21083172147002,field run production,2026
150911857,Line 5,Elodia Castaneda,2026-07-27,BRBS,2B184,CRBR2606,4.37,0.5,0.5,0.5,0.041,4.329,0.990617848970252,8.74,field run production,2026
150911863,Line 5,Elodia Castaneda,2026-07-27,CFBS,BK998,CRCF2609,16.7,0.5,3,0.5,3.96,12.74,0.762874251497006,5.56666666666667,field run production,2026
1002284318,Line 5,Elodia Castaneda,2026-07-22,CACO,SAGUARO,CLCA26003A,14.75,0.17,2,0.25,13.32,1.43,0.0969491525423729,7.375,"small, ligth, samples",2026
1002273461,Line 3,Jesus Alvarez,2026-07-27,SQCO,SPINE BEAUTY,RBR/1901,202,0.08,5,2,193.5,8.5,0.0420792079207921,40.4,"BATCH HAD ALOT OF HALLOW SEED, BROKEN SEED, DEFORMED SEEDS, CHAFF, AND ALOT OF CRACKED SEEDS",2026
100028590,Line 5,Elodia Castaneda,2026-07-28,BRCO,BBO22-50358,CRBR2603,12.81,0.17,3.49,0.58,10.96,1.85,0.144418423106948,3.67048710601719,"samples, yellow seed, shell, small seed",2026
1002284319,Line 5,Elodia Castaneda,2026-07-28,CACO,SAGUARO,CLCA26003B,3.96,0.17,1,0.17,3.38,0.58,0.146464646464646,3.96,"small, ligth, samples",2026
1002284317,Line 5,Elodia Castaneda,2026-07-28,CACO,SAGUARO,CLCA26003,4.87,0.17,1,0.17,4.02,0.850000000000001,0.174537987679672,4.87,"small, samples, light, black seed",2026
1002273501,Line 3,Jesus Alvarez,2026-07-28,SQCO,SPINE BEAUTY,RBR/1902,282.5,0.08,7.5,2,263.5,19,0.0672566371681416,37.6666666666667,"BATCH HAD ALOT OF DEFORMED SEEDS, BROKEN SEEDS, SPLITS SEEDS, LITE SEEDS, AND CHAFF",2026
1002289350,Line 6,Fabiola Ramirez,2026-07-28,WACO,CATO,HNWA26038D,59.5,0.17,3,0.17,53.5,6,0.100840336134454,19.8333333333333,"deformed,tetraploid,doubles,diploid,sample,small,shell,light,dust,offtypes,empty",2026
1002289351,Line 6,Fabiola Ramirez,2026-07-29,WACO,CATO,HNWA26038E,70,0.17,3.42,0.5,63.5,6.5,0.0928571428571429,20.4678362573099,"deformed,tetraploid,doubles,diploid,sample,small,shell,light,dust,offtypes,empty",2026
1002283136,Line 5,Maria Torres,2026-07-27,WABS,1W376,PEWA26008A,54.23,0.17,5.25,0.25,51.5,2.73,0.0503411395906325,10.3295238095238,"samples, ligth, small, dust, doubles, shell",2026
1002289352,Line 6,Fabiola Ramirez,2026-07-30,WACO,DELICIOSA,HNWA26039B,75.5,0.17,4.17,0.17,72.5,3,0.0397350993377483,18.10551558753,"tetraploid,deformed,offtypes,light,sample,diploid,small,dust",2026
1002289353,Line 6,Fabiola Ramirez,2026-07-30,WACO,DELICIOSA,HNWA26039C,67,0.17,3,0.17,65,2,0.0298507462686567,22.3333333333333,"tetraploid,deformed,offtypes,light,sample,diploid,small,dust",2026
150911864,Line 5,Elodia Castaneda,2026-07-30,CFBS,CF283,CRCF2612,0.297,0.17,0.17,0.25,0.277,0.02,0.0673400673400673,1.74705882352941,field run production,2026
150928849,Line 5,Elodia Castaneda,2026-07-30,CFBS,CF413,CRCF2607,18.35,0.25,5,0.5,6.96,11.39,0.620708446866485,3.67,field run production,2026
150911859,Line 5,Elodia Castaneda,2026-07-29,CFBS,3C314,CRCF2610,12,0.25,5,0.5,3.94,8.06,0.671666666666667,2.4,field run production,2026
150928847,Line 5,Elodia Castaneda,2026-07-29,CFBS,CF282,CRCF2605,7.6,0.25,3,0.5,2.68,4.92,0.647368421052632,2.53333333333333,field run production,2026
1002290018,Line 5,Maria Torres,2026-07-30,CACO,EARLY EXCURSION,PECA26005,10.82,0.17,1.75,0.17,9.94,0.880000000000001,0.0813308687615528,6.18285714285714,"dark stain, light, sticks, garbage, dust and sample",2026
150911862,Line 5,Elodia Castaneda,2026-07-22,CFBS,BK698,CRCF2611,4.95,0.25,1.5,0.5,2.5,2.45,0.494949494949495,3.3,field run production,2026
1002289354,Line 6,Fabiola Ramirez,2026-07-30,WACO,DELICIOSA,HNWA26039D,88,0.17,3.5,0.17,85.5,2.5,0.0284090909090909,25.1428571428571,"tetraploid,deformed,offtypes,light,sample,diploid,small,dust",2026
1002290020,Line 5,Maria Torres,2026-07-30,CACO,EARLY EXCURSION,PECA26005B,6.98,0.17,1.5,0.17,6.04,0.94,0.134670487106017,4.65333333333333,"dark stain, light, sticks, garbage, dust and sample",2026
1002290021,Line 5,Maria Torres,2026-07-31,CACO,EARLY EXCURSION,PECA26005C,8.56,0.17,2.08,0.17,7.64,0.920000000000001,0.107476635514019,4.11538461538462,"dark stain, light, sticks, garbage, dust and sample",2026
1002289355,Line 6,Fabiola Ramirez,2026-07-31,WACO,DELICIOSA,HNWA26039E,62.5,0.17,2.75,0.67,60.5,2,0.032,22.7272727272727,"tetraploid,deformed,offtypes,light,sample,diploid,small,dust, empty seed.",2026
1002290024,Line 5,Maria Torres,2026-07-31,CACO,SILEX HOT,PECA26009A,10.37,0.17,1.08,0.17,9.35,1.02,0.0983606557377049,9.60185185185185,"stain, light, sticks, garbage, dust and sample",2026
300102118,Line 5,Maria Villa,2026-07-31,WACO,JAVELIN,HNWA26037A,43,0.17,3.5,0.17,40.5,2.5,0.0581395348837209,12.2857142857143,repair germ,2026
2400008121,Line 5,Maria Torres,2026-07-30,WABS,1W376,150491844,60.5,0.58,21.25,0.58,50.5,10,0.165289256198347,2.84705882352941,"deformed, sticks, rocks, melon seed, broken, weed, dust, light, light, garbage and sample",2026
1002290019,Line 5,Maria Torres,2026-07-30,CACO,EARLY EXCURSION,PECA2600A,11.91,0.17,1.67,0.17,10.99,0.92,0.0772460117548279,7.13173652694611,"dark stain, light, sticks, garbage, dust and sample",2026
1002290126,Line 5,Maria Torres,2026-07-31,CACO,SILEX HOT,PECA26009C,15.43,0.17,2.08,0.17,14.35,1.08,0.0699935191186001,7.41826923076923,"stain, light, sticks, garbage, dust and sample",2026
1002290129,Line 5,Maria Torres,2026-08-03,CACO,SILEX HOT,PECA26009E,14.04,0.17,2.08,0.17,12.86,1.18,0.084045584045584,6.75,"stain, light, sticks, garbage, dust and sample",2026
300102120,Line 6,Fabiola Ramirez,2026-08-03,WACO,POWERHOUSE,HNWA26029,80,0.17,3,0.17,76,4,0.05,26.6666666666667,REPAIR FOR GERM,2026
1002290127,Line 5,Maria Torres,2026-08-03,CACO,SILEX HOT,PECA26009,7.35,0.17,1.33,0.17,6.36,0.989999999999999,0.13469387755102,5.52631578947368,"stain, light, sticks, garbage, dust and sample",2026
300102119,Line 6,Fabiola Ramirez,2026-08-03,WACO,POWERHOUSE,HNWA26029A,59.5,0.17,2,0.67,58,1.5,0.0252100840336134,29.75,REPAIR FOR GERM,2026
1002290123,Line 5,Maria Torres,2026-08-03,CACO,SILEX HOT,PECA26009,11.37,0.17,2.17,0.17,10.36,1.01,0.088830255057168,5.23963133640553,"stain, light, sticks, garbage, dust and sample",2026
300102116,Line 6,Fabiola Ramirez,2026-08-03,WACO,EXCURSION,HNWA26027A,62,0.17,3,0.58,60,2,0.032258064516129,20.6666666666667,REPAIR FOR GERM,2026
1002290130,Line 5,Maria Torres,2026-08-03,CACO,SILEX HOT,PECA26009F,7.88,0.17,2,0.17,6.83,1.05,0.133248730964467,3.94,"stain, light, sticks, garbage, dust and sample",2026
15093699,Line 5,Elodia Castaneda,2026-07-29,CFCO,SGC3131,150528111,38.2,1,6.5,0.5,19.04,19.16,0.501570680628272,5.87692307692308,field run production,2026
1002286738,Line 5,Fabiola Ramirez,2026-08-04,SQCO,SAN ISIDRO,CLSQ26000,97,0.17,2.67,0.83,96,1,0.0103092783505155,36.3295880149813,"sample,dust,small,light",2026
1002290025,Line 5,Maria Torres,2026-08-04,CACO,SILEX HOT,PECA26009B,16.44,0.17,2.33,0.17,15.31,1.13,0.0687347931873479,7.05579399141631,"stain, light, sticks, garbage, dust and sample",2026
1002290022,Line 5,Maria Torres,2026-08-04,CACO,YEDDA,CLCA26002,3.77,0.17,0.83,0.17,3.18,0.59,0.156498673740053,4.5421686746988,"stain, light, sticks, garbage, dust and sample",2026
1002289978,Line 6,Fabiola Ramirez,2026-08-05,WACO,BLACK JACK,HNWA26020,106,0.17,4.67,0.17,101.5,4.5,0.0424528301886792,22.6980728051392,"deformed,tetraploid,offtypes,light,split,dust,empty seed, 2%sizer",2026
1002283137,Line 5,Maria Torres,2026-08-05,WABS,W0A04,PEWA26001,46.41,0.17,3.08,0.17,42.28,4.13,0.0889894419306184,15.0681818181818,"light, dust, broken, doubles, garbage and samples",2026
1002289981,Line 6,Fabiola Ramirez,2026-08-05,WACO,BLACK JACK,HNWA26020C,81.5,0.17,2.17,0.17,80,1.5,0.0184049079754601,37.5576036866359,"deformed,tetraploid,offtypes,light,split,dust,empty seed and 1% sizer",2026
1002279258,Line 3,Jesus Alvarez,2026-08-05,SQCO,EQUINOX,RBR/1951,216.5,0.08,4.5,0.08,207.5,9,0.0415704387990762,48.1111111111111,"BATCH HAD ALOT OF HALLOW SEED , BROKEN SEEDS, SOME SPLIT SEED, ALOT OF CHAFF",2026
1002289205,Line 5,Maria Torres,2026-08-05,WABS,1W594,PEWA26000,31.09,0.17,2.5,0.17,27.53,3.56,0.11450627211322,12.436,"light, broken, garbage, dust, doubles and samples",2026
1002289980,Line 6,Fabiola Ramirez,2026-08-05,WACO,BLACK JACK,HNWA26020B,62,0.17,2.75,0.17,60.5,1.5,0.0241935483870968,22.5454545454545,"deformed,tetraploid,offtypes,light,split,dust,empty seed",2026
100028591,Line 5,Maria Villa,2026-08-05,BRCO,MONRELLO,CRBR2605,24.21,0.17,17,0.83,21.05,3.16,0.130524576621231,1.42411764705882,"yellow seed,samples,dust shell",2026
1002279259,Line 3,Jesus Alvarez,2026-08-05,SQCO,EQUINOX,RBR/1952,195.5,0.08,2.5,0.08,189,6.5,0.0332480818414322,78.2,"BATCH HAD ALOT OF HALLOW SEED, BROKEN SEEDS, CHAFF, LITE SEEDS",2026
1002289979,Line 6,Fabiola Ramirez,2026-08-06,WACO,BLACK JACK,HNWA26020A,68,0.17,5.68,0.75,66,2,0.0294117647058824,11.9718309859155,"deformed,tetraploid,offtypes,light,split,dust,diploid,empty seed, sample",2026
1002289982,Line 6,Fabiola Ramirez,2026-08-06,WACO,ENDLESS SUMMER,HNWA26025,64.5,0.17,7,0.67,61,3.5,0.0542635658914729,9.21428571428571,"tetraploid,deformed,light,broken,diploid,sample,offtypes",2026
1002279260,Line 3,Jesus Alvarez,2026-08-06,SQCO,EQUINOX,RBR/1924,199.5,0.08,3,2,192.5,7,0.0350877192982456,66.5,"BATCH HAD ALOT OF HALLOW SEEDS, BROKEN SEEDS, DEFORMED SEEDS, AS WELL AS HAVING ALOT OF CHAFF",2026
1002291477,Line 6,Fabiola Ramirez,2026-08-06,WACO,EXCURSION,HNWA26027E,82.5,0.17,4.5,0.67,77.5,5,0.0606060606060606,18.3333333333333,"tetraploid,deformed,diploid,dust,sample,light,offtypes",2026
2400008122,Line 5,Maria Torres,2026-08-07,WABS,WA435,150491845,39,0.25,9.75,0.25,31.1,7.9,0.202564102564103,4,"light, white seed, sticks, broken, dust, squash seed, rocks and sample",2026
1002279260,Line 3,Jesus Alvarez,2026-08-06,SQCO,EQUINOX,RBR/1924,199.5,0.08,3,2,192.5,7,0.0350877192982456,66.5,"BATCH HAD ALOT OF HALLOW SEED, LITE SEEDS, DEFORMED SEEDS,BROKEN SEEDS.",2026
1002289505,Line 5,Maria Torres,2026-08-05,WABS,1W594,PEWA2600,31.09,0.17,2.5,0.17,27.53,3.56,0.11450627211322,12.436,"Light, broken garbage, dust, doubles, samples",2026
1002291045,Line 5,Maria Torres,2026-08-10,CFBS,BK631,CRCF2606,6.87,0.17,2.5,0.17,6.49,0.38,0.0553129548762737,2.748,"weed, light, yellow seed, sticks, samples and dust",2026
1002286738,Line 5,Fabiola Ramirez,2026-08-04,SQCO,SAN ISIDRO,CLSQ26000,97,0.17,2.67,0.83,96,1,0.0103092783505155,36.3295880149813,"Sample, dust, light, small",2026
150885486,Line 3,Jesus Alvarez,2026-08-10,BSCO,ABACUS,WABS2601,390,0.8,11,3,319.5,70.5,0.180769230769231,35.4545454545455,"BATCH HAD A LOT OF STICKS, DIRT, ROCKS AND SMALLSEEDS",2026
1002291042,Line 5,Maria Torres,2026-08-10,CFBS,BK998,CRCF2609,3.96,0.25,1.75,0.25,3.69,0.27,0.0681818181818182,2.26285714285714,"rocks, broken, yellow seed. garbage, ticks, samples and dust",2026
1002286984,Line 5,Maria Torres,2026-08-07,CUCO,CELESTINO,CLCU26000,3.01,0.17,0.5,0.17,2.75,0.26,0.0863787375415283,6.02,"light, doubles, broken, split, sample",2026
1002279348,Line 3,Jesus Alvarez,2026-08-10,BRCO,MONCLANO,AZBR2617,369.5,0.08,14,2.5,346.95,22.55,0.0610284167794317,26.3928571428571,"BATCH HAD A LOT OF LIGHT SEEDS, BROKEN SEEDS, DEFORMED SEEDS",2026
1002291475,Line 5,Maria Torres,2026-08-11,WACO,SWEET GEM,HNWA26033A,49.5,0.25,3.5,0.25,48.5,1,0.0202020202020202,14.1428571428571,"sizer 1%, diploid, tetraploid, broken, split, dust, light and sample.",2026
1002289503,Line 5,Maria Torres,2026-08-07,CFBS,BK698,CRCF2611,2.5,0.17,1.75,0.17,2.31,0.19,0.076,1.42857142857143,"light, broken, yellow seed, rocks, dust and samples",2026
1002292841,Line 5,Fabiola Ramirez,2026-08-07,CACO,RPP51022,PECA26007A,3.45,0.17,1,0.5,3,0.45,0.130434782608696,3.45,"light, dust and small",2026
300102016,Line 6,Fabiola Ramirez,2026-08-12,WACO,VIRTUE,HNWA26035D,76,0.17,3.67,0.67,71,5,0.0657894736842105,20.708446866485,REPAIR GERM,2026
1002291476,Line 5,Elodia Castaneda,2026-08-12,WACO,SWEET GEM,HNWA26033B,36.44,0.25,3.42,0.25,34.93,1.51,0.0414379802414929,10.6549707602339,"sizer, diploids, tetraploids, broken, dust, split, off type, garbage, samples.",2026
1002291479,Line 5,Fabiola Ramirez,2026-08-10,WACO,EXCURSION,HNWA26027G,48,0.17,5,0.67,45,3,0.0625,9.6,"3%tertaploid,deformed, diploid, sample, light, empty seed and off types",2026
1002291474,Line 5,Maria Villa,2026-08-12,WACO,SWEET GEM,HNWA26033,36.26,0.17,4.08,0.5,34.23,2.03,0.055984555984556,8.88725490196078,"light,small,sample,garbage",2026
1002291483,Line 6,Fabiola Ramirez,2026-08-10,WACO,VALOR,HNWA26034A,57.5,0.17,3.5,0.17,53.5,4,0.0695652173913044,16.4285714285714,"tetraploid,deformed,diploid,,sample,light,offtypes",2026
1002291482,Line 6,Fabiola Ramirez,2026-08-10,WACO,VALOR,HNWA26034,55.5,0.17,2.75,0.17,52.5,3,0.0540540540540541,20.1818181818182,"tetraploid,deformed,diploid, sample, empty seed,light and 4% sizer",2026
1002278907,Line 3,Jesus Alvarez,2026-08-12,SQCO,GRANDPRIZE,RBR/1930,277,0.08,7,2.5,266.5,10.5,0.0379061371841155,39.5714285714286,"BATCH HAD ALOT OF HALLOW SEEDS, CRACKED SEEDS,DEFORMED SEED, BROKEN SEEDS, AS WELL AS A LOT OF CHAFF",2026
1002279257,Line 6,Fabiola Ramirez,2026-08-13,MECO,OVATION,150937003,205,0.17,8.75,0.67,203.5,1.5,0.00731707317073171,23.4285714285714,"sample,light,small,dust,deformed",2026
1002291481,Line 5,Maria Torres,2026-08-13,WABS,FASCINATION,HNWA26028C,36.55,0.25,2.5,0.25,34.24,2.31,0.0632010943912449,14.62,"sizer 2%, tetraploid, off type, dust, broken, light, split and sample",2026
1002294976,Line 5,Maria Torres,2026-08-13,SQBS,SQ621,SVSQ26021,8.27,0.33,1.33,0.33,,8.27,1,6.21804511278196,,2026
150881756,Line 3,Jesus Alvarez,2026-08-12,CFCO,SGC2006,CRCF2600,1229,0.08,30,2.5,401,828,0.673718470301058,40.9666666666667,"BATCH HAD A LOT OF DIRT, A LOT OF STICK AND WEEDS, ALOT OF DEFORMED AND BROKEN SEEDS, AS WELL AS HAVING LITE SEEDS,",2026
1002291484,Line 6,Elodia Castaneda,2026-08-14,WACO,VALOR,HNWA26034B,76,0.17,4.25,0.67,73.5,2.5,0.0328947368421053,17.8823529411765,"3%tertaploid,deformed, diploid, sample, light, empty seed and off types",2026
1002291478,Line 6,Elodia Castaneda,2026-08-14,WACO,EXCURSION,HNWA26027F,104,0.17,3.84,0.67,99,5,0.0480769230769231,27.0833333333333,"3%tertaploid,deformed, diploid, sample, light, empty seed and off types",2026
1002291043,Line 5,Elodia Castaneda,2026-08-07,BRBS,2B184,CRBR2606,0.41,0.17,1,0.25,0.22,0.19,0.463414634146342,0.41,"field sample, samples, light seed, broken, yellow seed",2026
1002291480,Line 5,Elodia Castaneda,2026-08-13,WACO,FASCINATION,HNWA26028B,52,0.25,5.33,0.5,51,1,0.0192307692307692,9.75609756097561,"sizer, diploids, tetraploids, broken, dust, split, off type, garbage, samples.",2026
1002294977,Line 5,Maria Torres,2026-08-14,SQBS,SQ525,SVSQ26020,25.37,0.33,3.92,0.33,18.16,7.21,0.284193929838392,6.4719387755102,"Field Run Production, shell, deformed, sticks, light, weed, open, samples and dust",2026
1002281334,Line 5,Elodia Castaneda,2026-08-14,CFCO,CAUC7101,AZCF2617,3.07,0.17,8,0.25,1.79,1.28,0.416938110749186,0.38375,"two size  was discard, light, sample.",2026
1002294220,Line 6,Fabiola Ramirez,2026-08-14,WABS,WA009,SVWA26020,223,0.17,9.67,1,153.5,69.5,0.311659192825112,23.0610134436401,RUN FIELD PRODUCTION,2026
1002295261,Line 5,Maria Torres,2026-08-17,SQCO,SQ602,SVSQ26009,32.4,0.33,4.5,0.33,26.99,5.41,0.166975308641975,7.2,"Field run production, shell, light, dust, sticks, weed, garbage, samples and stuck together",2026
1002292949,Line 6,Fabiola Ramirez,2026-08-17,WACO,JAVELIN,HNWA26037F,69.5,0.17,2.83,0.67,65.5,4,0.0575539568345324,24.5583038869258,"tetraploid,deformed,light,dust,sample,offtypes,diploid",2026
1002295262,Line 5,Maria Torres,2026-08-17,SQCO,SQ601,SVSQ26008,13.8,0.33,2.33,0.33,10.52,3.28,0.23768115942029,5.92274678111588,"Field run production, shell, light, dust, sticks, weed, garbage, samples and stuck together",2026
1002280974,Line 3,Jesus Alvarez,2026-08-17,SQCO,GRANDPRIZE,CLSQ26001,630,0.08,8.5,0.08,603,27,0.0428571428571429,74.1176470588235,"BATCH HAD A LOT OF HALLOW SEED, LITE SEEDS, BROKEN SEEDS, CRACKED SEEDS, A LOT CHAFF, AND SMALL SEEDS.",2026
1002292004,Line 6,Fabiola Ramirez,2026-08-17,SQCO,SUNBURST,RBR/6510,78.5,0.17,2.5,0.67,77,1.5,0.0191082802547771,31.4,"light,sample,dust,small,shaftt",2026
1002292840,Line 5,Fabiola Ramirez,2026-08-07,CACO,RPP51022,PECA/26007,0.76,0.17,0.67,0.17,0.505,0.255,0.335526315789474,1.13432835820896,"light,samples,dust,small",2026
1002292946,Line 5,Maria Torres,2026-08-18,WACO,JAVELIN,HNWA26037C,40,0.25,2.75,0.25,38.15,1.85,0.04625,14.5454545454545,"sizer 2%, tetraploid, diploid, off type, light, deformed, dust, garbage and sample",2026
1002292005,Line 6,Fabiola Ramirez,2026-08-18,MECO,HEIDI,PEME26006,71,0.17,3.33,0.67,70,1,0.0140845070422535,21.3213213213213,"sample,light,small,dust",2026
1002292946,Line 5,Maria Torres,2026-08-18,WACO,JAVELIN,HNWA26037E,44.5,0.25,3.58,0.25,41.5,3,0.0674157303370787,12.4301675977654,"sizer 4%, tetraploid, diploid, off type, light, deformed, dust, shell and sample",2026
1002280973,Line 3,Jesus Alvarez,2026-08-18,SQCO,GRANDPRIZE,RBR/1934,252.5,0.08,4,2.5,246.5,6,0.0237623762376238,63.125,"BATCH HAD A LOT OF HALLOW SERED, BROKEN SEEDS, DEFORMED SEEDS, A LOT CHAFF, AND SOME SPLIT SEEDS",2026
1002293947,Line 6,Fabiola Ramirez,2026-08-19,WACO,VIRTUE,HNWA26035F,60.5,0.17,3.17,0.17,58,2.5,0.0413223140495868,19.0851735015773,"tetraploid,diploid,dust,sample,offtypes,empty seed",2026
1002291473,Line 5,Maria Torres,2026-08-19,WACO,CRISP DELIGHT,HNWA26024A,16.81,0.25,1.92,0.25,15.74,1.07,0.0636525877453897,8.75520833333333,"sizer 1%, deformed, tetraploid, off type, dust, light, shell and sample",2026
1002293949,Line 6,Fabiola Ramirez,2026-08-19,WACO,VIRTUE,HNWA26035H,55.5,0.17,2.75,0.17,53,2.5,0.045045045045045,20.1818181818182,"tetraploid,diploid,dust,sample,offtypes,empty seed",2026
1002293950,Line 6,Fabiola Ramirez,2026-08-19,WACO,VIRTUE,HNWA26035J,71.5,0.17,3.5,0.17,69,2.5,0.034965034965035,20.4285714285714,"tetraploid,diploid,dust,sample,offtypes,empty seed",2026
100028462,Line 5,Maria Torres,2026-08-19,CFCO,CFH1522,GTCF26001,4.41,0.33,3,0.33,3.02,1.39,0.315192743764172,1.47,"sticks, light, yellow seed, rocks, broken and samples",2026
1002280204,Line 3,Jesus Alvarez,2026-08-19,SQCO,GRANDPRZE,CLSQ26001A,1167.5,0.08,35,2.5,1014.5,153,0.131049250535332,33.3571428571429,"BATCH HAD A LOT OF SPLIT SEEDS HAD TO RUN THROUGH SIZER, BROKEN SEEDS, SMALL SEEDS, A LOT OF CHAFF, AS WELL AS HAVING A LOT OF HALLOW SEEDS.",2026
1002293948,Line 6,Fabiola Ramirez,2026-08-20,WACO,VIRTUE,HNWA26035G,82.5,0.17,4,0.67,78.5,4,0.0484848484848485,20.625,"tetraploid,diploid,dust,sample,offtypes,empty seed and light",2026
1002292834,Line 5,Maria Torres,2026-08-20,CFBS,CF282,CRCF2605,2.68,0.17,0.67,0.17,2.47,0.21,0.0783582089552239,4,"light, yellow seed, broken and samples",2026
1002280972,Line 3,Jesus Alvarez,2026-08-17,SQCO,GRANDPRIZE,RBR/1931,309.3,0.08,5,0.08,296.5,12.8,0.0413837698027805,61.86,"BATCH HAD A LOT OF HALLOW SEEDS, BROKEN SEEDS, DEFORMED SEEDS,, A LOT OF CHAFF, AS WELL AS HAVING SPLIT SEEDS.",2026
1002292835,Line 5,Maria Torres,2026-08-20,CFBS,CF413,CRCF2607,6.96,0.17,0.83,0.17,6.71,0.25,0.0359195402298851,8.3855421686747,"light, broken, yellow seed, sticks, rocks and samples",2026
1002292832,Line 5,Maria Torres,2026-08-21,CFBS,3C314,CRCF2610,3.94,0.17,1,0.17,3.72,0.22,0.0558375634517767,3.94,"light, yellow seed, broken, rocks and samples",2026
1002292833,Line 5,Maria Torres,2026-08-21,CFBS,CF283,CRCF2612,0.277,0.17,0.25,0.17,0.175,0.102,0.368231046931408,1.108,"broken, light, yellow seed, rocks and samples",2026
300102219,Line 5,Maria Villa,2026-08-21,WACO,EXCURSION,HNWA26027D,63,0.17,5,0.17,59.5,3.5,0.0555555555555556,12.6,germ repair,2026
1002292845,Line 5,Maria Torres,2026-08-21,WABS,1W594,PEWA26000A,27.09,0.17,2.25,0.17,23.55,3.54,0.130675526024363,12.04,"light, garbage, dust, broken and samples",2026
1002295316,Line 6,Fabiola Ramirez,2026-08-24,WACO,BLACK JACK,SVWA26047,285.5,0.17,16.01,0.33,244.5,41,0.143607705779335,17.8326046221112,FIELD RUN PRODUCTION,2026
300102117,Line 5,Maria Villa,2026-08-20,WACO,EXCURSION,HNWA26027B,45.72,0.17,2.25,0.17,43.47,2.25,0.0492125984251969,20.32,REPAIR GERM,2026
150885480,Line 3,Jesus Alvarez,2026-08-21,WCCO,KEPLER,WAWC2604,590,0.08,17,2.5,375,215,0.364406779661017,34.7058823529412,"BATCH WAS REALLYT DIRTY, HAD A LOT OF STICKS, WEEDS, ROCKS , DIRT, AND BROKEN SEEDS, DEFORMED SEEDS",2026
300102099,Line 5,Maria Villa,2026-08-24,WACO,RED RYDER,HNWA26030E,52.5,0.17,6,0.33,49.5,3,0.0571428571428571,8.75,REPAIR GERM,2026
100028462,Line 5,Fabiola Ramirez,2026-08-25,CFCO,CFH1522,GTCF26001,4.41,0.33,3,0.33,2.8,1.61,0.365079365079365,1.47,"stick,light,yellow seed,rocks,broken,samples",2026
150887605,Line 3,Jesus Alvarez,2026-08-25,WCCO,SGT0429,WAWC2614,1260,0.08,12,2.5,1060,200,0.158730158730159,105,"BATCH HAD A LOT OF DIRT, STICKS, ROCKS, WEEDS, BUGS, DEFORMED SEEDS, BROKN SEEDS",2026
1002295315,Line 6,Fabiola Ramirez,2026-08-26,WACO,BLACK JACK,SVWA26032,190.5,0.17,15.58,1,155,35.5,0.186351706036745,12.2272143774069,FIELD RUN PRODUCTION,2026
150885484,Line 3,Jesus Alvarez,2026-08-26,WCCO,STORIDOR,WAWC2607,567,0.08,7,2.5,457.5,109.5,0.193121693121693,81,"BATCH HAD A LOT OF STICKS, ROCKS, DIRT , BROKEN SEEDS, BUGS AND WEEDS.",2026
1002295314,Line 6,Fabiola Ramirez,2026-08-28,WACO,DELICIOSA,SAWA26054,186,0.17,11.17,1,157,29,0.155913978494624,16.651745747538,FIELD RUN PRODUCTION,2026
1002292970,Line 5,Maria Torres,2026-08-31,WABS,W6A33,PEWA26039,12.27,0.17,0.67,0.17,9.31,2.96,0.241238793806031,18.3134328358209,"light, broken, dust and samples",2026
1002292969,Line 5,Maria Torres,2026-08-31,WABS,W6A31,PEWA26037,10.52,0.17,0.67,0.17,8.55,1.97,0.187262357414449,15.7014925373134,"dust, light, broken, samples and doubles",2026
1002292968,Line 5,Maria Torres,2026-08-31,WABS,W6A37,PEWA26045,10.27,0.17,1.67,0.17,8.93,1.34,0.13047711781889,6.1497005988024,"light, broken, dust and samples",2026
1002292974,Line 5,Maria Torres,2026-09-01,WABS,W6A53,PEWA26043,13.07,0.17,1.25,0.17,11.43,1.64,0.125478194338179,10.456,"light, broken, dust and samples",2026
1002292971,Line 5,Maria Torres,2026-09-01,WABS,W6A34,PEWA26040,21.66,0.17,1.25,0.17,19.01,2.65,0.122345337026777,17.328,"dust, light, broken, samples and doubles",2026
150928484,Line 3,Jesus Alvarez,2026-08-31,WCCO,FABIOLA,orwc2615,916.5,0.08,19.5,3,752.5,164,0.178941625750136,47,"BATCH HAD A LOT OF STICK AND ROCKS, HAD A LOT OF BROKEN SEEDS DEFORMED SEEDS",2026
1002295317,Line 6,Fabiola Ramirez,2026-08-31,WACO,DARK KNIGHT,SVWA26044,81,0.17,7.92,1,64.5,16.5,0.203703703703704,10.2272727272727,FIELD RUN PRODUCTION,2026
1002292967,Line 5,Maria Torres,2026-08-31,WABS,W6A30,PEWA26036,4.77,0.17,0.83,0.17,3.32,1.45,0.30398322851153,5.74698795180723,"dust, light, broken, samples and doubles",2026
1002299672,Line 6,Fabiola Ramirez,2026-09-02,SQCO,EQUINOX,150982050-A,143,0.17,4.58,0.67,140,3,0.020979020979021,31.2227074235808,"light,sample,small,dust,shafft,",2026
1002300438,Line 5,Maria Torres,2026-09-02,WABS,1W030,SVWA26013,50.25,0.17,3.58,0.17,44,6.25,0.124378109452736,14.036312849162,"FIELD RUN PRODUCTION, light, shell, dust, empty seed, doubles and samples",2026
1002292972,Line 5,Maria Torres,2026-09-01,WABS,W6A35,PEWA26041,4.07,0.17,0.5,0.17,3.28,0.790000000000001,0.194103194103194,8.14,"dust, light, broken, samples and doubles",2026
1002292966,Line 5,Maria Torres,2026-08-31,WABS,W6A29,PEWA26044,9.87,0.17,1.5,0.17,8.83,1.04,0.105369807497467,6.58,"dust, light, broken, samples and doubles",2026
1002292973,Line 5,Maria Torres,2026-09-01,WABS,W6A36,PEWA26042,8.82,0.17,0.83,0.17,7.54,1.28,0.145124716553288,10.6265060240964,"dust, light, broken, samples and doubles",2026
1002298481,Line 6,Fabiola Ramirez,2026-09-03,SQCO,GOLDEN GLORY,150982051,186.5,0.17,5.41,0.17,185,1.5,0.00804289544235925,34.4731977818854,"sample,light,small,dust,shafft",2026
1002298480,Line 6,Fabiola Ramirez,2026-09-03,SQCO,GOLDEN GLORY,150982051-E,70.5,0.17,1.58,0.17,69,1.5,0.0212765957446809,44.620253164557,"sample,light,small,dust,shafft",2026
1002298453,Line 6,Fabiola Ramirez,2026-09-03,SQCO,GOLDEN GLORY,150982051-F,158,0.17,3.17,0.67,155,3,0.0189873417721519,49.8422712933754,"sample,light,small,dust,shafft",2026
1002298284,Line 5,Maria Torres,2026-09-03,SPCO,EL CAPOEIRA,US62SP2600,20,0.5,7.25,0.5,11.791,8.209,0.41045,2.75862068965517,"dust, light, garbage, sticks, rocks, shell, weed",2026
150987137,Line 6,Fabiola Ramirez,2026-09-01,BRCO,SUNMAN,CRBR2612,140.5,0.17,4.67,0.67,6.79,133.71,0.951672597864769,30.0856531049251,FIELD RUN PRODUCTION,2026
1002291485,Line 5,Maria Torres,2026-09-03,WACO,PRESTIGE,PEWA26013G,12.47,0.25,1.08,0.25,11.63,0.84,0.0673616680032077,11.5462962962963,"sizer 2%, tetraploid, doubles, dust, broken, sample and light",2026
1002298601,Line 6,Maria Villa,2026-09-04,SQCO,NOCHE,150982048,185,0.17,5.58,0.67,184,1,0.00540540540540541,33.1541218637993,sample dust small shafft,2026
1002293954,Line 5,Maria Torres,2026-09-04,WACO,PRESTIGE,PEWA26013E,13.47,0.25,1.33,0.25,12.57,0.9,0.066815144766147,10.1278195488722,"sizer 1%, tetraploid, doubles, light, broken, dust and samples",2026
1002293952,Line 5,Maria Torres,2026-09-04,WACO,PRESTIGE,PEWA26013A,29.44,0.25,3.25,0.25,28.2,1.24,0.0421195652173913,9.05846153846154,"sizer 2%, tetraploid, doubles, light, broken, dust and samples",2026
1002293953,Line 5,Maria Torres,2026-09-04,WACO,PRESTIGE,PEWA26013C,22.29,0.25,1.83,0.25,19.74,2.55,0.114401076716016,12.1803278688525,"sizer 8%, tetraploid, doubles, light, broken, dust and samples",2026
1002299174,Line 6,Maria Villa,2026-09-04,SQCO,SPINE BEAUTY,150984505,161.5,0.17,5.42,0.17,159,2.5,0.0154798761609907,29.7970479704797,"sample,dust,small,shafft, split",2026
150885491,Line 3,Jesus Alvarez,2026-09-03,WCCO,GLORIA STAR,ORWC2613,2019.8,0.08,3.5,0.08,2019.8,0,0,577.085714285714,"BATCH WAS PRETTY CLEAN DIDNT REALY HAVE AND DEBRIS, DIRT NOR STICKS",2026
150881763,Line 6,Elodia Castaneda,2026-09-08,BRCO,MACDUI,CRBR2602,112.5,0.17,4,0.67,13,99.5,0.884444444444445,28.125,FIELD RUN PRODUCTION,2026
1002295911,Line 6,Elodia Castaneda,2026-09-08,SQCO,SPINE BEAUTY,RBR/6537,105.5,0.17,3.33,0.75,98,7.5,0.0710900473933649,31.6816816816817,"sample,dust,small,shafft, split",2026
1002302355,Line 6,Fabiola Ramirez,2026-09-09,WABS,W1A14,SVWA26000,74.2,0.17,4,0.67,70.5,3.7,0.0498652291105121,18.55,"samples,shafft,shell,dust,small,whiteseed,light,empty seed",2026
1002295299,Line 5,Maria Torres,2026-09-09,WABS,W1A05,SVWA26002,21.9,0.17,3.33,0.17,19.25,2.65,0.121004566210046,6.57657657657658,"empty seed, shell, weed, broken, light, doubles, dust and samples",2026
150885488,Line 3,Jesus Alvarez,2026-09-08,WCCO,PRUKTOR,WAWC2610,1154.5,0.08,9,2.5,948.5,206,0.178432221741013,128.277777777778,"BATCH HAD A LOT OF STICKS & WEEDS, ROCKS, DIRT, DEFORMED SEEDS, BROKEN SEEDS.",2026
1002302477,Line 6,Fabiola Ramirez,2026-09-09,SQCO,STARSHIP,150985381-B,139,0.17,4.17,0.17,137,2,0.0143884892086331,33.3333333333333,"sample,small,dust,light,shafft",2026
150881769,Line 3,Jesus Alvarez,2026-09-03,CFCO,KAMINO,CRCF2621,480,0.08,8.5,2.5,7.36,472.64,0.984666666666667,56.4705882352941,"THIS BATCH WAS REALLY BAD HAD MORE STICKS AND ROCK, DIRT, THAN ANY SEED BATCH WAS EXTREMELY AWFUL",2026
1002302786,Line 6,Fabiola Ramirez,2026-09-09,SQCO,STARSHIP,150985381-A,113,0.17,3.75,0.17,111,2,0.0176991150442478,30.1333333333333,"sample,small,dust,light,shafft",2026
150885477,Line 3,Jesus Alvarez,2026-09-03,WCCO,ESCAZU,WAWC2601,1598,0.08,11.5,2.5,1467.5,130.5,0.0816645807259074,138.95652173913,"BATCH HAD A LOT OF STICKS, ROCK, AND DIRT, SMALL SEEDS, BROKEN SEEDS",2026
1002296223,Line 5,Maria Torres,2026-09-09,CACO,SILEX HOT,PECA26010A,14.4,0.17,1.5,0.17,13.6,0.800000000000001,0.0555555555555556,9.6,"stain, shell, light, broken and samples",2026
1002302787,Line 6,Fabiola Ramirez,2026-09-09,SQCO,STARSHIP,150985381,80,0.17,2.67,0.67,78,2,0.025,29.9625468164794,"sample,small,dust,light,shafft",2026
1002296222,Line 5,Maria Torres,2026-09-09,CACO,SILEX HOT,PECA26010,14.66,0.17,2.5,0.17,13.63,1.03,0.0702592087312415,5.864,"stain, garbage, sticks, light and samples",2026
1002299173,Line 5,Maria Torres,2026-09-10,MECO,OVATION,150982766-C,24.65,0.17,2.58,0.17,23.32,1.33,0.0539553752535497,9.55426356589147,"light, deformed, split, broken and samples",2026
1002301805,Line 6,Fabiola Ramirez,2026-09-10,SQCO,GOLDEN GLORY,150982051-A,169.5,0.17,3.67,0.17,169,0.5,0.00294985250737463,46.1852861035422,"sample,dust,shafft,small,light",2026
150885479,Line 3,Jesus Alvarez,2026-09-09,WCCO,PENNANT,WAWC2603,879.5,0.08,18.5,3,444.5,435,0.494599204093235,47.5405405405405,"BATCH HAD A LOT OF STICKS& WEEDS, A LOT OF DIRT& ROCKS, BROKEN&CRACKES SEEDS, DEFORMED SEEDS, DEADBUGS, METAL PIECES, AND MUD CLUMPSS",2026
1002302067,Line 6,Fabiola Ramirez,2026-09-10,SQCO,GOLDEN GLORY,150982051-C,169.5,0.17,4.33,0.17,169,0.5,0.00294985250737463,39.1454965357968,"sample,dust,shafft,small,light",2026
1002299172,Line 5,Maria Torres,2026-09-10,MECO,OVATION,150981054-A,28.45,0.17,4.33,0.17,27.39,1.06,0.0372583479789104,6.57043879907621,"light, deformed, split, broken and samples",2026
1002300233,Line 5,Maria Torres,2026-09-10,WACO,ESTRELLA,150980681,14.84,0.17,1.25,0.17,14.29,0.550000000000001,0.0370619946091645,11.872,"light, broken, dust, garbage and sample",2026
1002301804,Line 6,Fabiola Ramirez,2026-09-11,SQCO,GOLDEN GLORY,150982051-D,100.5,0.17,2.16,0.17,99,1.5,0.0149253731343284,46.5277777777778,"sample,dust,shafft,small,light",2026
1002301227,Line 5,Maria Torres,2026-09-11,WABS,W5A30,SVWA26008,19.1,0.17,1.83,0.17,17.22,1.88,0.0984293193717277,10.4371584699454,"empty seed, light, shell, weed, broken, dust, samples and doubles",2026
1002302066,Line 6,Fabiola Ramirez,2026-09-11,SQCO,GOLDEN GLORY,150982051-B,92,0.17,2.5,0.67,91.5,0.5,0.00543478260869565,36.8,"sample,dust,shafft,small,light",2026
1002296232,Line 5,Maria Torres,2026-09-09,CACO,PJA22-00500,PECA26013,3.75,0.17,1,0.17,3.45,0.3,0.08,3.75,"stain, garbage, broken, light and samples",2026
1002296233,Line 5,Maria Torres,2026-09-09,CACO,PJA22-00500,PECA26013A,2.91,0.17,1.17,0.17,2.58,0.33,0.11340206185567,2.48717948717949,"stain, garbage, broken, light and samples",2026
1002295912,Line 6,Fabiola Ramirez,2026-09-11,SQCO,GRANDPRIZE,RBR/6527,65.5,0.17,2.33,0.67,64.5,1,0.0152671755725191,28.1115879828326,"sample,dust,small,light,shell,shafft",2026
1002301145,Line 5,Maria Torres,2026-09-11,WABS,W4A36,SVWA26012,19.4,0.17,2,0.17,16.51,2.89,0.148969072164948,9.7,"shell, weed, light, doubles, dust, empty seed, broken and samples",2026
1002301142,Line 5,Maria Torres,2026-09-11,WABS,1W420,SVWA26023,21.45,0.17,2.17,0.17,16.68,4.77,0.222377622377622,9.88479262672811,"shell, weed, light, doubles, dust, empty seed, broken and samples",2026
100028461,Line 3,Jesus Alvarez,2026-09-08,BRCO,GONGGA,CRBR2601,504,0.08,16,1.5,433.6,70.4,0.13968253968254,31.5,"BATCH HAD SMALL SEEDS, BROKEN SEEDS, DEFORMED SEEDS",2026
1002296225,Line 5,Maria Torres,2026-09-14,CACO,SILEX HOT,PECA26010C,12.93,0.17,2.42,0.17,11.9,1.03,0.0796597061098221,5.34297520661157,"stain, light, dust, garbage and samples",2026
1002296224,Line 5,Maria Torres,2026-09-14,CACO,SILEX HOT,PECA26010B,14.37,0.17,3.58,0.17,13.3,1.07,0.0744606819763396,4.01396648044693,"stain, light, sticks,dust, garbage and samples",2026
150943836,Line 3,Jesus Alvarez,2026-09-14,BRCO,SBB003,CRBR2613,611,0.08,13.5,2.5,340,271,0.443535188216039,45.2592592592593,"BATCH HAD A LOT OF STICKS, WEED, ROCKS, DIRT, BROKEN SEEDS, BUGS, MAINLY STICKS ANS DIRT",2026
1002296227,Line 5,Maria Torres,2026-09-15,CACO,SILEX HOT,PECA26010E,15.06,0.17,2.08,0.17,14.03,1.03,0.0683930942895086,7.24038461538462,"stain, light, dust, garbage, sticks and samples",2026
1002296231,Line 5,Maria Torres,2026-09-15,CACO,GROUPER,PECA26008C,6.78,0.17,1.08,0.17,5.75,1.03,0.151917404129794,6.27777777777778,"light, stain, garbage, sticks and samples",2026
1002296230,Line 5,Maria Torres,2026-09-15,CACO,GROUPER,PECA26008B,7.27,0.17,1.42,0.17,6.2,1.07,0.147180192572215,5.11971830985916,"light, stain, garbage, sticks and samples",2026
1002296228,Line 5,Maria Torres,2026-09-15,CACO,GROUPER,PECA26008,8.71,0.17,1.5,0.17,7.66,1.05,0.120551090700344,5.80666666666667,"light, stain, garbage, sticks and samples",2026
1002295913,Line 6,Fabiola Ramirez,2026-09-15,SQCO,NIVA,SVSQ26028,158.5,0.17,18.83,0.67,139,19.5,0.123028391167192,8.41741901221455,FIELD RUN PRODUCTION,2026
1002300230,Line 5,Maria Torres,2026-09-14,CACO,SILEX HOT,PECA26010F,1.39,0.17,0.42,0.17,0.894,0.496,0.356834532374101,3.30952380952381,"light, dust, garbage, sticks, stain and samples",2026
1002296226,Line 5,Maria Torres,2026-09-14,CACO,SILEX HOT,PECA26010D,4.99,0.17,1.08,0.17,4.46,0.53,0.106212424849699,4.62037037037037,"light, dust, garbage, sticks, stain and samples",2026
1002301226,Line 5,Maria Torres,2026-09-11,WABS,W4A59,SVWA26011,7.65,0.17,0.5,0.17,6.08,1.57,0.205228758169935,15.3,"shell, weed, empty seed, light, doubles, broken, dust and samples",2026
300102296,Line 6,Fabiola Ramirez,2026-09-16,WACO,RED RYDER,HNWA26030F,106,0.17,5,0.33,99,7,0.0660377358490566,21.2,REPAIR FOR GERM,2026
1002301144,Line 5,Maria Torres,2026-09-16,WABS,W2A85,SVWA26010,42.55,0.17,3,0.17,37.65,4.9,0.115158636897767,14.1833333333333,"shell, doubles, weed, light, light, dust, broken and samples",2026
1002301143,Line 5,Maria Torres,2026-09-16,WABS,W1A05,SVWA26002A,4.54,0.17,0.83,0.17,3.42,1.12,0.246696035242291,5.46987951807229,"shell, broken, empty seed, light, dust, weed and samples",2026
1002300234,Line 6,Fabiola Ramirez,2026-09-16,WACO,ESTRELLA,150982042,85.5,0.17,2,0.5,84.5,1,0.0116959064327485,42.75,"doubles,sample,dust,small,light",2026
1002296229,Line 5,Maria Torres,2026-09-16,CACO,GROUPER,PECA26008A,8.34,0.17,1.42,0.17,7.21,1.13,0.135491606714628,5.87323943661972,"stain, light, weed, garbage and samples",2026
1002297554,Line 5,Maria Torres,2026-09-17,CACO,MEXICA HOT,PECA26011U,12.22,0.17,1.92,0.17,11.48,0.74,0.060556464811784,6.36458333333333,"light, garbage, weed and samples",2026
1002297553,Line 5,Maria Torres,2026-09-17,CACO,MEXICA HOT,PECA26011T,16.22,0.17,2.17,0.17,15.32,0.899999999999999,0.0554870530209617,7.47465437788018,"light, garbage, weed and samples",2026
100028529,Line 5,Jesus Alvarez,2026-09-17,BRCO,SAMBUCO,AZBR2601,26.76,0.08,20,1.5,13.196,13.564,0.506875934230194,1.338,"BATCH HAD A LOT OF TINY STICKS, LITTLE TWIGS, TINY PARTICALS THAT WHERE HAND PICKED OUT.",2026
1002297495,Line 5,Maria Torres,2026-09-17,CACO,MEXICA HOT,PECA26011A,15.09,0.17,1.83,0.17,14.31,0.779999999999999,0.05168986083499,8.24590163934426,"light, garbage, weed and samples",2026
1002297498,Line 5,Maria Torres,2026-09-17,CACO,MEXICA HOT,PECA26011D,15.27,0.17,2.17,0.17,14.46,0.809999999999999,0.0530451866404715,7.03686635944701,"light, garbage, weed and samples",2026
1002298082,Line 6,Fabiola Ramirez,2026-09-18,MECO,MAMUT,150982767,131,0.17,5.5,0.58,130,1,0.00763358778625954,23.8181818181818,"light,small,sample,dust,deformed",2026
1002297555,Line 5,Maria Torres,2026-09-18,CACO,MEXICA HOT,PECA26011V,14.86,0.17,2.17,0.17,14.04,0.82,0.0551816958277254,6.84792626728111,"light, garbage, weed and samples",2026
300102399,Line 5,Maria Villa,2026-09-18,WACO,BLACK JACK,HNWA26020A,103.5,0.17,5.75,0.17,103.05,0.450000000000003,0.00434782608695655,18,germ repair,2026
1002297549,Line 5,Maria Torres,2026-09-18,CACO,MEXICA HOT,PECA26011Q,14.86,0.17,2.67,0.17,14.11,0.75,0.050471063257066,5.56554307116105,"light, garbage, weed and samples",2026
1002297499,Line 5,Maria Torres,2026-09-18,CACO,MEXICA HOT,PECA26011E,13.14,0.17,2.42,0.17,12.29,0.850000000000001,0.0646879756468798,5.4297520661157,"light, garbage, weed and samples",2026
1002298022,Line 6,Fabiola Ramirez,2026-09-18,WACO,DELICIOSA,SVWA26035,209.5,0.17,10.25,0.17,156.5,53,0.252983293556086,20.4390243902439,FIELD RUN PRODUCTION,2026
1002297500,Line 5,Maria Torres,2026-09-18,CACO,MEXICA HOT,PECA26011F,14.86,0.17,1.92,0.17,14.08,0.779999999999999,0.0524899057873485,7.73958333333333,"light, garbage, weed and samples",2026
1002298226,Line 6,Fabiola Ramirez,2026-09-21,WACO,DELICIOSA,SVWA26055,178,0.17,7.75,1,136.5,41.5,0.23314606741573,22.9677419354839,FIELD RUN PRODUCTION,2026
300102330,Line 5,Maria Torres,2026-09-21,WACO,CATO,HNWA26038D,54,0.17,2.42,0.17,51,3,0.0555555555555556,22.3140495867769,GERM REPAIR,2026
300102331,Line 5,Maria Torres,2026-09-21,WACO,JAVELIN,HNWA26037B,88.5,0.17,3.08,0.17,84,4.5,0.0508474576271187,28.7337662337662,GERM REPAIR,2026
1002302945,Line 6,Fabiola Ramirez,2026-09-22,WACO,CATO,SVWA26053,128.5,0.17,5.83,0.83,90.5,38,0.295719844357977,22.041166380789,FIELD RUN PRODUCTION,2026
150885478,Line 3,Jesus Alvarez,2026-09-21,WCCO,AGRESSOR,WAWC2602,6959,0.25,49,3,5207,1752,0.251760310389424,142.020408163265,"BATCH HAD A LOT OF STICK AND WEEDS, BUG, DIRT, AND IT WAS REALLY DIRTY.",2026
300102218,Line 5,Maria Villa,2026-08-26,WACO,RED RYDER,HNWA26030H,107.5,0.17,6.75,0.17,62,45.5,0.423255813953488,15.9259259259259,GERM REPAIR,2026
1002300972,Line 5,Maria Torres,2026-09-22,MECO,NOVIRA,PEME26005,48.5,0.17,5.58,0.17,47.5,1,0.0206185567010309,8.69175627240143,"light, deformed, broken, dust and sample",2026
1002298023,Line 6,Fabiola Ramirez,2026-09-22,WACO,SWEET GEM,SVWA26041,89,0.17,3.34,0.83,62.5,26.5,0.297752808988764,26.6467065868263,FIELD RUN PRODUCTION,2026
1002295298,Line 6,Fabiola Ramirez,2026-09-23,WABS,1W244,SVWA26028,84,0.17,5.33,0.83,79.5,4.5,0.0535714285714286,15.7598499061914,"samples,light,broken,shell,dust,small,doubles,white seed",2026
150885482,Line 3,Jesus Alvarez,2026-09-23,WCCO,PROFESSOR,WAWC2605,2956.5,0.25,22.5,3,2363.5,593,0.200575004227972,131.4,"BATCH HAD A LOT OF STICKS, WEEDS, ROCKS, DIRT, DEFORMED SEEDS, SMALL SEEDS",2026
1002299673,Line 6,Fabiola Ramirez,2026-09-24,SQCO,EQUINOX,150980487,58,0.17,2.16,0.83,57,1,0.0172413793103448,26.8518518518519,"sample,dust,small,shafft,broken",2026
1002297496,Line 5,Maria Torres,2026-09-23,CACO,MEXICA HOT,PECA26011B,12.19,0.17,1.5,0.17,11.24,0.949999999999999,0.0779327317473338,8.12666666666667,"light, garbage, weed and samples",2026
1002297550,Line 5,Maria Torres,2026-09-24,CACO,MEXICA HOT,PECA26011S,14.85,0.17,1.42,0.17,14.06,0.789999999999999,0.0531986531986531,10.4577464788732,"light, garbage, weed and samples",2026
1002297505,Line 5,Maria Torres,2026-09-24,CACO,MEXICA HOT,PECA26011L,14.85,0.17,1.5,0.17,14.01,0.84,0.0565656565656566,9.9,"light, garbage, weed and samples",2026
1002297501,Line 5,Maria Torres,2026-09-24,CACO,MEXICA HOT,PECA26011G,13.85,0.17,1.75,0.17,13.05,0.799999999999999,0.0577617328519855,7.91428571428571,"light, garbage, weed and samples",2026
1002301022,Line 6,Fabiola Ramirez,2026-09-24,MECO,OVATION,150982766,96,0.17,3.5,0.17,94.5,1.5,0.015625,27.4285714285714,"light,small,dust,sample,deformed",2026
1002297503,Line 5,Maria Torres,2026-09-24,CACO,MEXICA HOT,PECA26011J,12.43,0.17,1.92,0.17,11.57,0.859999999999999,0.0691874497184231,6.47395833333333,"light, garbage, weed and samples",2026
1002301023,Line 6,Fabiola Ramirez,2026-09-24,MECO,OVATION,150982766-A,88.5,0.17,2.5,0.75,88,0.5,0.00564971751412429,35.4,"light,small,dust,sample,deformed",2026
1002297546,Line 5,Maria Torres,2026-09-24,CACO,MEXICA HOT,PECA26011M,14.67,0.17,1.33,0.17,13.73,0.94,0.0640763462849352,11.0300751879699,"light, garbage, weed and samples",2026
1002297497,Line 5,Maria Torres,2026-09-24,CACO,MEXICA HOT,PECA26011C,8.87,0.17,1.17,0.17,8.01,0.859999999999999,0.0969560315670799,7.58119658119658,"light, garbage, weed and samples",2026
1002300976,Line 6,Fabiola Ramirez,2026-09-25,SQCO,PAYROLL,150982049,111.5,0.17,3.33,0.67,111,0.5,0.00448430493273543,33.4834834834835,"sample,dust,small,shafft",2026
1002297547,Line 5,Maria Torres,2026-09-25,CACO,MEXICA HOT,PECA26011N,14.62,0.17,1.33,0.17,13.64,0.979999999999999,0.0670314637482899,10.9924812030075,"light, garbage, weed and samples",2026
1002300973,Line 6,Fabiola Ramirez,2026-09-25,SQCO,SPINE BEAUTY,150984505-A,63,0.17,2,0.17,62,1,0.0158730158730159,31.5,"light,small,dust,sample,shafft,broken",2026
